설치장소,설치목적,촬영범위,촬영시간,녹화물보관기간,관리책임자,카메라번호,검색용주소,latitude,longitude,좌표변환상태
경상남도 창원시 의창구 동읍 봉강가술로 6,방범,전방100M 이내,00:00~24:00,30일,시민안전과장,,경상남도 창원시 의창구 동읍 봉강가술로 6,35.3509317780513,128.657063600061,성공
경상남도 창원시 의창구 동읍 자여로 81,방범,전방100M 이내,00:00~24:00,30일,시민안전과장,,경상남도 창원시 의창구 동읍 자여로 81,35.2762631391011,128.701615139852,성공
경상남도 창원시 의창구 동읍 동읍로19번길 2-4_1,방범,전방100M 이내,00:00~24:00,30일,시민안전과장,1,경상남도 창원시 의창구 동읍 동읍로19번길 2-4,35.2792368442755,128.68410350712,성공
경상남도 창원시 의창구 동읍 동읍로19번길 2-4_2,방범,전방100M 이내,00:00~24:00,30일,시민안전과장,2,경상남도 창원시 의창구 동읍 동읍로19번길 2-4,35.2792368442755,128.68410350712,성공
경상남도 창원시 의창구 동읍 용정길46번길 25( DC마트 앞)_1,방범,전방100M 이내,00:00~24:00,30일,시민안전과장,1,경상남도 창원시 의창구 동읍 용정길46번길 25,35.276400735346,128.705340366767,성공
경상남도 창원시 의창구 동읍 용정길46번길 25 (DC마트 앞)_2,방범,전방100M 이내,00:00~24:00,30일,시민안전과장,2,경상남도 창원시 의창구 동읍 용정길46번길 25,35.276400735346,128.705340366767,성공
경상남도 창원시 의창구 동읍 용정길46번길 46(성원전원맨션)_1,방범,전방100M 이내,00:00~24:00,30일,시민안전과장,1,경상남도 창원시 의창구 동읍 용정길46번길 46,35.2747637642961,128.70527120784,성공
경상남도 창원시 의창구 동읍 용정길46번길 46(성원전원맨션)_2,방범,전방100M 이내,00:00~24:00,30일,시민안전과장,2,경상남도 창원시 의창구 동읍 용정길46번길 46,35.2747637642961,128.70527120784,성공
경상남도 창원시 의창구 동읍 용잠리 407-8_1,방범,전방100M 이내,00:00~24:00,30일,시민안전과장,1,경상남도 창원시 의창구 동읍 용잠리 407-8,35.2783420675194,128.684599203757,성공
경상남도 창원시 의창구 동읍 용잠리 407-8_2,방범,전방100M 이내,00:00~24:00,30일,시민안전과장,2,경상남도 창원시 의창구 동읍 용잠리 407-8,35.2783420675194,128.684599203757,성공
경상남도 창원시 의창구 동읍 석산리 257-4(마룡마을 입구)_1,방범,전방100M 이내,00:00~24:00,30일,시민안전과장,1,경상남도 창원시 의창구 동읍 석산리 257-4,35.3172529176453,128.661685893451,성공
경상남도 창원시 의창구 동읍 석산리 257-4(마룡마을 입구)_2,방범,전방100M 이내,00:00~24:00,30일,시민안전과장,2,경상남도 창원시 의창구 동읍 석산리 257-4,35.3172529176453,128.661685893451,성공
경상남도 창원시 의창구 동읍 봉산리 277-1(자여마을 입구)_1,방범,전방100M 이내,00:00~24:00,30일,시민안전과장,1,경상남도 창원시 의창구 동읍 봉산리 277-1,35.279257125709,128.697524267689,성공
경상남도 창원시 의창구 동읍 봉산리 277-1(자여마을 입구)_2,방범,전방100M 이내,00:00~24:00,30일,시민안전과장,2,경상남도 창원시 의창구 동읍 봉산리 277-1,35.279257125709,128.697524267689,성공
경상남도 창원시 의창구 동읍 봉산리 277-1(자여마을 입구)_3,방범,전방100M 이내,00:00~24:00,30일,시민안전과장,3,경상남도 창원시 의창구 동읍 봉산리 277-1,35.279257125709,128.697524267689,성공
경상남도 창원시 의창구 동읍 무성리 146(무성마을)_1,방범,전방100M 이내,00:00~24:00,30일,시민안전과장,1,경상남도 창원시 의창구 동읍 무성리 146,35.2882544822029,128.698701452865,성공
경상남도 창원시 의창구 동읍 무성리 146(무성마을)_2,방범,전방100M 이내,00:00~24:00,30일,시민안전과장,2,경상남도 창원시 의창구 동읍 무성리 146,35.2882544822029,128.698701452865,성공
경상남도 창원시 의창구 동읍 용잠로 35,방범,전방100M 이내,00:00~24:00,30일,시민안전과장,,경상남도 창원시 의창구 동읍 용잠로 35,35.2797374746532,128.687839574063,성공
경상남도 창원시 의창구 북면 단내로591번길 1(현천마을입구)_1,방범,전방100M 이내,00:00~24:00,30일,시민안전과장,1,경상남도 창원시 의창구 북면 단내로591번길 1,35.3440939077271,128.582067644003,성공
경상남도 창원시 의창구 북면 단내로591번길 1(현천마을입구)_2,방범,전방100M 이내,00:00~24:00,30일,시민안전과장,2,경상남도 창원시 의창구 북면 단내로591번길 1,35.3440939077271,128.582067644003,성공
경상남도 창원시 의창구 북면 신리길 33(신리어린이공원)_1,방범,전방100M 이내,00:00~24:00,30일,시민안전과장,1,경상남도 창원시 의창구 북면 신리길 33,35.3478057743323,128.604329969062,성공
경상남도 창원시 의창구 북면 신리길 33(신리어린이공원)_2,방범,전방100M 이내,00:00~24:00,30일,시민안전과장,2,경상남도 창원시 의창구 북면 신리길 33,35.3478057743323,128.604329969062,성공
경상남도 창원시 의창구 북면 천주로 1085,방범,전방100M 이내,00:00~24:00,30일,시민안전과장,,경상남도 창원시 의창구 북면 천주로 1085,35.3479738689755,128.607312660548,성공
경상남도 창원시 의창구 북면 달천길52번길 28,방범,전방100M 이내,00:00~24:00,30일,시민안전과장,,경상남도 창원시 의창구 북면 달천길52번길 28,35.289971992152,128.599126550833,성공
경상남도 창원시 의창구 북면 마산리 6_1,방범,전방100M 이내,00:00~24:00,30일,시민안전과장,1,경상남도 창원시 의창구 북면 마산리 6,35.3535149670758,128.634202677646,성공
경상남도 창원시 의창구 북면 마산리 6_2,방범,전방100M 이내,00:00~24:00,30일,시민안전과장,2,경상남도 창원시 의창구 북면 마산리 6,35.3535149670758,128.634202677646,성공
경상남도 창원시 의창구 북면 무곡리 480-2_1,방범,전방100M 이내,00:00~24:00,30일,시민안전과장,1,경상남도 창원시 의창구 북면 무곡리 480-2,35.3276292491112,128.584676956212,성공
경상남도 창원시 의창구 북면 무곡리 480-2_2,방범,전방100M 이내,00:00~24:00,30일,시민안전과장,2,경상남도 창원시 의창구 북면 무곡리 480-2,35.3276292491112,128.584676956212,성공
경상남도 창원시 의창구 북면 상천리 532-1번지 소라마을입구_1,방범,전방100M 이내,00:00~24:00,30일,시민안전과장,1,경상남도 창원시 의창구 북면 상천리 532-1번지 소라마을입구,35.3588261680558,128.585362418604,성공
경상남도 창원시 의창구 북면 상천리 532-1번지 소라마을입구_2,방범,전방100M 이내,00:00~24:00,30일,시민안전과장,2,경상남도 창원시 의창구 북면 상천리 532-1번지 소라마을입구,35.3588261680558,128.585362418604,성공
경상남도 창원시 의창구 북면 월백리 469-1 남백마을입구_1,방범,전방100M 이내,00:00~24:00,30일,시민안전과장,1,경상남도 창원시 의창구 북면 월백리 469-1 남백마을입구,35.3179525522657,128.636287723633,성공
경상남도 창원시 의창구 북면 월백리 469-1 남백마을입구_2,방범,전방100M 이내,00:00~24:00,30일,시민안전과장,2,경상남도 창원시 의창구 북면 월백리 469-1 남백마을입구,35.3179525522657,128.636287723633,성공
경상남도 창원시 의창구 북면 하천리 155-21 신천마을삼거리_1,방범,전방100M 이내,00:00~24:00,30일,시민안전과장,1,경상남도 창원시 의창구 북면 하천리 155-21 신천마을삼거리,35.3731595920929,128.613753994726,성공
경상남도 창원시 의창구 북면 하천리 155-21 신천마을삼거리_2,방범,전방100M 이내,00:00~24:00,30일,시민안전과장,2,경상남도 창원시 의창구 북면 하천리 155-21 신천마을삼거리,35.3731595920929,128.613753994726,성공
경상남도 창원시 의창구 북면 하천리 155-21 신천마을삼거리_3,방범,전방100M 이내,00:00~24:00,30일,시민안전과장,3,경상남도 창원시 의창구 북면 하천리 155-21 신천마을삼거리,35.3731595920929,128.613753994726,성공
경상남도 창원시 의창구 북면 외감리 산 25-18 삼거리_1,방범,전방100M 이내,00:00~24:00,30일,시민안전과장,1,경상남도 창원시 의창구 북면 외감리 산 25-18 삼거리,35.2857188871487,128.61053334162,성공
경상남도 창원시 의창구 북면 외감리 산 25-18 삼거리_2,방범,전방100M 이내,00:00~24:00,30일,시민안전과장,2,경상남도 창원시 의창구 북면 외감리 산 25-18 삼거리,35.2857188871487,128.61053334162,성공
경상남도 창원시 의창구 북면 외감리 산 25-18 삼거리_3,방범,전방100M 이내,00:00~24:00,30일,시민안전과장,3,경상남도 창원시 의창구 북면 외감리 산 25-18 삼거리,35.2857188871487,128.61053334162,성공
경상남도 창원시 의창구 대산면 주남로101번길 165_1,방범,전방100M 이내,00:00~24:00,30일,시민안전과장,1,경상남도 창원시 의창구 대산면 주남로101번길 165,,,확인 필요
경상남도 창원시 의창구 대산면 주남로101번길 165_2,방범,전방100M 이내,00:00~24:00,30일,시민안전과장,2,경상남도 창원시 의창구 대산면 주남로101번길 165,,,확인 필요
경상남도 창원시 의창구 대산면 대산북로279번길 25-1 (신전마을회관)_1,방범,전방100M 이내,00:00~24:00,30일,시민안전과장,1,경상남도 창원시 의창구 대산면 대산북로279번길 25-1,35.3675445234951,128.673771010592,성공
경상남도 창원시 의창구 대산면 대산북로279번길 25-1 (신전마을회관)_2,방범,전방100M 이내,00:00~24:00,30일,시민안전과장,2,경상남도 창원시 의창구 대산면 대산북로279번길 25-1,35.3675445234951,128.673771010592,성공
경상남도 창원시 의창구 대산면 유등로 5 (미곡처리),방범,전방100M 이내,00:00~24:00,30일,시민안전과장,,경상남도 창원시 의창구 대산면 유등로 5,35.3269648307042,128.715934975408,성공
경상남도 창원시 의창구 대산면 우암로 257-3 (김해경계 우암교),방범,전방100M 이내,00:00~24:00,30일,시민안전과장,,경상남도 창원시 의창구 대산면 우암로 257-3,,,확인 필요
경상남도 창원시 의창구 대산면 북부리570-1 (중앙교),방범,전방100M 이내,00:00~24:00,30일,시민안전과장,,경상남도 창원시 의창구 대산면 북부리570-1,35.3425456743975,128.716003334728,성공
경상남도 창원시 의창구 대산면 유등로 360-4(유청마을회관)_1,방범,전방100M 이내,00:00~24:00,30일,시민안전과장,1,경상남도 창원시 의창구 대산면 유등로 360-4,35.3424519880741,128.743526970816,성공
경상남도 창원시 의창구 대산면 유등로 360-4(유청마을회관)_2,방범,전방100M 이내,00:00~24:00,30일,시민안전과장,2,경상남도 창원시 의창구 대산면 유등로 360-4,35.3424519880741,128.743526970816,성공
경상남도 창원시 의창구 대산면 일동리 115-10,방범,전방100M 이내,00:00~24:00,30일,시민안전과장,,경상남도 창원시 의창구 대산면 일동리 115-10,35.3665478616734,128.701833767358,성공
경상남도 창원시 의창구 대산면 주남로 576,방범,전방100M 이내,00:00~24:00,30일,시민안전과장,,경상남도 창원시 의창구 대산면 주남로 576,,,확인 필요
경상남도 창원시 의창구 대산면 진남로 72 (남포마을입구)_1,방범,전방100M 이내,00:00~24:00,30일,시민안전과장,1,경상남도 창원시 의창구 대산면 진남로 72,35.3094247002328,128.709456753793,성공
경상남도 창원시 의창구 대산면 진남로 72 (남포마을입구)_2,방범,전방100M 이내,00:00~24:00,30일,시민안전과장,2,경상남도 창원시 의창구 대산면 진남로 72,35.3094247002328,128.709456753793,성공
경상남도 창원시 의창구 대산면 제동길 50 (제동마을회관),방범,전방100M 이내,00:00~24:00,30일,시민안전과장,,경상남도 창원시 의창구 대산면 제동길 50,35.3341645709522,128.714387621832,성공
경상남도 창원시 의창구 대산면 진산대로 184번길 2-1_1,방범,전방100M 이내,00:00~24:00,30일,시민안전과장,1,경상남도 창원시 의창구 대산면 진산대로 184번길 2-1,35.321252245332,128.723692087791,성공
경상남도 창원시 의창구 대산면 진산대로 184번길 2-1_2,방범,전방100M 이내,00:00~24:00,30일,시민안전과장,2,경상남도 창원시 의창구 대산면 진산대로 184번길 2-1,35.321252245332,128.723692087791,성공
경상남도 창원시 의창구 대산면 갈전리 21-23(영길농장 앞)_1,방범,전방100M 이내,00:00~24:00,30일,시민안전과장,1,경상남도 창원시 의창구 대산면 갈전리 21-23,35.3557980762573,128.686461693801,성공
경상남도 창원시 의창구 대산면 갈전리 21-23(영길농장 앞)_2,방범,전방100M 이내,00:00~24:00,30일,시민안전과장,2,경상남도 창원시 의창구 대산면 갈전리 21-23,35.3557980762573,128.686461693801,성공
경상남도 창원시 의창구 대산면 갈전리 21-23(영길농장 앞)_3,방범,전방100M 이내,00:00~24:00,30일,시민안전과장,3,경상남도 창원시 의창구 대산면 갈전리 21-23,35.3557980762573,128.686461693801,성공
경상남도 창원시 의창구 대산면 유등로 403_1,방범,전방100M 이내,00:00~24:00,30일,시민안전과장,1,경상남도 창원시 의창구 대산면 유등로 403,35.3452764992843,128.747046758796,성공
경상남도 창원시 의창구 대산면 유등로 403_2,방범,전방100M 이내,00:00~24:00,30일,시민안전과장,2,경상남도 창원시 의창구 대산면 유등로 403,35.3452764992843,128.747046758796,성공
경상남도 창원시 의창구 대산면 유등리 117-15_1,방범,전방100M 이내,00:00~24:00,30일,시민안전과장,1,경상남도 창원시 의창구 대산면 유등리 117-15,35.3447267740448,128.749457328805,성공
경상남도 창원시 의창구 대산면 유등리 117-15_2,방범,전방100M 이내,00:00~24:00,30일,시민안전과장,2,경상남도 창원시 의창구 대산면 유등리 117-15,35.3447267740448,128.749457328805,성공
경상남도 창원시 의창구 동정동 305-7,방범,전방100M 이내,00:00~24:00,30일,시민안전과장,,경상남도 창원시 의창구 동정동 305-7,35.263376292271,128.613888537936,성공
경상남도 창원시 의창구 서상동 422-2_1,방범,전방100M 이내,00:00~24:00,30일,시민안전과장,1,경상남도 창원시 의창구 서상동 422-2,35.2633233425655,128.620888711508,성공
경상남도 창원시 의창구 서상동 422-2_2,방범,전방100M 이내,00:00~24:00,30일,시민안전과장,2,경상남도 창원시 의창구 서상동 422-2,35.2633233425655,128.620888711508,성공
경상남도 창원시 의창구 서상동 8,방범,전방100M 이내,00:00~24:00,30일,시민안전과장,,경상남도 창원시 의창구 서상동 8,35.2627372803698,128.622804238069,성공
"경상남도 창원시 의창구 소계로90번길 23, (소계동)",방범,전방100M 이내,00:00~24:00,30일,시민안전과장,,경상남도 창원시 의창구 소계로90번길 23,35.2585170095204,128.60115606412,성공
"경상남도 창원시 의창구 소계로 83-6, (소계시장-창원황약국)_1",방범,전방100M 이내,00:00~24:00,30일,시민안전과장,1,경상남도 창원시 의창구 소계로 83-6,35.256758576999,128.598965650785,성공
"경상남도 창원시 의창구 소계로 83-6, (소계동-소계시장)_2",방범,전방100M 이내,00:00~24:00,30일,시민안전과장,2,경상남도 창원시 의창구 소계로 83-6,35.256758576999,128.598965650785,성공
"경상남도 창원시 의창구 소계로 83-6, (소계동-소계시장)_3",방범,전방100M 이내,00:00~24:00,30일,시민안전과장,3,경상남도 창원시 의창구 소계로 83-6,35.256758576999,128.598965650785,성공
"경상남도 창원시 의창구 소계로 83-6, (소계동-소계시장)_4",방범,전방100M 이내,00:00~24:00,30일,시민안전과장,4,경상남도 창원시 의창구 소계로 83-6,35.256758576999,128.598965650785,성공
"경상남도 창원시 의창구 소계로 83-6, (소계동-소계시장)_5",방범,전방100M 이내,00:00~24:00,30일,시민안전과장,5,경상남도 창원시 의창구 소계로 83-6,35.256758576999,128.598965650785,성공
경상남도 창원시 의창구 소계동 910-3 (소계주유소앞),방범,전방100M 이내,00:00~24:00,30일,시민안전과장,,경상남도 창원시 의창구 소계동 910-3,35.2558765584178,128.600252944079,성공
"경상남도 창원시 의창구 의안로8번길 23, (소답동)",방범,전방100M 이내,00:00~24:00,30일,시민안전과장,,경상남도 창원시 의창구 의안로8번길 23,35.262175534147,128.626321723363,성공
"경상남도 창원시 의창구 읍성로67번길 30, (소답동)",방범,전방100M 이내,00:00~24:00,30일,시민안전과장,,경상남도 창원시 의창구 읍성로67번길 30,35.26756484898,128.625556828088,성공
"경상남도 창원시 의창구 의안로66번길 25, (소답동)_1",방범,전방100M 이내,00:00~24:00,30일,시민안전과장,1,경상남도 창원시 의창구 의안로66번길 25,35.2676436880752,128.62697254419,성공
"경상남도 창원시 의창구 의안로66번길 25, (소답동)_2",방범,전방100M 이내,00:00~24:00,30일,시민안전과장,2,경상남도 창원시 의창구 의안로66번길 25,35.2676436880752,128.62697254419,성공
"경상남도 창원시 의창구 의안로56번길 26, (소답동-두럭어린이공원)",방범,전방100M 이내,00:00~24:00,30일,시민안전과장,,경상남도 창원시 의창구 의안로56번길 26,35.2663836958556,128.626797904315,성공
"경상남도 창원시 의창구 읍성로101번길 8, (소답동)",방범,전방100M 이내,00:00~24:00,30일,시민안전과장,,경상남도 창원시 의창구 읍성로101번길 8,35.2640723244143,128.629503591724,성공
"경상남도 창원시 의창구 의창대로299번길 16-2, (소답동)",방범,전방100M 이내,00:00~24:00,30일,시민안전과장,,경상남도 창원시 의창구 의창대로299번길 16-2,35.2630197530073,128.630529460912,성공
"경상남도 창원시 의창구 읍성로34번길 5, (중동)_1",방범,전방100M 이내,00:00~24:00,30일,시민안전과장,1,경상남도 창원시 의창구 읍성로34번길 5,,,확인 필요
"경상남도 창원시 의창구 읍성로34번길 5, (중동)_2",방범,전방100M 이내,00:00~24:00,30일,시민안전과장,2,경상남도 창원시 의창구 읍성로34번길 5,,,확인 필요
경상남도 창원시 의창구 평산로159번길 12_1,방범,전방100M 이내,00:00~24:00,30일,시민안전과장,1,경상남도 창원시 의창구 평산로159번길 12,35.2569167099674,128.622321973422,성공
경상남도 창원시 의창구 평산로159번길 12_2,방범,전방100M 이내,00:00~24:00,30일,시민안전과장,2,경상남도 창원시 의창구 평산로159번길 12,35.2569167099674,128.622321973422,성공
경상남도 창원시 의창구 소답동 123-13(두럭),방범,전방100M 이내,00:00~24:00,30일,시민안전과장,,경상남도 창원시 의창구 소답동 123-13,35.2663023869589,128.626390471187,성공
경상남도 창원시 의창구 소답동 163-3(두리),방범,전방100M 이내,00:00~24:00,30일,시민안전과장,,경상남도 창원시 의창구 소답동 163-3,,,확인 필요
경상남도 창원시 의창구 평산로131번길 13,방범,전방100M 이내,00:00~24:00,30일,시민안전과장,,경상남도 창원시 의창구 평산로131번길 13,35.2552887123257,128.619606590546,성공
"경상남도 창원시 의창구 사화로10번길 4, 경상남도 창원시 의창구 _1",방범,전방100M 이내,00:00~24:00,30일,시민안전과장,1,"경상남도 창원시 의창구 사화로10번길 4, 경상남도 창원시 의창구",35.2570475107888,128.608605473709,성공
"경상남도 창원시 의창구 사화로10번길 4, 경상남도 창원시 의창구 _2",방범,전방100M 이내,00:00~24:00,30일,시민안전과장,2,"경상남도 창원시 의창구 사화로10번길 4, 경상남도 창원시 의창구",35.2570475107888,128.608605473709,성공
"경상남도 창원시 의창구 사화로10번길 4, 경상남도 창원시 의창구 _3",방범,전방100M 이내,00:00~24:00,30일,시민안전과장,3,"경상남도 창원시 의창구 사화로10번길 4, 경상남도 창원시 의창구",35.2570475107888,128.608605473709,성공
"경상남도 창원시 의창구 대원로64번길 11, (대원동)",방범,전방100M 이내,00:00~24:00,30일,시민안전과장,,경상남도 창원시 의창구 대원로64번길 11,,,확인 필요
"경상남도 창원시 의창구 대원로37번길 12, (대원동)",방범,전방100M 이내,00:00~24:00,30일,시민안전과장,,경상남도 창원시 의창구 대원로37번길 12,,,확인 필요
"경상남도 창원시 의창구 사화로47번길 13, 경상남도 창원시 의창구 ",방범,전방100M 이내,00:00~24:00,30일,시민안전과장,,"경상남도 창원시 의창구 사화로47번길 13, 경상남도 창원시 의창구",35.2563915799949,128.613209241919,성공
"경상남도 창원시 의창구 팔용로419번길 28, 경상남도 창원시 의창구 ",방범,전방100M 이내,00:00~24:00,30일,시민안전과장,,"경상남도 창원시 의창구 팔용로419번길 28, 경상남도 창원시 의창구",35.2557407427789,128.609546628545,성공
경상남도 창원시 의창구 팔용로411번길 12(소망어린이공원 앞1)_1,방범,전방100M 이내,00:00~24:00,30일,시민안전과장,1,경상남도 창원시 의창구 팔용로411번길 12,35.2545273909138,128.610138237892,성공
경상남도 창원시 의창구 팔용로411번길 12(소망어린이공원 앞1)_2,방범,전방100M 이내,00:00~24:00,30일,시민안전과장,2,경상남도 창원시 의창구 팔용로411번길 12,35.2545273909138,128.610138237892,성공
경상남도 창원시 의창구 팔용로411번길 12(소망어린이공원 앞1)_3,방범,전방100M 이내,00:00~24:00,30일,시민안전과장,3,경상남도 창원시 의창구 팔용로411번길 12,35.2545273909138,128.610138237892,성공
경상남도 창원시 의창구 팔용로411번길 12(소망어린이공원 앞1)_4,방범,전방100M 이내,00:00~24:00,30일,시민안전과장,4,경상남도 창원시 의창구 팔용로411번길 12,35.2545273909138,128.610138237892,성공
"경상남도 창원시 의창구 사화로10번길 19, 경상남도 창원시 의창구 ",방범,전방100M 이내,00:00~24:00,30일,시민안전과장,,"경상남도 창원시 의창구 사화로10번길 19, 경상남도 창원시 의창구",35.2557447709517,128.607745802153,성공
"경상남도 창원시 의창구 차상로150번길 82, (팔용동-신창원역 앞)_1",방범,전방100M 이내,00:00~24:00,30일,시민안전과장,1,경상남도 창원시 의창구 차상로150번길 82,35.2335535653516,128.640688305496,성공
"경상남도 창원시 의창구 차상로150번길 82, (팔용동-신창원역 앞)_2",방범,전방100M 이내,00:00~24:00,30일,시민안전과장,2,경상남도 창원시 의창구 차상로150번길 82,35.2335535653516,128.640688305496,성공
"경상남도 창원시 의창구 차상로150번길 82, (팔용동-신창원역 앞)_3",방범,전방100M 이내,00:00~24:00,30일,시민안전과장,3,경상남도 창원시 의창구 차상로150번길 82,35.2335535653516,128.640688305496,성공
경상남도 창원시 의창구 팔용동 165-9,방범,전방100M 이내,00:00~24:00,30일,시민안전과장,,경상남도 창원시 의창구 팔용동 165-9,35.2587633496934,128.610691973902,성공
경상남도 창원시 의창구 팔용동 182 (탑마트),방범,전방100M 이내,00:00~24:00,30일,시민안전과장,,경상남도 창원시 의창구 팔용동 182,35.2602983018233,128.613607741374,성공
경상남도 창원시 의창구 의창대로156번길 15-14,방범,전방100M 이내,00:00~24:00,30일,시민안전과장,,경상남도 창원시 의창구 의창대로156번길 15-14,35.2594743237197,128.6149238777,성공
경상남도 창원시 의창구 팔용동 196_1,방범,전방100M 이내,00:00~24:00,30일,시민안전과장,1,경상남도 창원시 의창구 팔용동 196,35.2608961098438,128.617007477589,성공
경상남도 창원시 의창구 팔용동 196_2,방범,전방100M 이내,00:00~24:00,30일,시민안전과장,2,경상남도 창원시 의창구 팔용동 196,35.2608961098438,128.617007477589,성공
"경상남도 창원시 의창구 사화로80번길 12, 경상남도 창원시 의창구 ",방범,전방100M 이내,00:00~24:00,30일,시민안전과장,,"경상남도 창원시 의창구 사화로80번길 12, 경상남도 창원시 의창구",35.252840446131,128.614630648916,성공
경상남도 창원시 의창구 반계로 80번길 7(사화초),방범,전방100M 이내,00:00~24:00,30일,시민안전과장,,경상남도 창원시 의창구 반계로 80번길 7,35.2522723208425,128.617275081358,성공
"경상남도 창원시 의창구 사화로68번길 26, 경상남도 창원시 의창구 ",방범,전방100M 이내,00:00~24:00,30일,시민안전과장,,"경상남도 창원시 의창구 사화로68번길 26, 경상남도 창원시 의창구",35.252408675041,128.612603058447,성공
경상남도 창원시 의창구 팔용로404번길 2_1,방범,전방100M 이내,00:00~24:00,30일,시민안전과장,1,경상남도 창원시 의창구 팔용로404번길 2,35.2526037226032,128.611465070973,성공
경상남도 창원시 의창구 팔용로404번길 2_2,방범,전방100M 이내,00:00~24:00,30일,시민안전과장,2,경상남도 창원시 의창구 팔용로404번길 2,35.2526037226032,128.611465070973,성공
경상남도 창원시 의창구 팔용로404번길 2_3,방범,전방100M 이내,00:00~24:00,30일,시민안전과장,3,경상남도 창원시 의창구 팔용로404번길 2,35.2526037226032,128.611465070973,성공
경상남도 창원시 의창구 남산로17번길 43_1,방범,전방100M 이내,00:00~24:00,30일,시민안전과장,1,경상남도 창원시 의창구 남산로17번길 43,35.2608197347967,128.616221538503,성공
경상남도 창원시 의창구 남산로17번길 43_2,방범,전방100M 이내,00:00~24:00,30일,시민안전과장,2,경상남도 창원시 의창구 남산로17번길 43,35.2608197347967,128.616221538503,성공
경상남도 창원시 의창구 남산로17번길 43_3,방범,전방100M 이내,00:00~24:00,30일,시민안전과장,3,경상남도 창원시 의창구 남산로17번길 43,35.2608197347967,128.616221538503,성공
경상남도 창원시 의창구 남산로17번길 43_4,방범,전방100M 이내,00:00~24:00,30일,시민안전과장,4,경상남도 창원시 의창구 남산로17번길 43,35.2608197347967,128.616221538503,성공
경상남도 창원시 의창구 대원동 8-1(누리),방범,전방100M 이내,00:00~24:00,30일,시민안전과장,,경상남도 창원시 의창구 대원동 8-1,,,확인 필요
경상남도 창원시 의창구 대원동 99-1(늘푸른),방범,전방100M 이내,00:00~24:00,30일,시민안전과장,,경상남도 창원시 의창구 대원동 99-1,,,확인 필요
경상남도 창원시 의창구 남산로9번길 9,방범,전방100M 이내,00:00~24:00,30일,시민안전과장,,경상남도 창원시 의창구 남산로9번길 9,35.2606129469589,128.611969763469,성공
경상남도 창원시 의창구 도계동 413-4_1,방범,전방100M 이내,00:00~24:00,30일,시민안전과장,1,경상남도 창원시 의창구 도계동 413-4,35.2570764751288,128.640627586163,성공
경상남도 창원시 의창구 도계동 413-4_2,방범,전방100M 이내,00:00~24:00,30일,시민안전과장,2,경상남도 창원시 의창구 도계동 413-4,35.2570764751288,128.640627586163,성공
"경상남도 창원시 의창구 도계두리길6번길 3, (도계동)_1",방범,전방100M 이내,00:00~24:00,30일,시민안전과장,1,경상남도 창원시 의창구 도계두리길6번길 3,35.260143773034,128.632794641228,성공
"경상남도 창원시 의창구 도계두리길6번길 3, (도계동)_2",방범,전방100M 이내,00:00~24:00,30일,시민안전과장,2,경상남도 창원시 의창구 도계두리길6번길 3,35.260143773034,128.632794641228,성공
"경상남도 창원시 의창구 원이대로69번길 20-19, (도계동-도계시장)",방범,전방100M 이내,00:00~24:00,30일,시민안전과장,,경상남도 창원시 의창구 원이대로69번길 20-19,35.2568532083752,128.638082941705,성공
"경상남도 창원시 의창구 원이대로69번길 20, (도계동-도계시장입구)",방범,전방100M 이내,00:00~24:00,30일,시민안전과장,,경상남도 창원시 의창구 원이대로69번길 20,35.2572147566489,128.637139156631,성공
"경상남도 창원시 의창구 원이대로214번길 15, (명서동)",방범,전방100M 이내,00:00~24:00,30일,시민안전과장,,경상남도 창원시 의창구 원이대로214번길 15,35.2442292029698,128.643104545983,성공
"경상남도 창원시 의창구 명서로89번길 14-4, (명서동)",방범,전방100M 이내,00:00~24:00,30일,시민안전과장,,경상남도 창원시 의창구 명서로89번길 14-4,35.2495985018773,128.650236090434,성공
경상남도 창원시 의창구 명서동 187-7 (공원놀이터)_1,방범,전방100M 이내,00:00~24:00,30일,시민안전과장,1,경상남도 창원시 의창구 명서동 187-7,35.2426682589846,128.647447738976,성공
경상남도 창원시 의창구 명서동 187-7 (공원놀이터)_2,방범,전방100M 이내,00:00~24:00,30일,시민안전과장,2,경상남도 창원시 의창구 명서동 187-7,35.2426682589846,128.647447738976,성공
경상남도 창원시 의창구 명서동 187-7 (공원놀이터)_3,방범,전방100M 이내,00:00~24:00,30일,시민안전과장,3,경상남도 창원시 의창구 명서동 187-7,35.2426682589846,128.647447738976,성공
"경상남도 창원시 의창구 명서로30번길 3, (명서동)",방범,전방100M 이내,00:00~24:00,30일,시민안전과장,,경상남도 창원시 의창구 명서로30번길 3,35.2499517306938,128.644713400863,성공
"경상남도 창원시 의창구 명서로4번길 5, (명서동)_1",방범,전방100M 이내,00:00~24:00,30일,시민안전과장,1,경상남도 창원시 의창구 명서로4번길 5,35.2484257200367,128.642522154836,성공
"경상남도 창원시 의창구 명서로4번길 5, (명서동)_2",방범,전방100M 이내,00:00~24:00,30일,시민안전과장,2,경상남도 창원시 의창구 명서로4번길 5,35.2484257200367,128.642522154836,성공
"경상남도 창원시 의창구 명지로 81-4, (명서동-부영상가 포함)_1",방범,전방100M 이내,00:00~24:00,30일,시민안전과장,1,경상남도 창원시 의창구 명지로 81-4,35.2491933214161,128.647107245971,성공
"경상남도 창원시 의창구 명지로 81-4, (명서동-부영상가 포함)_2",방범,전방100M 이내,00:00~24:00,30일,시민안전과장,2,경상남도 창원시 의창구 명지로 81-4,35.2491933214161,128.647107245971,성공
"경상남도 창원시 의창구 우곡로 21, (명서동)_1",방범,전방100M 이내,00:00~24:00,30일,시민안전과장,1,경상남도 창원시 의창구 우곡로 21,35.2509770780152,128.636929882768,성공
"경상남도 창원시 의창구 우곡로 21, (명서동)_2",방범,전방100M 이내,00:00~24:00,30일,시민안전과장,2,경상남도 창원시 의창구 우곡로 21,35.2509770780152,128.636929882768,성공
"경상남도 창원시 의창구 도계두리길86번길 9, (도계동)",방범,전방100M 이내,00:00~24:00,30일,시민안전과장,,경상남도 창원시 의창구 도계두리길86번길 9,35.2625706954219,128.638664687636,성공
"경상남도 창원시 의창구 도계로 61, (도계동)",방범,전방100M 이내,00:00~24:00,30일,시민안전과장,,경상남도 창원시 의창구 도계로 61,35.2591379714657,128.638083877539,성공
"경상남도 창원시 의창구 원이대로69번길 6, (도계동)",방범,전방100M 이내,00:00~24:00,30일,시민안전과장,,경상남도 창원시 의창구 원이대로69번길 6,35.2566368033171,128.63589333573,성공
"경상남도 창원시 의창구 우곡로159번길 9, (명서동)",방범,전방100M 이내,00:00~24:00,30일,시민안전과장,,경상남도 창원시 의창구 우곡로159번길 9,35.2422231499733,128.64261499203,성공
"경상남도 창원시 의창구 우곡로101번길 40, (명서동)",방범,전방100M 이내,00:00~24:00,30일,시민안전과장,,경상남도 창원시 의창구 우곡로101번길 40,35.2427764969508,128.642913969568,성공
"경상남도 창원시 의창구 명지로111번길 1, (명서동)",방범,전방100M 이내,00:00~24:00,30일,시민안전과장,,경상남도 창원시 의창구 명지로111번길 1,35.2477549414175,128.649643051651,성공
"경상남도 창원시 의창구 명지로122번길 20, (명서동)",방범,전방100M 이내,00:00~24:00,30일,시민안전과장,,경상남도 창원시 의창구 명지로122번길 20,35.2457939069282,128.649092703854,성공
"경상남도 창원시 의창구 원이대로240번길 14, (명서동)",방범,전방100M 이내,00:00~24:00,30일,시민안전과장,,경상남도 창원시 의창구 원이대로240번길 14,35.2433413428784,128.64572873541,성공
경상남도 창원시 의창구 도계로31번길 6(도계동)_1,방범,전방100M 이내,00:00~24:00,30일,시민안전과장,1,경상남도 창원시 의창구 도계로31번길 6,35.2612350012418,128.635461093157,성공
경상남도 창원시 의창구 도계로31번길 6(도계동)_2,방범,전방100M 이내,00:00~24:00,30일,시민안전과장,2,경상남도 창원시 의창구 도계로31번길 6,35.2612350012418,128.635461093157,성공
경상남도 창원시 의창구 도계로31번길 6(도계동)_3,방범,전방100M 이내,00:00~24:00,30일,시민안전과장,3,경상남도 창원시 의창구 도계로31번길 6,35.2612350012418,128.635461093157,성공
경상남도 창원시 의창구 도계로31번길 6(도계동)_4,방범,전방100M 이내,00:00~24:00,30일,시민안전과장,4,경상남도 창원시 의창구 도계로31번길 6,35.2612350012418,128.635461093157,성공
경상남도 창원시 의창구 우곡로101번길 17(명서동)_1,방범,전방100M 이내,00:00~24:00,30일,시민안전과장,1,경상남도 창원시 의창구 우곡로101번길 17,35.2441449676159,128.641223221084,성공
경상남도 창원시 의창구 우곡로101번길 17(명서동)_2,방범,전방100M 이내,00:00~24:00,30일,시민안전과장,2,경상남도 창원시 의창구 우곡로101번길 17,35.2441449676159,128.641223221084,성공
경상남도 창원시 의창구 우곡로101번길 17(명서동)_3,방범,전방100M 이내,00:00~24:00,30일,시민안전과장,3,경상남도 창원시 의창구 우곡로101번길 17,35.2441449676159,128.641223221084,성공
경상남도 창원시 의창구 우곡로101번길 17(명서동)_4,방범,전방100M 이내,00:00~24:00,30일,시민안전과장,4,경상남도 창원시 의창구 우곡로101번길 17,35.2441449676159,128.641223221084,성공
경상남도 창원시 의창구 도계동 305-4(목련공원),방범,전방100M 이내,00:00~24:00,30일,시민안전과장,,경상남도 창원시 의창구 도계동 305-4,35.2606407931571,128.633595953059,성공
경상남도 창원시 의창구 도계동 358-1(개나리공원),방범,전방100M 이내,00:00~24:00,30일,시민안전과장,,경상남도 창원시 의창구 도계동 358-1,35.2609789339515,128.639943481874,성공
경상남도 창원시 의창구 명서동 80-1(미리내공원),방범,전방100M 이내,00:00~24:00,30일,시민안전과장,,경상남도 창원시 의창구 명서동 80-1,35.2473416805478,128.644317254957,성공
경상남도 창원시 의창구 명서동 87-1(기쁨공원),방범,전방100M 이내,00:00~24:00,30일,시민안전과장,,경상남도 창원시 의창구 명서동 87-1,35.2466419183845,128.640935733836,성공
경상남도 창원시 의창구 명곡동 577-2(명서공원),방범,전방100M 이내,00:00~24:00,30일,시민안전과장,,경상남도 창원시 의창구 명곡동 577-2,35.2418072919806,128.639840195616,성공
경상남도 창원시 의창구 도계로50번길 15_1,방범,전방100M 이내,00:00~24:00,30일,시민안전과장,1,경상남도 창원시 의창구 도계로50번길 15,35.2590004974931,128.635728895386,성공
경상남도 창원시 의창구 도계로50번길 15_2,방범,전방100M 이내,00:00~24:00,30일,시민안전과장,2,경상남도 창원시 의창구 도계로50번길 15,35.2590004974931,128.635728895386,성공
경상남도 창원시 의창구 도계로50번길 15_3,방범,전방100M 이내,00:00~24:00,30일,시민안전과장,3,경상남도 창원시 의창구 도계로50번길 15,35.2590004974931,128.635728895386,성공
경상남도 창원시 의창구 명서로89번길 36_1,방범,전방100M 이내,00:00~24:00,30일,시민안전과장,1,경상남도 창원시 의창구 명서로89번길 36,35.2503593670517,128.652740911954,성공
경상남도 창원시 의창구 명서로89번길 36_2,방범,전방100M 이내,00:00~24:00,30일,시민안전과장,2,경상남도 창원시 의창구 명서로89번길 36,35.2503593670517,128.652740911954,성공
경상남도 창원시 의창구 명서로89번길 36_3,방범,전방100M 이내,00:00~24:00,30일,시민안전과장,3,경상남도 창원시 의창구 명서로89번길 36,35.2503593670517,128.652740911954,성공
경상남도 창원시 의창구 명서로69번길 7_1,방범,전방100M 이내,00:00~24:00,30일,시민안전과장,1,경상남도 창원시 의창구 명서로69번길 7,35.2514844784942,128.648908037314,성공
경상남도 창원시 의창구 명서로69번길 7_2,방범,전방100M 이내,00:00~24:00,30일,시민안전과장,2,경상남도 창원시 의창구 명서로69번길 7,35.2514844784942,128.648908037314,성공
경상남도 창원시 의창구 명서로69번길 7_3,방범,전방100M 이내,00:00~24:00,30일,시민안전과장,3,경상남도 창원시 의창구 명서로69번길 7,35.2514844784942,128.648908037314,성공
경상남도 창원시 의창구 명서로69번길 7_4,방범,전방100M 이내,00:00~24:00,30일,시민안전과장,4,경상남도 창원시 의창구 명서로69번길 7,35.2514844784942,128.648908037314,성공
경상남도 창원시 의창구 원이대로206번길 2_1,방범,전방100M 이내,00:00~24:00,30일,시민안전과장,1,경상남도 창원시 의창구 원이대로206번길 2,35.2458063459548,128.643064413914,성공
경상남도 창원시 의창구 원이대로206번길 2_2,방범,전방100M 이내,00:00~24:00,30일,시민안전과장,2,경상남도 창원시 의창구 원이대로206번길 2,35.2458063459548,128.643064413914,성공
경상남도 창원시 의창구 원이대로206번길 2_3,방범,전방100M 이내,00:00~24:00,30일,시민안전과장,3,경상남도 창원시 의창구 원이대로206번길 2,35.2458063459548,128.643064413914,성공
경상남도 창원시 의창구 우곡로43_1,방범,전방100M 이내,00:00~24:00,30일,시민안전과장,1,경상남도 창원시 의창구 우곡로43,35.2494479874118,128.638420296041,성공
경상남도 창원시 의창구 우곡로43_2,방범,전방100M 이내,00:00~24:00,30일,시민안전과장,2,경상남도 창원시 의창구 우곡로43,35.2494479874118,128.638420296041,성공
경상남도 창원시 의창구 우곡로43_3,방범,전방100M 이내,00:00~24:00,30일,시민안전과장,3,경상남도 창원시 의창구 우곡로43,35.2494479874118,128.638420296041,성공
"경상남도 창원시 의창구 사림로16번길 3, (사림동)",방범,전방100M 이내,00:00~24:00,30일,시민안전과장,,경상남도 창원시 의창구 사림로16번길 3,35.2460169260349,128.675614736595,성공
경상남도 창원시 의창구 사림동 117-1 (공룡어린이공원)_1,방범,전방100M 이내,00:00~24:00,30일,시민안전과장,1,경상남도 창원시 의창구 사림동 117-1,35.2471091860349,128.680982279047,성공
경상남도 창원시 의창구 사림동 117-1 (공룡어린이공원)_2,방범,전방100M 이내,00:00~24:00,30일,시민안전과장,2,경상남도 창원시 의창구 사림동 117-1,35.2471091860349,128.680982279047,성공
경상남도 창원시 의창구 사림동 50 (소나무어린이공원)_1,방범,전방100M 이내,00:00~24:00,30일,시민안전과장,1,경상남도 창원시 의창구 사림동 50,35.2426207033675,128.687545366426,성공
경상남도 창원시 의창구 사림동 50 (소나무어린이공원)_2,방범,전방100M 이내,00:00~24:00,30일,시민안전과장,2,경상남도 창원시 의창구 사림동 50,35.2426207033675,128.687545366426,성공
"경상남도 창원시 의창구 사림로71번길 18-26, (사림동)",방범,전방100M 이내,00:00~24:00,30일,시민안전과장,,경상남도 창원시 의창구 사림로71번길 18-26,35.2470880476779,128.682243788323,성공
"경상남도 창원시 의창구 사림로57번길 23, (사림동)_1",방범,전방100M 이내,00:00~24:00,30일,시민안전과장,1,경상남도 창원시 의창구 사림로57번길 23,35.2487316906295,128.679979790139,성공
"경상남도 창원시 의창구 사림로57번길 23, (사림동)_2",방범,전방100M 이내,00:00~24:00,30일,시민안전과장,2,경상남도 창원시 의창구 사림로57번길 23,35.2487316906295,128.679979790139,성공
"경상남도 창원시 의창구 사림로57번길 23, (사림동)_3",방범,전방100M 이내,00:00~24:00,30일,시민안전과장,3,경상남도 창원시 의창구 사림로57번길 23,35.2487316906295,128.679979790139,성공
"경상남도 창원시 의창구 사림로99번길 7, (사림동)",방범,전방100M 이내,00:00~24:00,30일,시민안전과장,,경상남도 창원시 의창구 사림로99번길 7,35.2458708341725,128.683023671838,성공
"경상남도 창원시 의창구 용지로289번길 23, (사림동)",방범,전방100M 이내,00:00~24:00,30일,시민안전과장,,경상남도 창원시 의창구 용지로289번길 23,35.2399841083378,128.687622770961,성공
"경상남도 창원시 의창구 용지로285번길 49, (사림동)_1",방범,전방100M 이내,00:00~24:00,30일,시민안전과장,1,경상남도 창원시 의창구 용지로285번길 49,35.2411582480445,128.685234235583,성공
"경상남도 창원시 의창구 용지로285번길 49, (사림동)_2",방범,전방100M 이내,00:00~24:00,30일,시민안전과장,2,경상남도 창원시 의창구 용지로285번길 49,35.2411582480445,128.685234235583,성공
"경상남도 창원시 의창구 용지로285번길 49, (사림동)_3",방범,전방100M 이내,00:00~24:00,30일,시민안전과장,3,경상남도 창원시 의창구 용지로285번길 49,35.2411582480445,128.685234235583,성공
"경상남도 창원시 의창구 사림로16번길 37, (사림동)",방범,전방100M 이내,00:00~24:00,30일,시민안전과장,,경상남도 창원시 의창구 사림로16번길 37,35.2448949549904,128.679199859436,성공
"경상남도 창원시 의창구 창이대로259번길 13, (봉곡동)",방범,전방100M 이내,00:00~24:00,30일,시민안전과장,,경상남도 창원시 의창구 창이대로259번길 13,35.2473472033785,128.66664377019,성공
"경상남도 창원시 의창구 봉곡로 88, (봉곡동)",방범,전방100M 이내,00:00~24:00,30일,시민안전과장,,경상남도 창원시 의창구 봉곡로 88,35.2488191495982,128.668893756563,성공
"경상남도 창원시 의창구 봉곡로99번길 5, (봉곡동)_1",방범,전방100M 이내,00:00~24:00,30일,시민안전과장,1,경상남도 창원시 의창구 봉곡로99번길 5,35.2486660272107,128.671238016636,성공
"경상남도 창원시 의창구 봉곡로99번길 5, (봉곡동)_2",방범,전방100M 이내,00:00~24:00,30일,시민안전과장,2,경상남도 창원시 의창구 봉곡로99번길 5,35.2486660272107,128.671238016636,성공
"경상남도 창원시 의창구 봉곡로97번길 53, (봉곡동)",방범,전방100M 이내,00:00~24:00,30일,시민안전과장,,경상남도 창원시 의창구 봉곡로97번길 53,35.2489506226584,128.675786402096,성공
"경상남도 창원시 의창구 원이대로261번길 40, (봉곡동)",방범,전방100M 이내,00:00~24:00,30일,시민안전과장,,경상남도 창원시 의창구 원이대로261번길 40,35.2463745419607,128.651571988871,성공
"경상남도 창원시 의창구 비봉로 57, (봉곡동)",방범,전방100M 이내,00:00~24:00,30일,시민안전과장,,경상남도 창원시 의창구 비봉로 57,,,확인 필요
경상남도 창원시 의창구 봉곡동 57 (봉곡운동장)_1,방범,전방100M 이내,00:00~24:00,30일,시민안전과장,1,경상남도 창원시 의창구 봉곡동 57,35.2461920956384,128.656584949373,성공
경상남도 창원시 의창구 봉곡동 57 (봉곡운동장)_2,방범,전방100M 이내,00:00~24:00,30일,시민안전과장,2,경상남도 창원시 의창구 봉곡동 57,35.2461920956384,128.656584949373,성공
"경상남도 창원시 의창구 창이대로217번길 23, (봉곡동)",방범,전방100M 이내,00:00~24:00,30일,시민안전과장,,경상남도 창원시 의창구 창이대로217번길 23,35.2477049928487,128.660790734674,성공
"경상남도 창원시 의창구 지귀로59번길 12, (봉곡동)",방범,전방100M 이내,00:00~24:00,30일,시민안전과장,,경상남도 창원시 의창구 지귀로59번길 12,35.2483941210437,128.653298331305,성공
경상남도 창원시 의창구 봉곡동 511-13 (코오롱@사거리)_1,방범,전방100M 이내,00:00~24:00,30일,시민안전과장,1,경상남도 창원시 의창구 봉곡동 511-13,35.2476454540797,128.658028634431,성공
경상남도 창원시 의창구 봉곡동 511-13 (코오롱@사거리)_2,방범,전방100M 이내,00:00~24:00,30일,시민안전과장,2,경상남도 창원시 의창구 봉곡동 511-13,35.2476454540797,128.658028634431,성공
"경상남도 창원시 의창구 봉곡로 112, (봉곡동)",방범,전방100M 이내,00:00~24:00,30일,시민안전과장,,경상남도 창원시 의창구 봉곡로 112,35.2474341400039,128.670122926562,성공
"경상남도 창원시 의창구 봉곡로120번길 18, (봉곡동)",방범,전방100M 이내,00:00~24:00,30일,시민안전과장,,경상남도 창원시 의창구 봉곡로120번길 18,35.2470678537907,128.668551023941,성공
"경상남도 창원시 의창구 봉곡로111번길 12, (봉곡동-봉림시장 봉림상가)_1",방범,전방100M 이내,00:00~24:00,30일,시민안전과장,1,경상남도 창원시 의창구 봉곡로111번길 12,35.2470516081987,128.671712645944,성공
"경상남도 창원시 의창구 봉곡로111번길 12, (봉곡동-봉림시장 봉림상가)_2",방범,전방100M 이내,00:00~24:00,30일,시민안전과장,2,경상남도 창원시 의창구 봉곡로111번길 12,35.2470516081987,128.671712645944,성공
"경상남도 창원시 의창구 봉곡로111번길 12, (봉곡동-봉림시장 봉림상가)_3",방범,전방100M 이내,00:00~24:00,30일,시민안전과장,3,경상남도 창원시 의창구 봉곡로111번길 12,35.2470516081987,128.671712645944,성공
경상남도 창원시 의창구 봉곡로 93번길 16(봉곡동)_1,방범,전방100M 이내,00:00~24:00,30일,시민안전과장,1,경상남도 창원시 의창구 봉곡로 93번길 16,35.24923948759,128.671399969134,성공
경상남도 창원시 의창구 봉곡로 93번길 16(봉곡동)_2,방범,전방100M 이내,00:00~24:00,30일,시민안전과장,2,경상남도 창원시 의창구 봉곡로 93번길 16,35.24923948759,128.671399969134,성공
경상남도 창원시 의창구 사림동 26(퇴촌천),방범,전방100M 이내,00:00~24:00,30일,시민안전과장,,경상남도 창원시 의창구 사림동 26,35.240936557442,128.687529142342,성공
경상남도 창원시 의창구 사림동 117-1 (공룡어린이공원)_3,방범,전방100M 이내,00:00~24:00,30일,시민안전과장,3,경상남도 창원시 의창구 사림동 117-1,35.2471091860349,128.680982279047,성공
경상남도 창원시 의창구 봉곡동 106(봉곡중앙공원),방범,전방100M 이내,00:00~24:00,30일,시민안전과장,,경상남도 창원시 의창구 봉곡동 106,35.2477023499206,128.665742390212,성공
"경상남도 창원시 의창구 신월로37번길 29, (신월동)_1",방범,전방100M 이내,00:00~24:00,30일,시민안전과장,1,경상남도 창원시 의창구 신월로37번길 29,,,확인 필요
"경상남도 창원시 의창구 신월로37번길 29, (신월동)_2",방범,전방100M 이내,00:00~24:00,30일,시민안전과장,2,경상남도 창원시 의창구 신월로37번길 29,,,확인 필요
"경상남도 창원시 의창구 창이대로600번길 15-29, (신월동)_1",방범,전방100M 이내,00:00~24:00,30일,시민안전과장,1,경상남도 창원시 의창구 창이대로600번길 15-29,,,확인 필요
"경상남도 창원시 의창구 창이대로600번길 15-29, (신월동)_2",방범,전방100M 이내,00:00~24:00,30일,시민안전과장,2,경상남도 창원시 의창구 창이대로600번길 15-29,,,확인 필요
"경상남도 창원시 의창구 신월로72번길 24, (신월동)_1",방범,전방100M 이내,00:00~24:00,30일,시민안전과장,1,경상남도 창원시 의창구 신월로72번길 24,,,확인 필요
"경상남도 창원시 의창구 신월로72번길 24, (신월동)_2",방범,전방100M 이내,00:00~24:00,30일,시민안전과장,2,경상남도 창원시 의창구 신월로72번길 24,,,확인 필요
"경상남도 창원시 의창구 창이대로478번길 6-1, (용호동)_1",방범,전방100M 이내,00:00~24:00,30일,시민안전과장,1,경상남도 창원시 의창구 창이대로478번길 6-1,,,확인 필요
"경상남도 창원시 의창구 창이대로478번길 6-1, (용호동)_2",방범,전방100M 이내,00:00~24:00,30일,시민안전과장,2,경상남도 창원시 의창구 창이대로478번길 6-1,,,확인 필요
"경상남도 창원시 성산구 창이대로440번길 10, (용호동)_1",방범,전방100M 이내,00:00~24:00,30일,시민안전과장,1,경상남도 창원시 성산구 창이대로440번길 10,35.239825459482,128.682895219588,성공
"경상남도 창원시 의창구 창이대로440번길 10, (용호동)_2",방범,전방100M 이내,00:00~24:00,30일,시민안전과장,2,경상남도 창원시 의창구 창이대로440번길 10,,,확인 필요
"경상남도 창원시 의창구 창이대로440번길 10, (용호동)_3",방범,전방100M 이내,00:00~24:00,30일,시민안전과장,3,경상남도 창원시 의창구 창이대로440번길 10,,,확인 필요
"경상남도 창원시 의창구 원이대로589번길 6-2, (용호동)_1",방범,전방100M 이내,00:00~24:00,30일,시민안전과장,1,경상남도 창원시 의창구 원이대로589번길 6-2,,,확인 필요
"경상남도 창원시 의창구 원이대로589번길 6-2, (용호동)_2",방범,전방100M 이내,00:00~24:00,30일,시민안전과장,2,경상남도 창원시 의창구 원이대로589번길 6-2,,,확인 필요
경상남도 창원시 의창구 신월동 12-97,방범,전방100M 이내,00:00~24:00,30일,시민안전과장,,경상남도 창원시 의창구 신월동 12-97,,,확인 필요
"경상남도 창원시 의창구 상남로230번길 53, (신월동)_1",방범,전방100M 이내,00:00~24:00,30일,시민안전과장,1,경상남도 창원시 의창구 상남로230번길 53,,,확인 필요
"경상남도 창원시 의창구 상남로230번길 53, (신월동)_2",방범,전방100M 이내,00:00~24:00,30일,시민안전과장,2,경상남도 창원시 의창구 상남로230번길 53,,,확인 필요
"경상남도 창원시 의창구 상남로230번길 53, (신월동)_3",방범,전방100M 이내,00:00~24:00,30일,시민안전과장,3,경상남도 창원시 의창구 상남로230번길 53,,,확인 필요
경상남도 창원시 의창구 신월동 24-5_1,방범,전방100M 이내,00:00~24:00,30일,시민안전과장,1,경상남도 창원시 의창구 신월동 24-5,,,확인 필요
경상남도 창원시 의창구 신월동 24-5_2,방범,전방100M 이내,00:00~24:00,30일,시민안전과장,2,경상남도 창원시 의창구 신월동 24-5,,,확인 필요
경상남도 창원시 의창구 신월동 24-5_3,방범,전방100M 이내,00:00~24:00,30일,시민안전과장,3,경상남도 창원시 의창구 신월동 24-5,,,확인 필요
"경상남도 창원시 의창구 상남로192번길 23, (신월동)",방범,전방100M 이내,00:00~24:00,30일,시민안전과장,,경상남도 창원시 의창구 상남로192번길 23,,,확인 필요
"경상남도 창원시 의창구 상남로184번길 37, (신월동)",방범,전방100M 이내,00:00~24:00,30일,시민안전과장,,경상남도 창원시 의창구 상남로184번길 37,,,확인 필요
"경상남도 창원시 의창구 용호로 112, (용호동)_1",방범,전방100M 이내,00:00~24:00,30일,시민안전과장,1,경상남도 창원시 의창구 용호로 112,,,확인 필요
"경상남도 창원시 의창구 용호로 112, (용호동)_2",방범,전방100M 이내,00:00~24:00,30일,시민안전과장,2,경상남도 창원시 의창구 용호로 112,,,확인 필요
"경상남도 창원시 의창구 용호로 112, (용호동)_3",방범,전방100M 이내,00:00~24:00,30일,시민안전과장,3,경상남도 창원시 의창구 용호로 112,,,확인 필요
"경상남도 창원시 의창구 외동반림로262번길 14, (용호동)",방범,전방100M 이내,00:00~24:00,30일,시민안전과장,,경상남도 창원시 의창구 외동반림로262번길 14,,,확인 필요
경상남도 창원시 의창구 외동반림로 266번길 25-9(용호동)_1,방범,전방100M 이내,00:00~24:00,30일,시민안전과장,1,경상남도 창원시 의창구 외동반림로 266번길 25-9,,,확인 필요
경상남도 창원시 의창구 외동반림로 266번길 25-9(용호동)_2,방범,전방100M 이내,00:00~24:00,30일,시민안전과장,2,경상남도 창원시 의창구 외동반림로 266번길 25-9,,,확인 필요
경상남도 창원시 의창구 신월동 43(해오름),방범,전방100M 이내,00:00~24:00,30일,시민안전과장,,경상남도 창원시 의창구 신월동 43,,,확인 필요
"경상남도 창원시 성산구 원이대로331번길 51, (반지동)",방범,전방100M 이내,00:00~24:00,30일,시민안전과장,,경상남도 창원시 성산구 원이대로331번길 51,35.242957164079,128.659669407616,성공
"경상남도 창원시 성산구 창원천로144번길 1, (반지동)",방범,전방100M 이내,00:00~24:00,30일,시민안전과장,,경상남도 창원시 성산구 창원천로144번길 1,35.2423319640744,128.654867860179,성공
"경상남도 창원시 성산구 창원천로206번길 14, (반지동)",방범,전방100M 이내,00:00~24:00,30일,시민안전과장,,경상남도 창원시 성산구 창원천로206번길 14,35.2431462731871,128.661197151899,성공
"경상남도 창원시 성산구 충혼로175번길 27-1, (반지동)",방범,전방100M 이내,00:00~24:00,30일,시민안전과장,,경상남도 창원시 성산구 충혼로175번길 27-1,35.241043138266,128.663024571242,성공
"경상남도 창원시 성산구 반지로4번길 29-23, (반지동)",방범,전방100M 이내,00:00~24:00,30일,시민안전과장,,경상남도 창원시 성산구 반지로4번길 29-23,35.238679656518,128.662744972181,성공
"경상남도 창원시 성산구 창원천로166번길 13, (반지동)_1",방범,전방100M 이내,00:00~24:00,30일,시민안전과장,1,경상남도 창원시 성산구 창원천로166번길 13,35.2421244732734,128.657306321159,성공
"경상남도 창원시 성산구 창원천로166번길 13, (반지동)_2",방범,전방100M 이내,00:00~24:00,30일,시민안전과장,2,경상남도 창원시 성산구 창원천로166번길 13,35.2421244732734,128.657306321159,성공
"경상남도 창원시 성산구 반지로15번길 16, (반지동)",방범,전방100M 이내,00:00~24:00,30일,시민안전과장,,경상남도 창원시 성산구 반지로15번길 16,35.2410253065028,128.658788909539,성공
"경상남도 창원시 성산구 창원천로196번길 29-1, (반지동)_1",방범,전방100M 이내,00:00~24:00,30일,시민안전과장,1,경상남도 창원시 성산구 창원천로196번길 29-1,35.2414969580103,128.660796165078,성공
"경상남도 창원시 성산구 창원천로196번길 29-1, (반지동)_2",방범,전방100M 이내,00:00~24:00,30일,시민안전과장,2,경상남도 창원시 성산구 창원천로196번길 29-1,35.2414969580103,128.660796165078,성공
"경상남도 창원시 성산구 반지로16번길 1, (반지동)",방범,전방100M 이내,00:00~24:00,30일,시민안전과장,,경상남도 창원시 성산구 반지로16번길 1,35.2400988163487,128.660289698069,성공
"경상남도 창원시 성산구 창원천로 242번길 1, (반지동)",방범,전방100M 이내,00:00~24:00,30일,시민안전과장,,경상남도 창원시 성산구 창원천로 242번길 1,35.2452568088733,128.665034869963,성공
경상남도 창원시 성산구 원이대로 331번길 6경상남도 창원시 성산구_1,방범,전방100M 이내,00:00~24:00,30일,시민안전과장,1,경상남도 창원시 성산구 원이대로 331번길 6경상남도 창원시 성산구,35.2408175355204,128.655824314193,성공
경상남도 창원시 성산구 원이대로 331번길 6경상남도 창원시 성산구_2,방범,전방100M 이내,00:00~24:00,30일,시민안전과장,2,경상남도 창원시 성산구 원이대로 331번길 6경상남도 창원시 성산구,35.2408175355204,128.655824314193,성공
경상남도 창원시 성산구 원이대로 331번길 6경상남도 창원시 성산구_3,방범,전방100M 이내,00:00~24:00,30일,시민안전과장,3,경상남도 창원시 성산구 원이대로 331번길 6경상남도 창원시 성산구,35.2408175355204,128.655824314193,성공
경상남도 창원시 성산구 원이대로 331번길 6경상남도 창원시 성산구_4,방범,전방100M 이내,00:00~24:00,30일,시민안전과장,4,경상남도 창원시 성산구 원이대로 331번길 6경상남도 창원시 성산구,35.2408175355204,128.655824314193,성공
경상남도 창원시 성산구 반송동 279-1(반송공원),방범,전방100M 이내,00:00~24:00,30일,시민안전과장,,경상남도 창원시 성산구 반송동 279-1,,,확인 필요
경상남도 창원시 성산구 반송로 61번길 16,방범,전방100M 이내,00:00~24:00,30일,시민안전과장,,경상남도 창원시 성산구 반송로 61번길 16,35.2415495577574,128.664628527594,성공
"경상남도 창원시 성산구 삼동로128번길 49, (내동)",방범,전방100M 이내,00:00~24:00,30일,시민안전과장,,경상남도 창원시 성산구 삼동로128번길 49,35.2230030029464,128.659928701442,성공
"경상남도 창원시 성산구 외동반림로134번길 16, 경상남도 창원시 진해구",방범,전방100M 이내,00:00~24:00,30일,시민안전과장,,"경상남도 창원시 성산구 외동반림로134번길 16, 경상남도 창원시 진해구",,,확인 필요
"경상남도 창원시 성산구 원이대로552번길 21, 경상남도 창원시 진해구",방범,전방100M 이내,00:00~24:00,30일,시민안전과장,,"경상남도 창원시 성산구 원이대로552번길 21, 경상남도 창원시 진해구",,,확인 필요
"경상남도 창원시 성산구 원이대로566번길 47, 경상남도 창원시 진해구",방범,전방100M 이내,00:00~24:00,30일,시민안전과장,,"경상남도 창원시 성산구 원이대로566번길 47, 경상남도 창원시 진해구",35.2254284771741,128.674151292832,성공
"경상남도 창원시 성산구 외동반림로20번길 41, 경상남도 창원시 진해구",방범,전방100M 이내,00:00~24:00,30일,시민안전과장,,"경상남도 창원시 성산구 외동반림로20번길 41, 경상남도 창원시 진해구",,,확인 필요
"경상남도 창원시 성산구 외동반림로38번길 11, 경상남도 창원시 진해구",방범,전방100M 이내,00:00~24:00,30일,시민안전과장,,"경상남도 창원시 성산구 외동반림로38번길 11, 경상남도 창원시 진해구",35.2225496120446,128.673539288521,성공
경상남도 창원시 성산구 원이대로 566,방범,전방100M 이내,00:00~24:00,30일,시민안전과장,,경상남도 창원시 성산구 원이대로 566,35.2288399221819,128.676887499344,성공
"경상남도 창원시 성산구 외동반림로142번길 6, 경상남도 창원시 진해구_1",방범,전방100M 이내,00:00~24:00,30일,시민안전과장,1,"경상남도 창원시 성산구 외동반림로142번길 6, 경상남도 창원시 진해구",35.2309438460899,128.673141648603,성공
"경상남도 창원시 성산구 외동반림로142번길 6, 경상남도 창원시 진해구_2",방범,전방100M 이내,00:00~24:00,30일,시민안전과장,2,"경상남도 창원시 성산구 외동반림로142번길 6, 경상남도 창원시 진해구",35.2309438460899,128.673141648603,성공
"경상남도 창원시 성산구 연덕로184번길 35, (내동)_1",방범,전방100M 이내,00:00~24:00,30일,시민안전과장,1,경상남도 창원시 성산구 연덕로184번길 35,35.2174302534882,128.669511008656,성공
"경상남도 창원시 성산구 연덕로184번길 35, (내동)_2",방범,전방100M 이내,00:00~24:00,30일,시민안전과장,2,경상남도 창원시 성산구 연덕로184번길 35,35.2174302534882,128.669511008656,성공
"경상남도 창원시 성산구 외동반림로6번길 23, 경상남도 창원시 진해구",방범,전방100M 이내,00:00~24:00,30일,시민안전과장,,"경상남도 창원시 성산구 외동반림로6번길 23, 경상남도 창원시 진해구",35.2229458313553,128.675438192036,성공
경상남도 창원시 성산구 중앙동 156-2_1,방범,전방100M 이내,00:00~24:00,30일,시민안전과장,1,경상남도 창원시 성산구 중앙동 156-2,35.2198842819945,128.672546129386,성공
경상남도 창원시 성산구 중앙동 156-2_2,방범,전방100M 이내,00:00~24:00,30일,시민안전과장,2,경상남도 창원시 성산구 중앙동 156-2,35.2198842819945,128.672546129386,성공
"경상남도 창원시 성산구 연덕로 184번길 5, 경상남도 창원시 진해구동성샛별타운 앞_1",방범,전방100M 이내,00:00~24:00,30일,시민안전과장,1,"경상남도 창원시 성산구 연덕로 184번길 5, 경상남도 창원시 진해구동성샛별타운 앞",35.2188948012201,128.666766713394,성공
"경상남도 창원시 성산구 연덕로 184번길 5, 경상남도 창원시 진해구동성샛별타운 앞_2",방범,전방100M 이내,00:00~24:00,30일,시민안전과장,2,"경상남도 창원시 성산구 연덕로 184번길 5, 경상남도 창원시 진해구동성샛별타운 앞",35.2188948012201,128.666766713394,성공
경상남도 창원시 성산구 외동반림로 126번길 47_1,방범,전방100M 이내,00:00~24:00,30일,시민안전과장,1,경상남도 창원시 성산구 외동반림로 126번길 47,35.2277097290661,128.676130997233,성공
경상남도 창원시 성산구 외동반림로 126번길 47_2,방범,전방100M 이내,00:00~24:00,30일,시민안전과장,2,경상남도 창원시 성산구 외동반림로 126번길 47,35.2277097290661,128.676130997233,성공
경상남도 창원시 성산구 외동반림로 126번길 47_3,방범,전방100M 이내,00:00~24:00,30일,시민안전과장,3,경상남도 창원시 성산구 외동반림로 126번길 47,35.2277097290661,128.676130997233,성공
경상남도 창원시 성산구 외동반림로 126번길 47_4,방범,전방100M 이내,00:00~24:00,30일,시민안전과장,4,경상남도 창원시 성산구 외동반림로 126번길 47,35.2277097290661,128.676130997233,성공
경상남도 창원시 성산구 상남동 100-3_1,방범,전방100M 이내,00:00~24:00,30일,시민안전과장,1,경상남도 창원시 성산구 상남동 100-3,35.2171599054869,128.683899905432,성공
경상남도 창원시 성산구 상남동 100-3_2,방범,전방100M 이내,00:00~24:00,30일,시민안전과장,2,경상남도 창원시 성산구 상남동 100-3,35.2171599054869,128.683899905432,성공
"경상남도 창원시 성산구 동산로55번길 22, 경상남도 창원시 성산구",방범,전방100M 이내,00:00~24:00,30일,시민안전과장,,"경상남도 창원시 성산구 동산로55번길 22, 경상남도 창원시 성산구",35.2160321883097,128.684626766743,성공
"경상남도 창원시 성산구 단정로98번길 24, 경상남도 창원시 성산구",방범,전방100M 이내,00:00~24:00,30일,시민안전과장,,"경상남도 창원시 성산구 단정로98번길 24, 경상남도 창원시 성산구",35.2143853771186,128.687939657099,성공
"경상남도 창원시 성산구 단정로44번길 9, 경상남도 창원시 성산구",방범,전방100M 이내,00:00~24:00,30일,시민안전과장,,"경상남도 창원시 성산구 단정로44번길 9, 경상남도 창원시 성산구",35.2184887954978,128.684350275674,성공
"경상남도 창원시 성산구 단정로76번길 14, 경상남도 창원시 성산구",방범,전방100M 이내,00:00~24:00,30일,시민안전과장,,"경상남도 창원시 성산구 단정로76번길 14, 경상남도 창원시 성산구",35.2169791178514,128.686178735734,성공
"경상남도 창원시 성산구 동산로72번길 2, 경상남도 창원시 성산구_1",방범,전방100M 이내,00:00~24:00,30일,시민안전과장,1,"경상남도 창원시 성산구 동산로72번길 2, 경상남도 창원시 성산구",35.2155322751228,128.687706545857,성공
"경상남도 창원시 성산구 동산로72번길 2, 경상남도 창원시 성산구_2",방범,전방100M 이내,00:00~24:00,30일,시민안전과장,2,"경상남도 창원시 성산구 동산로72번길 2, 경상남도 창원시 성산구",35.2155322751228,128.687706545857,성공
경상남도 창원시 성산구 상남동 45-2 (중앙체육공원 내),방범,전방100M 이내,00:00~24:00,30일,시민안전과장,,경상남도 창원시 성산구 상남동 45-2,35.2150061098107,128.691395434717,성공
경상남도 창원시 성산구 상남동 507-2_1,방범,전방100M 이내,00:00~24:00,30일,시민안전과장,1,경상남도 창원시 성산구 상남동 507-2,35.2135464121723,128.691936616567,성공
경상남도 창원시 성산구 상남동 507-2_2,방범,전방100M 이내,00:00~24:00,30일,시민안전과장,2,경상남도 창원시 성산구 상남동 507-2,35.2135464121723,128.691936616567,성공
경상남도 창원시 성산구 토월로44번길 11_1,방범,전방100M 이내,00:00~24:00,30일,시민안전과장,1,경상남도 창원시 성산구 토월로44번길 11,35.216070662078,128.682599466995,성공
경상남도 창원시 성산구 토월로44번길 11_2,방범,전방100M 이내,00:00~24:00,30일,시민안전과장,2,경상남도 창원시 성산구 토월로44번길 11,35.216070662078,128.682599466995,성공
경상남도 창원시 성산구 단정로58번길 6_1,방범,전방100M 이내,00:00~24:00,30일,시민안전과장,1,경상남도 창원시 성산구 단정로58번길 6,35.2179228590563,128.685688148632,성공
경상남도 창원시 성산구 단정로58번길 6_2,방범,전방100M 이내,00:00~24:00,30일,시민안전과장,2,경상남도 창원시 성산구 단정로58번길 6,35.2179228590563,128.685688148632,성공
경상남도 창원시 성산구 단정로58번길 6_3,방범,전방100M 이내,00:00~24:00,30일,시민안전과장,3,경상남도 창원시 성산구 단정로58번길 6,35.2179228590563,128.685688148632,성공
"경상남도 창원시 성산구 정동로162번길 74, (남산동)",방범,전방100M 이내,00:00~24:00,30일,시민안전과장,,경상남도 창원시 성산구 정동로162번길 74,35.2008296647984,128.697922577989,성공
"경상남도 창원시 성산구 창이대로706번길 16-23, 경상남도 창원시 성산구",방범,전방100M 이내,00:00~24:00,30일,시민안전과장,,"경상남도 창원시 성산구 창이대로706번길 16-23, 경상남도 창원시 성산구",35.221822828957,128.698230464809,성공
"경상남도 창원시 성산구 동산로176번길 46, 경상남도 창원시 성산구",방범,전방100M 이내,00:00~24:00,30일,시민안전과장,,"경상남도 창원시 성산구 동산로176번길 46, 경상남도 창원시 성산구",35.2206150668375,128.69800860615,성공
"경상남도 창원시 성산구 비음로4번길 38, 경상남도 창원시 성산구",방범,전방100M 이내,00:00~24:00,30일,시민안전과장,,"경상남도 창원시 성산구 비음로4번길 38, 경상남도 창원시 성산구",35.2258388588314,128.698819155172,성공
"경상남도 창원시 성산구 창이대로664번길 10, 경상남도 창원시 성산구",방범,전방100M 이내,00:00~24:00,30일,시민안전과장,,"경상남도 창원시 성산구 창이대로664번길 10, 경상남도 창원시 성산구",35.224479401901,128.697866723063,성공
"경상남도 창원시 성산구 비음로 46, 경상남도 창원시 성산구",방범,전방100M 이내,00:00~24:00,30일,시민안전과장,,"경상남도 창원시 성산구 비음로 46, 경상남도 창원시 성산구",35.2283242432588,128.700230156678,성공
"경상남도 창원시 성산구 비음로67번길 10, 경상남도 창원시 성산구_1",방범,전방100M 이내,00:00~24:00,30일,시민안전과장,1,"경상남도 창원시 성산구 비음로67번길 10, 경상남도 창원시 성산구",35.2270643365674,128.702768973832,성공
"경상남도 창원시 성산구 비음로67번길 10, 경상남도 창원시 성산구_2",방범,전방100M 이내,00:00~24:00,30일,시민안전과장,2,"경상남도 창원시 성산구 비음로67번길 10, 경상남도 창원시 성산구",35.2270643365674,128.702768973832,성공
"경상남도 창원시 성산구 창이대로707번길 18, 경상남도 창원시 성산구",방범,전방100M 이내,00:00~24:00,30일,시민안전과장,,"경상남도 창원시 성산구 창이대로707번길 18, 경상남도 창원시 성산구",35.2223608618195,128.702982486194,성공
경상남도 창원시 성산구 동산로192번길 13,방범,전방100M 이내,00:00~24:00,30일,시민안전과장,,경상남도 창원시 성산구 동산로192번길 13,35.2235220877021,128.696982992101,성공
"경상남도 창원시 성산구 창이대로722번길 12, 경상남도 창원시 성산구",방범,전방100M 이내,00:00~24:00,30일,시민안전과장,,"경상남도 창원시 성산구 창이대로722번길 12, 경상남도 창원시 성산구",35.2200503534165,128.699941784597,성공
"경상남도 창원시 성산구 창이대로719번길 31, 경상남도 창원시 성산구",방범,전방100M 이내,00:00~24:00,30일,시민안전과장,,"경상남도 창원시 성산구 창이대로719번길 31, 경상남도 창원시 성산구",35.2220705489573,128.704514730168,성공
"경상남도 창원시 성산구 정동로162번길 31, (남산동-대우아파트 203동)_1",방범,전방100M 이내,00:00~24:00,30일,시민안전과장,1,경상남도 창원시 성산구 정동로162번길 31,35.20411532897,128.693232236543,성공
"경상남도 창원시 성산구 정동로162번길 31, (남산동-대우아파트 203동)_2",방범,전방100M 이내,00:00~24:00,30일,시민안전과장,2,경상남도 창원시 성산구 정동로162번길 31,35.20411532897,128.693232236543,성공
"경상남도 창원시 성산구 동산로 162, 경상남도 창원시 성산구_1",방범,전방100M 이내,00:00~24:00,30일,시민안전과장,1,"경상남도 창원시 성산구 동산로 162, 경상남도 창원시 성산구",35.2219723773808,128.693706728087,성공
"경상남도 창원시 성산구 동산로 162, 경상남도 창원시 성산구_2",방범,전방100M 이내,00:00~24:00,30일,시민안전과장,2,"경상남도 창원시 성산구 동산로 162, 경상남도 창원시 성산구",35.2219723773808,128.693706728087,성공
"경상남도 창원시 성산구 동산로 162, 경상남도 창원시 성산구_3",방범,전방100M 이내,00:00~24:00,30일,시민안전과장,3,"경상남도 창원시 성산구 동산로 162, 경상남도 창원시 성산구",35.2219723773808,128.693706728087,성공
"경상남도 창원시 성산구 비음로 14번길 9-1, 경상남도 창원시 성산구_1",방범,전방100M 이내,00:00~24:00,30일,시민안전과장,1,"경상남도 창원시 성산구 비음로 14번길 9-1, 경상남도 창원시 성산구",35.2287133959354,128.698381213327,성공
"경상남도 창원시 성산구 비음로 14번길 9-1, 경상남도 창원시 성산구_2",방범,전방100M 이내,00:00~24:00,30일,시민안전과장,2,"경상남도 창원시 성산구 비음로 14번길 9-1, 경상남도 창원시 성산구",35.2287133959354,128.698381213327,성공
경상남도 창원시 성산구 창이대로664번길 21_1,방범,전방100M 이내,00:00~24:00,30일,시민안전과장,1,경상남도 창원시 성산구 창이대로664번길 21,35.2233870918242,128.697175342328,성공
경상남도 창원시 성산구 창이대로664번길 21_2,방범,전방100M 이내,00:00~24:00,30일,시민안전과장,2,경상남도 창원시 성산구 창이대로664번길 21,35.2233870918242,128.697175342328,성공
"경상남도 창원시 성산구 가양로34번길 9, (가음동)_1",방범,전방100M 이내,00:00~24:00,30일,시민안전과장,1,경상남도 창원시 성산구 가양로34번길 9,35.2048252677862,128.699775103501,성공
"경상남도 창원시 성산구 가양로34번길 9, (가음동)_2",방범,전방100M 이내,00:00~24:00,30일,시민안전과장,2,경상남도 창원시 성산구 가양로34번길 9,35.2048252677862,128.699775103501,성공
"경상남도 창원시 성산구 가양로52번길 16, (가음동-남산고 뒤)_1",방범,전방100M 이내,00:00~24:00,30일,시민안전과장,1,경상남도 창원시 성산구 가양로52번길 16,35.2054725813027,128.701368318811,성공
"경상남도 창원시 성산구 가양로52번길 16, (가음동-남산고 뒤)_2",방범,전방100M 이내,00:00~24:00,30일,시민안전과장,2,경상남도 창원시 성산구 가양로52번길 16,35.2054725813027,128.701368318811,성공
경상남도 창원시 성산구 남양동 33,방범,전방100M 이내,00:00~24:00,30일,시민안전과장,,경상남도 창원시 성산구 남양동 33,35.2079232799312,128.703014265737,성공
경상남도 창원시 성산구 남양동 37_1,방범,전방100M 이내,00:00~24:00,30일,시민안전과장,1,경상남도 창원시 성산구 남양동 37,35.2066189840369,128.705392931268,성공
경상남도 창원시 성산구 남양동 37_2,방범,전방100M 이내,00:00~24:00,30일,시민안전과장,2,경상남도 창원시 성산구 남양동 37,35.2066189840369,128.705392931268,성공
"경상남도 창원시 성산구 가음로101번길 6-1, (남양동)",방범,전방100M 이내,00:00~24:00,30일,시민안전과장,,경상남도 창원시 성산구 가음로101번길 6-1,35.2045772639539,128.704465897208,성공
"경상남도 창원시 성산구 가음로 64번길, (가음동)",방범,전방100M 이내,00:00~24:00,30일,시민안전과장,,경상남도 창원시 성산구 가음로 64번길,35.2070130624675,128.701699676536,성공
경상남도 창원시 성산구 가음정로 67번길 67경상남도 창원시 성산구_1,방범,전방100M 이내,00:00~24:00,30일,시민안전과장,1,경상남도 창원시 성산구 가음정로 67번길 67경상남도 창원시 성산구,,,확인 필요
경상남도 창원시 성산구 가음정로 67번길 67경상남도 창원시 성산구_2,방범,전방100M 이내,00:00~24:00,30일,시민안전과장,2,경상남도 창원시 성산구 가음정로 67번길 67경상남도 창원시 성산구,,,확인 필요
경상남도 창원시 성산구 가음로57번길 4-3_1,방범,전방100M 이내,00:00~24:00,30일,시민안전과장,1,경상남도 창원시 성산구 가음로57번길 4-3,35.2080381885835,128.70240537844,성공
경상남도 창원시 성산구 가음로57번길 4-3_2,방범,전방100M 이내,00:00~24:00,30일,시민안전과장,2,경상남도 창원시 성산구 가음로57번길 4-3,35.2080381885835,128.70240537844,성공
경상남도 창원시 성산구 가양로98번길 5,방범,전방100M 이내,00:00~24:00,30일,시민안전과장,,경상남도 창원시 성산구 가양로98번길 5,35.2083806347929,128.704135822974,성공
경상남도 창원시 성산구 삼정자로63번길 17_1,방범,전방100M 이내,00:00~24:00,30일,시민안전과장,1,경상남도 창원시 성산구 삼정자로63번길 17,35.1995859393558,128.712774332231,성공
경상남도 창원시 성산구 삼정자로63번길 17_2,방범,전방100M 이내,00:00~24:00,30일,시민안전과장,2,경상남도 창원시 성산구 삼정자로63번길 17,35.1995859393558,128.712774332231,성공
경상남도 창원시 성산구 삼정자로63번길 17_3,방범,전방100M 이내,00:00~24:00,30일,시민안전과장,3,경상남도 창원시 성산구 삼정자로63번길 17,35.1995859393558,128.712774332231,성공
"경상남도 창원시 성산구 안민안길 28, (안민동-어도횟집 앞)_1",방범,전방100M 이내,00:00~24:00,30일,시민안전과장,1,경상남도 창원시 성산구 안민안길 28,35.187086507808,128.692205662793,성공
"경상남도 창원시 성산구 안민안길 28, (안민동-어도횟집 앞)_2",방범,전방100M 이내,00:00~24:00,30일,시민안전과장,2,경상남도 창원시 성산구 안민안길 28,35.187086507808,128.692205662793,성공
"경상남도 창원시 성산구 안민안길 28, (안민동-어도횟집 앞)_3",방범,전방100M 이내,00:00~24:00,30일,시민안전과장,3,경상남도 창원시 성산구 안민안길 28,35.187086507808,128.692205662793,성공
"경상남도 창원시 성산구 안민안길 28, (안민동-어도횟집 앞)_4",방범,전방100M 이내,00:00~24:00,30일,시민안전과장,4,경상남도 창원시 성산구 안민안길 28,35.187086507808,128.692205662793,성공
경상남도 창원시 성산구 성주로 147 (대우아파트 상가),방범,전방100M 이내,00:00~24:00,30일,시민안전과장,,경상남도 창원시 성산구 성주로 147,35.19922274613,128.701552283263,성공
"경상남도 창원시 성산구 삼정자로 78, 경상남도 창원시 성산구효성해링턴코트",방범,전방100M 이내,00:00~24:00,30일,시민안전과장,,"경상남도 창원시 성산구 삼정자로 78, 경상남도 창원시 성산구효성해링턴코트",35.1977828047256,128.714797255714,성공
경상남도 창원시 성산구 성주동 111-2(성주공원),방범,전방100M 이내,00:00~24:00,30일,시민안전과장,,경상남도 창원시 성산구 성주동 111-2,35.1999143821074,128.710974343112,성공
경상남도 창원시 성산구 성주동 144-1,방범,전방100M 이내,00:00~24:00,30일,시민안전과장,,경상남도 창원시 성산구 성주동 144-1,35.1972965424325,128.707845615551,성공
"경상남도 창원시 성산구 귀산로60번길 7, (귀산동)",방범,전방100M 이내,00:00~24:00,30일,시민안전과장,,경상남도 창원시 성산구 귀산로60번길 7,35.1672943413233,128.615412831874,성공
"경상남도 창원시 성산구 신촌로 50, (신촌동)",방범,전방100M 이내,00:00~24:00,30일,시민안전과장,,경상남도 창원시 성산구 신촌로 50,35.2053383381263,128.627167729447,성공
"경상남도 창원시 성산구 신촌로134번길 5, (신촌동-양곡중 풀잎마을입구)_1",방범,전방100M 이내,00:00~24:00,30일,시민안전과장,1,경상남도 창원시 성산구 신촌로134번길 5,35.197427846866,128.628637815755,성공
"경상남도 창원시 성산구 신촌로134번길 5, (신촌동-양곡중 풀잎마을입구)_2",방범,전방100M 이내,00:00~24:00,30일,시민안전과장,2,경상남도 창원시 성산구 신촌로134번길 5,35.197427846866,128.628637815755,성공
"경상남도 창원시 성산구 삼귀로 131, (귀곡동)",방범,전방100M 이내,00:00~24:00,30일,시민안전과장,,경상남도 창원시 성산구 삼귀로 131,35.1723792724464,128.594955290325,성공
경상남도 창원시 마산합포구 구산면 내포2길 48 (내포마을 입구)_1,방범,전방100M 이내,00:00~24:00,30일,시민안전과장,1,경상남도 창원시 마산합포구 구산면 내포2길 48,35.0975575519835,128.580737244521,성공
경상남도 창원시 마산합포구 구산면 내포2길 48 (내포마을 입구)_2,방범,전방100M 이내,00:00~24:00,30일,시민안전과장,2,경상남도 창원시 마산합포구 구산면 내포2길 48,35.0975575519835,128.580737244521,성공
경상남도 창원시 마산합포구 구산면 마전리 109 (군령삼거리 십사일다시마 옆),방범,전방100M 이내,00:00~24:00,30일,시민안전과장,,경상남도 창원시 마산합포구 구산면 마전리 109,35.1209783104172,128.535044816782,성공
경상남도 창원시 마산합포구 이순신로 716-2_1,방범,전방100M 이내,00:00~24:00,30일,시민안전과장,1,경상남도 창원시 마산합포구 이순신로 716-2,35.0679203883669,128.628814688604,성공
경상남도 창원시 마산합포구 이순신로 716-2_2,방범,전방100M 이내,00:00~24:00,30일,시민안전과장,2,경상남도 창원시 마산합포구 이순신로 716-2,35.0679203883669,128.628814688604,성공
경상남도 창원시 마산합포구 진동면 진동리 419-2 (새마을금고 옆)_1,방범,전방100M 이내,00:00~24:00,30일,시민안전과장,1,경상남도 창원시 마산합포구 진동면 진동리 419-2,,,확인 필요
경상남도 창원시 마산합포구 진동면 진동리 419-2 (새마을금고 옆)_2,방범,전방100M 이내,00:00~24:00,30일,시민안전과장,2,경상남도 창원시 마산합포구 진동면 진동리 419-2,,,확인 필요
"경상남도 창원시 마산합포구 해양관광로 24, (진동면-진동시장사거리)_1",방범,전방100M 이내,00:00~24:00,30일,시민안전과장,1,경상남도 창원시 마산합포구 해양관광로 24,35.1128372607219,128.487097714836,성공
"경상남도 창원시 마산합포구 해양관광로 24, (진동면-진동시장사거리)_2",방범,전방100M 이내,00:00~24:00,30일,시민안전과장,2,경상남도 창원시 마산합포구 해양관광로 24,35.1128372607219,128.487097714836,성공
"경상남도 창원시 마산합포구 삼진의거대로 661-94, (진동면-진동도서관 뒤)_1",방범,전방100M 이내,00:00~24:00,30일,시민안전과장,1,경상남도 창원시 마산합포구 삼진의거대로 661-94,35.1193258897743,128.489777019573,성공
"경상남도 창원시 마산합포구 삼진의거대로 661-94, (진동면-진동도서관 뒤)_2",방범,전방100M 이내,00:00~24:00,30일,시민안전과장,2,경상남도 창원시 마산합포구 삼진의거대로 661-94,35.1193258897743,128.489777019573,성공
"경상남도 창원시 마산합포구 진동사동로 1, (진동면-삼진고 후문)_1",방범,전방100M 이내,00:00~24:00,30일,시민안전과장,1,경상남도 창원시 마산합포구 진동사동로 1,35.117586937291,128.487639350893,성공
"경상남도 창원시 마산합포구 진동사동로 1, (진동면-삼진고 후문)_2",방범,전방100M 이내,00:00~24:00,30일,시민안전과장,2,경상남도 창원시 마산합포구 진동사동로 1,35.117586937291,128.487639350893,성공
"경상남도 창원시 마산합포구 진동사동로 1, (진동면-삼진고 후문)_3",방범,전방100M 이내,00:00~24:00,30일,시민안전과장,3,경상남도 창원시 마산합포구 진동사동로 1,35.117586937291,128.487639350893,성공
경상남도 창원시 마산합포구 진동면 진동리 430(75호),방범,전방100M 이내,00:00~24:00,30일,시민안전과장,,경상남도 창원시 마산합포구 진동면 진동리 430,35.1186309559713,128.486993397945,성공
경상남도 창원시 마산합포구 진북면 신촌마을길 1 (신촌마을회관 옆 삼거리)_1,방범,전방100M 이내,00:00~24:00,30일,시민안전과장,1,경상남도 창원시 마산합포구 진북면 신촌마을길 1,35.1342551179686,128.476499759452,성공
경상남도 창원시 마산합포구 진북면 신촌마을길 1 (신촌마을회관 옆 삼거리)_2,방범,전방100M 이내,00:00~24:00,30일,시민안전과장,2,경상남도 창원시 마산합포구 진북면 신촌마을길 1,35.1342551179686,128.476499759452,성공
경상남도 창원시 마산합포구 진북면 지산리 107-23 (고현마을 입구),방범,전방100M 이내,00:00~24:00,30일,시민안전과장,,경상남도 창원시 마산합포구 진북면 지산리 107-23,35.114767499691,128.479010468593,성공
경상남도 창원시 마산합포구 진북면 지산1길 71 (숲속공원),방범,전방100M 이내,00:00~24:00,30일,시민안전과장,,경상남도 창원시 마산합포구 진북면 지산1길 71,35.115658406254,128.464522974024,성공
경상남도 창원시 마산합포구 진북면 학동로 28 (동파법당 앞),방범,전방100M 이내,00:00~24:00,30일,시민안전과장,,경상남도 창원시 마산합포구 진북면 학동로 28,35.1177922316441,128.472096648921,성공
경상남도 창원시 마산합포구 진북면 예곡리 48-2 (TG앞)_1,방범,전방100M 이내,00:00~24:00,30일,시민안전과장,1,경상남도 창원시 마산합포구 진북면 예곡리 48-2,35.1146939364046,128.459227483216,성공
경상남도 창원시 마산합포구 진북면 예곡리 48-2 (TG앞)_2,방범,전방100M 이내,00:00~24:00,30일,시민안전과장,2,경상남도 창원시 마산합포구 진북면 예곡리 48-2,35.1146939364046,128.459227483216,성공
경상남도 창원시 마산합포구 진북면 망곡리 70-8 (마을입구),방범,전방100M 이내,00:00~24:00,30일,시민안전과장,,경상남도 창원시 마산합포구 진북면 망곡리 70-8,35.1377454741484,128.486638022045,성공
"경상남도 창원시 마산합포구 덕곡덕기길 110, (진북면-마을안)",방범,전방100M 이내,00:00~24:00,30일,시민안전과장,,경상남도 창원시 마산합포구 덕곡덕기길 110,35.123659033098,128.482150449551,성공
경상남도 창원시 마산합포구 진전면 고사리 751-1 (의산진료소 앞),방범,전방100M 이내,00:00~24:00,30일,시민안전과장,,경상남도 창원시 마산합포구 진전면 고사리 751-1,35.1463272427093,128.370254680167,성공
경상남도 창원시 마산합포구 진전면 팔의사로 381 (일암마을회관 앞)_1,방범,전방100M 이내,00:00~24:00,30일,시민안전과장,1,경상남도 창원시 마산합포구 진전면 팔의사로 381,35.1248894941134,128.385293534955,성공
경상남도 창원시 마산합포구 진전면 팔의사로 381 (일암마을회관 앞)_2,방범,전방100M 이내,00:00~24:00,30일,시민안전과장,2,경상남도 창원시 마산합포구 진전면 팔의사로 381,35.1248894941134,128.385293534955,성공
경상남도 창원시 마산합포구 진전면 근곡리 98-18,방범,전방100M 이내,00:00~24:00,30일,시민안전과장,,경상남도 창원시 마산합포구 진전면 근곡리 98-18,35.1073997311769,128.448367847973,성공
경상남도 창원시 마산합포구 진전면 양촌리 694-3 (대정삼거리)_1,방범,전방100M 이내,00:00~24:00,30일,시민안전과장,1,경상남도 창원시 마산합포구 진전면 양촌리 694-3,35.130218763002,128.376956258548,성공
경상남도 창원시 마산합포구 진전면 양촌리 694-3 (대정삼거리)_2,방범,전방100M 이내,00:00~24:00,30일,시민안전과장,2,경상남도 창원시 마산합포구 진전면 양촌리 694-3,35.130218763002,128.376956258548,성공
경상남도 창원시 마산합포구 가포로 789(유산삼거리),방범,전방100M 이내,00:00~24:00,30일,시민안전과장,,경상남도 창원시 마산합포구 가포로 789,35.1340030956508,128.567270148144,성공
경상남도 창원시 마산합포구 덕동동 208-1_1,방범,전방100M 이내,00:00~24:00,30일,시민안전과장,1,경상남도 창원시 마산합포구 덕동동 208-1,35.1423461010448,128.580177197946,성공
경상남도 창원시 마산합포구 덕동동 208-1_2,방범,전방100M 이내,00:00~24:00,30일,시민안전과장,2,경상남도 창원시 마산합포구 덕동동 208-1,35.1423461010448,128.580177197946,성공
경상남도 창원시 마산합포구 가포동 164-2(안동상회 앞)_1,방범,전방100M 이내,00:00~24:00,30일,시민안전과장,1,경상남도 창원시 마산합포구 가포동 164-2,,,확인 필요
경상남도 창원시 마산합포구 가포동 164-2(안동상회 앞)_2,방범,전방100M 이내,00:00~24:00,30일,시민안전과장,2,경상남도 창원시 마산합포구 가포동 164-2,,,확인 필요
경상남도 창원시 마산합포구 만날고개1길 (만날고개입구)_1,방범,전방100M 이내,00:00~24:00,30일,시민안전과장,1,경상남도 창원시 마산합포구 만날고개1길,35.1845686257233,128.548468935856,성공
경상남도 창원시 마산합포구 만날고개1길 (만날고개입구)_2,방범,전방100M 이내,00:00~24:00,30일,시민안전과장,2,경상남도 창원시 마산합포구 만날고개1길,35.1845686257233,128.548468935856,성공
경상남도 창원시 마산합포구 월영북2길 34(풍부마을 빌라)_1,방범,전방100M 이내,00:00~24:00,30일,시민안전과장,1,경상남도 창원시 마산합포구 월영북2길 34,35.1814460608702,128.555537661369,성공
경상남도 창원시 마산합포구 월영북2길 34(풍부마을 빌라)_2,방범,전방100M 이내,00:00~24:00,30일,시민안전과장,2,경상남도 창원시 마산합포구 월영북2길 34,35.1814460608702,128.555537661369,성공
"경상남도 창원시 마산합포구 월영북4길 8, (월영동-한마25시 뒤)_1",방범,전방100M 이내,00:00~24:00,30일,시민안전과장,1,경상남도 창원시 마산합포구 월영북4길 8,35.1816118872292,128.556512748393,성공
"경상남도 창원시 마산합포구 월영북4길 8, (월영동-한마25시 뒤)_2",방범,전방100M 이내,00:00~24:00,30일,시민안전과장,2,경상남도 창원시 마산합포구 월영북4길 8,35.1816118872292,128.556512748393,성공
"경상남도 창원시 마산합포구 월영남18길 68, (월영동-까치할인마트 옆)_1",방범,전방100M 이내,00:00~24:00,30일,시민안전과장,1,경상남도 창원시 마산합포구 월영남18길 68,35.1768354574439,128.560610570571,성공
"경상남도 창원시 마산합포구 월영남18길 68, (월영동-까치할인마트 옆)_2",방범,전방100M 이내,00:00~24:00,30일,시민안전과장,2,경상남도 창원시 마산합포구 월영남18길 68,35.1768354574439,128.560610570571,성공
경상남도 창원시 마산합포구 월영동 706 (월영마을아파트 소공원),방범,전방100M 이내,00:00~24:00,30일,시민안전과장,,경상남도 창원시 마산합포구 월영동 706,35.1742416480182,128.558681414074,성공
경상남도 창원시 마산합포구 월영동 707 (월영마을아파트 소공원)_1,방범,전방100M 이내,00:00~24:00,30일,시민안전과장,1,경상남도 창원시 마산합포구 월영동 707,35.1735948803212,128.558887163562,성공
경상남도 창원시 마산합포구 월영동 707 (월영마을아파트 소공원)_2,방범,전방100M 이내,00:00~24:00,30일,시민안전과장,2,경상남도 창원시 마산합포구 월영동 707,35.1735948803212,128.558887163562,성공
경상남도 창원시 마산합포구 월영동 산149-90 (청량산 입구)_1,방범,전방100M 이내,00:00~24:00,30일,시민안전과장,1,경상남도 창원시 마산합포구 월영동 산149-90,35.1692111904076,128.556689795803,성공
경상남도 창원시 마산합포구 월영동 산149-90 (청량산 입구)_2,방범,전방100M 이내,00:00~24:00,30일,시민안전과장,2,경상남도 창원시 마산합포구 월영동 산149-90,35.1692111904076,128.556689795803,성공
"경상남도 창원시 마산합포구 가포로 63, (해운동-동산아파트 앞 놀이터)",방범,전방100M 이내,00:00~24:00,30일,시민안전과장,,경상남도 창원시 마산합포구 가포로 63,35.1778493058388,128.563758324427,성공
"경상남도 창원시 마산합포구 월영동로 19, (해운동-석정원 앞)_1",방범,전방100M 이내,00:00~24:00,30일,시민안전과장,1,경상남도 창원시 마산합포구 월영동로 19,35.1784781581827,128.564500658938,성공
"경상남도 창원시 마산합포구 월영동로 19, (해운동-석정원 앞)_2",방범,전방100M 이내,00:00~24:00,30일,시민안전과장,2,경상남도 창원시 마산합포구 월영동로 19,35.1784781581827,128.564500658938,성공
경상남도 창원시 마산합포구 해운동 54 (청소년체육공원 놀이터),방범,전방100M 이내,00:00~24:00,30일,시민안전과장,,경상남도 창원시 마산합포구 해운동 54,35.1765298020677,128.56605931214,성공
"경상남도 창원시 마산합포구 월영동2길 16, (해운동-ABC마트 앞)_1",방범,전방100M 이내,00:00~24:00,30일,시민안전과장,1,경상남도 창원시 마산합포구 월영동2길 16,35.1793065090079,128.559293596313,성공
"경상남도 창원시 마산합포구 월영동2길 16, (해운동-ABC마트 앞)_2",방범,전방100M 이내,00:00~24:00,30일,시민안전과장,2,경상남도 창원시 마산합포구 월영동2길 16,35.1793065090079,128.559293596313,성공
경상남도 창원시 마산합포구 해운동 54(서항)_1,방범,전방100M 이내,00:00~24:00,30일,시민안전과장,1,경상남도 창원시 마산합포구 해운동 54,35.1765298020677,128.56605931214,성공
경상남도 창원시 마산합포구 해운동 54(서항)_2,방범,전방100M 이내,00:00~24:00,30일,시민안전과장,2,경상남도 창원시 마산합포구 해운동 54,35.1765298020677,128.56605931214,성공
경상남도 창원시 마산합포구 해운동 40(해운참누리),방범,전방100M 이내,00:00~24:00,30일,시민안전과장,,경상남도 창원시 마산합포구 해운동 40,35.1780191684574,128.563152697098,성공
경상남도 창원시 마산합포구 월영동 710-3(달빛),방범,전방100M 이내,00:00~24:00,30일,시민안전과장,,경상남도 창원시 마산합포구 월영동 710-3,35.1707271536889,128.557020969,성공
"경상남도 창원시 마산합포구 문화북10길 16, (문화동-호야횟집)_1",방범,전방100M 이내,00:00~24:00,30일,시민안전과장,1,경상남도 창원시 마산합포구 문화북10길 16,35.186778675765,128.557595133657,성공
"경상남도 창원시 마산합포구 문화북10길 16, (문화동-호야횟집)_2",방범,전방100M 이내,00:00~24:00,30일,시민안전과장,2,경상남도 창원시 마산합포구 문화북10길 16,35.186778675765,128.557595133657,성공
"경상남도 창원시 마산합포구 문화북3길 41, (신창동-서울우유 앞)_1",방범,전방100M 이내,00:00~24:00,30일,시민안전과장,1,경상남도 창원시 마산합포구 문화북3길 41,35.1877505907621,128.559799311203,성공
"경상남도 창원시 마산합포구 문화북3길 41, (신창동-서울우유 앞)_2",방범,전방100M 이내,00:00~24:00,30일,시민안전과장,2,경상남도 창원시 마산합포구 문화북3길 41,35.1877505907621,128.559799311203,성공
경상남도 창원시 마산합포구 문화동13길 13(강진횟집 앞)_1,방범,전방100M 이내,00:00~24:00,30일,시민안전과장,1,경상남도 창원시 마산합포구 문화동13길 13,35.1811194276376,128.55954030753,성공
경상남도 창원시 마산합포구 문화동13길 13(강진횟집 앞)_2,방범,전방100M 이내,00:00~24:00,30일,시민안전과장,2,경상남도 창원시 마산합포구 문화동13길 13,35.1811194276376,128.55954030753,성공
"경상남도 창원시 마산합포구 문화동11길 15, (창포동3가-창포프리텔 앞)",방범,전방100M 이내,00:00~24:00,30일,시민안전과장,,경상남도 창원시 마산합포구 문화동11길 15,35.182958861484,128.560470993161,성공
"경상남도 창원시 마산합포구 신마산시장길 5, (창포동3가)_1",방범,전방100M 이내,00:00~24:00,30일,시민안전과장,1,경상남도 창원시 마산합포구 신마산시장길 5,35.1814575981798,128.559139513339,성공
"경상남도 창원시 마산합포구 신마산시장길 5, (창포동3가)_2",방범,전방100M 이내,00:00~24:00,30일,시민안전과장,2,경상남도 창원시 마산합포구 신마산시장길 5,35.1814575981798,128.559139513339,성공
경상남도 창원시 마산합포구 문화서6길 50_1,방범,전방100M 이내,00:00~24:00,30일,시민안전과장,1,경상남도 창원시 마산합포구 문화서6길 50,35.1863614190807,128.554802734961,성공
경상남도 창원시 마산합포구 문화서6길 50_2,방범,전방100M 이내,00:00~24:00,30일,시민안전과장,2,경상남도 창원시 마산합포구 문화서6길 50,35.1863614190807,128.554802734961,성공
"경상남도 창원시 마산합포구 반월북5길 52, (대성동1가-르메이르빌라 앞)_1",방범,전방100M 이내,00:00~24:00,30일,시민안전과장,1,경상남도 창원시 마산합포구 반월북5길 52,35.1926029299531,128.561689948222,성공
"경상남도 창원시 마산합포구 반월북5길 52, (대성동1가-르메이르빌라 앞)_2",방범,전방100M 이내,00:00~24:00,30일,시민안전과장,2,경상남도 창원시 마산합포구 반월북5길 52,35.1926029299531,128.561689948222,성공
"경상남도 창원시 마산합포구 3·15대로 121, (중앙동1가-반월동주민센터 뒤)_1",방범,전방100M 이내,00:00~24:00,30일,시민안전과장,1,경상남도 창원시 마산합포구 3·15대로 121,35.1903607596579,128.562421232443,성공
"경상남도 창원시 마산합포구 3·15대로 121, (중앙동1가-반월동주민센터 뒤)_2",방범,전방100M 이내,00:00~24:00,30일,시민안전과장,2,경상남도 창원시 마산합포구 3·15대로 121,35.1903607596579,128.562421232443,성공
"경상남도 창원시 마산합포구 중앙남6길 103, (장군동3가-장군시장오거리)_1",방범,전방100M 이내,00:00~24:00,30일,시민안전과장,1,경상남도 창원시 마산합포구 중앙남6길 103,35.1964979279041,128.564955299454,성공
"경상남도 창원시 마산합포구 중앙남6길 103, (장군동3가-장군시장오거리)_2",방범,전방100M 이내,00:00~24:00,30일,시민안전과장,2,경상남도 창원시 마산합포구 중앙남6길 103,35.1964979279041,128.564955299454,성공
"경상남도 창원시 마산합포구 중앙서1길 67, (장군동3가)_1",방범,전방100M 이내,00:00~24:00,30일,시민안전과장,1,경상남도 창원시 마산합포구 중앙서1길 67,35.1955052308321,128.563795965201,성공
"경상남도 창원시 마산합포구 중앙서1길 67, (장군동3가)_2",방범,전방100M 이내,00:00~24:00,30일,시민안전과장,2,경상남도 창원시 마산합포구 중앙서1길 67,35.1955052308321,128.563795965201,성공
"경상남도 창원시 마산합포구 완월북5길 49, 경상남도 창원시 마산합포구 ",방범,전방100M 이내,00:00~24:00,30일,시민안전과장,,"경상남도 창원시 마산합포구 완월북5길 49, 경상남도 창원시 마산합포구",35.1987152138537,128.558348509135,성공
경상남도 창원시 마산합포구 장군동4가 3-67 (성막교회 앞),방범,전방100M 이내,00:00~24:00,30일,시민안전과장,,경상남도 창원시 마산합포구 장군동4가 3-67,,,확인 필요
"경상남도 창원시 마산합포구 장군천로 21-7, (장군동4가)_1",방범,전방100M 이내,00:00~24:00,30일,시민안전과장,1,경상남도 창원시 마산합포구 장군천로 21-7,35.196550681063,128.564171843449,성공
"경상남도 창원시 마산합포구 장군천로 21-7, (장군동4가)_2",방범,전방100M 이내,00:00~24:00,30일,시민안전과장,2,경상남도 창원시 마산합포구 장군천로 21-7,35.196550681063,128.564171843449,성공
경상남도 창원시 마산합포구  완월동 115-10_1(자산아파트),방범,전방100M 이내,00:00~24:00,30일,시민안전과장,,경상남도 창원시 마산합포구 완월동 115-10_1,,,확인 필요
경상남도 창원시 마산합포구  완월동 115-10_2(자산아파트),방범,전방100M 이내,00:00~24:00,30일,시민안전과장,,경상남도 창원시 마산합포구 완월동 115-10_2,,,확인 필요
"경상남도 창원시 마산합포구 자산삼거리로 24, (자산동-대가삼계탕 앞)",방범,전방100M 이내,00:00~24:00,30일,시민안전과장,,경상남도 창원시 마산합포구 자산삼거리로 24,35.2035207511123,128.565227079003,성공
"경상남도 창원시 마산합포구 자산남4길 5, (자산동-미소야어린이집)_1",방범,전방100M 이내,00:00~24:00,30일,시민안전과장,1,경상남도 창원시 마산합포구 자산남4길 5,35.2026019344667,128.56594511029,성공
"경상남도 창원시 마산합포구 자산남4길 5, (자산동-미소야어린이집)_2",방범,전방100M 이내,00:00~24:00,30일,시민안전과장,2,경상남도 창원시 마산합포구 자산남4길 5,35.2026019344667,128.56594511029,성공
경상남도 창원시 마산합포구 자산동 산96-9 (솔밭공원)_1,방범,전방100M 이내,00:00~24:00,30일,시민안전과장,1,경상남도 창원시 마산합포구 자산동 산96-9,35.2012629284273,128.560510705562,성공
경상남도 창원시 마산합포구 자산동 산96-9 (솔밭공원)_2,방범,전방100M 이내,00:00~24:00,30일,시민안전과장,2,경상남도 창원시 마산합포구 자산동 산96-9,35.2012629284273,128.560510705562,성공
경상남도 창원시 마산합포구 자산동 23-4(그린리코공원)_1,방범,전방100M 이내,00:00~24:00,30일,시민안전과장,1,경상남도 창원시 마산합포구 자산동 23-4,35.2060802268036,128.563047263137,성공
경상남도 창원시 마산합포구 자산동 23-4(그린리코공원)_2,방범,전방100M 이내,00:00~24:00,30일,시민안전과장,2,경상남도 창원시 마산합포구 자산동 23-4,35.2060802268036,128.563047263137,성공
경상남도 창원시 마산합포구 자산동 23-4(그린리코공원)_3,방범,전방100M 이내,00:00~24:00,30일,시민안전과장,3,경상남도 창원시 마산합포구 자산동 23-4,35.2060802268036,128.563047263137,성공
경상남도 창원시 마산합포구 자산남13길 18(국민마트 뒷골목)_1,방범,전방100M 이내,00:00~24:00,30일,시민안전과장,1,경상남도 창원시 마산합포구 자산남13길 18,35.2013394983955,128.563789123969,성공
경상남도 창원시 마산합포구 자산남13길 18(국민마트 뒷골목)_2,방범,전방100M 이내,00:00~24:00,30일,시민안전과장,2,경상남도 창원시 마산합포구 자산남13길 18,35.2013394983955,128.563789123969,성공
"경상남도 창원시 마산합포구 수산1길 126, (남성동-어시장 옥경상회)_1",방범,전방100M 이내,00:00~24:00,30일,시민안전과장,1,경상남도 창원시 마산합포구 수산1길 126,35.2013181096588,128.577870421976,성공
"경상남도 창원시 마산합포구 수산1길 126, (남성동-어시장 옥경상회)_2",방범,전방100M 이내,00:00~24:00,30일,시민안전과장,2,경상남도 창원시 마산합포구 수산1길 126,35.2013181096588,128.577870421976,성공
경상남도 창원시 마산합포구 신포동 1가 76-1(70호),방범,전방100M 이내,00:00~24:00,30일,시민안전과장,,경상남도 창원시 마산합포구 신포동 1가 76-1,35.197321203506,128.572904884409,성공
경상남도 창원시 마산합포구 추산동 54-3 (추산공원),방범,전방100M 이내,00:00~24:00,30일,시민안전과장,,경상남도 창원시 마산합포구 추산동 54-3,35.2061600182993,128.569272458454,성공
"경상남도 창원시 마산합포구 몽고정길 50, (추산동-정법사 옆)",방범,전방100M 이내,00:00~24:00,30일,시민안전과장,,경상남도 창원시 마산합포구 몽고정길 50,35.2062763618158,128.572009734642,성공
"경상남도 창원시 마산합포구 교방동1길 81, (교방동-와세대학원 앞)_1",방범,전방100M 이내,00:00~24:00,30일,시민안전과장,1,경상남도 창원시 마산합포구 교방동1길 81,35.2138093703911,128.566892825594,성공
"경상남도 창원시 마산합포구 교방동1길 81, (교방동-와세대학원 앞)_2",방범,전방100M 이내,00:00~24:00,30일,시민안전과장,2,경상남도 창원시 마산합포구 교방동1길 81,35.2138093703911,128.566892825594,성공
"경상남도 창원시 마산합포구 교방서2길 49, (교방동-교방초교 후문)",방범,전방100M 이내,00:00~24:00,30일,시민안전과장,,경상남도 창원시 마산합포구 교방서2길 49,35.2142095615297,128.564862325714,성공
"경상남도 창원시 마산합포구 교방동1길 9, (교방동-늘씬한국수)_1",방범,전방100M 이내,00:00~24:00,30일,시민안전과장,1,경상남도 창원시 마산합포구 교방동1길 9,35.2123598106054,128.563352679435,성공
"경상남도 창원시 마산합포구 교방동1길 9, (교방동-늘씬한국수)_2",방범,전방100M 이내,00:00~24:00,30일,시민안전과장,2,경상남도 창원시 마산합포구 교방동1길 9,35.2123598106054,128.563352679435,성공
"경상남도 창원시 마산합포구 교방시장2길 23, (교방동-빅마트 앞)",방범,전방100M 이내,00:00~24:00,30일,시민안전과장,,경상남도 창원시 마산합포구 교방시장2길 23,35.2163076487787,128.562406190301,성공
"경상남도 창원시 마산합포구 교방남1길 10-9, (교방동-청석주택 앞)",방범,전방100M 이내,00:00~24:00,30일,시민안전과장,,경상남도 창원시 마산합포구 교방남1길 10-9,35.209843493376,128.564473364156,성공
"경상남도 창원시 마산합포구 노산서18길 14, (교원동-그린웨이공원)_1",방범,전방100M 이내,00:00~24:00,30일,시민안전과장,1,경상남도 창원시 마산합포구 노산서18길 14,35.2155290211402,128.56966825563,성공
"경상남도 창원시 마산합포구 노산서18길 14, (교원동-그린웨이공원)_2",방범,전방100M 이내,00:00~24:00,30일,시민안전과장,2,경상남도 창원시 마산합포구 노산서18길 14,35.2155290211402,128.56966825563,성공
"경상남도 창원시 마산합포구 오동동2길 25, (오동동-탑마트 앞)",방범,전방100M 이내,00:00~24:00,30일,시민안전과장,,경상남도 창원시 마산합포구 오동동2길 25,35.2053760048549,128.580269204709,성공
"경상남도 창원시 마산합포구 오동북3길 26, (오동동-오동빨래방)_1",방범,전방100M 이내,00:00~24:00,30일,시민안전과장,1,경상남도 창원시 마산합포구 오동북3길 26,35.2083372220935,128.57998431882,성공
"경상남도 창원시 마산합포구 오동북3길 26, (오동동-오동빨래방)_2",방범,전방100M 이내,00:00~24:00,30일,시민안전과장,2,경상남도 창원시 마산합포구 오동북3길 26,35.2083372220935,128.57998431882,성공
"경상남도 창원시 마산합포구 문화의길 36, (오동동-오동사거리)_1",방범,전방100M 이내,00:00~24:00,30일,시민안전과장,1,경상남도 창원시 마산합포구 문화의길 36,35.2070616708096,128.578307894754,성공
"경상남도 창원시 마산합포구 문화의길 36, (오동동-오동사거리)_2",방범,전방100M 이내,00:00~24:00,30일,시민안전과장,2,경상남도 창원시 마산합포구 문화의길 36,35.2070616708096,128.578307894754,성공
"경상남도 창원시 마산합포구 오동동4길 1, (오동동-가고파주차장 앞)_1",방범,전방100M 이내,00:00~24:00,30일,시민안전과장,1,경상남도 창원시 마산합포구 오동동4길 1,35.2046253176089,128.579741108773,성공
"경상남도 창원시 마산합포구 오동동4길 1, (오동동-가고파주차장 앞)_2",방범,전방100M 이내,00:00~24:00,30일,시민안전과장,2,경상남도 창원시 마산합포구 오동동4길 1,35.2046253176089,128.579741108773,성공
경상남도 창원시 마산합포구 중성동 38-1,방범,전방100M 이내,00:00~24:00,30일,시민안전과장,,경상남도 창원시 마산합포구 중성동 38-1,35.2079878298298,128.574387015823,성공
경상남도 창원시 마산합포구 오동서8길 6,방범,전방100M 이내,00:00~24:00,30일,시민안전과장,,경상남도 창원시 마산합포구 오동서8길 6,35.2081569114203,128.574476369896,성공
"경상남도 창원시 마산합포구 합포동4길 29, 경상남도 창원시 마산합포구 _1",방범,전방100M 이내,00:00~24:00,30일,시민안전과장,1,"경상남도 창원시 마산합포구 합포동4길 29, 경상남도 창원시 마산합포구",,,확인 필요
"경상남도 창원시 마산합포구 합포동4길 29, 경상남도 창원시 마산합포구 _2",방범,전방100M 이내,00:00~24:00,30일,시민안전과장,2,"경상남도 창원시 마산합포구 합포동4길 29, 경상남도 창원시 마산합포구",,,확인 필요
경상남도 창원시 마산합포구 상남동 190 (상남초 후문 앞),방범,전방100M 이내,00:00~24:00,30일,시민안전과장,,경상남도 창원시 마산합포구 상남동 190,,,확인 필요
경상남도 창원시 마산합포구 노산북8길 49-1(마산문학관 체육공원)_1,방범,전방100M 이내,00:00~24:00,30일,시민안전과장,1,경상남도 창원시 마산합포구 노산북8길 49-1,35.2140588972504,128.574285058162,성공
"경상남도 창원시 마산합포구 노산북8길 2-2, 경상남도 창원시 성산구_1",방범,전방100M 이내,00:00~24:00,30일,시민안전과장,1,"경상남도 창원시 마산합포구 노산북8길 2-2, 경상남도 창원시 성산구",35.2129634675721,128.571980970662,성공
"경상남도 창원시 마산합포구 노산북8길 2-2, 경상남도 창원시 성산구_2",방범,전방100M 이내,00:00~24:00,30일,시민안전과장,2,"경상남도 창원시 마산합포구 노산북8길 2-2, 경상남도 창원시 성산구",35.2129634675721,128.571980970662,성공
경상남도 창원시 마산합포구 성호동 56 (성호시립놀이터),방범,전방100M 이내,00:00~24:00,30일,시민안전과장,,경상남도 창원시 마산합포구 성호동 56,35.2059876483138,128.577770035587,성공
경상남도 창원시 마산합포구 상남동 64-6 (마산문학관 체육공원)_2,방범,전방100M 이내,00:00~24:00,30일,시민안전과장,2,경상남도 창원시 마산합포구 상남동 64-6,35.2139221511218,128.574086286459,성공
경상남도 창원시 마산합포구 상남동 64-6 (마산문학관 체육공원)_3,방범,전방100M 이내,00:00~24:00,30일,시민안전과장,3,경상남도 창원시 마산합포구 상남동 64-6,35.2139221511218,128.574086286459,성공
경상남도 창원시 마산합포구 상남동 22-2 (윈마트 앞)_1,방범,전방100M 이내,00:00~24:00,30일,시민안전과장,1,경상남도 창원시 마산합포구 상남동 22-2,35.2136570242234,128.571310412795,성공
경상남도 창원시 마산합포구 상남동 22-2 (윈마트 앞)_2,방범,전방100M 이내,00:00~24:00,30일,시민안전과장,2,경상남도 창원시 마산합포구 상남동 22-2,35.2136570242234,128.571310412795,성공
경상남도 창원시 마산합포구 상남동 71-4 (서광@ 뒤),방범,전방100M 이내,00:00~24:00,30일,시민안전과장,,경상남도 창원시 마산합포구 상남동 71-4,35.2142940922566,128.57315036536,성공
경상남도 창원시 마산합포구 상남동 68-1 (전자고등학교 뒤),방범,전방100M 이내,00:00~24:00,30일,시민안전과장,,경상남도 창원시 마산합포구 상남동 68-1,35.2147939353511,128.573391724798,성공
경상남도 창원시 마산합포구 산호북10길 5-1(공원놀이터),방범,전방100M 이내,00:00~24:00,30일,시민안전과장,,경상남도 창원시 마산합포구 산호북10길 5-1,35.2187093792254,128.583231702651,성공
경상남도 창원시 마산합포구 산호남1길 24,방범,전방100M 이내,00:00~24:00,30일,시민안전과장,,경상남도 창원시 마산합포구 산호남1길 24,35.2157695767788,128.581623532871,성공
경상남도 창원시 마산합포구 산호동 56-7 (공원놀이터),방범,전방100M 이내,00:00~24:00,30일,시민안전과장,,경상남도 창원시 마산합포구 산호동 56-7,35.2176435041628,128.578524620355,성공
경상남도 창원시 마산합포구 산호동 444-50,방범,전방100M 이내,00:00~24:00,30일,시민안전과장,,경상남도 창원시 마산합포구 산호동 444-50,35.2116236311416,128.579731852523,성공
"경상남도 창원시 마산합포구 산호동2길 46, (산호동-산호공구상가)_1",방범,전방100M 이내,00:00~24:00,30일,시민안전과장,1,경상남도 창원시 마산합포구 산호동2길 46,35.2183016167594,128.588043739104,성공
"경상남도 창원시 마산합포구 산호동2길 46, (산호동-산호공구상가)_2",방범,전방100M 이내,00:00~24:00,30일,시민안전과장,2,경상남도 창원시 마산합포구 산호동2길 46,35.2183016167594,128.588043739104,성공
경상남도 창원시 마산합포구 용마산길 142_1(산호공원),방범,전방100M 이내,00:00~24:00,30일,시민안전과장,,경상남도 창원시 마산합포구 용마산길 142_1,,,확인 필요
경상남도 창원시 마산합포구 용마산길 142_1(산호공원),방범,전방100M 이내,00:00~24:00,30일,시민안전과장,,경상남도 창원시 마산합포구 용마산길 142_1,,,확인 필요
경상남도 창원시 마산합포구 용마산길 142_1(산호공원),방범,전방100M 이내,00:00~24:00,30일,시민안전과장,,경상남도 창원시 마산합포구 용마산길 142_1,,,확인 필요
경상남도 창원시 마산회원구 내서읍 삼계리 12 (삼풍공원 내),방범,전방100M 이내,00:00~24:00,30일,시민안전과장,,경상남도 창원시 마산회원구 내서읍 삼계리 12,35.2334583040531,128.501280468331,성공
경상남도 창원시 마산회원구 내서읍 삼계리 41 (광려초교 옆 어린이놀이터),방범,전방100M 이내,00:00~24:00,30일,시민안전과장,,경상남도 창원시 마산회원구 내서읍 삼계리 41,35.2276676449998,128.503667370882,성공
경상남도 창원시 마산회원구 내서읍 삼계리 504-5 (공원놀이터),방범,전방100M 이내,00:00~24:00,30일,시민안전과장,,경상남도 창원시 마산회원구 내서읍 삼계리 504-5,35.2311481555144,128.495106060733,성공
경상남도 창원시 마산회원구 내서읍 상곡로 22 (경남은행 삼거리),방범,전방100M 이내,00:00~24:00,30일,시민안전과장,,경상남도 창원시 마산회원구 내서읍 상곡로 22,35.2427744154999,128.503033672164,성공
경상남도 창원시 마산회원구 내서읍 신감리 14-10 (신감마을 입구),방범,전방100M 이내,00:00~24:00,30일,시민안전과장,,경상남도 창원시 마산회원구 내서읍 신감리 14-10,,,확인 필요
경상남도 창원시 마산회원구 내서읍 중리공단로2길 17 (동성정밀 앞),방범,전방100M 이내,00:00~24:00,30일,시민안전과장,,경상남도 창원시 마산회원구 내서읍 중리공단로2길 17,35.243159372202,128.509553835717,성공
경상남도 창원시 마산회원구 내서읍 호계본동로 54 (호계운동장 앞)_1,방범,전방100M 이내,00:00~24:00,30일,시민안전과장,1,경상남도 창원시 마산회원구 내서읍 호계본동로 54,35.264576273282,128.519673900156,성공
경상남도 창원시 마산회원구 내서읍 호계본동로 54 (호계운동장 앞)_2,방범,전방100M 이내,00:00~24:00,30일,시민안전과장,2,경상남도 창원시 마산회원구 내서읍 호계본동로 54,35.264576273282,128.519673900156,성공
경상남도 창원시 마산회원구 내서읍 용담로 68 (대호빌라 앞)_1,방범,전방100M 이내,00:00~24:00,30일,시민안전과장,1,경상남도 창원시 마산회원구 내서읍 용담로 68,35.261576156024,128.508844026275,성공
경상남도 창원시 마산회원구 내서읍 용담로 68 (대호빌라 앞)_2,방범,전방100M 이내,00:00~24:00,30일,시민안전과장,2,경상남도 창원시 마산회원구 내서읍 용담로 68,35.261576156024,128.508844026275,성공
경상남도 창원시 마산회원구 내서읍 신목길 5_1,방범,전방100M 이내,00:00~24:00,30일,시민안전과장,1,경상남도 창원시 마산회원구 내서읍 신목길 5,35.1925415772366,128.496017221155,성공
경상남도 창원시 마산회원구 내서읍 신목길 5_2,방범,전방100M 이내,00:00~24:00,30일,시민안전과장,2,경상남도 창원시 마산회원구 내서읍 신목길 5,35.1925415772366,128.496017221155,성공
경상남도 창원시 마산회원구 내서읍 삼계리 12(58호),방범,전방100M 이내,00:00~24:00,30일,시민안전과장,,경상남도 창원시 마산회원구 내서읍 삼계리 12,35.2334583040531,128.501280468331,성공
경상남도 창원시 마산회원구 내서읍 삼계리 41(57호)_1,방범,전방100M 이내,00:00~24:00,30일,시민안전과장,1,경상남도 창원시 마산회원구 내서읍 삼계리 41,35.2276676449998,128.503667370882,성공
경상남도 창원시 마산회원구 내서읍 삼계리 41(57호)_2,방범,전방100M 이내,00:00~24:00,30일,시민안전과장,2,경상남도 창원시 마산회원구 내서읍 삼계리 41,35.2276676449998,128.503667370882,성공
경상남도 창원시 마산회원구 내서읍 삼계리 504-5(61호),방범,전방100M 이내,00:00~24:00,30일,시민안전과장,,경상남도 창원시 마산회원구 내서읍 삼계리 504-5,35.2311481555144,128.495106060733,성공
경상남도 창원시 마산회원구 내서읍 송평로 361_1,방범,전방100M 이내,00:00~24:00,30일,시민안전과장,1,경상남도 창원시 마산회원구 내서읍 송평로 361,35.2588428346434,128.538281130892,성공
경상남도 창원시 마산회원구 내서읍 송평로 361_2,방범,전방100M 이내,00:00~24:00,30일,시민안전과장,2,경상남도 창원시 마산회원구 내서읍 송평로 361,35.2588428346434,128.538281130892,성공
경상남도 창원시 마산회원구 내서읍 송평로 361_3,방범,전방100M 이내,00:00~24:00,30일,시민안전과장,3,경상남도 창원시 마산회원구 내서읍 송평로 361,35.2588428346434,128.538281130892,성공
"경상남도 창원시 마산회원구 회원동28길 13, (회원동-선진@ 뒤 삼거리)_1",방범,전방100M 이내,00:00~24:00,30일,시민안전과장,1,경상남도 창원시 마산회원구 회원동28길 13,35.2160605147851,128.576786725944,성공
"경상남도 창원시 마산회원구 회원동28길 13, (회원동-선진@ 뒤 삼거리)_2",방범,전방100M 이내,00:00~24:00,30일,시민안전과장,2,경상남도 창원시 마산회원구 회원동28길 13,35.2160605147851,128.576786725944,성공
"경상남도 창원시 마산회원구 회원동15길 63, (회원동)_1",방범,전방100M 이내,00:00~24:00,30일,시민안전과장,1,경상남도 창원시 마산회원구 회원동15길 63,35.2218139035172,128.571729375676,성공
"경상남도 창원시 마산회원구 회원동15길 63, (회원동)_2",방범,전방100M 이내,00:00~24:00,30일,시민안전과장,2,경상남도 창원시 마산회원구 회원동15길 63,35.2218139035172,128.571729375676,성공
경상남도 창원시 마산회원구 회원동 32-1(회원1동 자율방범대 옆 공원),방범,전방100M 이내,00:00~24:00,30일,시민안전과장,,경상남도 창원시 마산회원구 회원동 32-1,35.2214640621517,128.57262990188,성공
"경상남도 창원시 마산회원구 회원동로 59, (회원동-엔크린 주유소 뒤)_1",방범,전방100M 이내,00:00~24:00,30일,시민안전과장,1,경상남도 창원시 마산회원구 회원동로 59,35.2199434971083,128.575311896157,성공
"경상남도 창원시 마산회원구 회원동로 59, (회원동-엔크린 주유소 뒤)_2",방범,전방100M 이내,00:00~24:00,30일,시민안전과장,2,경상남도 창원시 마산회원구 회원동로 59,35.2199434971083,128.575311896157,성공
"경상남도 창원시 마산회원구 회원동북로 9, (회원동-대승할인마트)_1",방범,전방100M 이내,00:00~24:00,30일,시민안전과장,1,경상남도 창원시 마산회원구 회원동북로 9,35.2218014930562,128.575186583014,성공
"경상남도 창원시 마산회원구 회원동북로 9, (회원동-대승할인마트)_2",방범,전방100M 이내,00:00~24:00,30일,시민안전과장,2,경상남도 창원시 마산회원구 회원동북로 9,35.2218014930562,128.575186583014,성공
"경상남도 창원시 마산회원구 회원동북로 9, (회원동-대승할인마트)_3",방범,전방100M 이내,00:00~24:00,30일,시민안전과장,3,경상남도 창원시 마산회원구 회원동북로 9,35.2218014930562,128.575186583014,성공
경상남도 창원시 마산회원구 회원동 52-11(회원동주민센터 앞)_1,방범,전방100M 이내,00:00~24:00,30일,시민안전과장,1,경상남도 창원시 마산회원구 회원동 52-11,35.2181135038616,128.573880478139,성공
경상남도 창원시 마산회원구 회원동 52-11(회원동주민센터 앞)_2,방범,전방100M 이내,00:00~24:00,30일,시민안전과장,2,경상남도 창원시 마산회원구 회원동 52-11,35.2181135038616,128.573880478139,성공
경상남도 창원시 마산회원구 회원동 52-11(회원동주민센터 앞)_3,방범,전방100M 이내,00:00~24:00,30일,시민안전과장,3,경상남도 창원시 마산회원구 회원동 52-11,35.2181135038616,128.573880478139,성공
경상남도 창원시 마산회원구 회원남로 81_1,방범,전방100M 이내,00:00~24:00,30일,시민안전과장,1,경상남도 창원시 마산회원구 회원남로 81,35.2193164124756,128.570124252093,성공
경상남도 창원시 마산회원구 회원남로 81_2,방범,전방100M 이내,00:00~24:00,30일,시민안전과장,2,경상남도 창원시 마산회원구 회원남로 81,35.2193164124756,128.570124252093,성공
경상남도 창원시 마산회원구 회원남로 81_3,방범,전방100M 이내,00:00~24:00,30일,시민안전과장,3,경상남도 창원시 마산회원구 회원남로 81,35.2193164124756,128.570124252093,성공
경상남도 창원시 마산회원구 회원동12길 144(지혜피아노학원 주변)_1,방범,전방100M 이내,00:00~24:00,30일,시민안전과장,1,경상남도 창원시 마산회원구 회원동12길 144,35.2248089173392,128.571803612937,성공
경상남도 창원시 마산회원구 회원동12길 144(지혜피아노학원 주변)_2,방범,전방100M 이내,00:00~24:00,30일,시민안전과장,2,경상남도 창원시 마산회원구 회원동12길 144,35.2248089173392,128.571803612937,성공
경상남도 창원시 마산회원구 회원동12길 144(지혜피아노학원 주변)_3,방범,전방100M 이내,00:00~24:00,30일,시민안전과장,3,경상남도 창원시 마산회원구 회원동12길 144,35.2248089173392,128.571803612937,성공
경상남도 창원시 마산회원구 회원동12길 32_1,방범,전방100M 이내,00:00~24:00,30일,시민안전과장,1,경상남도 창원시 마산회원구 회원동12길 32,35.2200371148191,128.573470528351,성공
경상남도 창원시 마산회원구 회원동12길 32_2,방범,전방100M 이내,00:00~24:00,30일,시민안전과장,2,경상남도 창원시 마산회원구 회원동12길 32,35.2200371148191,128.573470528351,성공
경상남도 창원시 마산회원구 회원동12길 32_3,방범,전방100M 이내,00:00~24:00,30일,시민안전과장,3,경상남도 창원시 마산회원구 회원동12길 32,35.2200371148191,128.573470528351,성공
"경상남도 창원시 마산회원구 회원서1길 37, (회원동-회원빌라 옆)_1",방범,전방100M 이내,00:00~24:00,30일,시민안전과장,1,경상남도 창원시 마산회원구 회원서1길 37,35.2238994489248,128.569271089581,성공
"경상남도 창원시 마산회원구 회원서1길 37, (회원동-회원빌라 옆)_2",방범,전방100M 이내,00:00~24:00,30일,시민안전과장,2,경상남도 창원시 마산회원구 회원서1길 37,35.2238994489248,128.569271089581,성공
경상남도 창원시 마산회원구 회원2동 462-10,방범,전방100M 이내,00:00~24:00,30일,시민안전과장,,경상남도 창원시 마산회원구 회원2동 462-10,35.2168050895842,128.568798784231,성공
"경상남도 창원시 마산회원구 회원남23길 28, (회원동)_1",방범,전방100M 이내,00:00~24:00,30일,시민안전과장,1,경상남도 창원시 마산회원구 회원남23길 28,,,확인 필요
"경상남도 창원시 마산회원구 회원남23길 28, (회원동)_2",방범,전방100M 이내,00:00~24:00,30일,시민안전과장,2,경상남도 창원시 마산회원구 회원남23길 28,,,확인 필요
"경상남도 창원시 마산회원구 회원북28길 46, (회원동)_1",방범,전방100M 이내,00:00~24:00,30일,시민안전과장,1,경상남도 창원시 마산회원구 회원북28길 46,35.2213216088498,128.56581531251,성공
"경상남도 창원시 마산회원구 회원북28길 46, (회원동)_2",방범,전방100M 이내,00:00~24:00,30일,시민안전과장,2,경상남도 창원시 마산회원구 회원북28길 46,35.2213216088498,128.56581531251,성공
"경상남도 창원시 마산회원구 회원서10길 27, (회원동-고운빌라 옆)",방범,전방100M 이내,00:00~24:00,30일,시민안전과장,,경상남도 창원시 마산회원구 회원서10길 27,35.2176955409381,128.559276312937,성공
경상남도 창원시 마산회원구 회원동 628-1 (공원놀이터),방범,전방100M 이내,00:00~24:00,30일,시민안전과장,,경상남도 창원시 마산회원구 회원동 628-1,35.2215887184941,128.567125729723,성공
경상남도 창원시 마산회원구 회원동 668-1 (공원놀이터),방범,전방100M 이내,00:00~24:00,30일,시민안전과장,,경상남도 창원시 마산회원구 회원동 668-1,35.2195470030351,128.563820100972,성공
"경상남도 창원시 마산회원구 회원북24길 10, (회원동)_1",방범,전방100M 이내,00:00~24:00,30일,시민안전과장,1,경상남도 창원시 마산회원구 회원북24길 10,35.2209232978481,128.564523251999,성공
"경상남도 창원시 마산회원구 회원북24길 10, (회원동)_2",방범,전방100M 이내,00:00~24:00,30일,시민안전과장,2,경상남도 창원시 마산회원구 회원북24길 10,35.2209232978481,128.564523251999,성공
경상남도 창원시 마산회원구 회원남2길 17_1,방범,전방100M 이내,00:00~24:00,30일,시민안전과장,1,경상남도 창원시 마산회원구 회원남2길 17,,,확인 필요
경상남도 창원시 마산회원구 회원남2길 17_2,방범,전방100M 이내,00:00~24:00,30일,시민안전과장,2,경상남도 창원시 마산회원구 회원남2길 17,,,확인 필요
경상남도 창원시 마산회원구 회원북16길 35_1,방범,전방100M 이내,00:00~24:00,30일,시민안전과장,1,경상남도 창원시 마산회원구 회원북16길 35,,,확인 필요
경상남도 창원시 마산회원구 회원북16길 35_2,방범,전방100M 이내,00:00~24:00,30일,시민안전과장,2,경상남도 창원시 마산회원구 회원북16길 35,,,확인 필요
경상남도 창원시 마산회원구 석전1동 139-9,방범,전방100M 이내,00:00~24:00,30일,시민안전과장,,경상남도 창원시 마산회원구 석전1동 139-9,,,확인 필요
경상남도 창원시 마산회원구 석전1동 272-21 (공원놀이터)_1,방범,전방100M 이내,00:00~24:00,30일,시민안전과장,1,경상남도 창원시 마산회원구 석전1동 272-21,35.2310238893404,128.566802373097,성공
경상남도 창원시 마산회원구 석전1동 272-21 (공원놀이터)_2,방범,전방100M 이내,00:00~24:00,30일,시민안전과장,2,경상남도 창원시 마산회원구 석전1동 272-21,35.2310238893404,128.566802373097,성공
경상남도 창원시 마산회원구 석전1동 285 (개나리@ 앞),방범,전방100M 이내,00:00~24:00,30일,시민안전과장,,경상남도 창원시 마산회원구 석전1동 285,,,확인 필요
"경상남도 창원시 마산회원구 석전남9길 53, (석전동)_1",방범,전방100M 이내,00:00~24:00,30일,시민안전과장,1,경상남도 창원시 마산회원구 석전남9길 53,35.2267245742913,128.572615985522,성공
"경상남도 창원시 마산회원구 석전남9길 53, (석전동)_2",방범,전방100M 이내,00:00~24:00,30일,시민안전과장,2,경상남도 창원시 마산회원구 석전남9길 53,35.2267245742913,128.572615985522,성공
경상남도 창원시 마산회원구 석전북19길 42_1,방범,전방100M 이내,00:00~24:00,30일,시민안전과장,1,경상남도 창원시 마산회원구 석전북19길 42,35.2302074548608,128.568166566151,성공
경상남도 창원시 마산회원구 석전북19길 42_2,방범,전방100M 이내,00:00~24:00,30일,시민안전과장,2,경상남도 창원시 마산회원구 석전북19길 42,35.2302074548608,128.568166566151,성공
경상남도 창원시 마산회원구 석전북2길 20,방범,전방100M 이내,00:00~24:00,30일,시민안전과장,,경상남도 창원시 마산회원구 석전북2길 20,35.2327175887549,128.571562733291,성공
경상남도 창원시 마산회원구 석전동12길 46,방범,전방100M 이내,00:00~24:00,30일,시민안전과장,,경상남도 창원시 마산회원구 석전동12길 46,35.233598877493,128.575591726774,성공
경상남도 창원시 마산회원구 석전동 235-1 (놀이터1),방범,전방100M 이내,00:00~24:00,30일,시민안전과장,,경상남도 창원시 마산회원구 석전동 235-1,35.2330385998755,128.577444242974,성공
경상남도 창원시 마산회원구 석전동 235-1 (놀이터2),방범,전방100M 이내,00:00~24:00,30일,시민안전과장,,경상남도 창원시 마산회원구 석전동 235-1,35.2330385998755,128.577444242974,성공
경상남도 창원시 마산회원구 석전동 255 (공원놀이터),방범,전방100M 이내,00:00~24:00,30일,시민안전과장,,경상남도 창원시 마산회원구 석전동 255,,,확인 필요
"경상남도 창원시 마산회원구 석전동9길 67, (석전동-금호@ 뒤)_1",방범,전방100M 이내,00:00~24:00,30일,시민안전과장,1,경상남도 창원시 마산회원구 석전동9길 67,35.2348145860703,128.576633933098,성공
"경상남도 창원시 마산회원구 석전동9길 67, (석전동-금호@ 뒤)_2",방범,전방100M 이내,00:00~24:00,30일,시민안전과장,2,경상남도 창원시 마산회원구 석전동9길 67,35.2348145860703,128.576633933098,성공
경상남도 창원시 마산회원구 석전동16길 2_1,방범,전방100M 이내,00:00~24:00,30일,시민안전과장,1,경상남도 창원시 마산회원구 석전동16길 2,35.2357752972347,128.578797804912,성공
경상남도 창원시 마산회원구 석전동16길 2_2,방범,전방100M 이내,00:00~24:00,30일,시민안전과장,2,경상남도 창원시 마산회원구 석전동16길 2,35.2357752972347,128.578797804912,성공
경상남도 창원시 마산회원구 산호천서길 237_1,방범,전방100M 이내,00:00~24:00,30일,시민안전과장,1,경상남도 창원시 마산회원구 산호천서길 237,35.234806612422,128.580775223603,성공
경상남도 창원시 마산회원구 산호천서길 237_2,방범,전방100M 이내,00:00~24:00,30일,시민안전과장,2,경상남도 창원시 마산회원구 산호천서길 237,35.234806612422,128.580775223603,성공
경상남도 창원시 마산회원구 산호천서길 237_3,방범,전방100M 이내,00:00~24:00,30일,시민안전과장,3,경상남도 창원시 마산회원구 산호천서길 237,35.234806612422,128.580775223603,성공
"경상남도 창원시 마산회원구 회성북1길 16, 경상남도 창원시 마산회원구 _1",방범,전방100M 이내,00:00~24:00,30일,시민안전과장,1,"경상남도 창원시 마산회원구 회성북1길 16, 경상남도 창원시 마산회원구",35.2349963330753,128.559534026133,성공
"경상남도 창원시 마산회원구 회성북1길 16, 경상남도 창원시 마산회원구 _2",방범,전방100M 이내,00:00~24:00,30일,시민안전과장,2,"경상남도 창원시 마산회원구 회성북1길 16, 경상남도 창원시 마산회원구",35.2349963330753,128.559534026133,성공
"경상남도 창원시 마산회원구 회성남11길 27, (회성동-합포여중 앞)_1",방범,전방100M 이내,00:00~24:00,30일,시민안전과장,1,경상남도 창원시 마산회원구 회성남11길 27,35.2321553583495,128.561743017295,성공
"경상남도 창원시 마산회원구 회성남11길 27, (회성동-합포여중 앞)_2",방범,전방100M 이내,00:00~24:00,30일,시민안전과장,2,경상남도 창원시 마산회원구 회성남11길 27,35.2321553583495,128.561743017295,성공
경상남도 창원시 마산회원구 회성동8길 22_1,방범,전방100M 이내,00:00~24:00,30일,시민안전과장,1,경상남도 창원시 마산회원구 회성동8길 22,35.2340143055033,128.563853041563,성공
경상남도 창원시 마산회원구 회성동8길 22_2,방범,전방100M 이내,00:00~24:00,30일,시민안전과장,2,경상남도 창원시 마산회원구 회성동8길 22,35.2340143055033,128.563853041563,성공
경상남도 창원시 마산회원구 회성동8길 22_3,방범,전방100M 이내,00:00~24:00,30일,시민안전과장,3,경상남도 창원시 마산회원구 회성동8길 22,35.2340143055033,128.563853041563,성공
경상남도 창원시 마산회원구 회성남18길 32_1,방범,전방100M 이내,00:00~24:00,30일,시민안전과장,1,경상남도 창원시 마산회원구 회성남18길 32,35.2311522398247,128.563581939137,성공
경상남도 창원시 마산회원구 회성남18길 32_2,방범,전방100M 이내,00:00~24:00,30일,시민안전과장,2,경상남도 창원시 마산회원구 회성남18길 32,35.2311522398247,128.563581939137,성공
경상남도 창원시 마산회원구 회성남18길 32_3,방범,전방100M 이내,00:00~24:00,30일,시민안전과장,3,경상남도 창원시 마산회원구 회성남18길 32,35.2311522398247,128.563581939137,성공
경상남도 창원시 마산회원구 양덕1동 107-23 (양덕중앙시장)_1,방범,전방100M 이내,00:00~24:00,30일,시민안전과장,1,경상남도 창원시 마산회원구 양덕1동 107-23,,,확인 필요
경상남도 창원시 마산회원구 양덕1동 107-23 (양덕중앙시장)_2,방범,전방100M 이내,00:00~24:00,30일,시민안전과장,2,경상남도 창원시 마산회원구 양덕1동 107-23,,,확인 필요
"경상남도 창원시 마산회원구 양덕북9길 31, (양덕동-무학@ 앞 사거리)_1",방범,전방100M 이내,00:00~24:00,30일,시민안전과장,1,경상남도 창원시 마산회원구 양덕북9길 31,35.2348499340812,128.586761347192,성공
"경상남도 창원시 마산회원구 양덕북9길 31, (양덕동-무학@ 앞 사거리)_2",방범,전방100M 이내,00:00~24:00,30일,시민안전과장,2,경상남도 창원시 마산회원구 양덕북9길 31,35.2348499340812,128.586761347192,성공
"경상남도 창원시 마산회원구 봉덕1길 13, (양덕동-봉덕초교)",방범,전방100M 이내,00:00~24:00,30일,시민안전과장,,경상남도 창원시 마산회원구 봉덕1길 13,,,확인 필요
"경상남도 창원시 마산회원구 양덕동15길 11, (양덕동)",방범,전방100M 이내,00:00~24:00,30일,시민안전과장,,경상남도 창원시 마산회원구 양덕동15길 11,35.2341341679177,128.588644061463,성공
"경상남도 창원시 마산회원구 양덕동12길 82, (양덕동)",방범,전방100M 이내,00:00~24:00,30일,시민안전과장,,경상남도 창원시 마산회원구 양덕동12길 82,35.232741688117,128.587860212749,성공
경상남도 창원시 마산회원구 양덕동 94-13 (놀이터1),방범,전방100M 이내,00:00~24:00,30일,시민안전과장,,경상남도 창원시 마산회원구 양덕동 94-13,35.2347998963238,128.584307231463,성공
경상남도 창원시 마산회원구 양덕동 94-13 (놀이터2),방범,전방100M 이내,00:00~24:00,30일,시민안전과장,,경상남도 창원시 마산회원구 양덕동 94-13,35.2347998963238,128.584307231463,성공
"경상남도 창원시 마산회원구 양덕북3길 88, (양덕동)_1",방범,전방100M 이내,00:00~24:00,30일,시민안전과장,1,경상남도 창원시 마산회원구 양덕북3길 88,35.2354332562566,128.582883660179,성공
"경상남도 창원시 마산회원구 양덕북3길 88, (양덕동)_2",방범,전방100M 이내,00:00~24:00,30일,시민안전과장,2,경상남도 창원시 마산회원구 양덕북3길 88,35.2354332562566,128.582883660179,성공
"경상남도 창원시 마산회원구 양덕북21길 18, (양덕동)_1",방범,전방100M 이내,00:00~24:00,30일,시민안전과장,1,경상남도 창원시 마산회원구 양덕북21길 18,35.2341188187715,128.582207519806,성공
"경상남도 창원시 마산회원구 양덕북21길 18, (양덕동)_2",방범,전방100M 이내,00:00~24:00,30일,시민안전과장,2,경상남도 창원시 마산회원구 양덕북21길 18,35.2341188187715,128.582207519806,성공
"경상남도 창원시 마산회원구 양덕북21길 18, (양덕동)_3",방범,전방100M 이내,00:00~24:00,30일,시민안전과장,3,경상남도 창원시 마산회원구 양덕북21길 18,35.2341188187715,128.582207519806,성공
"경상남도 창원시 마산회원구 양덕동10길 27, (양덕동)_1",방범,전방100M 이내,00:00~24:00,30일,시민안전과장,1,경상남도 창원시 마산회원구 양덕동10길 27,35.2288393508186,128.587049579286,성공
"경상남도 창원시 마산회원구 양덕동10길 27, (양덕동)_2",방범,전방100M 이내,00:00~24:00,30일,시민안전과장,2,경상남도 창원시 마산회원구 양덕동10길 27,35.2288393508186,128.587049579286,성공
"경상남도 창원시 마산회원구 양덕동10길 27, (양덕동)_3",방범,전방100M 이내,00:00~24:00,30일,시민안전과장,3,경상남도 창원시 마산회원구 양덕동10길 27,35.2288393508186,128.587049579286,성공
경상남도 창원시 마산회원구 양덕동 3-4(백령하이츠빌라 앞)_1,방범,전방100M 이내,00:00~24:00,30일,시민안전과장,1,경상남도 창원시 마산회원구 양덕동 3-4,35.2342419782436,128.591605222914,성공
경상남도 창원시 마산회원구 양덕동 3-4(백령하이츠빌라 앞)_2,방범,전방100M 이내,00:00~24:00,30일,시민안전과장,2,경상남도 창원시 마산회원구 양덕동 3-4,35.2342419782436,128.591605222914,성공
경상남도 창원시 마산회원구 양덕동 3-4(백령하이츠빌라 앞)_3,방범,전방100M 이내,00:00~24:00,30일,시민안전과장,3,경상남도 창원시 마산회원구 양덕동 3-4,35.2342419782436,128.591605222914,성공
경상남도 창원시 마산회원구 양덕남1길 26_1,방범,전방100M 이내,00:00~24:00,30일,시민안전과장,1,경상남도 창원시 마산회원구 양덕남1길 26,35.2307997221319,128.582320559314,성공
경상남도 창원시 마산회원구 양덕남1길 26_2,방범,전방100M 이내,00:00~24:00,30일,시민안전과장,2,경상남도 창원시 마산회원구 양덕남1길 26,35.2307997221319,128.582320559314,성공
경상남도 창원시 마산회원구 양덕남1길 26_3,방범,전방100M 이내,00:00~24:00,30일,시민안전과장,3,경상남도 창원시 마산회원구 양덕남1길 26,35.2307997221319,128.582320559314,성공
"경상남도 창원시 마산회원구 양덕시장길 13, (양덕동-양덕종합시장)_1",방범,전방100M 이내,00:00~24:00,30일,시민안전과장,1,경상남도 창원시 마산회원구 양덕시장길 13,,,확인 필요
"경상남도 창원시 마산회원구 양덕시장길 13, (양덕동-양덕종합시장)_2",방범,전방100M 이내,00:00~24:00,30일,시민안전과장,2,경상남도 창원시 마산회원구 양덕시장길 13,,,확인 필요
"경상남도 창원시 마산회원구 양덕남1길 45, (양덕동)",방범,전방100M 이내,00:00~24:00,30일,시민안전과장,,경상남도 창원시 마산회원구 양덕남1길 45,35.2299925539548,128.582012166789,성공
"경상남도 창원시 마산회원구 양덕동2길 6, (양덕동)",방범,전방100M 이내,00:00~24:00,30일,시민안전과장,,경상남도 창원시 마산회원구 양덕동2길 6,,,확인 필요
경상남도 창원시 마산회원구 양덕서6길 21(한효연립 B동 앞)_1,방범,전방100M 이내,00:00~24:00,30일,시민안전과장,1,경상남도 창원시 마산회원구 양덕서6길 21,35.232053738438,128.580255205982,성공
경상남도 창원시 마산회원구 양덕서6길 21(한효연립 B동 앞)_2,방범,전방100M 이내,00:00~24:00,30일,시민안전과장,2,경상남도 창원시 마산회원구 양덕서6길 21,35.232053738438,128.580255205982,성공
경상남도 창원시 마산회원구 양덕서6길 21(한효연립 B동 앞)_3,방범,전방100M 이내,00:00~24:00,30일,시민안전과장,3,경상남도 창원시 마산회원구 양덕서6길 21,35.232053738438,128.580255205982,성공
"경상남도 창원시 마산회원구 양덕시장길 13, (양덕동-양덕종합시장)_3",방범,전방100M 이내,00:00~24:00,30일,시민안전과장,3,경상남도 창원시 마산회원구 양덕시장길 13,,,확인 필요
경상남도 창원시 마산회원구 양덕동 84-2(71호),방범,전방100M 이내,00:00~24:00,30일,시민안전과장,,경상남도 창원시 마산회원구 양덕동 84-2,35.228808776203,128.58206101465,성공
경상남도 창원시 마산회원구 양덕동 84-7(72호),방범,전방100M 이내,00:00~24:00,30일,시민안전과장,,경상남도 창원시 마산회원구 양덕동 84-7,35.2247837163665,128.58188632806,성공
경상남도 창원시 마산회원구 양덕동 412-7(삼각지),방범,전방100M 이내,00:00~24:00,30일,시민안전과장,,경상남도 창원시 마산회원구 양덕동 412-7,35.2205450589605,128.588126107813,성공
경상남도 창원시 마산회원구 양덕남8길 52,방범,전방100M 이내,00:00~24:00,30일,시민안전과장,,경상남도 창원시 마산회원구 양덕남8길 52,35.2239481684736,128.587009125028,성공
"경상남도 창원시 마산회원구 합성북15길 77, (합성동-합성성터)_1",방범,전방100M 이내,00:00~24:00,30일,시민안전과장,1,경상남도 창원시 마산회원구 합성북15길 77,35.2444995244543,128.583574990932,성공
"경상남도 창원시 마산회원구 합성북15길 77, (합성동-합성성터)_2",방범,전방100M 이내,00:00~24:00,30일,시민안전과장,2,경상남도 창원시 마산회원구 합성북15길 77,35.2444995244543,128.583574990932,성공
경상남도 창원시 마산회원구 합성1동 88-1 (공원놀이터),방범,전방100M 이내,00:00~24:00,30일,시민안전과장,,경상남도 창원시 마산회원구 합성1동 88-1,35.2398981921443,128.580935665762,성공
경상남도 창원시 마산회원구 합성서1길 2,방범,전방100M 이내,00:00~24:00,30일,시민안전과장,,경상남도 창원시 마산회원구 합성서1길 2,35.2373567156461,128.580694323395,성공
경상남도 창원시 마산회원구 합성옛길 110-1(102-5 CGV 밑 사거리)_1,방범,전방100M 이내,00:00~24:00,30일,시민안전과장,1,경상남도 창원시 마산회원구 합성옛길 110-1,35.2367617880501,128.582640572378,성공
경상남도 창원시 마산회원구 합성옛길 110-1(102-5 CGV 밑 사거리)_2,방범,전방100M 이내,00:00~24:00,30일,시민안전과장,2,경상남도 창원시 마산회원구 합성옛길 110-1,35.2367617880501,128.582640572378,성공
경상남도 창원시 마산회원구 합성옛길 110-1(102-5 CGV 밑 사거리)_3,방범,전방100M 이내,00:00~24:00,30일,시민안전과장,3,경상남도 창원시 마산회원구 합성옛길 110-1,35.2367617880501,128.582640572378,성공
경상남도 창원시 마산회원구 합성옛길 110-1(102-5 CGV 밑 사거리)_4,방범,전방100M 이내,00:00~24:00,30일,시민안전과장,4,경상남도 창원시 마산회원구 합성옛길 110-1,35.2367617880501,128.582640572378,성공
경상남도 창원시 마산회원구 합성남2길 68,방범,전방100M 이내,00:00~24:00,30일,시민안전과장,,경상남도 창원시 마산회원구 합성남2길 68,35.2389637812198,128.587435114207,성공
경상남도 창원시 마산회원구 합성시장길 46(동마산시장 앞1),방범,전방100M 이내,00:00~24:00,30일,시민안전과장,,경상남도 창원시 마산회원구 합성시장길 46,35.2404031523606,128.587289713442,성공
경상남도 창원시 마산회원구 합성시장길 46(동마산시장 앞2),방범,전방100M 이내,00:00~24:00,30일,시민안전과장,,경상남도 창원시 마산회원구 합성시장길 46,35.2404031523606,128.587289713442,성공
"경상남도 창원시 마산회원구 합성남18길 21, (합성동)",방범,전방100M 이내,00:00~24:00,30일,시민안전과장,,경상남도 창원시 마산회원구 합성남18길 21,35.2351616284995,128.590958414467,성공
경상남도 창원시 마산회원구 합성동 167-10 (공원놀이터),방범,전방100M 이내,00:00~24:00,30일,시민안전과장,,경상남도 창원시 마산회원구 합성동 167-10,35.2416874193515,128.588593542849,성공
"경상남도 창원시 마산회원구 금강로 35, (합성동)",방범,전방100M 이내,00:00~24:00,30일,시민안전과장,,경상남도 창원시 마산회원구 금강로 35,35.2395759599414,128.578937165552,성공
"경상남도 창원시 마산회원구 합성동7길 41, (합성동)_1",방범,전방100M 이내,00:00~24:00,30일,시민안전과장,1,경상남도 창원시 마산회원구 합성동7길 41,35.2425006641564,128.590070685811,성공
"경상남도 창원시 마산회원구 합성동7길 41, (합성동)_2",방범,전방100M 이내,00:00~24:00,30일,시민안전과장,2,경상남도 창원시 마산회원구 합성동7길 41,35.2425006641564,128.590070685811,성공
"경상남도 창원시 마산회원구 합성남2길 49, (합성동-은하탕 앞)_1",방범,전방100M 이내,00:00~24:00,30일,시민안전과장,1,경상남도 창원시 마산회원구 합성남2길 49,35.2395655897001,128.586915498359,성공
"경상남도 창원시 마산회원구 합성남2길 49, (합성동-은하탕 앞)_2",방범,전방100M 이내,00:00~24:00,30일,시민안전과장,2,경상남도 창원시 마산회원구 합성남2길 49,35.2395655897001,128.586915498359,성공
"경상남도 창원시 마산회원구 합성남2길 49, (합성동-은하탕 앞)_3",방범,전방100M 이내,00:00~24:00,30일,시민안전과장,3,경상남도 창원시 마산회원구 합성남2길 49,35.2395655897001,128.586915498359,성공
경상남도 창원시 마산회원구 구암1동 279-1 (공원놀이터 앞),방범,전방100M 이내,00:00~24:00,30일,시민안전과장,,경상남도 창원시 마산회원구 구암1동 279-1,35.2535113007749,128.59373857778,성공
경상남도 창원시 마산회원구 구암동 267-1 (공원놀이터),방범,전방100M 이내,00:00~24:00,30일,시민안전과장,,경상남도 창원시 마산회원구 구암동 267-1,35.2548532221769,128.59686254473,성공
경상남도 창원시 마산회원구 구암동 273-13_1,방범,전방100M 이내,00:00~24:00,30일,시민안전과장,1,경상남도 창원시 마산회원구 구암동 273-13,35.2553530956623,128.59456274558,성공
경상남도 창원시 마산회원구 구암동 273-13_2,방범,전방100M 이내,00:00~24:00,30일,시민안전과장,2,경상남도 창원시 마산회원구 구암동 273-13,35.2553530956623,128.59456274558,성공
"경상남도 창원시 마산회원구 구암서1길 215, (구암동)_1",방범,전방100M 이내,00:00~24:00,30일,시민안전과장,1,경상남도 창원시 마산회원구 구암서1길 215,35.2518532116421,128.59955080029,성공
"경상남도 창원시 마산회원구 구암서1길 215, (구암동)_2",방범,전방100M 이내,00:00~24:00,30일,시민안전과장,2,경상남도 창원시 마산회원구 구암서1길 215,35.2518532116421,128.59955080029,성공
경상남도 창원시 마산회원구 구암북11길 60(한성아파트 나동 앞)_1,방범,전방100M 이내,00:00~24:00,30일,시민안전과장,1,경상남도 창원시 마산회원구 구암북11길 60,35.256706422094,128.596151873864,성공
경상남도 창원시 마산회원구 구암북11길 60(한성아파트 나동 앞)_2,방범,전방100M 이내,00:00~24:00,30일,시민안전과장,2,경상남도 창원시 마산회원구 구암북11길 60,35.256706422094,128.596151873864,성공
경상남도 창원시 마산회원구 구암북12길 2_1,방범,전방100M 이내,00:00~24:00,30일,시민안전과장,1,경상남도 창원시 마산회원구 구암북12길 2,35.255066545038,128.598554786431,성공
경상남도 창원시 마산회원구 구암북12길 2_2,방범,전방100M 이내,00:00~24:00,30일,시민안전과장,2,경상남도 창원시 마산회원구 구암북12길 2,35.255066545038,128.598554786431,성공
경상남도 창원시 마산회원구 구암북12길 2_3,방범,전방100M 이내,00:00~24:00,30일,시민안전과장,3,경상남도 창원시 마산회원구 구암북12길 2,35.255066545038,128.598554786431,성공
경상남도 창원시 마산회원구 구암서6길 7_1,방범,전방100M 이내,00:00~24:00,30일,시민안전과장,1,경상남도 창원시 마산회원구 구암서6길 7,35.2481212682089,128.591949106292,성공
경상남도 창원시 마산회원구 구암서6길 7_2,방범,전방100M 이내,00:00~24:00,30일,시민안전과장,2,경상남도 창원시 마산회원구 구암서6길 7,35.2481212682089,128.591949106292,성공
경상남도 창원시 마산회원구 구암서6길 7_3,방범,전방100M 이내,00:00~24:00,30일,시민안전과장,3,경상남도 창원시 마산회원구 구암서6길 7,35.2481212682089,128.591949106292,성공
경상남도 창원시 마산회원구 구암북10길 53,방범,전방100M 이내,00:00~24:00,30일,시민안전과장,,경상남도 창원시 마산회원구 구암북10길 53,35.2555291322693,128.594765830771,성공
"경상남도 창원시 마산회원구 구암동정길 53, (구암동)",방범,전방100M 이내,00:00~24:00,30일,시민안전과장,,경상남도 창원시 마산회원구 구암동정길 53,35.2531673084179,128.600087948056,성공
"경상남도 창원시 마산회원구 구암남10길 26, (구암동)",방범,전방100M 이내,00:00~24:00,30일,시민안전과장,,경상남도 창원시 마산회원구 구암남10길 26,35.2495329883951,128.599156288228,성공
"경상남도 창원시 마산회원구 구암남12길 32, (구암동)",방범,전방100M 이내,00:00~24:00,30일,시민안전과장,,경상남도 창원시 마산회원구 구암남12길 32,35.251074541345,128.602037687188,성공
경상남도 창원시 마산회원구 구암동1길 1(고물상 앞)_1,방범,전방100M 이내,00:00~24:00,30일,시민안전과장,1,경상남도 창원시 마산회원구 구암동1길 1,35.2504713124686,128.596995991986,성공
경상남도 창원시 마산회원구 구암동1길 1(고물상 앞)_2,방범,전방100M 이내,00:00~24:00,30일,시민안전과장,2,경상남도 창원시 마산회원구 구암동1길 1,35.2504713124686,128.596995991986,성공
경상남도 창원시 마산회원구 봉암동 450-19 (공원놀이터),방범,전방100M 이내,00:00~24:00,30일,시민안전과장,,경상남도 창원시 마산회원구 봉암동 450-19,35.22281843805,128.59687138044,성공
경상남도 창원시 마산회원구 봉암북3길 54-1_1,방범,전방100M 이내,00:00~24:00,30일,시민안전과장,1,경상남도 창원시 마산회원구 봉암북3길 54-1,,,확인 필요
경상남도 창원시 마산회원구 봉암북3길 54-1_2,방범,전방100M 이내,00:00~24:00,30일,시민안전과장,2,경상남도 창원시 마산회원구 봉암북3길 54-1,,,확인 필요
"경상남도 창원시 진해구 인사로17번길 1, (제황산동)_1",방범,전방100M 이내,00:00~24:00,30일,시민안전과장,1,경상남도 창원시 진해구 인사로17번길 1,35.1505888027515,128.668753110119,성공
"경상남도 창원시 진해구 인사로17번길 1, (제황산동)_2",방범,전방100M 이내,00:00~24:00,30일,시민안전과장,2,경상남도 창원시 진해구 인사로17번길 1,35.1505888027515,128.668753110119,성공
"경상남도 창원시 진해구 편백로19번길 4, (창선동-예지어린이집 앞)_1",방범,전방100M 이내,00:00~24:00,30일,시민안전과장,1,경상남도 창원시 진해구 편백로19번길 4,35.1496691462791,128.658262247169,성공
"경상남도 창원시 진해구 편백로19번길 4, (창선동-예지어린이집 앞)_2",방범,전방100M 이내,00:00~24:00,30일,시민안전과장,2,경상남도 창원시 진해구 편백로19번길 4,35.1496691462791,128.658262247169,성공
경상남도 창원시 진해구 제황산동 28-718_1,방범,전방100M 이내,00:00~24:00,30일,시민안전과장,1,경상남도 창원시 진해구 제황산동 28-718,35.1491350397543,128.666257749396,성공
경상남도 창원시 진해구 제황산동 28-718_2,방범,전방100M 이내,00:00~24:00,30일,시민안전과장,2,경상남도 창원시 진해구 제황산동 28-718,35.1491350397543,128.666257749396,성공
경상남도 창원시 진해구 제황산동 28-6(제황산공원),방범,전방100M 이내,00:00~24:00,30일,시민안전과장,,경상남도 창원시 진해구 제황산동 28-6,35.1489123275014,128.663990535025,성공
경상남도 창원시 진해구 중원동로 49(한국통신 진해지점 앞)_1,방범,전방100M 이내,00:00~24:00,30일,시민안전과장,1,경상남도 창원시 진해구 중원동로 49,35.1488793084246,128.661162865174,성공
경상남도 창원시 진해구 중원동로 49(한국통신 진해지점 앞)_2,방범,전방100M 이내,00:00~24:00,30일,시민안전과장,2,경상남도 창원시 진해구 중원동로 49,35.1488793084246,128.661162865174,성공
경상남도 창원시 진해구 태평로58번길 6-1(해군아파트 옆 골목)_1,방범,전방100M 이내,00:00~24:00,30일,시민안전과장,1,경상남도 창원시 진해구 태평로58번길 6-1,35.1450761855073,128.665403984055,성공
경상남도 창원시 진해구 태평로58번길 6-1(해군아파트 옆 골목)_2,방범,전방100M 이내,00:00~24:00,30일,시민안전과장,2,경상남도 창원시 진해구 태평로58번길 6-1,35.1450761855073,128.665403984055,성공
경상남도 창원시 진해구 태평로58번길 6-1(해군아파트 옆 골목)_3,방범,전방100M 이내,00:00~24:00,30일,시민안전과장,3,경상남도 창원시 진해구 태평로58번길 6-1,35.1450761855073,128.665403984055,성공
경상남도 창원시 진해구 태평로58번길 6-1(해군아파트 옆 골목)_4,방범,전방100M 이내,00:00~24:00,30일,시민안전과장,4,경상남도 창원시 진해구 태평로58번길 6-1,35.1450761855073,128.665403984055,성공
"경상남도 창원시 진해구 충장로130번길 9, (충무동-중앙시장 내)_1",방범,전방100M 이내,00:00~24:00,30일,시민안전과장,1,경상남도 창원시 진해구 충장로130번길 9,35.1511431710183,128.666191711208,성공
"경상남도 창원시 진해구 충장로130번길 9, (충무동-중앙시장 내)_2",방범,전방100M 이내,00:00~24:00,30일,시민안전과장,2,경상남도 창원시 진해구 충장로130번길 9,35.1511431710183,128.666191711208,성공
경상남도 창원시 진해구 화천동 472 (농협중앙회 중앙지점 앞),방범,전방100M 이내,00:00~24:00,30일,시민안전과장,,경상남도 창원시 진해구 화천동 472,,,확인 필요
경상남도 창원시 진해구 충장로176번길 5-1(동의요양병원 뒤 골목)_1,방범,전방100M 이내,00:00~24:00,30일,시민안전과장,1,경상남도 창원시 진해구 충장로176번길 5-1,35.1516067462309,128.671217370548,성공
경상남도 창원시 진해구 충장로176번길 5-1(동의요양병원 뒤 골목)_2,방범,전방100M 이내,00:00~24:00,30일,시민안전과장,2,경상남도 창원시 진해구 충장로176번길 5-1,35.1516067462309,128.671217370548,성공
"경상남도 창원시 진해구 여좌로123번길 22, (여좌동-창녕빌라 앞)_1",방범,전방100M 이내,00:00~24:00,30일,시민안전과장,1,경상남도 창원시 진해구 여좌로123번길 22,35.1617735227481,128.660799735866,성공
"경상남도 창원시 진해구 여좌로123번길 22, (여좌동-창녕빌라 앞)_2",방범,전방100M 이내,00:00~24:00,30일,시민안전과장,2,경상남도 창원시 진해구 여좌로123번길 22,35.1617735227481,128.660799735866,성공
경상남도 창원시 진해구 여좌동 924-34 (태백노인당 앞)_1,방범,전방100M 이내,00:00~24:00,30일,시민안전과장,1,경상남도 창원시 진해구 여좌동 924-34,35.1551692349708,128.668706091046,성공
경상남도 창원시 진해구 여좌동 924-34 (태백노인당 앞)_2,방범,전방100M 이내,00:00~24:00,30일,시민안전과장,2,경상남도 창원시 진해구 여좌동 924-34,35.1551692349708,128.668706091046,성공
"경상남도 창원시 진해구 여좌로40번길 30, (여좌동-대야초교 밑 주택가)_1",방범,전방100M 이내,00:00~24:00,30일,시민안전과장,1,경상남도 창원시 진해구 여좌로40번길 30,35.157636076207,128.663727499122,성공
"경상남도 창원시 진해구 여좌로40번길 30, (여좌동-대야초교 밑 주택가)_2",방범,전방100M 이내,00:00~24:00,30일,시민안전과장,2,경상남도 창원시 진해구 여좌로40번길 30,35.157636076207,128.663727499122,성공
"경상남도 창원시 진해구 여좌로58번길 12-15, (여좌동-대야초교 및 주택가)_3",방범,전방100M 이내,00:00~24:00,30일,시민안전과장,3,경상남도 창원시 진해구 여좌로58번길 12-15,35.1576991740181,128.663457620343,성공
"경상남도 창원시 진해구 여좌로58번길 12-15, (여좌동-대야초교 및 주택가)_4",방범,전방100M 이내,00:00~24:00,30일,시민안전과장,4,경상남도 창원시 진해구 여좌로58번길 12-15,35.1576991740181,128.663457620343,성공
경상남도 창원시 진해구 여좌로118번다길 1(여좌동 주택밀집지역)_1,방범,전방100M 이내,00:00~24:00,30일,시민안전과장,1,경상남도 창원시 진해구 여좌로118번다길 1,35.1628087556788,128.663834174464,성공
경상남도 창원시 진해구 여좌로118번다길 1(여좌동 주택밀집지역)_2,방범,전방100M 이내,00:00~24:00,30일,시민안전과장,2,경상남도 창원시 진해구 여좌로118번다길 1,35.1628087556788,128.663834174464,성공
경상남도 창원시 진해구 여좌로118번다길 1(여좌동 주택밀집지역)_3,방범,전방100M 이내,00:00~24:00,30일,시민안전과장,3,경상남도 창원시 진해구 여좌로118번다길 1,35.1628087556788,128.663834174464,성공
경상남도 창원시 진해구 여좌로56번길 14(주택 밀집지역)_1,방범,전방100M 이내,00:00~24:00,30일,시민안전과장,1,경상남도 창원시 진해구 여좌로56번길 14,35.1563649885529,128.664245139243,성공
경상남도 창원시 진해구 여좌로56번길 14(주택 밀집지역)_2,방범,전방100M 이내,00:00~24:00,30일,시민안전과장,2,경상남도 창원시 진해구 여좌로56번길 14,35.1563649885529,128.664245139243,성공
경상남도 창원시 진해구 여좌로56번길 14(주택 밀집지역)_3,방범,전방100M 이내,00:00~24:00,30일,시민안전과장,3,경상남도 창원시 진해구 여좌로56번길 14,35.1563649885529,128.664245139243,성공
경상남도 창원시 진해구 여좌로38번길 6_1 육대부지 맞은편,방범,전방100M 이내,00:00~24:00,30일,시민안전과장,,경상남도 창원시 진해구 여좌로38번길 6_1 육대부지 맞은편,,,확인 필요
경상남도 창원시 진해구 여좌로38번길 6_2 육대부지 맞은편,방범,전방100M 이내,00:00~24:00,30일,시민안전과장,,경상남도 창원시 진해구 여좌로38번길 6_2 육대부지 맞은편,,,확인 필요
경상남도 창원시 진해구 대야남로67번길 15(대야 동 어린이놀이터)_1,방범,전방100M 이내,00:00~24:00,30일,시민안전과장,1,경상남도 창원시 진해구 대야남로67번길 15,35.1560257181179,128.671239175664,성공
경상남도 창원시 진해구 대야남로67번길 15(대야 동 어린이놀이터)_2,방범,전방100M 이내,00:00~24:00,30일,시민안전과장,2,경상남도 창원시 진해구 대야남로67번길 15,35.1560257181179,128.671239175664,성공
경상남도 창원시 진해구 대야남로67번길 15(대야 동 어린이놀이터)_3,방범,전방100M 이내,00:00~24:00,30일,시민안전과장,3,경상남도 창원시 진해구 대야남로67번길 15,35.1560257181179,128.671239175664,성공
"경상남도 창원시 진해구 중초로37번길 6-1, (경화동-중부시장 부근 주택가)",방범,전방100M 이내,00:00~24:00,30일,시민안전과장,,경상남도 창원시 진해구 중초로37번길 6-1,35.1565930760254,128.680583674689,성공
"경상남도 창원시 진해구 경화로37번길 28, (경화동-경화어린이집 앞)_1",방범,전방100M 이내,00:00~24:00,30일,시민안전과장,1,경상남도 창원시 진해구 경화로37번길 28,35.1567329500091,128.683205531593,성공
"경상남도 창원시 진해구 경화로37번길 28, (경화동-경화어린이집 앞)_2",방범,전방100M 이내,00:00~24:00,30일,시민안전과장,2,경상남도 창원시 진해구 경화로37번길 28,35.1567329500091,128.683205531593,성공
"경상남도 창원시 진해구 경화로37번길 28, (경화동-경화어린이집 앞)_3",방범,전방100M 이내,00:00~24:00,30일,시민안전과장,3,경상남도 창원시 진해구 경화로37번길 28,35.1567329500091,128.683205531593,성공
"경상남도 창원시 진해구 경화로37번길 28, (경화동-경화어린이집 앞)_4",방범,전방100M 이내,00:00~24:00,30일,시민안전과장,4,경상남도 창원시 진해구 경화로37번길 28,35.1567329500091,128.683205531593,성공
"경상남도 창원시 진해구 충장로245번길 24, (경화동-부일탕 옆)_1",방범,전방100M 이내,00:00~24:00,30일,시민안전과장,1,경상남도 창원시 진해구 충장로245번길 24,35.1557939191836,128.67879917496,성공
"경상남도 창원시 진해구 충장로245번길 24, (경화동-부일탕 옆)_2",방범,전방100M 이내,00:00~24:00,30일,시민안전과장,2,경상남도 창원시 진해구 충장로245번길 24,35.1557939191836,128.67879917496,성공
"경상남도 창원시 진해구 충장로245번길 24, (경화동-부일탕 옆)_3",방범,전방100M 이내,00:00~24:00,30일,시민안전과장,3,경상남도 창원시 진해구 충장로245번길 24,35.1557939191836,128.67879917496,성공
"경상남도 창원시 진해구 충장로245번길 24, (경화동-부일탕 옆)_4",방범,전방100M 이내,00:00~24:00,30일,시민안전과장,4,경상남도 창원시 진해구 충장로245번길 24,35.1557939191836,128.67879917496,성공
"경상남도 창원시 진해구 경화로15번길 40, (경화동-세림탕 앞)_1",방범,전방100M 이내,00:00~24:00,30일,시민안전과장,1,경상남도 창원시 진해구 경화로15번길 40,35.1546680898369,128.682009356272,성공
"경상남도 창원시 진해구 경화로15번길 40, (경화동-세림탕 앞)_2",방범,전방100M 이내,00:00~24:00,30일,시민안전과장,2,경상남도 창원시 진해구 경화로15번길 40,35.1546680898369,128.682009356272,성공
"경상남도 창원시 진해구 경화로15번길 40, (경화동-세림탕 앞)_3",방범,전방100M 이내,00:00~24:00,30일,시민안전과장,3,경상남도 창원시 진해구 경화로15번길 40,35.1546680898369,128.682009356272,성공
"경상남도 창원시 진해구 충장로337번길 28, (경화동-경화동 플러스빌 옆 사거리)",방범,전방100M 이내,00:00~24:00,30일,시민안전과장,,경상남도 창원시 진해구 충장로337번길 28,35.1560707181973,128.688845479755,성공
"경상남도 창원시 진해구 병암북로8번길 11, 경상남도 창원시 진해구_1",방범,전방100M 이내,00:00~24:00,30일,시민안전과장,1,"경상남도 창원시 진해구 병암북로8번길 11, 경상남도 창원시 진해구",35.1609487500837,128.691760673563,성공
"경상남도 창원시 진해구 병암북로8번길 11, 경상남도 창원시 진해구_2",방범,전방100M 이내,00:00~24:00,30일,시민안전과장,2,"경상남도 창원시 진해구 병암북로8번길 11, 경상남도 창원시 진해구",35.1609487500837,128.691760673563,성공
경상남도 창원시 진해구 진해대로624번길 10(경화문화의집 입구 사거리)_1,방범,전방100M 이내,00:00~24:00,30일,시민안전과장,1,경상남도 창원시 진해구 진해대로624번길 10,35.1573540243567,128.684032691171,성공
경상남도 창원시 진해구 진해대로624번길 10(경화문화의집 입구 사거리)_2,방범,전방100M 이내,00:00~24:00,30일,시민안전과장,2,경상남도 창원시 진해구 진해대로624번길 10,35.1573540243567,128.684032691171,성공
경상남도 창원시 진해구 진해대로624번길 10(경화문화의집 입구 사거리)_3,방범,전방100M 이내,00:00~24:00,30일,시민안전과장,3,경상남도 창원시 진해구 진해대로624번길 10,35.1573540243567,128.684032691171,성공
경상남도 창원시 진해구 진해대로624번길 10(경화문화의집 입구 사거리)_4,방범,전방100M 이내,00:00~24:00,30일,시민안전과장,4,경상남도 창원시 진해구 진해대로624번길 10,35.1573540243567,128.684032691171,성공
경상남도 창원시 진해구 경화시장로 52-1(경화시장 협진빌라 사거리)_1,방범,전방100M 이내,00:00~24:00,30일,시민안전과장,1,경상남도 창원시 진해구 경화시장로 52-1,35.1583116909647,128.690720166288,성공
경상남도 창원시 진해구 경화시장로 52-1(경화시장 협진빌라 사거리)_2,방범,전방100M 이내,00:00~24:00,30일,시민안전과장,2,경상남도 창원시 진해구 경화시장로 52-1,35.1583116909647,128.690720166288,성공
경상남도 창원시 진해구 경화시장로 52-1(경화시장 협진빌라 사거리)_3,방범,전방100M 이내,00:00~24:00,30일,시민안전과장,3,경상남도 창원시 진해구 경화시장로 52-1,35.1583116909647,128.690720166288,성공
경상남도 창원시 진해구 경화시장로 52-1(경화시장 협진빌라 사거리)_4,방범,전방100M 이내,00:00~24:00,30일,시민안전과장,4,경상남도 창원시 진해구 경화시장로 52-1,35.1583116909647,128.690720166288,성공
경상남도 창원시 진해구 경화로16번길 21(병암동주민센터 옆 놀이터)_1,방범,전방100M 이내,00:00~24:00,30일,시민안전과장,1,경상남도 창원시 진해구 경화로16번길 21,35.1548928023949,128.688678256511,성공
경상남도 창원시 진해구 경화로16번길 21(병암동주민센터 옆 놀이터)_2,방범,전방100M 이내,00:00~24:00,30일,시민안전과장,2,경상남도 창원시 진해구 경화로16번길 21,35.1548928023949,128.688678256511,성공
경상남도 창원시 진해구 경화로16번길 21(병암동주민센터 옆 놀이터)_3,방범,전방100M 이내,00:00~24:00,30일,시민안전과장,3,경상남도 창원시 진해구 경화로16번길 21,35.1548928023949,128.688678256511,성공
경상남도 창원시 진해구 진해대로 597번길 8-13_1,방범,전방100M 이내,00:00~24:00,30일,시민안전과장,1,경상남도 창원시 진해구 진해대로 597번길 8-13,35.1584553249457,128.681652106951,성공
경상남도 창원시 진해구 진해대로 597번길 8-13_2,방범,전방100M 이내,00:00~24:00,30일,시민안전과장,2,경상남도 창원시 진해구 진해대로 597번길 8-13,35.1584553249457,128.681652106951,성공
"경상남도 창원시 진해구 냉천로36번길 11, (석동-석동골 수정갈비 옆)_1",방범,전방100M 이내,00:00~24:00,30일,시민안전과장,1,경상남도 창원시 진해구 냉천로36번길 11,35.1500939665441,128.702256304126,성공
"경상남도 창원시 진해구 냉천로36번길 11, (석동-석동골 수정갈비 옆)_2",방범,전방100M 이내,00:00~24:00,30일,시민안전과장,2,경상남도 창원시 진해구 냉천로36번길 11,35.1500939665441,128.702256304126,성공
"경상남도 창원시 진해구 냉천로36번길 11, (석동-석동골 수정갈비 옆)_3",방범,전방100M 이내,00:00~24:00,30일,시민안전과장,3,경상남도 창원시 진해구 냉천로36번길 11,35.1500939665441,128.702256304126,성공
"경상남도 창원시 진해구 냉천로36번길 11, (석동-석동골 수정갈비 옆)_4",방범,전방100M 이내,00:00~24:00,30일,시민안전과장,4,경상남도 창원시 진해구 냉천로36번길 11,35.1500939665441,128.702256304126,성공
"경상남도 창원시 진해구 동진로61번길 31, 경상남도 창원시 진해구 _1",방범,전방100M 이내,00:00~24:00,30일,시민안전과장,1,"경상남도 창원시 진해구 동진로61번길 31, 경상남도 창원시 진해구",35.1530006864082,128.705139920299,성공
"경상남도 창원시 진해구 동진로61번길 31, 경상남도 창원시 진해구 _2",방범,전방100M 이내,00:00~24:00,30일,시민안전과장,2,"경상남도 창원시 진해구 동진로61번길 31, 경상남도 창원시 진해구",35.1530006864082,128.705139920299,성공
"경상남도 창원시 진해구 동진로61번길 31, 경상남도 창원시 진해구 _3",방범,전방100M 이내,00:00~24:00,30일,시민안전과장,3,"경상남도 창원시 진해구 동진로61번길 31, 경상남도 창원시 진해구",35.1530006864082,128.705139920299,성공
경상남도 창원시 진해구 석동 86(만리들),방범,전방100M 이내,00:00~24:00,30일,시민안전과장,,경상남도 창원시 진해구 석동 86,35.1530566088895,128.700803291583,성공
경상남도 창원시 진해구 석동 182경상남도 창원시 진해구 ,방범,전방100M 이내,00:00~24:00,30일,시민안전과장,,경상남도 창원시 진해구 석동 182경상남도 창원시 진해구,35.153143436797,128.704346138413,성공
경상남도 창원시 진해구 석동 216(동부),방범,전방100M 이내,00:00~24:00,30일,시민안전과장,,경상남도 창원시 진해구 석동 216,35.1559339981623,128.701781677435,성공
경상남도 창원시 진해구 석동 671(우림필유),방범,전방100M 이내,00:00~24:00,30일,시민안전과장,,경상남도 창원시 진해구 석동 671,35.1582958114311,128.695473060988,성공
경상남도 창원시 진해구 석동 113-3(이동제3),방범,전방100M 이내,00:00~24:00,30일,시민안전과장,,경상남도 창원시 진해구 석동 113-3,35.1506792889831,128.705781558194,성공
경상남도 창원시 진해구 진해대로823번길 7(경찰서 뒤 으뜸유치원)_1,방범,전방100M 이내,00:00~24:00,30일,시민안전과장,1,경상남도 창원시 진해구 진해대로823번길 7,35.1570542453617,128.704996929405,성공
경상남도 창원시 진해구 진해대로823번길 7(경찰서 뒤 으뜸유치원)_2,방범,전방100M 이내,00:00~24:00,30일,시민안전과장,2,경상남도 창원시 진해구 진해대로823번길 7,35.1570542453617,128.704996929405,성공
경상남도 창원시 진해구 진해대로823번길 7(경찰서 뒤 으뜸유치원)_3,방범,전방100M 이내,00:00~24:00,30일,시민안전과장,3,경상남도 창원시 진해구 진해대로823번길 7,35.1570542453617,128.704996929405,성공
경상남도 창원시 진해구 진해대로823번길 7(경찰서 뒤 으뜸유치원)_4,방범,전방100M 이내,00:00~24:00,30일,시민안전과장,4,경상남도 창원시 진해구 진해대로823번길 7,35.1570542453617,128.704996929405,성공
경상남도 창원시 진해구 진해대로874번길 5-8(석동 원룸지역 내 공원)_1,방범,전방100M 이내,00:00~24:00,30일,시민안전과장,1,경상남도 창원시 진해구 진해대로874번길 5-8,35.1510231946266,128.70586488912,성공
경상남도 창원시 진해구 진해대로874번길 5-8(석동 원룸지역 내 공원)_2,방범,전방100M 이내,00:00~24:00,30일,시민안전과장,2,경상남도 창원시 진해구 진해대로874번길 5-8,35.1510231946266,128.70586488912,성공
경상남도 창원시 진해구 진해대로874번길 5-8(석동 원룸지역 내 공원)_3,방범,전방100M 이내,00:00~24:00,30일,시민안전과장,3,경상남도 창원시 진해구 진해대로874번길 5-8,35.1510231946266,128.70586488912,성공
경상남도 창원시 진해구 이동 539-24 (홈플러스 뒤)_1,방범,전방100M 이내,00:00~24:00,30일,시민안전과장,1,경상남도 창원시 진해구 이동 539-24,,,확인 필요
경상남도 창원시 진해구 이동 539-24 (홈플러스 뒤)_2,방범,전방100M 이내,00:00~24:00,30일,시민안전과장,2,경상남도 창원시 진해구 이동 539-24,,,확인 필요
"경상남도 창원시 진해구 충장로446번길 56-4, (이동-경남 한울타리 앞)_1",방범,전방100M 이내,00:00~24:00,30일,시민안전과장,1,경상남도 창원시 진해구 충장로446번길 56-4,35.1491749033044,128.692434422881,성공
"경상남도 창원시 진해구 충장로446번길 56-4, (이동-경남 한울타리 앞)_2",방범,전방100M 이내,00:00~24:00,30일,시민안전과장,2,경상남도 창원시 진해구 충장로446번길 56-4,35.1491749033044,128.692434422881,성공
"경상남도 창원시 진해구 충장로446번길 56-4, (이동-경남 한울타리 앞)_3",방범,전방100M 이내,00:00~24:00,30일,시민안전과장,3,경상남도 창원시 진해구 충장로446번길 56-4,35.1491749033044,128.692434422881,성공
"경상남도 창원시 진해구 충장로446번길 56-4, (이동-경남 한울타리 앞)_4",방범,전방100M 이내,00:00~24:00,30일,시민안전과장,4,경상남도 창원시 진해구 충장로446번길 56-4,35.1491749033044,128.692434422881,성공
"경상남도 창원시 진해구 이동로14번길 27, (이동-이동택지 민화슈퍼 사거리)",방범,전방100M 이내,00:00~24:00,30일,시민안전과장,,경상남도 창원시 진해구 이동로14번길 27,35.1484463788863,128.693528659613,성공
"경상남도 창원시 진해구 냉천로 22, 경상남도 창원시 진해구 _1",방범,전방100M 이내,00:00~24:00,30일,시민안전과장,1,"경상남도 창원시 진해구 냉천로 22, 경상남도 창원시 진해구",35.1503240171443,128.700275790397,성공
"경상남도 창원시 진해구 냉천로 22, 경상남도 창원시 진해구 _2",방범,전방100M 이내,00:00~24:00,30일,시민안전과장,2,"경상남도 창원시 진해구 냉천로 22, 경상남도 창원시 진해구",35.1503240171443,128.700275790397,성공
"경상남도 창원시 진해구 냉천로 22, 경상남도 창원시 진해구 _3",방범,전방100M 이내,00:00~24:00,30일,시민안전과장,3,"경상남도 창원시 진해구 냉천로 22, 경상남도 창원시 진해구",35.1503240171443,128.700275790397,성공
경상남도 창원시 진해구 이동로69번길 6(이동 놀이터 앞)_1,방범,전방100M 이내,00:00~24:00,30일,시민안전과장,1,경상남도 창원시 진해구 이동로69번길 6,35.1520665395491,128.699440791732,성공
경상남도 창원시 진해구 이동로69번길 6(이동 놀이터 앞)_2,방범,전방100M 이내,00:00~24:00,30일,시민안전과장,2,경상남도 창원시 진해구 이동로69번길 6,35.1520665395491,128.699440791732,성공
경상남도 창원시 진해구 이동로69번길 6(이동 놀이터 앞)_3,방범,전방100M 이내,00:00~24:00,30일,시민안전과장,3,경상남도 창원시 진해구 이동로69번길 6,35.1520665395491,128.699440791732,성공
경상남도 창원시 진해구 이동 507-9_1,방범,전방100M 이내,00:00~24:00,30일,시민안전과장,1,경상남도 창원시 진해구 이동 507-9,35.1571610886607,128.693552593659,성공
경상남도 창원시 진해구 이동 507-9_2,방범,전방100M 이내,00:00~24:00,30일,시민안전과장,2,경상남도 창원시 진해구 이동 507-9,35.1571610886607,128.693552593659,성공
경상남도 창원시 진해구 이동로40번길 23(법혜사 위 사거리)_1,방범,전방100M 이내,00:00~24:00,30일,시민안전과장,1,경상남도 창원시 진해구 이동로40번길 23,35.148889383527,128.698108587987,성공
경상남도 창원시 진해구 이동로40번길 23(법혜사 위 사거리)_2,방범,전방100M 이내,00:00~24:00,30일,시민안전과장,2,경상남도 창원시 진해구 이동로40번길 23,35.148889383527,128.698108587987,성공
"경상남도 창원시 진해구 진해대로914번길 18, (자은동-주민센터 인근)_1",방범,전방100M 이내,00:00~24:00,30일,시민안전과장,1,경상남도 창원시 진해구 진해대로914번길 18,35.1480968743943,128.705138101634,성공
"경상남도 창원시 진해구 진해대로914번길 18, (자은동-주민센터 인근)_2",방범,전방100M 이내,00:00~24:00,30일,시민안전과장,2,경상남도 창원시 진해구 진해대로914번길 18,35.1480968743943,128.705138101634,성공
경상남도 창원시 진해구 자은동 977-2(자은제1),방범,전방100M 이내,00:00~24:00,30일,시민안전과장,,경상남도 창원시 진해구 자은동 977-2,35.153353688549,128.709283957162,성공
경상남도 창원시 진해구 자은동 903-2(자은제2),방범,전방100M 이내,00:00~24:00,30일,시민안전과장,,경상남도 창원시 진해구 자은동 903-2,35.1496944169037,128.705884880864,성공
경상남도 창원시 진해구 자은로64번나길 9(유일파크빌라 B동)_1,방범,전방100M 이내,00:00~24:00,30일,시민안전과장,1,경상남도 창원시 진해구 자은로64번나길 9,35.150475066356,128.709694143336,성공
경상남도 창원시 진해구 자은로64번나길 9(유일파크빌라 B동)_2,방범,전방100M 이내,00:00~24:00,30일,시민안전과장,2,경상남도 창원시 진해구 자은로64번나길 9,35.150475066356,128.709694143336,성공
경상남도 창원시 진해구 자은로64번나길 9(유일파크빌라 B동)_3,방범,전방100M 이내,00:00~24:00,30일,시민안전과장,3,경상남도 창원시 진해구 자은로64번나길 9,35.150475066356,128.709694143336,성공
경상남도 창원시 진해구 자은로64번나길 9(유일파크빌라 B동)_4,방범,전방100M 이내,00:00~24:00,30일,시민안전과장,4,경상남도 창원시 진해구 자은로64번나길 9,35.150475066356,128.709694143336,성공
"경상남도 창원시 진해구 동진로 104, 경상남도 창원시 진해구 _1",방범,전방100M 이내,00:00~24:00,30일,시민안전과장,1,"경상남도 창원시 진해구 동진로 104, 경상남도 창원시 진해구",35.1480179409674,128.70283706375,성공
"경상남도 창원시 진해구 동진로 104, 경상남도 창원시 진해구 _2",방범,전방100M 이내,00:00~24:00,30일,시민안전과장,2,"경상남도 창원시 진해구 동진로 104, 경상남도 창원시 진해구",35.1480179409674,128.70283706375,성공
"경상남도 창원시 진해구 동진로 104, 경상남도 창원시 진해구 _3",방범,전방100M 이내,00:00~24:00,30일,시민안전과장,3,"경상남도 창원시 진해구 동진로 104, 경상남도 창원시 진해구",35.1480179409674,128.70283706375,성공
경상남도 창원시 진해구 충장로505번길 19(동광이용원 앞)_1,방범,전방100M 이내,00:00~24:00,30일,시민안전과장,1,경상남도 창원시 진해구 충장로505번길 19,35.1445989386905,128.703088514217,성공
경상남도 창원시 진해구 충장로505번길 19(동광이용원 앞)_2,방범,전방100M 이내,00:00~24:00,30일,시민안전과장,2,경상남도 창원시 진해구 충장로505번길 19,35.1445989386905,128.703088514217,성공
경상남도 창원시 진해구 충장로505번길 19(동광이용원 앞)_3,방범,전방100M 이내,00:00~24:00,30일,시민안전과장,3,경상남도 창원시 진해구 충장로505번길 19,35.1445989386905,128.703088514217,성공
경상남도 창원시 진해구 충장로505번길 19(동광이용원 앞)_4,방범,전방100M 이내,00:00~24:00,30일,시민안전과장,4,경상남도 창원시 진해구 충장로505번길 19,35.1445989386905,128.703088514217,성공
"경상남도 창원시 진해구 진해대로970번길 23, (풍호동-동진여중 앞)_1",방범,전방100M 이내,00:00~24:00,30일,시민안전과장,1,경상남도 창원시 진해구 진해대로970번길 23,35.1427155199548,128.704782588394,성공
"경상남도 창원시 진해구 진해대로970번길 23, (풍호동-동진여중 앞)_2",방범,전방100M 이내,00:00~24:00,30일,시민안전과장,2,경상남도 창원시 진해구 진해대로970번길 23,35.1427155199548,128.704782588394,성공
경상남도 창원시 진해구 풍호동 23_1,방범,전방100M 이내,00:00~24:00,30일,시민안전과장,1,경상남도 창원시 진해구 풍호동 23,35.1353876995765,128.713269476403,성공
경상남도 창원시 진해구 풍호동 23_2,방범,전방100M 이내,00:00~24:00,30일,시민안전과장,2,경상남도 창원시 진해구 풍호동 23,35.1353876995765,128.713269476403,성공
경상남도 창원시 진해구 풍호동 23_3,방범,전방100M 이내,00:00~24:00,30일,시민안전과장,3,경상남도 창원시 진해구 풍호동 23,35.1353876995765,128.713269476403,성공
경상남도 창원시 진해구 풍호동 23_4,방범,전방100M 이내,00:00~24:00,30일,시민안전과장,4,경상남도 창원시 진해구 풍호동 23,35.1353876995765,128.713269476403,성공
경상남도 창원시 진해구 충장로603번길 9(평화마을아파트 앞)_1,방범,전방100M 이내,00:00~24:00,30일,시민안전과장,1,경상남도 창원시 진해구 충장로603번길 9,35.135775688673,128.703342544356,성공
경상남도 창원시 진해구 충장로603번길 9(평화마을아파트 앞)_2,방범,전방100M 이내,00:00~24:00,30일,시민안전과장,2,경상남도 창원시 진해구 충장로603번길 9,35.135775688673,128.703342544356,성공
경상남도 창원시 진해구 충장로603번길 9(평화마을아파트 앞)_3,방범,전방100M 이내,00:00~24:00,30일,시민안전과장,3,경상남도 창원시 진해구 충장로603번길 9,35.135775688673,128.703342544356,성공
경상남도 창원시 진해구 장천동 175-1(벚꽃공원 내)_1,방범,전방100M 이내,00:00~24:00,30일,시민안전과장,1,경상남도 창원시 진해구 장천동 175-1,35.1228647430438,128.708607001493,성공
경상남도 창원시 진해구 장천동 175-1(벚꽃공원 내)_2,방범,전방100M 이내,00:00~24:00,30일,시민안전과장,2,경상남도 창원시 진해구 장천동 175-1,35.1228647430438,128.708607001493,성공
경상남도 창원시 진해구 장천동 175-1(벚꽃공원 내)_3,방범,전방100M 이내,00:00~24:00,30일,시민안전과장,3,경상남도 창원시 진해구 장천동 175-1,35.1228647430438,128.708607001493,성공
경상남도 창원시 진해구 장천동 175-1(벚꽃공원 내)_4,방범,전방100M 이내,00:00~24:00,30일,시민안전과장,4,경상남도 창원시 진해구 장천동 175-1,35.1228647430438,128.708607001493,성공
경상남도 창원시 진해구 장천동 175-1(벚꽃공원 내)_5,방범,전방100M 이내,00:00~24:00,30일,시민안전과장,5,경상남도 창원시 진해구 장천동 175-1,35.1228647430438,128.708607001493,성공
경상남도 창원시 진해구 장천동 175-1(벚꽃공원 내)_6,방범,전방100M 이내,00:00~24:00,30일,시민안전과장,6,경상남도 창원시 진해구 장천동 175-1,35.1228647430438,128.708607001493,성공
경상남도 창원시 진해구 장천동 175-1(벚꽃공원 내)_7,방범,전방100M 이내,00:00~24:00,30일,시민안전과장,7,경상남도 창원시 진해구 장천동 175-1,35.1228647430438,128.708607001493,성공
경상남도 창원시 진해구 장천동 175-1(벚꽃공원 내)_8,방범,전방100M 이내,00:00~24:00,30일,시민안전과장,8,경상남도 창원시 진해구 장천동 175-1,35.1228647430438,128.708607001493,성공
경상남도 창원시 진해구 장천동 175-1(벚꽃공원 내)_9,방범,전방100M 이내,00:00~24:00,30일,시민안전과장,9,경상남도 창원시 진해구 장천동 175-1,35.1228647430438,128.708607001493,성공
경상남도 창원시 진해구 장천동 175-1(벚꽃공원 내)_10,방범,전방100M 이내,00:00~24:00,30일,시민안전과장,10,경상남도 창원시 진해구 장천동 175-1,35.1228647430438,128.708607001493,성공
"경상남도 창원시 진해구 명제로 202, (명동-명동마을 입구)_1",방범,전방100M 이내,00:00~24:00,30일,시민안전과장,1,경상남도 창원시 진해구 명제로 202,35.0980302267057,128.717905869985,성공
"경상남도 창원시 진해구 명제로 202, (명동-명동마을 입구)_2",방범,전방100M 이내,00:00~24:00,30일,시민안전과장,2,경상남도 창원시 진해구 명제로 202,35.0980302267057,128.717905869985,성공
경상남도 창원시 진해구 성내동 379-1 (웅천농협 앞)_1,방범,전방100M 이내,00:00~24:00,30일,시민안전과장,1,경상남도 창원시 진해구 성내동 379-1,35.1117058355656,128.749861897231,성공
경상남도 창원시 진해구 성내동 379-1 (웅천농협 앞)_2,방범,전방100M 이내,00:00~24:00,30일,시민안전과장,2,경상남도 창원시 진해구 성내동 379-1,35.1117058355656,128.749861897231,성공
경상남도 창원시 진해구 웅천중로45번길 8(무지개유치원 옆)_1,방범,전방100M 이내,00:00~24:00,30일,시민안전과장,1,경상남도 창원시 진해구 웅천중로45번길 8,35.1100026736421,128.749008635398,성공
경상남도 창원시 진해구 웅천중로45번길 8(무지개유치원 옆)_2,방범,전방100M 이내,00:00~24:00,30일,시민안전과장,2,경상남도 창원시 진해구 웅천중로45번길 8,35.1100026736421,128.749008635398,성공
경상남도 창원시 진해구 명제로109번길 10(STX 외국인 숙소 주변)_1,방범,전방100M 이내,00:00~24:00,30일,시민안전과장,1,경상남도 창원시 진해구 명제로109번길 10,35.1049440006065,128.716749111701,성공
경상남도 창원시 진해구 명제로109번길 10(STX 외국인 숙소 주변)_2,방범,전방100M 이내,00:00~24:00,30일,시민안전과장,2,경상남도 창원시 진해구 명제로109번길 10,35.1049440006065,128.716749111701,성공
경상남도 창원시 진해구 명제로109번길 10(STX 외국인 숙소 주변)_3,방범,전방100M 이내,00:00~24:00,30일,시민안전과장,3,경상남도 창원시 진해구 명제로109번길 10,35.1049440006065,128.716749111701,성공
경상남도 창원시 진해구 남영로544번길 15(마천공단 내1)_1,방범,전방100M 이내,00:00~24:00,30일,시민안전과장,1,경상남도 창원시 진해구 남영로544번길 15,35.1188900947107,128.783160080165,성공
경상남도 창원시 진해구 남영로544번길 15(마천공단 내1)_2,방범,전방100M 이내,00:00~24:00,30일,시민안전과장,2,경상남도 창원시 진해구 남영로544번길 15,35.1188900947107,128.783160080165,성공
경상남도 창원시 진해구 남의로44번길 10(마천공단 내2)_1,방범,전방100M 이내,00:00~24:00,30일,시민안전과장,1,경상남도 창원시 진해구 남의로44번길 10,35.1145679762253,128.785691905525,성공
경상남도 창원시 진해구 남의로44번길 10(마천공단 내2)_2,방범,전방100M 이내,00:00~24:00,30일,시민안전과장,2,경상남도 창원시 진해구 남의로44번길 10,35.1145679762253,128.785691905525,성공
경상남도 창원시 진해구 웅동로57번가길 10-7(웅동농협 앞)_1,방범,전방100M 이내,00:00~24:00,30일,시민안전과장,1,경상남도 창원시 진해구 웅동로57번가길 10-7,35.1261665282083,128.782130181591,성공
경상남도 창원시 진해구 웅동로57번가길 10-7(웅동농협 앞)_2,방범,전방100M 이내,00:00~24:00,30일,시민안전과장,2,경상남도 창원시 진해구 웅동로57번가길 10-7,35.1261665282083,128.782130181591,성공
경상남도 창원시 진해구 남영로 492(영길마을회관 옆)_1,방범,전방100M 이내,00:00~24:00,30일,시민안전과장,1,경상남도 창원시 진해구 남영로 492,,,확인 필요
경상남도 창원시 진해구 남영로 492(영길마을회관 옆)_2,방범,전방100M 이내,00:00~24:00,30일,시민안전과장,2,경상남도 창원시 진해구 남영로 492,,,확인 필요
경상남도 창원시 진해구 안골동 359-1 (녹산유황온천 옆 소공원 사거리),방범,전방100M 이내,00:00~24:00,30일,시민안전과장,,경상남도 창원시 진해구 안골동 359-1,35.0998220023614,128.80478945836,성공
"경상남도 창원시 진해구 용원남로17번길 30, (용원동-용원원룸 앞)_1",방범,전방100M 이내,00:00~24:00,30일,시민안전과장,1,경상남도 창원시 진해구 용원남로17번길 30,35.0941961815313,128.818043225914,성공
"경상남도 창원시 진해구 용원남로17번길 30, (용원동-용원원룸 앞)_2",방범,전방100M 이내,00:00~24:00,30일,시민안전과장,2,경상남도 창원시 진해구 용원남로17번길 30,35.0941961815313,128.818043225914,성공
"경상남도 창원시 진해구 용원동로 310, (용원동-송원갈비 앞)",방범,전방100M 이내,00:00~24:00,30일,시민안전과장,,경상남도 창원시 진해구 용원동로 310,35.1001967090018,128.821987976745,성공
"경상남도 창원시 진해구 용재로59번길 5-3, (용원동-용원고 인근)_1",방범,전방100M 이내,00:00~24:00,30일,시민안전과장,1,경상남도 창원시 진해구 용재로59번길 5-3,35.1014982969886,128.816370226998,성공
"경상남도 창원시 진해구 용재로59번길 5-3, (용원동-용원고 인근)_2",방범,전방100M 이내,00:00~24:00,30일,시민안전과장,2,경상남도 창원시 진해구 용재로59번길 5-3,35.1014982969886,128.816370226998,성공
"경상남도 창원시 진해구 용재로59번길 5-3, (용원동-용원고 인근)_3",방범,전방100M 이내,00:00~24:00,30일,시민안전과장,3,경상남도 창원시 진해구 용재로59번길 5-3,35.1014982969886,128.816370226998,성공
경상남도 창원시 진해구 용원남로 17(용원초등학교 앞 사거리),방범,전방100M 이내,00:00~24:00,30일,시민안전과장,,경상남도 창원시 진해구 용원남로 17,35.0966185489495,128.818476195414,성공
경상남도 창원시 진해구 용원동 1174-14,방범,전방100M 이내,00:00~24:00,30일,시민안전과장,,경상남도 창원시 진해구 용원동 1174-14,35.1042453123224,128.814250521712,성공
"경상남도 창원시 진해구 용원로77번길 19, (용원동)_1",방범,전방100M 이내,00:00~24:00,30일,시민안전과장,1,경상남도 창원시 진해구 용원로77번길 19,35.1007109785095,128.817621840411,성공
"경상남도 창원시 진해구 용원로77번길 19, (용원동)_2",방범,전방100M 이내,00:00~24:00,30일,시민안전과장,2,경상남도 창원시 진해구 용원로77번길 19,35.1007109785095,128.817621840411,성공
"경상남도 창원시 진해구 용원로77번길 19, (용원동)_3",방범,전방100M 이내,00:00~24:00,30일,시민안전과장,3,경상남도 창원시 진해구 용원로77번길 19,35.1007109785095,128.817621840411,성공
"경상남도 창원시 진해구 용원로77번길 19, (용원동)_4",방범,전방100M 이내,00:00~24:00,30일,시민안전과장,4,경상남도 창원시 진해구 용원로77번길 19,35.1007109785095,128.817621840411,성공
경상남도 창원시 진해구 용원동 1207-1(용원문화),방범,전방100M 이내,00:00~24:00,30일,시민안전과장,,경상남도 창원시 진해구 용원동 1207-1,35.1036189995615,128.807027615434,성공
경상남도 창원시 진해구 용원동로 243(용원어판장 입구 주변)_1,방범,전방100M 이내,00:00~24:00,30일,시민안전과장,1,경상남도 창원시 진해구 용원동로 243,35.0946985264562,128.819298039624,성공
경상남도 창원시 진해구 용원동로 243(용원어판장 입구 주변)_2,방범,전방100M 이내,00:00~24:00,30일,시민안전과장,2,경상남도 창원시 진해구 용원동로 243,35.0946985264562,128.819298039624,성공
경상남도 창원시 진해구 용원동로 243(용원어판장 입구 주변)_3,방범,전방100M 이내,00:00~24:00,30일,시민안전과장,3,경상남도 창원시 진해구 용원동로 243,35.0946985264562,128.819298039624,성공
"경상남도 창원시 진해구 용원북로5번길 2(원룸 밀집지역 진출입로, 편의점 건너편)_1",방범,전방100M 이내,00:00~24:00,30일,시민안전과장,1,경상남도 창원시 진해구 용원북로5번길 2,35.103414929359,128.815496635886,성공
"경상남도 창원시 진해구 용원북로5번길 2(원룸 밀집지역 진출입로, 편의점 건너편)_2",방범,전방100M 이내,00:00~24:00,30일,시민안전과장,2,경상남도 창원시 진해구 용원북로5번길 2,35.103414929359,128.815496635886,성공
경상남도 창원시 진해구 용원중로18번길 6_1,방범,전방100M 이내,00:00~24:00,30일,시민안전과장,1,경상남도 창원시 진해구 용원중로18번길 6,35.0986287848861,128.816643971996,성공
경상남도 창원시 진해구 용원중로18번길 6_2,방범,전방100M 이내,00:00~24:00,30일,시민안전과장,2,경상남도 창원시 진해구 용원중로18번길 6,35.0986287848861,128.816643971996,성공
