grid_id,latitude,longitude,risk_pct,risk_score,need_cctv,need_light,need_wifi,infra_need_score,vulnerability_score
G005424,35.103153316589314,128.41454404212524,0.0,0.0,1,0,1,0.5384822384689838,0.0
G005425,35.10405493011039,128.41455411340135,0.0,0.0,1,0,1,0.5384822384689838,0.0
G005426,35.10495654349459,128.4145641851247,0.0,0.0,1,1,1,1.0,0.0
G005427,35.10585815674192,128.41457425729536,0.0,0.0,1,1,1,1.0,0.0
G005513,35.10224342176728,128.41563106811964,0.0,0.0,1,0,0,0.35491625289462136,0.0
G005514,35.10314503514987,128.41564115102557,0.0,0.0,1,1,1,1.0,0.0
G005515,35.10404664839558,128.41565123437928,0.0,0.0,1,0,1,0.5384822384689838,0.0
G005516,35.10494826150441,128.4156613181808,0.0,0.0,1,0,1,0.5384822384689838,0.0
G005517,35.10584987447637,128.41567140243018,0.0,0.0,1,0,1,0.5384822384689838,0.0
G005518,35.106751487311456,128.41568148712736,0.0,0.0,1,0,1,0.5384822384689838,0.0
G005599,35.101333517433595,128.4167180699604,0.0,0.0,1,0,1,0.5384822384689838,0.0
G005600,35.102235130677386,128.41672816449508,0.0,0.0,1,0,0,0.35491625289462136,0.0
G005601,35.1031367437843,128.41673825947808,0.0,0.0,1,0,1,0.5384822384689838,0.0
G005602,35.104038356754316,128.4167483549094,0.0,0.0,1,0,1,0.5384822384689838,0.0
G005603,35.104939969587456,128.41675845078908,0.0,0.0,1,0,1,0.5384822384689838,0.0
G005604,35.10584158228372,128.41676854711713,0.0,0.0,1,0,1,0.5384822384689838,0.0
G005605,35.10674319484309,128.41677864389357,0.0,0.0,1,1,1,1.0,0.0
G005687,35.10132521669394,128.41781515381103,0.0,0.0,0,0,1,0.18356598557436246,0.0
G005688,35.102226829661724,128.4178252604222,0.0,0.0,1,0,1,0.5384822384689838,0.0
G005689,35.10312844249262,128.41783536748227,0.0,0.0,1,0,1,0.5384822384689838,0.0
G005690,35.10403005518663,128.4178454749912,0.0,0.0,1,0,1,0.5384822384689838,0.0
G005691,35.10493166774374,128.417855582949,0.0,0.0,1,1,1,1.0,0.0
G005692,35.105833280163964,128.4178656913557,0.0,0.0,1,1,1,1.0,0.0
G005693,35.10673489244729,128.41787580021133,0.0,0.0,1,1,1,1.0,0.0
G005776,35.10131690602884,128.41891223721282,0.0,0.0,1,1,1,1.0,0.0
G005777,35.10221851872029,128.41892235590052,0.0,0.0,1,0,1,0.5384822384689838,0.0
G005778,35.10312013127484,128.41893247503762,0.0,0.0,1,1,0,0.8164340144256376,0.0
G005779,35.1040217436925,128.4189425946241,0.0,0.0,1,1,1,1.0,0.0
G005780,35.104923355973256,128.41895271466,0.0,0.0,1,1,1,1.0,0.0
G005781,35.105824968117126,128.41896283514535,0.0,0.0,1,1,1,1.0,0.0
G005782,35.10672658012409,128.41897295608015,0.0,0.0,1,1,1,1.0,0.0
G005867,35.1022101978531,128.42001945092943,0.0,0.0,1,1,1,1.0,0.0
G005868,35.10311181013098,128.42002958214354,0.0,0.0,1,1,1,1.0,0.0
G005869,35.10401342227196,128.4200397138076,0.0,0.0,1,1,1,1.0,0.0
G005870,35.10491503427603,128.4200498459216,0.0,0.0,1,1,1,1.0,0.0
G005871,35.10581664614321,128.42005997848557,0.0,0.0,1,1,1,1.0,0.0
G005872,35.10671825787349,128.42007011149954,0.0,0.0,1,1,1,1.0,0.0
G005958,35.10310347906106,128.42112668879955,0.0,0.0,1,1,1,1.0,0.0
G005959,35.10400509092503,128.42113683254112,0.0,0.0,1,1,1,1.0,0.0
G005960,35.10490670265209,128.42114697673318,0.0,0.0,1,1,1,1.0,0.0
G005961,35.10580831424224,128.42115712137576,0.0,0.0,1,1,1,1.0,0.0
G010051,35.11360745910933,128.46184643206632,0.0,0.0,1,1,1,1.0,0.0
G010052,35.114509058846274,128.4618570283078,0.0,0.0,1,1,1,1.0,0.0
G010053,35.115410658446045,128.4618676250199,0.0,0.0,1,1,0,0.8164340144256376,0.0
G010054,35.116312257908675,128.46187822220259,0.0,0.0,1,1,1,1.0,0.0
G010055,35.117213857234134,128.46188881985586,0.0,0.0,1,1,1,1.0,0.0
G010162,35.11269714779922,128.46293305833038,0.0,0.0,1,1,1,1.0,0.0
G010163,35.1135987473837,128.46294366618397,0.0,0.0,1,1,1,1.0,0.0
G010164,35.11450034683101,128.46295427450866,0.0,0.0,1,1,1,1.0,0.0
G010165,35.11540194614116,128.46296488330447,0.0,0.0,1,1,1,1.0,0.0
G010166,35.11630354531415,128.46297549257142,0.0,0.0,1,1,1,1.0,0.0
G010167,35.11720514434997,128.46298610230954,0.0,0.0,1,1,1,1.0,0.0
G010168,35.11810674324863,128.46299671251882,0.0,0.0,1,1,1,1.0,0.0
G010274,35.11268842643403,128.46403027989427,0.0,0.0,1,1,1,1.0,0.0
G010275,35.11359002572855,128.4640408998305,0.0,0.0,1,1,1,1.0,0.0
G010276,35.11449162488592,128.4640515202384,0.0,0.0,1,1,1,1.0,0.0
G010277,35.1153932239061,128.46406214111792,0.0,0.0,1,1,0,0.8164340144256376,0.0
G010278,35.11629482278913,128.46407276246913,0.0,0.0,0,0,1,0.18356598557436246,0.0
G010279,35.117196421534985,128.464083384292,0.0,0.0,1,1,1,1.0,0.0
G010280,35.118098020143655,128.46409400658663,0.0,0.0,1,1,1,1.0,0.0
G010385,35.11267969513967,128.4651275009866,0.0,0.0,1,1,1,1.0,0.0
G010386,35.11358129414393,128.46513813300544,0.0,0.0,1,1,1,1.0,0.0
G010387,35.11448289301101,128.46514876549648,0.0,0.0,1,1,1,1.0,0.0
G010388,35.115384491740905,128.4651593984597,0.0,0.0,1,0,1,0.5384822384689838,0.0
G010389,35.11628609033363,128.46517003189513,0.0,0.0,1,1,0,0.8164340144256376,0.0
G010390,35.11718768878918,128.4651806658028,0.0,0.0,0,1,1,0.6450837471053786,0.0
G010391,35.11808928710756,128.4651913001827,0.0,0.0,1,1,1,1.0,0.0
G010491,35.11267095391618,128.46622472160675,0.0,0.0,1,1,1,1.0,0.0
G010492,35.11357255262983,128.4662353657082,0.0,0.0,1,1,1,1.0,0.0
G010493,35.11447415120629,128.46624601028236,0.0,0.0,1,1,1,1.0,0.0
G010494,35.11537574964557,128.46625665532926,0.0,0.0,1,0,1,0.5384822384689838,0.0
G010495,35.116277347947666,128.4662673008489,0.0,0.0,1,1,1,1.0,0.0
G010496,35.11717894611259,128.46627794684133,0.0,0.0,1,1,1,1.0,0.0
G010497,35.11808054414032,128.4662885933065,0.0,0.0,1,1,1,1.0,0.0
G010597,35.112662202763566,128.46732194175422,0.0,0.0,1,1,1,1.0,0.0
G010598,35.11356380118626,128.46733259793825,0.0,0.0,1,1,1,1.0,0.0
G010599,35.11446539947179,128.46734325459553,0.0,0.0,1,0,1,0.5384822384689838,0.0
G010600,35.115366997620114,128.4673539117261,0.0,0.0,1,0,0,0.35491625289462136,0.0
G010601,35.11626859563126,128.4673645693299,0.0,0.0,1,0,1,0.5384822384689838,0.0
G010602,35.11717019350521,128.46737522740705,0.0,0.0,1,0,1,0.5384822384689838,0.0
G010603,35.118071791241974,128.4673858859575,0.0,0.0,1,1,1,1.0,0.0
G010703,35.11355503981325,128.46842982969505,0.0,0.0,1,1,1,1.0,0.0
G010704,35.1144566378075,128.46844049843546,0.0,0.0,1,0,1,0.5384822384689838,0.0
G010705,35.11535823566455,128.46845116764962,0.0,0.0,1,0,0,0.35491625289462136,0.0
G010706,35.11625983338441,128.4684618373376,0.0,0.0,1,1,1,1.0,0.0
G010707,35.11716143096707,128.46847250749946,0.0,0.0,1,1,1,1.0,0.0
G011336,35.241536417159885,128.4754443013309,0.0,0.0,1,1,1,1.0,0.0
G011337,35.24243799419048,128.47545509835757,0.0,0.0,1,1,1,1.0,0.0
G011338,35.24333957108361,128.47546589586372,0.0,0.0,1,1,1,1.0,0.0
G011473,35.24062597763088,128.47653244269395,0.0,0.0,1,1,1,1.0,0.0
G011474,35.24152755450477,128.4765432514,0.0,0.0,1,1,1,1.0,0.0
G011475,35.242429131241195,128.47655406058607,0.0,0.0,1,1,1,1.0,0.0
G011476,35.243330707840165,128.47656487025213,0.0,0.0,1,1,1,1.0,0.0
G011477,35.24423228430168,128.47657568039824,0.0,0.0,1,1,1,1.0,0.0
G011478,35.24513386062572,128.4765864910244,0.0,0.0,1,1,1,1.0,0.0
G011514,35.11980460091942,128.4761857219764,0.0,0.0,1,1,1,1.0,0.0
G011515,35.12070619590481,128.47619647864119,0.0,0.0,1,1,1,1.0,0.0
G011615,35.23971552857708,128.47762055973988,0.0,0.0,1,1,1,1.0,0.0
G011616,35.24061710529396,128.47763138012425,0.0,0.0,1,1,1,1.0,0.0
G011617,35.241518681873366,128.47764220098912,0.0,0.0,1,1,1,1.0,0.0
G011618,35.24242025831531,128.47765302233452,0.0,0.0,1,1,1,1.0,0.0
G011619,35.243321834619785,128.4776638441605,0.0,0.0,1,1,1,1.0,0.0
G011620,35.244223410786795,128.47767466646704,0.0,0.0,1,1,1,1.0,0.0
G011621,35.24512498681631,128.47768548925418,0.0,0.0,1,1,1,1.0,0.0
G011657,35.11799256825916,128.47726149845144,0.0,0.0,1,1,1,1.0,0.0
G011658,35.11889416322511,128.4772722662465,0.0,0.0,1,1,1,1.0,0.0
G011659,35.1197957580538,128.47728303451973,0.0,0.0,1,1,1,1.0,0.0
G011660,35.12069735274524,128.47729380327118,0.0,0.0,1,1,1,1.0,0.0
G011661,35.12159894729941,128.47730457250086,0.0,0.0,1,1,1,1.0,0.0
G011662,35.12250054171635,128.4773153422088,0.0,0.0,1,1,1,1.0,0.0
G011761,35.23970664655902,128.47871948453138,0.0,0.0,1,1,1,1.0,0.0
G011762,35.24060822298109,128.47873031707402,0.0,0.0,1,1,1,1.0,0.0
G011763,35.24150979926569,128.47874115009768,0.0,0.0,1,1,1,1.0,0.0
G011764,35.242411375412814,128.47875198360245,0.0,0.0,1,1,1,1.0,0.0
G011765,35.24331295142246,128.4787628175883,0.0,0.0,1,1,1,1.0,0.0
G011766,35.24421452729462,128.47877365205525,0.0,0.0,1,1,1,1.0,0.0
G011767,35.24511610302931,128.47878448700337,0.0,0.0,1,1,1,1.0,0.0
G011803,35.117983716050475,128.47835878634484,0.0,0.0,1,1,1,1.0,0.0
G011804,35.118885310722135,128.47836956622547,0.0,0.0,1,1,1,1.0,0.0
G011805,35.119786905256554,128.47838034658483,0.0,0.0,1,1,1,1.0,0.0
G011806,35.120688499653696,128.47839112742295,0.0,0.0,1,1,1,1.0,0.0
G011807,35.12159009391359,128.4784019087398,0.0,0.0,1,1,1,1.0,0.0
G011808,35.12249168803621,128.47841269053552,0.0,0.0,1,1,1,1.0,0.0
G011911,35.23969775456537,128.47981840884188,0.0,0.0,1,1,1,1.0,0.0
G011912,35.2405993306923,128.47982925354273,0.0,0.0,1,1,1,1.0,0.0
G011913,35.24150090668176,128.47984009872522,0.0,0.0,1,1,1,1.0,0.0
G011914,35.24240248253372,128.47985094438926,0.0,0.0,1,1,1,1.0,0.0
G011915,35.243304058248206,128.47986179053498,0.0,0.0,1,1,1,1.0,0.0
G011916,35.24420563382521,128.47987263716234,0.0,0.0,1,1,1,1.0,0.0
G011917,35.24510720926473,128.47988348427137,0.0,0.0,1,1,1,1.0,0.0
G011950,35.117073259396506,128.47944528227256,0.0,0.0,1,1,1,1.0,0.0
G011951,35.117974853910816,128.4794560737595,0.0,0.0,1,1,1,1.0,0.0
G011952,35.11887644828789,128.4794668657257,0.0,0.0,1,1,1,1.0,0.0
G011953,35.119778042527685,128.4794776581712,0.0,0.0,1,1,1,1.0,0.0
G011954,35.120679636630214,128.4794884510959,0.0,0.0,1,1,1,1.0,0.0
G011955,35.121581230595474,128.47949924449998,0.0,0.0,1,1,1,1.0,0.0
G011956,35.12248282442347,128.47951003838338,0.0,0.0,1,1,1,1.0,0.0
G012060,35.239688852596124,128.4809173326708,0.0,0.0,1,1,1,1.0,0.0
G012061,35.240590428427595,128.48092818952986,0.0,0.0,1,1,1,1.0,0.0
G012062,35.241492004121575,128.4809390468711,0.0,0.0,1,1,1,1.0,0.0
G012063,35.24239357967806,128.48094990469446,0.0,0.0,1,1,1,1.0,0.0
G012064,35.24329515509706,128.480960763,0.0,0.0,1,1,1,1.0,0.0
G012065,35.244196730378576,128.48097162178775,0.0,0.0,1,1,1,1.0,0.0
G012066,35.24509830552258,128.4809824810577,0.0,0.0,1,1,1,1.0,0.0
G012095,35.117064387620836,128.480542557123,0.0,0.0,1,1,1,1.0,0.0
G012096,35.11796598184023,128.48055336069496,0.0,0.0,1,1,1,1.0,0.0
G012097,35.11886757592236,128.48056416474665,0.0,0.0,0,1,1,0.6450837471053786,0.0
G012098,35.11976916986721,128.48057496927822,0.0,0.0,1,1,1,1.0,0.0
G012099,35.120670763674795,128.4805857742896,0.0,0.0,1,1,1,1.0,0.0
G012100,35.1215723573451,128.4805965797808,0.0,0.0,1,1,1,1.0,0.0
G012101,35.12247395087813,128.4806073857519,0.0,0.0,1,1,1,1.0,0.0
G012208,35.240581516186985,128.48202712503488,0.0,0.0,1,1,1,1.0,0.0
G012209,35.24148309158516,128.48203799453483,0.0,0.0,1,1,1,1.0,0.0
G012210,35.24238466684584,128.48204886451745,0.0,0.0,1,1,1,1.0,0.0
G012211,35.24328624196901,128.48205973498284,0.0,0.0,1,1,1,1.0,0.0
G012212,35.24418781695469,128.48207060593091,0.0,0.0,1,1,1,1.0,0.0
G012246,35.11795709983871,128.4816506471506,0.0,0.0,0,1,1,0.6450837471053786,0.0
G012247,35.118858693625576,128.48166146328785,0.0,0.0,1,1,1,1.0,0.0
G012248,35.11976028727515,128.48167227990544,0.0,0.0,1,1,1,1.0,0.0
G012249,35.12066188078745,128.4816830970034,0.0,0.0,1,1,1,1.0,0.0
G012250,35.12156347416247,128.48169391458177,0.0,0.0,1,1,1,1.0,0.0
G012251,35.12246506740022,128.48170473264054,0.0,0.0,1,1,1,1.0,0.0
G012396,35.11704661427772,128.482737105384,0.0,0.0,1,1,1,1.0,0.0
G012397,35.11794820790627,128.4827479331259,0.0,0.0,1,1,1,1.0,0.0
G012398,35.11884980139754,128.48275876134866,0.0,0.0,1,1,1,1.0,0.0
G012399,35.11975139475152,128.4827695900523,0.0,0.0,1,1,1,1.0,0.0
G012400,35.12065298796821,128.48278041923686,0.0,0.0,1,1,1,1.0,0.0
G012401,35.121554581047626,128.48279124890234,0.0,0.0,1,1,1,1.0,0.0
G012402,35.12245617398974,128.48280207904875,0.0,0.0,1,1,1,1.0,0.0
G012548,35.11613611924039,128.48382353944803,0.0,0.0,1,1,0,0.8164340144256376,0.0
G012549,35.11703771271031,128.4838343787935,0.0,0.0,1,1,1,1.0,0.0
G012550,35.11793930604292,128.48384521862036,0.0,0.0,1,1,1,1.0,0.0
G012551,35.11884089923827,128.4838560589286,0.0,0.0,1,1,1,1.0,0.0
G012552,35.11974249229632,128.48386689971827,0.0,0.0,1,1,1,1.0,0.0
G012553,35.12064408521709,128.48387774098939,0.0,0.0,1,1,1,1.0,0.0
G012554,35.12154567800054,128.48388858274194,0.0,0.0,0,1,1,0.6450837471053786,0.0
G012705,35.11612720803865,128.48492080029177,0.0,0.0,1,0,0,0.35491625289462136,0.0
G012706,35.11702880121232,128.48493165172164,0.0,0.0,1,0,1,0.5384822384689838,0.0
G012707,35.11793039424871,128.48494250363342,0.0,0.0,1,0,1,0.5384822384689838,0.0
G012708,35.11883198714779,128.48495335602712,0.0,0.0,1,1,1,1.0,0.0
G012709,35.11973357990957,128.4849642089028,0.0,0.0,1,1,1,1.0,0.0
G012710,35.12063517253407,128.48497506226045,0.0,0.0,1,1,1,1.0,0.0
G012711,35.12153676502125,128.48498591610007,0.0,0.0,1,1,1,1.0,0.0
G012712,35.122438357371124,128.48499677042173,0.0,0.0,1,1,1,1.0,0.0
G012865,35.11611828690671,128.48601806065363,0.0,0.0,1,1,1,1.0,0.0
G012866,35.117019879783804,128.4860289241679,0.0,0.0,0,1,1,0.6450837471053786,0.0
G012867,35.117921472523605,128.48603978816456,0.0,0.0,1,0,1,0.5384822384689838,0.0
G012868,35.1188230651261,128.4860506526437,0.0,0.0,0,0,1,0.18356598557436246,0.0
G012869,35.11972465759129,128.48606151760535,0.0,0.0,1,0,1,0.5384822384689838,0.0
G012870,35.12062624991919,128.4860723830495,0.0,0.0,1,0,1,0.5384822384689838,0.0
G012871,35.121527842109764,128.4860832489762,0.0,0.0,1,1,1,1.0,0.0
G012872,35.12242943416304,128.48609411538544,0.0,0.0,1,1,1,1.0,0.0
G012873,35.12333102607901,128.48610498227723,0.0,0.0,1,1,1,1.0,0.0
G013027,35.116109355844564,128.4871153205331,0.0,0.0,1,1,1,1.0,0.0
G013028,35.117010948424756,128.48712619613167,0.0,0.0,0,1,1,0.6450837471053786,0.0
G013029,35.11791254086764,128.48713707221324,0.0,0.0,1,0,1,0.5384822384689838,0.0
G013030,35.118814133173224,128.4871479487778,0.0,0.0,0,1,1,0.6450837471053786,0.0
G013031,35.11971572534149,128.48715882582542,0.0,0.0,1,1,1,1.0,0.0
G013032,35.12061731737245,128.48716970335605,19.38,0.1938,1,0,1,0.5384822384689838,0.10435785781528906
G013033,35.1215189092661,128.48718058136976,11.81,0.11810000000000001,1,0,1,0.5384822384689838,0.063594752363187
G013034,35.12242050102244,128.48719145986655,0.0,0.0,1,0,1,0.5384822384689838,0.0
G013035,35.12332209264146,128.4872023388465,0.0,0.0,1,0,1,0.5384822384689838,0.0
G013190,35.11610041485223,128.48821257992958,0.0,0.0,1,0,1,0.5384822384689838,0.0
G013191,35.117002007135184,128.48822346761247,0.0,0.0,1,0,1,0.5384822384689838,0.0
G013192,35.11790359928084,128.4882343557789,0.0,0.0,0,0,1,0.18356598557436246,0.0
G013193,35.118805191289184,128.48824524442887,0.0,0.0,1,0,1,0.5384822384689838,0.0
G013194,35.11970678316019,128.4882561335624,0.0,0.0,1,0,1,0.5384822384689838,0.0
G013195,35.12060837489389,128.4882670231795,19.59,0.1959,1,0,1,0.5384822384689838,0.10548867051607393
G013196,35.12150996649028,128.48827791328023,11.18,0.1118,1,0,1,0.5384822384689838,0.06020231426083239
G013197,35.122411557949334,128.48828880386458,0.0,0.0,1,0,1,0.5384822384689838,0.0
G013198,35.12331314927108,128.48829969493255,0.0,0.0,1,0,1,0.5384822384689838,0.0
G013368,35.116993055915124,128.48932073860976,0.0,0.0,0,0,1,0.18356598557436246,0.0
G013369,35.11789464776321,128.48933163886102,0.0,0.0,1,1,1,1.0,0.0
G013370,35.118796239473966,128.48934253959638,0.0,0.0,0,1,1,0.6450837471053786,0.0
G013371,35.1196978310474,128.4893534408158,0.0,0.0,0,0,1,0.18356598557436246,0.0
G013372,35.120599422483515,128.4893643425194,0.0,0.0,0,0,1,0.18356598557436246,0.0
G013373,35.12150101378229,128.48937524470708,0.0,0.0,1,1,1,1.0,0.0
G013374,35.12240260494376,128.48938614737895,0.0,0.0,1,1,1,1.0,0.0
G013375,35.12330419596789,128.489397050535,0.0,0.0,1,1,1,1.0,0.0
G013493,35.229690972165955,128.49068702840364,0.0,0.0,1,1,1,1.0,0.0
G013494,35.23059254683617,128.49069798933024,0.0,0.0,1,1,1,1.0,0.0
G013495,35.23149412136887,128.4907089507436,0.0,0.0,1,1,1,1.0,0.0
G013496,35.232395695764026,128.49071991264373,0.0,0.0,1,1,1,1.0,0.0
G013497,35.23329727002167,128.49073087503066,0.0,0.0,1,1,1,1.0,0.0
G013565,35.11788568631475,128.49042892145906,0.0,0.0,1,0,1,0.5384822384689838,0.0
G013566,35.118787277727606,128.49043983427978,0.0,0.0,1,1,1,1.0,0.0
G013567,35.119688869003134,128.49045074758513,0.0,0.0,1,1,1,1.0,0.0
G013568,35.120590460141315,128.49046166137512,0.0,0.0,0,1,1,0.6450837471053786,0.0
G013569,35.121492051142184,128.49047257564976,0.0,0.0,1,1,1,1.0,0.0
G013570,35.12239364200571,128.49048349040913,0.0,0.0,1,1,1,1.0,0.0
G013571,35.12329523273191,128.49049440565324,0.0,0.0,1,1,1,1.0,0.0
G013688,35.22878039921879,128.49177484109336,0.0,0.0,1,1,1,1.0,0.0
G013689,35.22968197372783,128.49178581368474,0.0,0.0,1,1,1,1.0,0.0
G013690,35.23058354809935,128.49179678676342,0.0,0.0,1,1,1,1.0,0.0
G013691,35.23148512233332,128.49180776032938,0.0,0.0,1,1,1,1.0,0.0
G013692,35.23238669642976,128.49181873438266,0.0,0.0,1,1,1,1.0,0.0
G013693,35.233288270388684,128.49182970892326,0.0,0.0,0,1,1,0.6450837471053786,0.0
G013694,35.23418984421004,128.49184068395124,0.0,0.0,1,1,1,1.0,0.0
G013754,35.10976238872416,128.4914279012474,0.0,0.0,1,0,1,0.5384822384689838,0.0
G013755,35.1106639810747,128.49143882178785,0.0,0.0,1,1,1,1.0,0.0
G013756,35.11156557328793,128.49144974281327,0.0,0.0,1,1,1,1.0,0.0
G013765,35.119679897027396,128.49154805386976,0.0,0.0,1,1,1,1.0,0.0
G013766,35.12058148786734,128.49155897974615,0.0,0.0,1,1,1,1.0,0.0
G013767,35.121483078569945,128.49156990610777,0.0,0.0,1,1,1,1.0,0.0
G013768,35.122384669135215,128.4915808329546,0.0,0.0,1,1,1,1.0,0.0
G013886,35.22877139110791,128.49287361373567,0.0,0.0,1,1,1,1.0,0.0
G013887,35.229672965317924,128.49288459847855,0.0,0.0,1,1,1,1.0,0.0
G013888,35.23057453939039,128.49289558370927,0.0,0.0,1,1,1,1.0,0.0
G013889,35.23147611332532,128.49290656942782,0.0,0.0,1,0,1,0.5384822384689838,0.0
G013890,35.232377687122714,128.49291755563422,0.0,0.0,1,0,1,0.5384822384689838,0.0
G013891,35.23327926078257,128.4929285423285,0.0,0.0,1,1,1,1.0,0.0
G013892,35.23418083430487,128.4929395295107,0.0,0.0,1,1,1,1.0,0.0
G013951,35.10885181791155,128.49251414199657,0.0,0.0,1,0,1,0.5384822384689838,0.0
G013952,35.10975341010092,128.49252507413203,0.0,0.0,1,0,1,0.5384822384689838,0.0
G013953,35.11065500215297,128.49253600675294,0.0,0.0,1,1,1,1.0,0.0
G013954,35.111556594067686,128.49254693985938,0.0,0.0,1,1,1,1.0,0.0
G013955,35.11245818584507,128.49255787345137,0.0,0.0,1,1,1,1.0,0.0
G014084,35.228762373025596,128.4939723858902,0.0,0.0,1,1,1,1.0,0.0
G014085,35.22966394693625,128.4939833827846,0.0,0.0,1,1,1,1.0,0.0
G014086,35.23056552070934,128.49399438016732,0.0,0.0,1,0,1,0.5384822384689838,0.0
G014087,35.2314670943449,128.49400537803845,0.0,0.0,0,0,1,0.18356598557436246,0.0
G014088,35.2323686678429,128.49401637639792,0.0,0.0,1,0,1,0.5384822384689838,0.0
G014089,35.23327024120337,128.49402737524585,0.0,0.0,1,1,1,1.0,0.0
G014090,35.234171814426276,128.4940383745822,0.0,0.0,1,1,1,1.0,0.0
G014146,35.107941237631465,128.4936003585864,0.0,0.0,1,1,1,1.0,0.0
G014147,35.10884282965934,128.49361130231577,0.0,0.0,1,0,1,0.5384822384689838,0.0
G014148,35.10974442154988,128.49362224653115,0.0,0.0,1,1,1,1.0,0.0
G014149,35.11064601330309,128.49363319123253,0.0,0.0,1,1,1,1.0,0.0
G014150,35.11154760491897,128.49364413642,0.0,0.0,1,1,1,1.0,0.0
G014151,35.1124491963975,128.4936550820935,0.0,0.0,1,1,1,1.0,0.0
G014152,35.11335078773871,128.49366602825313,0.0,0.0,1,1,1,1.0,0.0
G014277,35.226048623313716,128.49503813335198,0.0,0.0,1,1,1,1.0,0.0
G014278,35.2269501973373,128.4950491409313,0.0,0.0,1,1,1,1.0,0.0
G014279,35.22785177122336,128.4950601489994,0.0,0.0,1,1,1,1.0,0.0
G014280,35.22875334497186,128.4950711575564,0.0,0.0,1,0,1,0.5384822384689838,0.0
G014281,35.2296549185828,128.49508216660226,0.0,0.0,0,0,1,0.18356598557436246,0.0
G014282,35.23055649205621,128.49509317613698,0.0,0.0,0,0,1,0.18356598557436246,0.0
G014283,35.23145806539205,128.49510418616063,0.0,0.0,0,0,1,0.18356598557436246,0.0
G014284,35.23235963859034,128.49511519667323,0.0,0.0,1,0,1,0.5384822384689838,0.0
G014285,35.23326121165109,128.49512620767476,0.0,0.0,1,1,1,1.0,0.0
G014286,35.234162784574266,128.4951372191653,0.0,0.0,1,1,1,1.0,0.0
G014295,35.242276934692526,128.49523634458745,0.0,0.0,1,1,1,1.0,0.0
G014296,35.24317850624003,128.49524736096893,0.0,0.0,1,1,1,1.0,0.0
G014297,35.244080077649976,128.4952583778396,0.0,0.0,1,1,1,1.0,0.0
G014339,35.10793223975096,128.49469750634023,0.0,0.0,1,0,1,0.5384822384689838,0.0
G014340,35.10883383147968,128.49470846214896,0.0,0.0,1,1,1,1.0,0.0
G014341,35.10973542307105,128.49471941844425,0.0,0.0,1,0,1,0.5384822384689838,0.0
G014342,35.110637014525096,128.49473037522606,0.0,0.0,0,0,1,0.18356598557436246,0.0
G014343,35.1115386058418,128.4947413324945,0.0,0.0,1,1,1,1.0,0.0
G014344,35.11244019702116,128.49475229024955,0.0,0.0,1,1,1,1.0,0.0
G014345,35.11334178806319,128.4947632484912,0.0,0.0,1,1,1,1.0,0.0
G014470,35.226039586188605,128.49613686807822,0.0,0.0,1,1,1,1.0,0.0
G014471,35.22694115991219,128.49614788780735,0.0,0.0,1,1,1,1.0,0.0
G014472,35.22784273349822,128.49615890802585,0.0,0.0,0,0,1,0.18356598557436246,0.0
G014473,35.22874430694671,128.49616992873374,0.0,0.0,1,0,1,0.5384822384689838,0.0
G014474,35.22964588025763,128.49618094993104,0.0,0.0,1,0,1,0.5384822384689838,0.0
G014475,35.23054745343099,128.49619197161775,0.0,0.0,1,1,1,1.0,0.0
G014476,35.231449026466805,128.49620299379393,0.0,0.0,1,0,0,0.35491625289462136,0.0
G014477,35.23235059936504,128.49621401645956,0.0,0.0,1,1,1,1.0,0.0
G014478,35.233252172125745,128.4962250396147,0.0,0.0,1,1,1,1.0,0.0
G014479,35.23415374474885,128.49623606325937,0.0,0.0,1,1,1,1.0,0.0
G014487,35.241366320781324,128.49632427004178,0.0,0.0,1,1,1,1.0,0.0
G014488,35.24226789216629,128.49633529809307,0.0,0.0,1,1,1,1.0,0.0
G014489,35.243169463413686,128.49634632663407,0.0,0.0,1,1,1,1.0,0.0
G014490,35.2440710345235,128.49635735566483,0.0,0.0,1,1,1,1.0,0.0
G014491,35.24497260549572,128.49636838518535,0.0,0.0,1,1,1,1.0,0.0
G014492,35.24587417633036,128.49637941519572,0.0,0.0,1,1,1,1.0,0.0
G014493,35.24677574702741,128.49639044569585,0.0,0.0,1,1,1,1.0,0.0
G014494,35.24767731758687,128.49640147668586,0.0,0.0,1,1,1,1.0,0.0
G014532,35.10792323194333,128.49579465360753,0.0,0.0,1,0,1,0.5384822384689838,0.0
G014533,35.108824823372565,128.4958056214956,0.0,0.0,1,1,1,1.0,0.0
G014534,35.10972641466446,128.49581658987074,0.0,0.0,1,1,1,1.0,0.0
G014535,35.11062800581898,128.49582755873303,0.0,0.0,1,1,1,1.0,0.0
G014536,35.111529596836185,128.4958385280824,0.0,0.0,1,1,1,1.0,0.0
G014537,35.11243118771604,128.49584949791893,0.0,0.0,1,1,1,1.0,0.0
G014538,35.11333277845854,128.49586046824265,0.0,0.0,1,1,1,1.0,0.0
G014662,35.22512896553228,128.49722457092608,0.0,0.0,1,1,1,1.0,0.0
G014663,35.22603053909308,128.49723560231513,0.0,0.0,1,1,1,1.0,0.0
G014664,35.22693211251633,128.49724663419406,0.0,0.0,1,0,1,0.5384822384689838,0.0
G014665,35.22783368580204,128.49725766656292,0.0,0.0,1,0,1,0.5384822384689838,0.0
G014666,35.22873525895015,128.49726869942165,0.0,0.0,1,0,0,0.35491625289462136,0.0
G014667,35.22963683196072,128.49727973277035,0.0,0.0,1,0,1,0.5384822384689838,0.0
G014668,35.23053840483373,128.49729076660907,0.0,0.0,1,0,1,0.5384822384689838,0.0
G014669,35.23143997756916,128.49730180093772,0.0,0.0,1,0,0,0.35491625289462136,0.0
G014670,35.23234155016703,128.49731283575642,0.0,0.0,1,1,1,1.0,0.0
G014671,35.23324312262734,128.49732387106513,0.0,0.0,0,0,1,0.18356598557436246,0.0
G014679,35.24045569735707,128.4974121711787,0.0,0.0,1,1,1,1.0,0.0
G014680,35.241357268579186,128.4974232108987,0.0,0.0,1,1,1,1.0,0.0
G014681,35.2422588396637,128.49743425110896,0.0,0.0,1,1,1,1.0,0.0
G014682,35.24316041061064,128.49744529180947,0.0,0.0,1,1,1,1.0,0.0
G014683,35.24406198141999,128.49745633300026,0.0,0.0,1,1,1,1.0,0.0
G014684,35.244963552091754,128.4974673746814,0.0,0.0,1,1,1,1.0,0.0
G014685,35.245865122625915,128.49747841685289,0.0,0.0,1,1,1,1.0,0.0
G014686,35.24676669302249,128.4974894595147,0.0,0.0,1,1,1,1.0,0.0
G014687,35.247668263281454,128.4975005026669,0.0,0.0,0,1,1,0.6450837471053786,0.0
G014688,35.248569833402826,128.49751154630954,0.0,0.0,1,1,1,1.0,0.0
G014727,35.107914214208606,128.49689180038774,0.0,0.0,1,1,1,1.0,0.0
G014728,35.108815805338025,128.49690278035516,0.0,0.0,1,1,1,1.0,0.0
G014729,35.1097173963301,128.49691376081017,0.0,0.0,1,1,1,1.0,0.0
G014730,35.1106189871848,128.49692474175285,0.0,0.0,1,1,1,1.0,0.0
G014731,35.11152057790216,128.49693572318316,0.0,0.0,1,1,1,1.0,0.0
G014732,35.112422168482176,128.49694670510118,0.0,0.0,1,1,1,1.0,0.0
G014733,35.11332375892483,128.49695768750686,0.0,0.0,1,1,1,1.0,0.0
G014852,35.220612040402905,128.49826808218793,0.0,0.0,1,1,1,1.0,0.0
G014853,35.22151361435084,128.49827912327447,0.0,0.0,1,1,1,1.0,0.0
G014854,35.22241518816123,128.49829016485128,0.0,0.0,1,1,1,1.0,0.0
G014855,35.223316761834056,128.49830120691843,0.0,0.0,1,1,1,1.0,0.0
G014856,35.22421833536932,128.49831224947596,0.0,0.0,1,1,1,1.0,0.0
G014857,35.225119908767034,128.49832329252385,0.0,0.0,1,1,1,1.0,0.0
G014858,35.22602148202717,128.49833433606213,0.0,0.0,1,1,1,1.0,0.0
G014859,35.226923055149754,128.49834538009085,0.0,0.0,1,1,1,1.0,0.0
G014860,35.22782462813477,128.49835642461002,0.0,0.0,1,0,1,0.5384822384689838,0.0
G014861,35.228726200982216,128.49836746961964,0.0,0.0,1,0,1,0.5384822384689838,0.0
G014862,35.2296277736921,128.49837851511975,0.0,0.0,1,0,1,0.5384822384689838,0.0
G014863,35.230529346264404,128.49838956111037,0.0,0.0,0,0,1,0.18356598557436246,0.0
G014864,35.23143091869915,128.49840060759152,0.0,0.0,1,0,1,0.5384822384689838,0.0
G014865,35.232332490996306,128.49841165456323,0.0,0.0,1,1,1,1.0,0.0
G014866,35.233234063155905,128.4984227020255,0.0,0.0,0,0,1,0.18356598557436246,0.0
G014874,35.24044663547969,128.49851109938692,0.0,0.0,1,1,1,1.0,0.0
G014875,35.24134820640103,128.49852215126535,0.0,0.0,1,1,1,1.0,0.0
G014876,35.242249777184774,128.49853320363457,0.0,0.0,1,1,1,1.0,0.0
G014877,35.243151347830924,128.49854425649457,0.0,0.0,1,1,1,1.0,0.0
G014878,35.24405291833947,128.49855530984541,0.0,0.0,1,1,1,1.0,0.0
G014879,35.244954488710434,128.4985663636871,0.0,0.0,1,1,1,1.0,0.0
G014880,35.24585605894379,128.49857741801972,0.0,0.0,1,1,1,1.0,0.0
G014881,35.24675762903954,128.49858847284318,0.0,0.0,1,1,1,1.0,0.0
G014882,35.2476591989977,128.49859952815757,0.0,0.0,1,1,1,1.0,0.0
G014883,35.24856076881826,128.49861058396291,0.0,0.0,1,1,1,1.0,0.0
G014920,35.108806777376074,128.4979999387271,0.0,0.0,1,1,1,1.0,0.0
G014921,35.109708368067984,128.49801093126197,0.0,0.0,1,1,1,1.0,0.0
G014922,35.11060995862254,128.498021924285,0.0,0.0,1,1,1,1.0,0.0
G014923,35.11151154903973,128.49803291779622,0.0,0.0,1,1,1,1.0,0.0
G014924,35.11241313931957,128.4980439117957,0.0,0.0,1,1,1,1.0,0.0
G015044,35.22060297517248,128.49936674255733,0.0,0.0,1,1,1,1.0,0.0
G015045,35.22150454881946,128.49937779579037,0.0,0.0,1,1,1,1.0,0.0
G015046,35.22240612232888,128.49938884951425,0.0,0.0,1,1,1,1.0,0.0
G015047,35.22330769570073,128.499399903729,0.0,0.0,1,1,1,1.0,0.0
G015048,35.224209268935034,128.49941095843465,0.0,0.0,1,1,1,1.0,0.0
G015049,35.22511084203175,128.49942201363123,0.0,0.0,1,1,1,1.0,0.0
G015050,35.2260124149909,128.49943306931874,0.0,0.0,1,1,1,1.0,0.0
G015051,35.22691398781247,128.4994441254972,0.0,0.0,1,1,1,1.0,0.0
G015052,35.227815560496495,128.49945518216666,0.0,0.0,1,1,1,1.0,0.0
G015053,35.228717133042935,128.49946623932712,0.0,0.0,1,1,1,1.0,0.0
G015054,35.22961870545178,128.4994772969786,0.0,0.0,1,0,1,0.5384822384689838,0.0
G015055,35.230520277723066,128.49948835512114,0.0,0.0,1,1,1,1.0,0.0
G015056,35.23142184985677,128.49949941375473,0.0,0.0,1,0,1,0.5384822384689838,0.0
G015057,35.23232342185289,128.49951047287945,0.0,0.0,1,1,1,1.0,0.0
G015058,35.23322499371145,128.49952153249527,0.0,0.0,1,1,1,1.0,0.0
G015059,35.234126565432405,128.4995325926022,0.0,0.0,1,0,1,0.5384822384689838,0.0
G015060,35.235028137015775,128.4995436532003,0.0,0.0,1,1,1,1.0,0.0
G015061,35.235929708461555,128.4995547142896,0.0,0.0,1,1,1,1.0,0.0
G015066,35.24043756362662,128.4996100271044,0.0,0.0,1,1,1,1.0,0.0
G015067,35.241339134246864,128.49962109114122,0.0,0.0,1,1,1,1.0,0.0
G015068,35.2422407047295,128.49963215566933,0.0,0.0,1,1,1,1.0,0.0
G015069,35.24314227507453,128.49964322068882,0.0,0.0,1,1,1,1.0,0.0
G015070,35.24404384528197,128.4996542861997,0.0,0.0,1,1,0,0.8164340144256376,0.0
G015071,35.24494541535179,128.49966535220196,0.0,0.0,1,1,1,1.0,0.0
G015072,35.24584698528402,128.4996764186956,0.0,0.0,1,1,1,1.0,0.0
G015073,35.246748555078625,128.49968748568074,0.0,0.0,1,1,1,1.0,0.0
G015074,35.247650124735635,128.4996985531573,0.0,0.0,1,1,1,1.0,0.0
G015075,35.24855169425503,128.49970962112536,0.0,0.0,1,1,1,1.0,0.0
G015120,35.11601045877189,128.49918514721347,0.0,0.0,1,1,1,1.0,0.0
G015121,35.116912048064364,128.49919615573845,0.0,0.0,1,1,1,1.0,0.0
G015122,35.11781363721947,128.4992071647523,0.0,0.0,1,1,1,1.0,0.0
G015123,35.11871522623719,128.4992181742551,0.0,0.0,1,1,1,1.0,0.0
G015235,35.219692326490424,128.5004543375477,0.0,0.0,1,1,1,1.0,0.0
G015236,35.22059389997368,128.50046540243588,0.0,0.0,1,1,1,1.0,0.0
G015237,35.22149547331937,128.5004764678154,0.0,0.0,1,1,1,1.0,0.0
G015238,35.22239704652749,128.50048753368634,0.0,0.0,1,1,1,1.0,0.0
G015239,35.22329861959805,128.50049860004867,0.0,0.0,1,1,1,1.0,0.0
G015240,35.224200192531015,128.50050966690242,0.0,0.0,1,1,1,1.0,0.0
G015241,35.22510176532642,128.50052073424766,0.0,0.0,1,1,1,1.0,0.0
G015242,35.22600333798426,128.50053180208437,0.0,0.0,1,1,1,1.0,0.0
G015243,35.22690491050451,128.50054287041257,0.0,0.0,1,1,1,1.0,0.0
G015244,35.22780648288718,128.50055393923233,0.0,0.0,1,1,1,1.0,0.0
G015245,35.22870805513228,128.5005650085436,0.0,0.0,1,1,1,1.0,0.0
G015246,35.22960962723979,128.50057607834643,0.0,0.0,1,1,1,1.0,0.0
G015247,35.23051119920971,128.50058714864085,0.0,0.0,1,1,1,1.0,0.0
G015248,35.231412771042045,128.5005982194269,0.0,0.0,1,0,0,0.35491625289462136,0.0
G015249,35.2323143427368,128.50060929070457,0.0,0.0,0,0,1,0.18356598557436246,0.0
G015250,35.23321591429398,128.5006203624739,0.0,0.0,0,0,0,0.0,0.0
G015251,35.234117485713554,128.5006314347349,0.0,0.0,0,0,1,0.18356598557436246,0.0
G015252,35.23501905699553,128.50064250748758,0.0,0.0,1,1,1,1.0,0.0
G015253,35.23592062813993,128.50065358073198,0.0,0.0,1,1,1,1.0,0.0
G015254,35.23682219914672,128.50066465446812,0.0,0.0,1,1,1,1.0,0.0
G015258,35.24042848179793,128.50070895433058,0.0,0.0,1,1,1,1.0,0.0
G015259,35.24133005211672,128.50072003052574,0.0,0.0,1,1,1,1.0,0.0
G015260,35.242231622297915,128.5007311072128,0.0,0.0,1,1,1,1.0,0.0
G015261,35.243133192341496,128.50074218439173,0.0,0.0,1,1,0,0.8164340144256376,0.0
G015262,35.24403476224748,128.50075326206257,0.0,0.0,0,0,1,0.18356598557436246,0.0
G015263,35.24493633201583,128.50076434022534,0.0,0.0,0,1,1,0.6450837471053786,0.0
G015264,35.245837901646595,128.5007754188801,0.0,0.0,1,1,1,1.0,0.0
G015265,35.24673947113974,128.50078649802683,0.0,0.0,1,1,1,1.0,0.0
G015266,35.24764104049527,128.50079757766554,0.0,0.0,1,1,1,1.0,0.0
G015267,35.24854260971317,128.50080865779628,0.0,0.0,1,1,1,1.0,0.0
G015311,35.11509981941948,128.5002713811423,0.0,0.0,1,1,1,1.0,0.0
G015312,35.11600140854847,128.50028240126198,0.0,0.0,1,1,1,1.0,0.0
G015313,35.11690299754007,128.50029342187105,0.0,0.0,1,1,1,1.0,0.0
G015314,35.117804586394314,128.50030444296954,0.0,0.0,1,1,1,1.0,0.0
G015315,35.11870617511116,128.50031546455747,0.0,0.0,1,1,1,1.0,0.0
G015316,35.11960776369062,128.50032648663486,0.0,0.0,1,1,1,1.0,0.0
G015427,35.21968324162487,128.50155298478893,0.0,0.0,0,0,1,0.18356598557436246,0.0
G015428,35.22058481480652,128.50156406182305,0.0,0.0,1,0,1,0.5384822384689838,0.0
G015429,35.22148638785059,128.50157513934906,11.81,0.11810000000000001,1,0,1,0.5384822384689838,0.063594752363187
G015430,35.22238796075709,128.501586217367,4.55,0.0455,1,1,1,1.0,0.0455
G015431,35.223289533526,128.50159729587688,0.0,0.0,1,1,1,1.0,0.0
G015432,35.224191106157335,128.50160837487874,0.0,0.0,1,1,0,0.8164340144256376,0.0
G015433,35.225092678651095,128.50161945437262,0.0,0.0,1,1,1,1.0,0.0
G015434,35.22599425100726,128.5016305343585,0.0,0.0,1,1,1,1.0,0.0
G015435,35.22689582322585,128.50164161483644,0.0,0.0,1,1,1,1.0,0.0
G015436,35.22779739530686,128.50165269580643,0.0,0.0,1,1,1,1.0,0.0
G015437,35.22869896725028,128.50166377726848,0.0,0.0,1,1,1,1.0,0.0
G015438,35.229600539056115,128.50167485922267,0.0,0.0,1,0,1,0.5384822384689838,0.0
G015439,35.230502110724345,128.50168594166897,0.0,0.0,1,0,1,0.5384822384689838,0.0
G015440,35.23140368225499,128.50169702460744,0.0,0.0,1,0,1,0.5384822384689838,0.0
G015441,35.23230525364805,128.50170810803803,0.0,0.0,0,0,0,0.0,0.0
G015442,35.23320682490351,128.50171919196086,0.0,0.0,0,0,1,0.18356598557436246,0.0
G015443,35.23410839602138,128.50173027637587,0.0,0.0,0,0,0,0.0,0.0
G015444,35.235009967001645,128.50174136128314,0.0,0.0,1,0,1,0.5384822384689838,0.0
G015445,35.235911537844316,128.50175244668267,0.0,0.0,1,0,1,0.5384822384689838,0.0
G015446,35.23681310854936,128.50176353257447,0.0,0.0,1,0,1,0.5384822384689838,0.0
G015447,35.23771467911683,128.50177461895856,0.0,0.0,1,1,1,1.0,0.0
G015450,35.24041938999357,128.50180788106488,0.0,0.0,1,1,1,1.0,0.0
G015451,35.241320960010604,128.50181896941842,0.0,0.0,1,1,1,1.0,0.0
G015452,35.24222252989003,128.50183005826435,0.0,0.0,1,1,1,1.0,0.0
G015453,35.24312409963183,128.5018411476027,2.08,0.0208,1,1,1,1.0,0.0208
G015454,35.24402566923602,128.50185223743352,0.0,0.0,1,0,0,0.35491625289462136,0.0
G015455,35.244927238702594,128.5018633277568,0.0,0.0,1,1,1,1.0,0.0
G015456,35.24582880803155,128.5018744185726,0.0,0.0,1,1,1,1.0,0.0
G015457,35.24673037722289,128.5018855098809,0.0,0.0,1,1,1,1.0,0.0
G015458,35.2476319462766,128.50189660168175,0.0,0.0,1,1,1,1.0,0.0
G015459,35.24853351519269,128.50190769397514,0.0,0.0,1,1,1,1.0,0.0
G015502,35.11418917060204,128.5013575909046,0.0,0.0,1,1,1,1.0,0.0
G015503,35.11509075956724,128.5013686226179,0.0,0.0,1,1,1,1.0,0.0
G015504,35.11599234839504,128.50137965482108,0.0,0.0,1,1,1,1.0,0.0
G015505,35.11689393708545,128.50139068751423,0.0,0.0,1,1,1,1.0,0.0
G015506,35.11779552563848,128.50140172069732,0.0,0.0,1,1,1,1.0,0.0
G015507,35.11869711405412,128.5014127543704,0.0,0.0,1,1,1,1.0,0.0
G015508,35.11959870233236,128.50142378853346,0.0,0.0,1,1,1,1.0,0.0
G015619,35.21967414679133,128.50265163153827,0.0,0.0,1,1,1,1.0,0.0
G015620,35.22057571967102,128.5026627207183,0.0,0.0,1,1,1,1.0,0.0
G015621,35.22147729241313,128.50267381039075,4.17,0.0417,1,1,1,1.0,0.0417
G015622,35.22237886501766,128.50268490055572,15.07,0.1507,1,0,1,0.5384822384689838,0.08114927333727585
G015623,35.22328043748461,128.50269599121313,0.0,0.0,1,0,1,0.5384822384689838,0.0
G015624,35.22418200981397,128.50270708236306,0.0,0.0,1,0,1,0.5384822384689838,0.0
G015625,35.22508358200576,128.50271817400557,0.0,0.0,1,0,1,0.5384822384689838,0.0
G015626,35.22598515405995,128.5027292661406,0.0,0.0,1,1,0,0.8164340144256376,0.0
G015627,35.22688672597655,128.50274035876822,1.39,0.0139,1,1,1,1.0,0.0139
G015628,35.22778829775556,128.50275145188843,0.0,0.0,0,0,0,0.0,0.0
G015629,35.22868986939696,128.5027625455013,0.0,0.0,1,0,1,0.5384822384689838,0.0
G015630,35.229591440900776,128.50277363960677,0.0,0.0,0,0,0,0.0,0.0
G015631,35.230493012267004,128.50278473420494,0.0,0.0,1,1,1,1.0,0.0
G015632,35.23139458349562,128.50279582929576,0.0,0.0,1,0,1,0.5384822384689838,0.0
G015633,35.232296154586656,128.5028069248793,0.0,0.0,1,0,1,0.5384822384689838,0.0
G015634,35.23319772554008,128.5028180209556,0.0,0.0,1,0,1,0.5384822384689838,0.0
G015635,35.23409929635589,128.50282911752464,0.0,0.0,1,0,0,0.35491625289462136,0.0
G015636,35.2350008670341,128.50284021458646,0.0,0.0,1,1,0,0.8164340144256376,0.0
G015637,35.235902437574715,128.50285131214105,0.0,0.0,1,1,1,1.0,0.0
G015638,35.23680400797772,128.5028624101885,0.0,0.0,0,0,1,0.18356598557436246,0.0
G015639,35.2377055782431,128.50287350872875,0.0,0.0,0,1,1,0.6450837471053786,0.0
G015642,35.24041028821359,128.50290680730683,0.0,0.0,1,1,1,1.0,0.0
G015643,35.24131185792854,128.50291790781864,0.0,0.0,1,1,1,1.0,0.0
G015644,35.24221342750584,128.50292900882346,15.48,0.1548,0,1,1,0.6450837471053786,0.09985896405191261
G015645,35.243114996945536,128.50294011032122,22.22,0.22219999999999998,0,0,1,0.18356598557436246,0.04078836199462334
G015646,35.244016566247616,128.50295121231198,0.0,0.0,0,0,1,0.18356598557436246,0.0
G015647,35.244918135412064,128.50296231479575,0.0,0.0,1,1,1,1.0,0.0
G015648,35.245819704438894,128.50297341777258,0.0,0.0,1,1,1,1.0,0.0
G015649,35.24672127332809,128.50298452124244,0.0,0.0,1,1,1,1.0,0.0
G015650,35.24762284207966,128.50299562520541,0.0,0.0,1,1,1,1.0,0.0
G015695,35.114180101121626,128.5024548198073,0.0,0.0,1,1,1,1.0,0.0
G015696,35.115081689785306,128.50246586360353,0.0,0.0,1,1,1,1.0,0.0
G015697,35.115983278311596,128.50247690789024,0.0,0.0,1,1,1,1.0,0.0
G015698,35.116884866700495,128.50248795266742,0.0,0.0,1,1,1,1.0,0.0
G015699,35.11778645495199,128.5024989979351,0.0,0.0,1,1,1,1.0,0.0
G015700,35.11868804306609,128.5025100436933,0.0,0.0,1,1,1,1.0,0.0
G015701,35.119589631042786,128.50252108994204,0.0,0.0,1,1,1,1.0,0.0
G015813,35.220566614567176,128.5037613791211,0.0,0.0,1,1,1,1.0,0.0
G015814,35.22146818700701,128.50377248094003,0.0,0.0,1,1,1,1.0,0.0
G015815,35.22236975930926,128.50378358325193,0.0,0.0,1,0,1,0.5384822384689838,0.0
G015816,35.22327133147391,128.50379468605686,0.0,0.0,1,1,1,1.0,0.0
G015817,35.224172903500964,128.50380578935489,0.0,0.0,1,1,0,0.8164340144256376,0.0
G015818,35.225074475390436,128.50381689314597,0.0,0.0,1,0,1,0.5384822384689838,0.0
G015819,35.22597604714231,128.50382799743014,0.0,0.0,0,0,1,0.18356598557436246,0.0
G015820,35.22687761875658,128.50383910220742,5.77,0.057699999999999994,1,0,0,0.35491625289462136,0.02047866779201965
G015821,35.227779190233264,128.50385020747785,0.0,0.0,0,1,0,0.4615177615310162,0.0
G015822,35.22868076157235,128.50386131324143,0.0,0.0,1,1,1,1.0,0.0
G015823,35.22958233277382,128.5038724194982,0.0,0.0,1,0,1,0.5384822384689838,0.0
G015824,35.23048390383769,128.5038835262482,4.17,0.0417,1,0,0,0.35491625289462136,0.014800007745705711
G015825,35.231385474763954,128.5038946334914,0.0,0.0,1,0,1,0.5384822384689838,0.0
G015826,35.23228704555262,128.50390574122784,0.0,0.0,1,0,1,0.5384822384689838,0.0
G015827,35.23318861620368,128.5039168494576,0.0,0.0,1,0,0,0.35491625289462136,0.0
G015828,35.23409018671712,128.5039279581806,0.0,0.0,1,0,1,0.5384822384689838,0.0
G015829,35.23499175709295,128.50393906739694,0.0,0.0,1,0,1,0.5384822384689838,0.0
G015830,35.23589332733116,128.50395017710665,0.0,0.0,1,0,1,0.5384822384689838,0.0
G015831,35.23679489743177,128.50396128730966,0.0,0.0,1,0,1,0.5384822384689838,0.0
G015832,35.23769646739475,128.50397239800606,0.0,0.0,1,0,1,0.5384822384689838,0.0
G015835,35.24040117645799,128.50400573305583,0.0,0.0,1,0,1,0.5384822384689838,0.0
G015836,35.241302745870506,128.50401684572597,0.0,0.0,1,1,1,1.0,0.0
G015837,35.242204315145386,128.5040279588896,3.21,0.0321,1,1,1,1.0,0.0321
G015838,35.243105884282635,128.50403907254676,3.9,0.039,0,0,1,0.18356598557436246,0.007159073437400136
G015839,35.24400745328227,128.50405018669744,0.0,0.0,0,0,1,0.18356598557436246,0.0
G015840,35.24490902214426,128.50406130134166,0.0,0.0,1,1,1,1.0,0.0
G015841,35.24581059086863,128.50407241647952,0.0,0.0,1,1,1,1.0,0.0
G015889,35.1141710217119,128.50355204821955,0.0,0.0,1,1,1,1.0,0.0
G015890,35.11507261007374,128.50356310409876,0.0,0.0,1,1,1,1.0,0.0
G015891,35.11597419829818,128.50357416046893,0.0,0.0,1,1,1,1.0,0.0
G015892,35.116875786385215,128.50358521733014,0.0,0.0,1,1,1,1.0,0.0
G015893,35.11777737433486,128.5035962746824,0.0,0.0,1,1,1,1.0,0.0
G015894,35.1186789621471,128.5036073325257,0.0,0.0,1,1,1,1.0,0.0
G015895,35.11958054982192,128.50361839086003,0.0,0.0,1,1,1,1.0,0.0
G016007,35.22055749949502,128.5048600370309,0.0,0.0,1,1,1,1.0,0.0
G016008,35.22145907163224,128.50487115099625,0.0,0.0,1,1,1,1.0,0.0
G016009,35.22236064363187,128.5048822654551,0.0,0.0,1,1,1,1.0,0.0
G016010,35.22326221549389,128.50489338040754,0.0,0.0,1,0,1,0.5384822384689838,0.0
G016011,35.224163787218316,128.5049044958536,0.0,0.0,1,0,1,0.5384822384689838,0.0
G016012,35.225065358805146,128.50491561179325,0.0,0.0,1,0,1,0.5384822384689838,0.0
G016013,35.22596693025437,128.50492672822654,0.0,0.0,1,0,1,0.5384822384689838,0.0
G016014,35.22686850156598,128.50493784515345,0.0,0.0,1,0,1,0.5384822384689838,0.0
G016015,35.227770072740014,128.50494896257408,0.0,0.0,1,0,1,0.5384822384689838,0.0
G016016,35.22867164377642,128.50496008048842,0.0,0.0,1,0,1,0.5384822384689838,0.0
G016017,35.22957321467521,128.50497119889644,0.0,0.0,1,0,1,0.5384822384689838,0.0
G016018,35.23047478543641,128.50498231779824,33.12,0.3312,1,0,0,0.35491625289462136,0.1175482629586986
G016019,35.23137635605998,128.5049934371938,26.39,0.2639,1,0,1,0.5384822384689838,0.14210546273196484
G016020,35.232277926545954,128.50500455708314,0.0,0.0,1,0,1,0.5384822384689838,0.0
G016021,35.23317949689432,128.5050156774663,0.0,0.0,1,0,1,0.5384822384689838,0.0
G016022,35.23408106710505,128.5050267983433,0.0,0.0,1,0,1,0.5384822384689838,0.0
G016023,35.23498263717817,128.5050379197141,0.0,0.0,1,0,1,0.5384822384689838,0.0
G016024,35.23588420711368,128.50504904157884,0.0,0.0,1,0,1,0.5384822384689838,0.0
G016025,35.236785776911546,128.50506016393746,0.0,0.0,1,0,1,0.5384822384689838,0.0
G016026,35.237687346571796,128.50507128679,0.0,0.0,1,0,1,0.5384822384689838,0.0
G016030,35.241293623836555,128.5051157831398,0.0,0.0,1,0,1,0.5384822384689838,0.0
G016031,35.24219519280867,128.50512690846224,0.0,0.0,1,0,0,0.35491625289462136,0.0
G016032,35.243096761643145,128.50513803427876,0.0,0.0,1,1,0,0.8164340144256376,0.0
G016033,35.243998330340006,128.50514916058933,0.0,0.0,0,0,1,0.18356598557436246,0.0
G016034,35.24489989889922,128.50516028739403,0.0,0.0,1,1,1,1.0,0.0
G016035,35.24580146732079,128.50517141469282,0.0,0.0,1,1,1,1.0,0.0
G016085,35.11506352043253,128.50466034410297,0.0,0.0,1,1,1,1.0,0.0
G016086,35.11596510835479,128.50467141255663,0.0,0.0,1,1,1,1.0,0.0
G016087,35.11686669613965,128.50468248150185,0.0,0.0,1,1,1,1.0,0.0
G016088,35.11776828378709,128.5046935509386,0.0,0.0,1,1,1,1.0,0.0
G016089,35.11866987129713,128.50470462086696,0.0,0.0,1,1,1,1.0,0.0
G016090,35.119571458669746,128.50471569128695,0.0,0.0,1,1,1,1.0,0.0
G016203,35.221449946288836,128.50596982055896,0.0,0.0,1,1,1,1.0,0.0
G016204,35.22235151798551,128.50598094716474,0.0,0.0,1,1,1,1.0,0.0
G016205,35.22325308954457,128.50599207426467,0.0,0.0,1,1,1,1.0,0.0
G016206,35.224154660966036,128.5060032018587,0.0,0.0,1,1,1,1.0,0.0
G016207,35.22505623224989,128.50601432994688,0.0,0.0,1,1,1,1.0,0.0
G016209,35.22685937440477,128.50603658760582,0.0,0.0,1,1,1,1.0,0.0
G016210,35.22776094527581,128.5060477171766,0.0,0.0,1,0,1,0.5384822384689838,0.0
G016211,35.22866251600922,128.50605884724163,0.0,0.0,1,0,1,0.5384822384689838,0.0
G016212,35.22956408660501,128.50606997780093,0.0,0.0,1,0,0,0.35491625289462136,0.0
G016213,35.23046565706319,128.50608110885452,0.0,0.0,1,0,1,0.5384822384689838,0.0
G016214,35.23136722738375,128.50609224040238,0.0,0.0,1,0,1,0.5384822384689838,0.0
G016215,35.232268797566704,128.50610337244458,0.0,0.0,1,0,0,0.35491625289462136,0.0
G016216,35.233170367612026,128.50611450498116,0.0,0.0,1,0,1,0.5384822384689838,0.0
G016217,35.23407193751973,128.5061256380121,0.0,0.0,1,0,1,0.5384822384689838,0.0
G016218,35.2349735072898,128.5061367715374,0.0,0.0,1,0,1,0.5384822384689838,0.0
G016219,35.23587507692225,128.50614790555716,0.0,0.0,1,0,1,0.5384822384689838,0.0
G016220,35.23677664641706,128.50615904007134,0.0,0.0,0,1,1,0.6450837471053786,0.0
G016221,35.23767821577425,128.50617017507997,0.0,0.0,1,1,1,1.0,0.0
G016226,35.24218606049571,128.50622585754084,0.0,0.0,1,0,1,0.5384822384689838,0.0
G016227,35.24308762902709,128.5062369955167,0.0,0.0,1,0,1,0.5384822384689838,0.0
G016228,35.243989197420824,128.50624813398716,0.0,0.0,1,0,1,0.5384822384689838,0.0
G016281,35.11595600848145,128.50576866415278,0.0,0.0,1,1,1,1.0,0.0
G016282,35.11685759596378,128.50577974518194,0.0,0.0,1,1,1,1.0,0.0
G016283,35.117759183308706,128.50579082670325,0.0,0.0,1,1,1,1.0,0.0
G016284,35.11866077051622,128.50580190871668,0.0,0.0,1,1,1,1.0,0.0
G016399,35.22234238237021,128.50707962838024,0.0,0.0,1,1,1,1.0,0.0
G016400,35.22324395362598,128.5070907676276,0.0,0.0,1,1,1,1.0,0.0
G016401,35.224145524744145,128.50710190736964,0.0,0.0,1,1,1,1.0,0.0
G016405,35.22775180784067,128.5071464712849,0.0,0.0,1,1,1,1.0,0.0
G016406,35.22865337827074,128.50715761350062,0.0,0.0,1,1,1,1.0,0.0
G016407,35.22955494856321,128.50716875621114,0.0,0.0,1,1,1,1.0,0.0
G016408,35.23045651871805,128.50717989941649,0.0,0.0,0,1,1,0.6450837471053786,0.0
G016409,35.231358088735256,128.50719104311665,0.0,0.0,1,0,1,0.5384822384689838,0.0
G016412,35.23406279796115,128.50722447718653,0.0,0.0,1,0,1,0.5384822384689838,0.0
G016413,35.23496436742785,128.5072356228663,0.0,0.0,1,0,1,0.5384822384689838,0.0
G016414,35.23586593675691,128.50724676904105,0.0,0.0,1,0,1,0.5384822384689838,0.0
G016623,35.24938030548013,128.50851306645006,0.0,0.0,1,1,1,1.0,0.0
G016624,35.25028187230303,128.50852423271067,0.0,0.0,1,1,1,1.0,0.0
G016625,35.25118343898825,128.50853539946718,0.0,0.0,1,1,1,1.0,0.0
G016626,35.25208500553582,128.50854656671953,0.0,0.0,1,1,1,1.0,0.0
G016627,35.25298657194571,128.50855773446781,0.0,0.0,1,1,1,1.0,0.0
G016814,35.24846957414913,128.50960093340473,0.0,0.0,0,0,1,0.18356598557436246,0.0
G016815,35.249371140805565,128.50961211133256,0.0,0.0,1,0,1,0.5384822384689838,0.0
G016816,35.25027270732431,128.50962328975677,0.0,0.0,0,1,1,0.6450837471053786,0.0
G016817,35.25117427370539,128.5096344686774,0.0,0.0,1,1,1,1.0,0.0
G016818,35.25207583994878,128.50964564809445,0.0,0.0,1,1,1,1.0,0.0
G016819,35.2529774060545,128.50965682800796,0.0,0.0,1,1,1,1.0,0.0
G017005,35.2484603998002,128.51069996562785,0.0,0.0,1,0,1,0.5384822384689838,0.0
G017006,35.24936196615215,128.5107111557187,0.0,0.0,1,0,1,0.5384822384689838,0.0
G017007,35.25026353236641,128.51072234630647,0.0,0.0,1,0,0,0.35491625289462136,0.0
G017008,35.25116509844302,128.5107335373912,0.0,0.0,0,0,0,0.0,0.0
G017009,35.252066664381914,128.51074472897292,0.0,0.0,0,1,1,0.6450837471053786,0.0
G017010,35.252968230183136,128.51075592105158,0.0,0.0,1,0,1,0.5384822384689838,0.0
G017011,35.25386979584667,128.5107671136273,0.0,0.0,1,0,1,0.5384822384689838,0.0
G017195,35.24845121547278,128.51179899735402,0.0,0.0,1,0,1,0.5384822384689838,0.0
G017196,35.249352781519924,128.51181019960788,0.0,0.0,1,0,1,0.5384822384689838,0.0
G017197,35.25025434742939,128.51182140235923,0.0,0.0,1,0,1,0.5384822384689838,0.0
G017198,35.25115591320115,128.51183260560802,0.0,0.0,1,0,0,0.35491625289462136,0.0
G017199,35.252057478835226,128.5118438093544,0.0,0.0,0,0,0,0.0,0.0
G017200,35.25295904433162,128.51185501359822,0.0,0.0,1,0,1,0.5384822384689838,0.0
G017201,35.25386060969032,128.51186621833966,0.0,0.0,1,0,1,0.5384822384689838,0.0
G017386,35.24844202116687,128.51289802858275,0.0,0.0,1,0,1,0.5384822384689838,0.0
G017387,35.24934358690889,128.51290924299963,0.0,0.0,1,0,1,0.5384822384689838,0.0
G017388,35.25024515251321,128.51292045791448,0.0,0.0,1,0,1,0.5384822384689838,0.0
G017389,35.25114671797983,128.5129316733274,0.0,0.0,1,0,1,0.5384822384689838,0.0
G017390,35.252048283308746,128.5129428892383,0.0,0.0,1,0,1,0.5384822384689838,0.0
G017391,35.25294984849998,128.5129541056473,0.0,0.0,1,1,1,1.0,0.0
G017392,35.253851413553505,128.5129653225544,0.0,0.0,1,0,1,0.5384822384689838,0.0
G017578,35.24843281688253,128.51399705931354,0.0,0.0,1,1,1,1.0,0.0
G017579,35.24933438231906,128.51400828589334,0.0,0.0,1,0,1,0.5384822384689838,0.0
G017580,35.2502359476179,128.51401951297171,0.0,0.0,1,0,1,0.5384822384689838,0.0
G017581,35.251137512779046,128.51403074054866,0.0,0.0,1,0,1,0.5384822384689838,0.0
G017582,35.252039077802486,128.51404196862418,0.0,0.0,1,0,1,0.5384822384689838,0.0
G017583,35.252940642688216,128.5140531971983,0.0,0.0,1,1,1,1.0,0.0
G017770,35.24932516775047,128.5151073282885,0.0,0.0,1,1,1,1.0,0.0
G017771,35.25022673274349,128.51511856753038,0.0,0.0,1,0,1,0.5384822384689838,0.0
G017772,35.251128297598825,128.51512980727134,0.0,0.0,1,0,1,0.5384822384689838,0.0
G017773,35.25202986231644,128.51514104751143,0.0,0.0,1,0,1,0.5384822384689838,0.0
G017966,35.25472532925876,128.51627388611166,0.0,0.0,1,0,1,0.5384822384689838,0.0
G017967,35.255626893119334,128.51628514051518,0.0,0.0,1,1,1,1.0,0.0
G017968,35.256528456842204,128.5162963954185,0.0,0.0,1,1,1,1.0,0.0
G017969,35.25743002042734,128.5163076508216,0.0,0.0,1,1,1,1.0,0.0
G018162,35.25381452920192,128.51736173442697,0.0,0.0,1,0,1,0.5384822384689838,0.0
G018163,35.25471609289374,128.51737300049686,0.0,0.0,1,0,1,0.5384822384689838,0.0
G018164,35.25561765644782,128.51738426706706,0.0,0.0,1,0,1,0.5384822384689838,0.0
G018165,35.25651921986417,128.5173955341376,0.0,0.0,1,0,1,0.5384822384689838,0.0
G018166,35.257420783142784,128.51740680170846,0.0,0.0,1,1,1,1.0,0.0
G018167,35.258322346283684,128.5174180697797,0.0,0.0,1,1,1,1.0,0.0
G018357,35.25110059218167,128.5184270044425,0.0,0.0,1,1,1,1.0,0.0
G018358,35.25200215597985,128.51843828117612,0.0,0.0,1,1,1,1.0,0.0
G018359,35.252903719640294,128.51844955841054,0.0,0.0,1,1,1,1.0,0.0
G018360,35.253805283163004,128.51846083614575,0.0,0.0,1,1,1,1.0,0.0
G018361,35.254706846548,128.51847211438175,0.0,0.0,1,0,1,0.5384822384689838,0.0
G018362,35.25560840979524,128.51848339311866,0.0,0.0,1,0,1,0.5384822384689838,0.0
G018363,35.256509972904745,128.51849467235635,0.0,0.0,1,0,1,0.5384822384689838,0.0
G018364,35.257411535876514,128.51850595209498,0.0,0.0,1,0,1,0.5384822384689838,0.0
G018365,35.25831309871054,128.5185172323345,0.0,0.0,1,0,1,0.5384822384689838,0.0
G018366,35.25921466140683,128.51852851307493,0.0,0.0,1,0,1,0.5384822384689838,0.0
G018549,35.24658351756266,128.5194696321937,0.0,0.0,1,1,1,1.0,0.0
G018550,35.24748508174235,128.5194809185856,0.0,0.0,1,1,1,1.0,0.0
G018551,35.24838664578432,128.51949220547868,0.0,0.0,1,0,1,0.5384822384689838,0.0
G018552,35.24928820968856,128.51950349287299,0.0,0.0,1,0,1,0.5384822384689838,0.0
G018553,35.25018977345507,128.5195147807686,0.0,0.0,1,1,1,1.0,0.0
G018554,35.25109133708384,128.51952606916538,0.0,0.0,1,1,1,1.0,0.0
G018555,35.251992900574876,128.51953735806353,0.0,0.0,1,1,1,1.0,0.0
G018556,35.25289446392817,128.51954864746295,0.0,0.0,1,1,1,1.0,0.0
G018557,35.25379602714372,128.5195599373637,0.0,0.0,1,0,1,0.5384822384689838,0.0
G018558,35.25469759022155,128.51957122776585,0.0,0.0,0,0,1,0.18356598557436246,0.0
G018559,35.25559915316162,128.51958251866935,0.0,0.0,0,1,0,0.4615177615310162,0.0
G018560,35.25650071596396,128.51959381007424,0.0,0.0,1,0,1,0.5384822384689838,0.0
G018561,35.25740227862854,128.51960510198057,0.0,0.0,1,0,0,0.35491625289462136,0.0
G018562,35.25830384115538,128.51961639438835,0.0,0.0,1,0,1,0.5384822384689838,0.0
G018563,35.25920540354447,128.51962768729757,0.0,0.0,1,0,1,0.5384822384689838,0.0
G018566,35.26191008988524,128.51966156903433,0.0,0.0,1,0,1,0.5384822384689838,0.0
G018567,35.26281165172331,128.51967286394964,0.0,0.0,1,0,1,0.5384822384689838,0.0
G018568,35.26371321342363,128.5196841593665,0.0,0.0,0,0,1,0.18356598557436246,0.0
G018569,35.2646147749862,128.51969545528505,0.0,0.0,1,0,1,0.5384822384689838,0.0
G018743,35.246574254022725,128.52056863560117,0.0,0.0,1,1,1,1.0,0.0
G018744,35.24747581789499,128.5205799341548,0.0,0.0,1,1,1,1.0,0.0
G018745,35.248377381629496,128.52059123321018,0.0,0.0,1,0,0,0.35491625289462136,0.0
G018746,35.24927894522629,128.52060253276738,0.0,0.0,1,0,1,0.5384822384689838,0.0
G018747,35.25018050868534,128.52061383282629,0.0,0.0,1,1,1,1.0,0.0
G018748,35.251082072006646,128.52062513338703,0.0,0.0,1,0,1,0.5384822384689838,0.0
G018749,35.2519836351902,128.5206364344496,0.0,0.0,1,0,1,0.5384822384689838,0.0
G018750,35.252885198236015,128.52064773601404,8.33,0.0833,1,0,1,0.5384822384689838,0.04485557046446635
G018751,35.25378676114409,128.52065903808037,0.0,0.0,0,0,1,0.18356598557436246,0.0
G018752,35.254688323914415,128.52067034064854,0.0,0.0,1,0,1,0.5384822384689838,0.0
G018753,35.255589886546986,128.52068164371866,0.0,0.0,0,1,1,0.6450837471053786,0.0
G018754,35.25649144904181,128.5206929472907,0.0,0.0,1,1,1,1.0,0.0
G018755,35.25739301139889,128.52070425136475,0.0,0.0,1,1,1,1.0,0.0
G018756,35.25829457361821,128.52071555594074,0.0,0.0,1,1,1,1.0,0.0
G018757,35.259196135699774,128.52072686101874,0.0,0.0,1,0,1,0.5384822384689838,0.0
G018759,35.26099925944963,128.52074947268085,0.0,0.0,1,0,1,0.5384822384689838,0.0
G018760,35.26190082111791,128.52076077926503,0.0,0.0,1,0,1,0.5384822384689838,0.0
G018761,35.26280238264844,128.5207720863513,0.0,0.0,1,0,1,0.5384822384689838,0.0
G018762,35.26370394404119,128.52078339393967,0.0,0.0,1,0,1,0.5384822384689838,0.0
G018763,35.26460550529619,128.52079470203017,0.0,0.0,1,0,1,0.5384822384689838,0.0
G018764,35.26550706641343,128.52080601062286,0.0,0.0,1,0,1,0.5384822384689838,0.0
G018934,35.24566341680288,128.5216563282938,0.0,0.0,1,1,1,1.0,0.0
G018935,35.2465649805051,128.5216676385069,0.0,0.0,1,1,1,1.0,0.0
G018936,35.24746654406958,128.52167894922232,0.0,0.0,1,0,1,0.5384822384689838,0.0
G018937,35.248368107496326,128.52169026043995,0.0,0.0,1,1,1,1.0,0.0
G018938,35.249269670785324,128.52170157215994,0.0,0.0,1,0,1,0.5384822384689838,0.0
G018939,35.25017123393659,128.52171288438223,0.0,0.0,1,0,0,0.35491625289462136,0.0
G018940,35.25107279695008,128.52172419710686,0.0,0.0,1,0,1,0.5384822384689838,0.0
G018941,35.251974359825844,128.52173551033385,2.5,0.025,1,1,1,1.0,0.025
G018942,35.25287592256385,128.52174682406329,18.59,0.1859,1,1,0,0.8164340144256376,0.15177508328172604
G018943,35.25377748516409,128.52175813829507,0.0,0.0,1,0,1,0.5384822384689838,0.0
G018944,35.2546790476266,128.52176945302932,0.0,0.0,1,0,1,0.5384822384689838,0.0
G018945,35.25558060995135,128.521780768266,0.0,0.0,1,0,1,0.5384822384689838,0.0
G018946,35.25648217213833,128.52179208400523,0.0,0.0,1,0,0,0.35491625289462136,0.0
G018947,35.257383734187556,128.5218034002469,0.0,0.0,1,0,1,0.5384822384689838,0.0
G018948,35.25828529609903,128.52181471699112,0.0,0.0,1,0,1,0.5384822384689838,0.0
G018950,35.26008841950868,128.52183735198722,0.0,0.0,1,1,0,0.8164340144256376,0.0
G018951,35.26098998100686,128.52184867023914,0.0,0.0,1,0,1,0.5384822384689838,0.0
G018952,35.261891542367266,128.52185998899367,0.0,0.0,1,0,1,0.5384822384689838,0.0
G018953,35.26279310358989,128.52187130825084,0.0,0.0,1,0,1,0.5384822384689838,0.0
G018954,35.26369466467477,128.52188262801064,0.0,0.0,1,1,0,0.8164340144256376,0.0
G018955,35.264596225621865,128.52189394827317,0.0,0.0,1,0,1,0.5384822384689838,0.0
G018956,35.26549778643119,128.52190526903837,0.0,0.0,1,0,1,0.5384822384689838,0.0
G019123,35.24565413361566,128.52275531853613,0.0,0.0,1,1,1,1.0,0.0
G019124,35.24655569700979,128.52276664091042,0.0,0.0,1,0,1,0.5384822384689838,0.0
G019125,35.247457260266174,128.52277796378752,0.0,0.0,1,0,1,0.5384822384689838,0.0
G019126,35.2483588233848,128.52278928716743,0.0,0.0,1,1,1,1.0,0.0
G019127,35.249260386365684,128.52280061105017,0.0,0.0,1,0,0,0.35491625289462136,0.0
G019128,35.250161949208824,128.5228119354358,0.0,0.0,1,0,1,0.5384822384689838,0.0
G019129,35.2510635119142,128.5228232603243,0.0,0.0,1,1,1,1.0,0.0
G019130,35.251965074481824,128.5228345857157,0.0,0.0,1,1,1,1.0,0.0
G019131,35.25286663691168,128.52284591161006,0.0,0.0,1,1,1,1.0,0.0
G019132,35.253768199203776,128.52285723800736,0.0,0.0,1,1,1,1.0,0.0
G019133,35.25466976135813,128.52286856490764,0.0,0.0,1,1,1,1.0,0.0
G019134,35.25557132337471,128.5228798923109,0.0,0.0,1,1,1,1.0,0.0
G019135,35.25647288525352,128.52289122021722,0.0,0.0,1,1,1,1.0,0.0
G019136,35.257374446994575,128.52290254862655,0.0,0.0,1,1,1,1.0,0.0
G019137,35.25827600859786,128.52291387753894,0.0,0.0,1,1,1,1.0,0.0
G019139,35.26007913139113,128.52293653687306,0.0,0.0,1,0,1,0.5384822384689838,0.0
G019140,35.26098069258109,128.52294786729476,0.0,0.0,0,0,1,0.18356598557436246,0.0
G019141,35.261882253633296,128.52295919821967,0.0,0.0,1,0,0,0.35491625289462136,0.0
G019142,35.26278381454772,128.52297052964772,0.0,0.0,1,0,1,0.5384822384689838,0.0
G019143,35.26368537532437,128.52298186157898,0.0,0.0,1,1,1,1.0,0.0
G019144,35.26458693596324,128.52299319401348,0.0,0.0,1,1,1,1.0,0.0
G019145,35.26548849646433,128.52300452695118,3.21,0.0321,0,1,1,0.6450837471053786,0.02070718828208265
G019307,35.245644840451114,128.5238543082757,0.0,0.0,1,0,1,0.5384822384689838,0.0
G019308,35.24654640353681,128.52386564281113,0.0,0.0,1,0,1,0.5384822384689838,0.0
G019309,35.247447966484756,128.52387697784988,0.0,0.0,1,1,1,1.0,0.0
G019310,35.248349529294956,128.52388831339204,0.0,0.0,1,0,0,0.35491625289462136,0.0
G019311,35.24925109196739,128.52389964943757,0.0,0.0,1,0,1,0.5384822384689838,0.0
G019312,35.250152654502074,128.5239109859865,0.0,0.0,1,1,1,1.0,0.0
G019313,35.25105421689899,128.52392232303885,0.0,0.0,0,1,1,0.6450837471053786,0.0
G019314,35.25195577915814,128.52393366059465,0.0,0.0,1,1,1,1.0,0.0
G019315,35.25285734127953,128.52394499865392,0.0,0.0,1,1,1,1.0,0.0
G019316,35.25375890326315,128.52395633721667,0.0,0.0,1,1,1,1.0,0.0
G019317,35.25466046510901,128.52396767628295,0.0,0.0,1,1,1,1.0,0.0
G019318,35.255562026817096,128.52397901585277,0.0,0.0,1,1,1,1.0,0.0
G019323,35.26006983329094,128.52403572125576,0.0,0.0,1,1,1,1.0,0.0
G019324,35.26097139417238,128.52404706384726,0.0,0.0,1,1,1,1.0,0.0
G019325,35.26187295491604,128.5240584069425,0.0,0.0,1,1,1,1.0,0.0
G019326,35.262774515521905,128.52406975054143,0.0,0.0,1,0,1,0.5384822384689838,0.0
G019327,35.26367607599,128.52408109464406,0.0,0.0,1,0,1,0.5384822384689838,0.0
G019328,35.264577636320304,128.52409243925052,0.0,0.0,1,0,1,0.5384822384689838,0.0
G019329,35.265479196512835,128.52410378436073,0.0,0.0,1,1,1,1.0,0.0
G019330,35.266380756567564,128.52411512997475,0.0,0.0,0,1,1,0.6450837471053786,0.0
G019331,35.26728231648451,128.5241264760926,0.0,0.0,1,1,1,1.0,0.0
G019332,35.26818387626365,128.5241378227143,0.0,0.0,1,0,0,0.35491625289462136,0.0
G019333,35.269085435905005,128.52414916983986,0.0,0.0,1,0,1,0.5384822384689838,0.0
G019334,35.269986995408566,128.52416051746934,0.0,0.0,1,1,1,1.0,0.0
G019492,35.24653710008618,128.5249646442085,0.0,0.0,1,1,1,1.0,0.0
G019493,35.247438662725365,128.52497599140892,0.0,0.0,1,0,1,0.5384822384689838,0.0
G019494,35.24834022522679,128.52498733911327,0.0,0.0,1,0,1,0.5384822384689838,0.0
G019495,35.24924178759045,128.52499868732156,0.0,0.0,1,1,1,1.0,0.0
G019496,35.250143349816355,128.52501003603373,0.0,0.0,1,1,1,1.0,0.0
G019497,35.251044911904465,128.52502138524994,0.0,0.0,1,1,1,1.0,0.0
G019498,35.25194647385482,128.52503273497007,0.0,0.0,1,1,1,1.0,0.0
G019499,35.252848035667405,128.52504408519428,0.0,0.0,1,1,1,1.0,0.0
G019500,35.25374959734222,128.5250554359225,0.0,0.0,1,1,1,1.0,0.0
G019501,35.25465115887926,128.52506678715474,0.0,0.0,1,1,1,1.0,0.0
G019508,35.26096208578071,128.52514625989605,0.0,0.0,1,1,1,1.0,0.0
G019509,35.261863646215495,128.5251576151616,0.0,0.0,1,1,1,1.0,0.0
G019510,35.2627652065125,128.52516897093136,0.0,0.0,1,1,1,1.0,0.0
G019511,35.2636667666717,128.52518032720542,0.0,0.0,1,1,1,1.0,0.0
G019512,35.26456832669311,128.52519168398376,0.0,0.0,1,0,1,0.5384822384689838,0.0
G019513,35.26546988657674,128.52520304126645,0.0,0.0,1,0,1,0.5384822384689838,0.0
G019514,35.266371446322566,128.52521439905348,0.0,0.0,1,1,1,1.0,0.0
G019515,35.2672730059306,128.52522575734488,0.0,0.0,1,1,1,1.0,0.0
G019516,35.26817456540083,128.52523711614066,0.0,0.0,1,1,1,1.0,0.0
G019675,35.247429348988014,128.52607500446405,0.0,0.0,1,0,1,0.5384822384689838,0.0
G019676,35.24833091118032,128.52608636433058,0.0,0.0,1,1,1,1.0,0.0
G019677,35.24923247323488,128.52609772470157,0.0,0.0,1,1,1,1.0,0.0
G019678,35.25013403515167,128.52610908557705,0.0,0.0,1,1,1,1.0,0.0
G019679,35.25103559693066,128.526120446957,0.0,0.0,1,1,1,1.0,0.0
G019680,35.25193715857188,128.52613180884154,0.0,0.0,1,1,1,1.0,0.0
G019690,35.2609527674061,128.52624545544063,0.0,0.0,1,1,1,1.0,0.0
G019691,35.2618543275317,128.52625682287643,0.0,0.0,1,1,1,1.0,0.0
G019692,35.26275588751948,128.526268190817,0.0,0.0,1,1,1,1.0,0.0
G019693,35.26365744736946,128.52627955926243,0.0,0.0,1,1,1,1.0,0.0
G019694,35.26455900708165,128.52629092821272,0.0,0.0,1,1,1,1.0,0.0
G019695,35.26546056665605,128.52630229766783,0.0,0.0,1,0,1,0.5384822384689838,0.0
G019696,35.26636212609264,128.52631366762785,0.0,0.0,1,0,0,0.35491625289462136,0.0
G019697,35.26726368539143,128.52632503809275,0.0,0.0,1,1,1,1.0,0.0
G019698,35.2681652445524,128.52633640906262,0.0,0.0,1,1,1,1.0,0.0
G019860,35.24922314890069,128.5271967615771,0.0,0.0,1,1,1,1.0,0.0
G019861,35.25012471050802,128.52720813461582,0.0,0.0,1,1,1,1.0,0.0
G019862,35.25102627197757,128.5272195081596,0.0,0.0,1,1,1,1.0,0.0
G019878,35.265451236750785,128.52740155356435,0.0,0.0,1,1,1,1.0,0.0
G019879,35.2663527958778,128.5274129356973,0.0,0.0,1,0,1,0.5384822384689838,0.0
G019880,35.26725435486703,128.52742431833573,0.0,0.0,1,1,1,1.0,0.0
G019881,35.26815591371842,128.52743570147965,0.0,0.0,1,1,1,1.0,0.0
G020061,35.26544189686096,128.52850080895539,0.0,0.0,0,1,1,0.6450837471053786,0.0
G020062,35.26634345567809,128.52851220326133,0.0,0.0,1,1,1,1.0,0.0
G020063,35.2672450143574,128.5285235980732,0.0,0.0,1,0,1,0.5384822384689838,0.0
G020064,35.26814657289887,128.52853499339113,0.0,0.0,1,1,1,1.0,0.0
G020245,35.26633410549348,128.52961147031934,0.0,0.0,1,1,1,1.0,0.0
G020246,35.26723566386255,128.5296228773047,0.0,0.0,1,1,1,1.0,0.0
G020247,35.26813722209379,128.5296342847966,0.0,0.0,1,1,1,1.0,0.0
G020429,35.26722630338252,128.5307221560296,0.0,0.0,1,0,1,0.5384822384689838,0.0
G023239,35.14446269808643,128.5467357766647,0.0,0.0,1,1,1,1.0,0.0
G023240,35.145364269737684,128.5467473211794,0.0,0.0,1,1,1,1.0,0.0
G023241,35.14626584125121,128.54675886620674,0.0,0.0,1,1,1,1.0,0.0
G023242,35.147167412627006,128.5467704117468,0.0,0.0,0,0,1,0.18356598557436246,0.0
G023452,35.14355163932677,128.5478218400095,0.0,0.0,1,1,1,1.0,0.0
G023453,35.14445321080047,128.54783339611132,0.0,0.0,1,1,1,1.0,0.0
G023454,35.14535478213644,128.5478449527263,0.0,0.0,1,1,1,1.0,0.0
G023455,35.14625635333468,128.54785650985454,0.0,0.0,1,0,1,0.5384822384689838,0.0
G023456,35.147157924395195,128.54786806749598,0.0,0.0,1,0,1,0.5384822384689838,0.0
G023457,35.14805949531799,128.5478796256507,0.0,0.0,1,0,1,0.5384822384689838,0.0
G023666,35.142640571120644,128.5489078791553,0.0,0.0,1,1,1,1.0,0.0
G023667,35.143542142416464,128.5489194468432,0.0,0.0,1,1,1,1.0,0.0
G023668,35.14444371357455,128.54893101504476,0.0,0.0,1,1,1,1.0,0.0
G023669,35.14534528459492,128.54894258376007,0.0,0.0,1,1,1,1.0,0.0
G023670,35.14624685547756,128.5489541529891,0.0,0.0,1,0,1,0.5384822384689838,0.0
G023671,35.14714842622245,128.5489657227319,0.0,0.0,1,1,1,1.0,0.0
G023672,35.14804999682963,128.54897729298852,0.0,0.0,1,1,1,1.0,0.0
G023673,35.148951567299044,128.54898886375895,0.0,0.0,1,1,1,1.0,0.0
G023674,35.149853137630735,128.5490004350432,0.0,0.0,1,1,1,1.0,0.0
G023675,35.15075470782469,128.54901200684134,0.0,0.0,1,0,1,0.5384822384689838,0.0
G023676,35.1516562778809,128.54902357915333,0.0,0.0,1,0,1,0.5384822384689838,0.0
G023677,35.15255784779938,128.54903515197927,0.0,0.0,0,0,1,0.18356598557436246,0.0
G023878,35.14263106458665,128.55000547337607,0.0,0.0,1,1,1,1.0,0.0
G023879,35.14353263556655,128.55001705316315,0.0,0.0,1,1,1,1.0,0.0
G023880,35.14443420640871,128.55002863346445,0.0,0.0,1,1,1,1.0,0.0
G023881,35.14533577711315,128.55004021428002,0.0,0.0,1,0,1,0.5384822384689838,0.0
G023882,35.146237347679836,128.5500517956099,0.0,0.0,1,0,1,0.5384822384689838,0.0
G023883,35.14713891810879,128.55006337745405,0.0,0.0,1,1,1,1.0,0.0
G023884,35.14804048840001,128.55007495981252,0.0,0.0,1,1,1,1.0,0.0
G023885,35.148942058553466,128.55008654268536,0.0,0.0,1,1,1,1.0,0.0
G023886,35.14984362856919,128.5500981260726,0.0,0.0,1,1,1,1.0,0.0
G023887,35.15074519844716,128.5501097099742,0.0,0.0,1,1,1,1.0,0.0
G023888,35.1516467681874,128.55012129439027,0.0,0.0,1,1,1,1.0,0.0
G023889,35.152548337789874,128.55013287932076,0.0,0.0,1,1,1,1.0,0.0
G023890,35.15344990725461,128.5501444647657,0.0,0.0,1,0,1,0.5384822384689838,0.0
G024088,35.14262154811341,128.55110306708266,0.0,0.0,1,1,1,1.0,0.0
G024089,35.143523118777054,128.55111465896888,0.0,0.0,1,1,1,1.0,0.0
G024090,35.14442468930295,128.5511262513699,0.0,0.0,1,1,1,1.0,0.0
G024091,35.14532625969113,128.55113784428573,0.0,0.0,1,0,1,0.5384822384689838,0.0
G024092,35.146227829941544,128.55114943771636,0.0,0.0,1,0,1,0.5384822384689838,0.0
G024093,35.14712940005422,128.55116103166188,0.0,0.0,1,0,1,0.5384822384689838,0.0
G024094,35.14803097002915,128.55117262612222,0.0,0.0,0,0,1,0.18356598557436246,0.0
G024095,35.14893253986632,128.55118422109746,0.0,0.0,1,1,1,1.0,0.0
G024096,35.149834109565745,128.5511958165876,0.0,0.0,1,1,1,1.0,0.0
G024097,35.150735679127415,128.5512074125927,0.0,0.0,1,1,1,1.0,0.0
G024098,35.15163724855133,128.55121900911274,0.0,0.0,1,1,1,1.0,0.0
G024099,35.152538817837495,128.55123060614778,0.0,0.0,1,0,1,0.5384822384689838,0.0
G024100,35.15344038698589,128.55124220369783,0.0,0.0,1,0,1,0.5384822384689838,0.0
G024101,35.154341955996536,128.5512538017629,0.0,0.0,1,0,1,0.5384822384689838,0.0
G024301,35.14261202170092,128.55220066027448,0.0,0.0,1,1,1,1.0,0.0
G024302,35.143513592047974,128.55221226425985,0.0,0.0,1,1,1,1.0,0.0
G024303,35.14441516225731,128.55222386876056,0.0,0.0,1,1,1,1.0,0.0
G024304,35.14531673232888,128.5522354737766,0.0,0.0,1,1,1,1.0,0.0
G024305,35.1462183022627,128.552247079308,0.0,0.0,1,0,1,0.5384822384689838,0.0
G024306,35.14711987205876,128.5522586853548,0.0,0.0,1,0,1,0.5384822384689838,0.0
G024307,35.14802144171707,128.55227029191698,0.0,0.0,1,0,1,0.5384822384689838,0.0
G024308,35.14892301123762,128.5522818989946,0.0,0.0,0,0,1,0.18356598557436246,0.0
G024309,35.14982458062042,128.5522935065877,0.0,0.0,1,0,1,0.5384822384689838,0.0
G024310,35.15072614986545,128.55230511469622,0.0,0.0,1,0,1,0.5384822384689838,0.0
G024311,35.15162771897273,128.55231672332027,0.0,0.0,1,0,1,0.5384822384689838,0.0
G024312,35.152529287942244,128.55232833245984,0.0,0.0,1,0,1,0.5384822384689838,0.0
G024313,35.15343085677398,128.55233994211494,0.0,0.0,1,0,1,0.5384822384689838,0.0
G024314,35.15433242546797,128.5523515522856,0.0,0.0,1,1,1,1.0,0.0
G024315,35.15523399402417,128.55236316297186,0.0,0.0,1,1,1,1.0,0.0
G024334,35.17236377041404,128.55258386400243,0.0,0.0,1,1,1,1.0,0.0
G024335,35.17326533621455,128.55259548500518,0.0,0.0,1,1,1,1.0,0.0
G024336,35.17416690187723,128.55260710652402,0.0,0.0,1,1,1,1.0,0.0
G024337,35.175068467402134,128.55261872855894,0.0,0.0,1,1,1,1.0,0.0
G024338,35.17597003278921,128.55263035110997,0.0,0.0,1,1,1,1.0,0.0
G024344,35.18137942221769,128.55270009725575,0.0,0.0,1,1,1,1.0,0.0
G024345,35.182280986640066,128.5527117234202,0.0,0.0,1,1,1,1.0,0.0
G024346,35.18318255092464,128.55272335010093,0.0,0.0,1,1,1,1.0,0.0
G024400,35.23186681758272,128.5533519581871,0.0,0.0,1,1,1,1.0,0.0
G024401,35.23276837428464,128.5533636132991,0.0,0.0,1,1,1,1.0,0.0
G024402,35.233669930848635,128.5533752689286,0.0,0.0,1,1,1,1.0,0.0
G024403,35.234571487274714,128.55338692507573,0.0,0.0,1,0,1,0.5384822384689838,0.0
G024517,35.1426024853492,128.55329825295098,0.0,0.0,1,1,1,1.0,0.0
G024518,35.14350405537935,128.5533098690355,0.0,0.0,1,1,1,1.0,0.0
G024519,35.14440562527176,128.55332148563585,0.0,0.0,1,1,1,1.0,0.0
G024520,35.14530719502642,128.5533331027521,0.0,0.0,1,0,1,0.5384822384689838,0.0
G024521,35.1462087646433,128.55334472038427,0.0,0.0,1,0,1,0.5384822384689838,0.0
G024522,35.147110334122424,128.55335633853232,0.0,0.0,1,1,1,1.0,0.0
G024523,35.14801190346379,128.55336795719631,0.0,0.0,1,0,1,0.5384822384689838,0.0
G024524,35.148913472667395,128.5533795763763,0.0,0.0,1,0,1,0.5384822384689838,0.0
G024525,35.14981504173323,128.55339119607228,0.0,0.0,1,0,0,0.35491625289462136,0.0
G024526,35.1507166106613,128.55340281628426,0.0,0.0,0,0,1,0.18356598557436246,0.0
G024527,35.1516181794516,128.55341443701224,0.0,0.0,1,0,1,0.5384822384689838,0.0
G024528,35.15251974810413,128.55342605825632,0.0,0.0,0,0,1,0.18356598557436246,0.0
G024529,35.15342131661889,128.55343768001646,0.0,0.0,1,1,1,1.0,0.0
G024530,35.15432288499588,128.55344930229268,0.0,0.0,1,1,1,1.0,0.0
G024531,35.155224453235085,128.55346092508506,0.0,0.0,1,1,1,1.0,0.0
G024550,35.172354223600635,128.55368185623396,0.0,0.0,1,1,1,1.0,0.0
G024551,35.173255789084,128.5536934893536,0.0,0.0,1,1,1,1.0,0.0
G024552,35.17415735442956,128.5537051229898,0.0,0.0,1,1,1,1.0,0.0
G024553,35.1750589196373,128.5537167571427,0.0,0.0,1,1,1,1.0,0.0
G024554,35.17596048470722,128.5537283918122,0.0,0.0,1,0,1,0.5384822384689838,0.0
G024555,35.176862049639325,128.5537400269984,0.0,0.0,1,0,1,0.5384822384689838,0.0
G024559,35.18046830798958,128.5537865729103,0.0,0.0,1,1,1,1.0,0.0
G024560,35.181369872232594,128.55379821068016,0.0,0.0,1,1,1,1.0,0.0
G024561,35.18227143633777,128.55380984896686,0.0,0.0,1,1,1,1.0,0.0
G024562,35.18317300030513,128.5538214877704,0.0,0.0,1,1,1,1.0,0.0
G024563,35.18407456413466,128.55383312709077,0.0,0.0,1,1,1,1.0,0.0
G024564,35.18497612782637,128.55384476692802,0.0,0.0,1,0,1,0.5384822384689838,0.0
G024615,35.23095569330121,128.55443908454052,0.0,0.0,1,1,1,1.0,0.0
G024616,35.23185724982345,128.55445075128682,0.0,0.0,1,1,1,1.0,0.0
G024617,35.23275880620778,128.5544624185512,0.0,0.0,1,1,1,1.0,0.0
G024618,35.23366036245417,128.5544740863337,0.0,0.0,1,1,1,1.0,0.0
G024619,35.23456191856264,128.5544857546343,0.0,0.0,1,0,1,0.5384822384689838,0.0
G024620,35.235463474533205,128.55449742345309,0.0,0.0,1,1,1,1.0,0.0
G024736,35.14259293905829,128.55439584511163,0.0,0.0,1,1,1,1.0,0.0
G024737,35.1434945087712,128.55440747329527,0.0,0.0,1,1,1,1.0,0.0
G024738,35.144396078346354,128.5544191019953,0.0,0.0,1,1,1,1.0,0.0
G024739,35.14529764778374,128.55443073121174,0.0,0.0,1,0,1,0.5384822384689838,0.0
G024740,35.14619921708337,128.5544423609446,0.0,0.0,1,0,1,0.5384822384689838,0.0
G024741,35.147100786245225,128.5544539911939,0.0,0.0,1,1,1,1.0,0.0
G024742,35.14800235526933,128.55446562195974,0.0,0.0,1,0,1,0.5384822384689838,0.0
G024743,35.14890392415564,128.55447725324203,0.0,0.0,1,0,1,0.5384822384689838,0.0
G024744,35.149805492904186,128.55448888504085,0.0,0.0,0,0,1,0.18356598557436246,0.0
G024745,35.15070706151496,128.55450051735622,0.0,0.0,1,0,1,0.5384822384689838,0.0
G024746,35.15160862998797,128.55451215018817,0.0,0.0,1,0,1,0.5384822384689838,0.0
G024747,35.152510198323185,128.55452378353672,0.0,0.0,1,1,1,1.0,0.0
G024748,35.15341176652061,128.5545354174019,0.0,0.0,1,1,1,1.0,0.0
G024749,35.15431333458028,128.55454705178366,0.0,0.0,1,1,1,1.0,0.0
G024750,35.155214902502166,128.55455868668213,0.0,0.0,1,1,1,1.0,0.0
G024767,35.170541536091896,128.55475655902728,0.0,0.0,1,1,1,1.0,0.0
G024768,35.17144310153342,128.55476820322954,0.0,0.0,1,1,1,1.0,0.0
G024769,35.17234466683712,128.5547798479489,0.0,0.0,1,1,1,1.0,0.0
G024770,35.173246232003024,128.55479149318538,0.0,0.0,1,1,1,1.0,0.0
G024771,35.174147797031104,128.55480313893904,0.0,0.0,1,0,1,0.5384822384689838,0.0
G024772,35.17504936192135,128.5548147852098,0.0,0.0,1,0,1,0.5384822384689838,0.0
G024773,35.17595092667379,128.55482643199775,0.0,0.0,1,0,1,0.5384822384689838,0.0
G024774,35.17685249128841,128.55483807930295,0.0,0.0,0,0,1,0.18356598557436246,0.0
G024777,35.179557184305295,128.55487302432198,0.0,0.0,1,1,1,1.0,0.0
G024778,35.1804587483686,128.55488467369622,0.0,0.0,1,1,1,1.0,0.0
G024779,35.18136031229409,128.5548963235878,0.0,0.0,0,1,1,0.6450837471053786,0.0
G024780,35.18226187608173,128.5549079739967,0.0,0.0,0,1,1,0.6450837471053786,0.0
G024781,35.18316343973154,128.554919624923,0.0,0.0,0,1,1,0.6450837471053786,0.0
G024782,35.184065003243525,128.55493127636666,0.0,0.0,1,1,1,1.0,0.0
G024783,35.18496656661767,128.55494292832776,0.0,0.0,0,0,1,0.18356598557436246,0.0
G024795,35.19578531635547,128.5550827922275,0.0,0.0,1,1,1,1.0,0.0
G024796,35.196686877937566,128.55509445091704,0.0,0.0,1,1,1,1.0,0.0
G024798,35.19849000068821,128.55511776984937,0.0,0.0,1,1,1,1.0,0.0
G024799,35.199391561856736,128.5551294300922,0.0,0.0,0,1,1,0.6450837471053786,0.0
G024800,35.20029312288739,128.55514109085283,0.0,0.0,1,1,1,1.0,0.0
G024801,35.20119468378017,128.5551527521313,0.0,0.0,1,1,1,1.0,0.0
G024802,35.20209624453509,128.5551644139276,0.0,0.0,1,1,1,1.0,0.0
G024834,35.230946115887924,128.5555378649703,0.0,0.0,1,1,1,1.0,0.0
G024835,35.23184767209223,128.55554954386844,0.0,0.0,1,1,1,1.0,0.0
G024836,35.23274922815864,128.55556122328522,0.0,0.0,1,0,1,0.5384822384689838,0.0
G024837,35.233650784087104,128.55557290322062,0.0,0.0,0,1,1,0.6450837471053786,0.0
G024838,35.234552339877645,128.55558458367472,0.0,0.0,1,0,1,0.5384822384689838,0.0
G024839,35.23545389553025,128.5555962646475,0.0,0.0,1,1,1,1.0,0.0
G024840,35.23635545104493,128.55560794613902,0.0,0.0,1,1,1,1.0,0.0
G024953,35.139878673815545,128.55545851900914,0.0,0.0,1,1,1,1.0,0.0
G024955,35.141681813295065,128.55548179699014,0.0,0.0,1,1,1,1.0,0.0
G024956,35.14258338282817,128.55549343675597,0.0,0.0,1,1,1,1.0,0.0
G024957,35.14348495222352,128.55550507703867,0.0,0.0,1,1,1,1.0,0.0
G024958,35.14438652148109,128.55551671783832,0.0,0.0,1,1,1,1.0,0.0
G024959,35.14528809060089,128.55552835915492,0.0,0.0,1,0,1,0.5384822384689838,0.0
G024960,35.14618965958292,128.5555400009885,0.0,0.0,0,0,1,0.18356598557436246,0.0
G024961,35.147091228427186,128.55555164333902,0.0,0.0,0,0,1,0.18356598557436246,0.0
G024962,35.14799279713368,128.5555632862066,0.0,0.0,1,1,1,1.0,0.0
G024964,35.14979593413331,128.5555865734929,0.0,0.0,1,0,1,0.5384822384689838,0.0
G024965,35.150697502426446,128.55559821791164,0.0,0.0,1,1,1,1.0,0.0
G024966,35.151599070581824,128.55560986284752,0.0,0.0,1,1,1,1.0,0.0
G024967,35.15250063859941,128.5556215083005,0.0,0.0,1,1,1,1.0,0.0
G024968,35.15340220647919,128.55563315427068,0.0,0.0,1,1,1,1.0,0.0
G024969,35.154303774221205,128.555644800758,0.0,0.0,1,1,1,1.0,0.0
G024970,35.155205341825415,128.55565644776252,0.0,0.0,1,1,1,1.0,0.0
G024986,35.16963040475231,128.55584287019266,0.0,0.0,1,0,1,0.5384822384689838,0.0
G024987,35.17053197001387,128.55585452599308,0.0,0.0,1,0,1,0.5384822384689838,0.0
G024988,35.171433535137595,128.55586618231112,0.0,0.0,1,0,1,0.5384822384689838,0.0
G024989,35.17233510012351,128.55587783914675,0.0,0.0,1,0,1,0.5384822384689838,0.0
G024990,35.17323666497162,128.55588949650004,0.0,0.0,1,0,1,0.5384822384689838,0.0
G024991,35.17413822968188,128.55590115437104,0.0,0.0,0,0,1,0.18356598557436246,0.0
G024992,35.175039794254324,128.55591281275971,0.0,0.0,1,0,1,0.5384822384689838,0.0
G024993,35.175941358688945,128.55592447166612,0.0,0.0,1,0,1,0.5384822384689838,0.0
G024994,35.176842922985735,128.55593613109028,0.0,0.0,0,0,1,0.18356598557436246,0.0
G024995,35.177744487144686,128.55594779103222,0.0,0.0,0,0,1,0.18356598557436246,0.0
G024997,35.1795476150491,128.55597111246948,0.0,0.0,1,0,1,0.5384822384689838,0.0
G024998,35.18044917879456,128.55598277396484,0.0,0.0,1,1,1,1.0,0.0
G024999,35.18135074240218,128.55599443597805,0.0,0.0,0,1,1,0.6450837471053786,0.0
G025000,35.18225230587196,128.5560060985092,0.0,0.0,1,0,1,0.5384822384689838,0.0
G025001,35.1831538692039,128.5560177615582,0.0,0.0,0,0,1,0.18356598557436246,0.0
G025002,35.18405543239799,128.55602942512516,0.0,0.0,1,0,1,0.5384822384689838,0.0
G025003,35.18495699545425,128.55604108921005,0.0,0.0,1,0,1,0.5384822384689838,0.0
G025004,35.18585855837265,128.55605275381293,0.0,0.0,1,0,1,0.5384822384689838,0.0
G025005,35.186760121153206,128.55606441893383,0.0,0.0,0,0,1,0.18356598557436246,0.0
G025013,35.193972618434984,128.55615775855154,0.0,0.0,1,1,1,1.0,0.0
G025014,35.19487417997485,128.55616942833544,0.0,0.0,1,1,1,1.0,0.0
G025015,35.19577574137685,128.55618109863755,0.0,0.0,1,1,1,1.0,0.0
G025016,35.19667730264098,128.55619276945794,0.0,0.0,1,0,1,0.5384822384689838,0.0
G025017,35.197578863767234,128.5562044407966,0.0,0.0,0,0,1,0.18356598557436246,0.0
G025018,35.19848042475563,128.55621611265354,0.0,0.0,1,0,1,0.5384822384689838,0.0
G025019,35.19938198560616,128.5562277850288,0.0,0.0,1,1,1,1.0,0.0
G025020,35.20028354631881,128.55623945792237,0.0,0.0,1,1,1,1.0,0.0
G025021,35.20118510689358,128.55625113133434,0.0,0.0,1,1,1,1.0,0.0
G025022,35.202086667330484,128.55626280526468,0.0,0.0,1,1,1,1.0,0.0
G025023,35.202988227629504,128.55627447971347,0.0,0.0,1,1,1,1.0,0.0
G025054,35.23093652850303,128.55663664488142,0.0,0.0,1,1,1,1.0,0.0
G025055,35.23183808438911,128.5566483359314,0.0,0.0,1,0,1,0.5384822384689838,0.0
G025056,35.232739640137254,128.55666002750056,0.0,0.0,0,0,1,0.18356598557436246,0.0
G025057,35.23364119574745,128.5566717195889,0.0,0.0,1,0,1,0.5384822384689838,0.0
G025058,35.23454275121973,128.55668341219643,0.0,0.0,1,0,1,0.5384822384689838,0.0
G025059,35.23544430655405,128.55669510532323,0.0,0.0,1,1,1,1.0,0.0
G025060,35.23634586175046,128.55670679896926,0.0,0.0,1,1,1,1.0,0.0
G025174,35.13806596920508,128.55653277373565,0.0,0.0,1,1,1,1.0,0.0
G025175,35.13896753897139,128.55654442353043,0.0,0.0,1,1,1,1.0,0.0
G025176,35.13986910859991,128.5565560738426,0.0,0.0,1,1,1,1.0,0.0
G025177,35.14077067809068,128.5565677246721,0.0,0.0,1,1,1,1.0,0.0
G025178,35.141672247443665,128.55657937601904,0.0,0.0,1,1,1,1.0,0.0
G025179,35.14257381665888,128.5565910278834,0.0,0.0,1,1,1,1.0,0.0
G025180,35.143475385736316,128.55660268026517,0.0,0.0,0,0,1,0.18356598557436246,0.0
G025181,35.14437695467599,128.5566143331644,0.0,0.0,1,0,1,0.5384822384689838,0.0
G025182,35.145278523477884,128.5566259865811,0.0,0.0,1,0,1,0.5384822384689838,0.0
G025183,35.14618009214198,128.55663764051533,0.0,0.0,0,0,1,0.18356598557436246,0.0
G025184,35.14708166066831,128.55664929496714,0.0,0.0,1,1,1,1.0,0.0
G025185,35.14798322905687,128.55666094993643,0.0,0.0,1,0,1,0.5384822384689838,0.0
G025186,35.14888479730764,128.55667260542333,0.0,0.0,1,0,1,0.5384822384689838,0.0
G025187,35.14978636542061,128.55668426142785,0.0,0.0,1,1,1,1.0,0.0
G025188,35.150687933395794,128.55669591794995,0.0,0.0,1,1,1,1.0,0.0
G025189,35.1515895012332,128.5567075749897,0.0,0.0,1,1,1,1.0,0.0
G025190,35.15249106893282,128.55671923254715,0.0,0.0,1,1,1,1.0,0.0
G025191,35.15339263649463,128.55673089062228,0.0,0.0,1,1,1,1.0,0.0
G025192,35.15429420391865,128.5567425492151,0.0,0.0,1,1,1,1.0,0.0
G025208,35.1687192639617,128.55692915712822,0.0,0.0,1,1,1,1.0,0.0
G025209,35.16962082904298,128.55694082452567,0.0,0.0,1,0,1,0.5384822384689838,0.0
G025210,35.17052239398642,128.5569524924413,0.0,0.0,0,1,1,0.6450837471053786,0.0
G025211,35.171423958792026,128.55696416087503,0.0,0.0,0,0,1,0.18356598557436246,0.0
G025212,35.172325523459826,128.55697582982694,0.0,0.0,0,0,1,0.18356598557436246,0.0
G025213,35.1732270879898,128.55698749929704,0.0,0.0,1,0,1,0.5384822384689838,0.0
G025214,35.17412865238193,128.55699916928538,16.67,0.16670000000000001,1,0,1,0.5384822384689838,0.08976498915277961
G025215,35.17503021663624,128.5570108397919,9.72,0.09720000000000001,1,1,1,1.0,0.09720000000000001
G025216,35.1759317807527,128.55702251081672,7.05,0.0705,1,1,1,1.0,0.0705
G025217,35.17683334473132,128.55703418235984,1.36,0.013600000000000001,1,1,1,1.0,0.013600000000000001
G025218,35.17773490857213,128.55704585442123,0.0,0.0,0,1,1,0.6450837471053786,0.0
G025219,35.17863647227508,128.557057527001,18.47,0.18469999999999998,1,1,1,1.0,0.18469999999999998
G025220,35.17953803584019,128.5570692000991,2.68,0.0268,0,1,1,0.6450837471053786,0.01728824442242415
G025221,35.18043959926746,128.55708087371556,0.0,0.0,0,0,1,0.18356598557436246,0.0
G025222,35.18134116255689,128.55709254785043,0.0,0.0,0,0,1,0.18356598557436246,0.0
G025223,35.18224272570847,128.55710422250374,0.0,0.0,1,0,1,0.5384822384689838,0.0
G025224,35.183144288722204,128.5571158976755,0.0,0.0,1,1,1,1.0,0.0
G025225,35.184045851598086,128.5571275733657,0.0,0.0,1,0,1,0.5384822384689838,0.0
G025226,35.18494741433612,128.5571392495744,0.0,0.0,1,1,0,0.8164340144256376,0.0
G025227,35.1858489769363,128.5571509263016,0.0,0.0,1,0,1,0.5384822384689838,0.0
G025228,35.18675053939863,128.55716260354737,0.0,0.0,1,0,1,0.5384822384689838,0.0
G025229,35.18765210172309,128.55717428131166,0.0,0.0,1,0,1,0.5384822384689838,0.0
G025236,35.1939630341343,128.5572560401834,0.0,0.0,1,1,1,1.0,0.0
G025237,35.19486459535586,128.55726772209704,0.0,0.0,1,1,1,1.0,0.0
G025238,35.19576615643956,128.5572794045294,0.0,0.0,1,0,1,0.5384822384689838,0.0
G025239,35.196667717385374,128.55729108748056,0.0,0.0,1,0,1,0.5384822384689838,0.0
G025240,35.19756927819331,128.55730277095054,0.0,0.0,0,0,1,0.18356598557436246,0.0
G025241,35.19847083886339,128.55731445493936,0.0,0.0,1,1,1,1.0,0.0
G025242,35.19937239939559,128.557326139447,0.0,0.0,1,0,1,0.5384822384689838,0.0
G025243,35.200273959789904,128.55733782447356,0.0,0.0,0,0,1,0.18356598557436246,0.0
G025244,35.201175520046334,128.557349510019,0.0,0.0,1,0,1,0.5384822384689838,0.0
G025245,35.202077080164884,128.5573611960834,0.0,0.0,1,1,1,1.0,0.0
G025246,35.20297864014555,128.55737288266673,0.0,0.0,1,1,1,1.0,0.0
G025258,35.21379734915798,128.55751316215296,0.0,0.0,1,1,1,1.0,0.0
G025259,35.214698907346,128.5575248554847,0.0,0.0,1,1,1,1.0,0.0
G025260,35.21560046539612,128.5575365493357,0.0,0.0,1,1,1,1.0,0.0
G025261,35.21650202330832,128.55754824370604,0.0,0.0,1,1,1,1.0,0.0
G025262,35.21740358108261,128.55755993859563,0.0,0.0,1,1,1,1.0,0.0
G025277,35.23092693114658,128.55773542427343,0.0,0.0,1,1,1,1.0,0.0
G025278,35.23182848671407,128.5577471274752,0.0,0.0,1,0,1,0.5384822384689838,0.0
G025279,35.232730042143636,128.55775883119674,0.0,0.0,0,1,1,0.6450837471053786,0.0
G025280,35.23363159743525,128.55777053543792,0.0,0.0,0,0,1,0.18356598557436246,0.0
G025281,35.23453315258892,128.55778224019892,0.0,0.0,0,0,1,0.18356598557436246,0.0
G025282,35.23543470760464,128.55779394547966,0.0,0.0,1,1,1,1.0,0.0
G025283,35.23633626248242,128.55780565128023,0.0,0.0,1,1,1,1.0,0.0
G025397,35.137154825101824,128.55761864248515,0.0,0.0,1,1,1,1.0,0.0
G025398,35.13805639468769,128.55763030385847,0.0,0.0,1,1,1,1.0,0.0
G025399,35.1389579641358,128.55764196574964,0.0,0.0,0,1,1,0.6450837471053786,0.0
G025400,35.13985953344612,128.55765362815868,0.0,0.0,1,1,1,1.0,0.0
G025401,35.14076110261867,128.55766529108564,0.0,0.0,1,1,1,1.0,0.0
G025402,35.141662671653435,128.5576769545305,0.0,0.0,1,1,1,1.0,0.0
G025403,35.14256424055042,128.55768861849336,0.0,0.0,1,1,1,1.0,0.0
G025404,35.14346580930963,128.55770028297417,0.0,0.0,1,0,1,0.5384822384689838,0.0
G025405,35.144367377931054,128.55771194797296,0.0,0.0,1,0,1,0.5384822384689838,0.0
G025406,35.14526894641471,128.55772361348983,0.0,0.0,1,1,1,1.0,0.0
G025407,35.14617051476056,128.55773527952474,0.0,0.0,0,0,1,0.18356598557436246,0.0
G025408,35.147072082968634,128.55774694607766,12.18,0.12179999999999999,1,0,1,0.5384822384689838,0.06558713664552222
G025409,35.147973651038924,128.5577586131487,27.45,0.27449999999999997,1,0,1,0.5384822384689838,0.14781337445973602
G025410,35.148875218971405,128.55777028073788,0.0,0.0,1,1,1,1.0,0.0
G025411,35.14977678676611,128.55778194884516,0.0,0.0,1,1,1,1.0,0.0
G025412,35.150678354423,128.55779361747062,0.0,0.0,1,1,1,1.0,0.0
G025413,35.15157992194211,128.55780528661424,0.0,0.0,1,1,1,1.0,0.0
G025414,35.15248148932342,128.5578169562761,0.0,0.0,1,1,1,1.0,0.0
G025415,35.153383056566945,128.55782862645617,0.0,0.0,1,1,1,1.0,0.0
G025432,35.16870967862172,128.5580270988285,0.0,0.0,1,1,1,1.0,0.0
G025433,35.169611243384566,128.55803877834057,0.0,0.0,1,1,1,1.0,0.0
G025434,35.170512808009555,128.55805045837133,0.0,0.0,1,1,1,1.0,0.0
G025435,35.171414372496734,128.55806213892077,0.0,0.0,1,0,1,0.5384822384689838,0.0
G025436,35.17231593684607,128.55807381998892,0.0,0.0,1,0,1,0.5384822384689838,0.0
G025437,35.17321750105759,128.5580855015758,0.0,0.0,1,0,1,0.5384822384689838,0.0
G025438,35.17411906513125,128.55809718368144,16.67,0.16670000000000001,1,0,1,0.5384822384689838,0.08976498915277961
G025439,35.17502062906708,128.55810886630584,5.56,0.0556,1,0,1,0.5384822384689838,0.029939612458875497
G025440,35.175922192865066,128.55812054944906,27.54,0.2754,0,0,1,0.18356598557436246,0.050554072427179415
G025441,35.1768237565252,128.55813223311108,4.52,0.0452,0,0,1,0.18356598557436246,0.008297182547961184
G025442,35.17772532004751,128.55814391729197,0.0,0.0,1,0,1,0.5384822384689838,0.0
G025443,35.17862688343196,128.55815560199173,2.78,0.0278,1,0,1,0.5384822384689838,0.014969806229437749
G025444,35.17952844667857,128.55816728721038,1.28,0.0128,1,0,0,0.35491625289462136,0.004542928037051154
G025445,35.18043000978732,128.55817897294793,0.0,0.0,1,0,0,0.35491625289462136,0.0
G025446,35.181331572758225,128.5581906592044,0.0,0.0,1,0,1,0.5384822384689838,0.0
G025447,35.182233135591275,128.55820234597985,0.0,0.0,0,1,1,0.6450837471053786,0.0
G025448,35.18313469828647,128.5582140332743,0.0,0.0,0,1,1,0.6450837471053786,0.0
G025449,35.184036260843826,128.55822572108775,0.0,0.0,1,0,1,0.5384822384689838,0.0
G025450,35.18493782326331,128.5582374094202,0.0,0.0,0,1,0,0.4615177615310162,0.0
G025451,35.185839385544924,128.55824909827172,0.0,0.0,0,0,1,0.18356598557436246,0.0
G025452,35.18674094768869,128.55826078764235,0.0,0.0,1,1,1,1.0,0.0
G025453,35.1876425096946,128.55827247753203,0.0,0.0,1,0,1,0.5384822384689838,0.0
G025460,35.19395343987561,128.55835432129655,0.0,0.0,1,0,1,0.5384822384689838,0.0
G025461,35.194855000778546,128.55836601533986,0.0,0.0,1,0,0,0.35491625289462136,0.0
G025462,35.195756561543604,128.55837770990246,0.0,0.0,0,1,1,0.6450837471053786,0.0
G025463,35.19665812217078,128.55838940498438,0.0,0.0,1,1,1,1.0,0.0
G025464,35.19755968266008,128.55840110058568,0.0,0.0,0,0,1,0.18356598557436246,0.0
G025465,35.198461243011494,128.55841279670634,0.0,0.0,1,0,1,0.5384822384689838,0.0
G025466,35.19936280322505,128.5584244933464,0.0,0.0,0,1,1,0.6450837471053786,0.0
G025467,35.20026436330069,128.55843619050586,0.0,0.0,0,1,1,0.6450837471053786,0.0
G025468,35.20116592323844,128.55844788818476,0.0,0.0,1,0,1,0.5384822384689838,0.0
G025469,35.20206748303831,128.55845958638315,0.0,0.0,1,0,1,0.5384822384689838,0.0
G025470,35.20296904270029,128.558471285101,0.0,0.0,1,0,1,0.5384822384689838,0.0
G025481,35.21288618988077,128.55860000529023,0.0,0.0,1,1,1,1.0,0.0
G025482,35.21378774788792,128.55861171024372,0.0,0.0,1,1,1,1.0,0.0
G025483,35.21468930575716,128.55862341571705,0.0,0.0,1,1,1,1.0,0.0
G025484,35.215590863488494,128.55863512171013,0.0,0.0,1,1,1,1.0,0.0
G025485,35.21649242108192,128.55864682822306,0.0,0.0,1,1,1,1.0,0.0
G025486,35.21739397853741,128.55865853525583,0.0,0.0,0,1,1,0.6450837471053786,0.0
G025487,35.218295535854985,128.55867024280852,0.0,0.0,1,1,1,1.0,0.0
G025488,35.21919709303464,128.55868195088107,0.0,0.0,1,1,1,1.0,0.0
G025489,35.220098650076366,128.55869365947356,0.0,0.0,1,1,1,1.0,0.0
G025501,35.23091732381856,128.55883420314575,0.0,0.0,1,1,1,1.0,0.0
G025502,35.23181887906714,128.55884591849934,0.0,0.0,1,0,1,0.5384822384689838,0.0
G025503,35.232720434177786,128.55885763437317,0.0,0.0,1,1,1,1.0,0.0
G025504,35.23362198915047,128.55886935076725,0.0,0.0,0,0,1,0.18356598557436246,0.0
G025505,35.23452354398522,128.55888106768165,0.0,0.0,0,1,1,0.6450837471053786,0.0
G025506,35.23542509868201,128.55889278511634,0.0,0.0,0,0,1,0.18356598557436246,0.0
G025622,35.13714524096545,128.55871615999436,0.0,0.0,1,1,1,1.0,0.0
G025623,35.138046810232794,128.55872783346342,0.0,0.0,1,1,1,1.0,0.0
G025624,35.13894837936236,128.55873950745092,0.0,0.0,1,1,1,1.0,0.0
G025625,35.13984994835415,128.55875118195686,0.0,0.0,1,0,1,0.5384822384689838,0.0
G025626,35.140751517208166,128.55876285698122,0.0,0.0,1,1,1,1.0,0.0
G025627,35.14165308592438,128.55877453252404,0.0,0.0,1,1,1,1.0,0.0
G025628,35.14255465450282,128.55878620858536,0.0,0.0,1,1,1,1.0,0.0
G025629,35.14345622294347,128.55879788516518,0.0,0.0,1,0,1,0.5384822384689838,0.0
G025630,35.14435779124632,128.55880956226355,0.0,0.0,1,0,1,0.5384822384689838,0.0
G025631,35.145259359411405,128.55882123988047,0.0,0.0,1,0,1,0.5384822384689838,0.0
G025632,35.14616092743867,128.558832918016,0.0,0.0,1,0,1,0.5384822384689838,0.0
G025633,35.14706249532815,128.5588445966701,6.51,0.06509999999999999,1,0,1,0.5384822384689838,0.035055193724330844
G025634,35.14796406307984,128.55885627584286,12.93,0.1293,1,0,1,0.5384822384689838,0.06962575343403961
G025635,35.14886563069372,128.55886795553425,0.0,0.0,1,1,1,1.0,0.0
G025636,35.149767198169805,128.55887963574432,0.0,0.0,1,1,1,1.0,0.0
G025637,35.150668765508094,128.55889131647308,0.0,0.0,1,1,1,1.0,0.0
G025657,35.16870008333301,128.5591250400101,0.0,0.0,1,1,1,1.0,0.0
G025658,35.16960164777708,128.55913673163678,0.0,0.0,1,1,1,1.0,0.0
G025659,35.17050321208332,128.5591484237827,0.0,0.0,1,1,1,1.0,0.0
G025660,35.17140477625171,128.55916011644783,0.0,0.0,1,0,1,0.5384822384689838,0.0
G025661,35.17230634028227,128.55917180963218,0.0,0.0,1,0,1,0.5384822384689838,0.0
G025662,35.173207904174994,128.5591835033358,0.0,0.0,1,0,1,0.5384822384689838,0.0
G025663,35.17410946792987,128.55919519755875,0.0,0.0,0,0,1,0.18356598557436246,0.0
G025664,35.17501103154689,128.55920689230098,0.0,0.0,1,0,1,0.5384822384689838,0.0
G025665,35.17591259502606,128.55921858756255,0.0,0.0,1,0,1,0.5384822384689838,0.0
G025666,35.176814158367385,128.5592302833435,0.0,0.0,0,1,1,0.6450837471053786,0.0
G025667,35.17771572157087,128.55924197964382,0.0,0.0,1,1,1,1.0,0.0
G025668,35.17861728463649,128.55925367646353,3.47,0.0347,1,0,1,0.5384822384689838,0.01868533367487374
G025669,35.17951884756426,128.55926537380273,30.07,0.3007,1,0,1,0.5384822384689838,0.16192160910762343
G025670,35.18042041035415,128.5592770716613,7.43,0.07429999999999999,1,0,1,0.5384822384689838,0.04000923031824549
G025671,35.18132197300622,128.55928877003942,0.0,0.0,0,0,0,0.0,0.0
G025672,35.18222353552041,128.55930046893698,0.0,0.0,1,0,1,0.5384822384689838,0.0
G025673,35.183125097896735,128.5593121683541,0.0,0.0,1,0,1,0.5384822384689838,0.0
G025674,35.18402666013521,128.55932386829076,0.0,0.0,1,0,1,0.5384822384689838,0.0
G025675,35.18492822223581,128.55933556874697,0.0,0.0,1,1,1,1.0,0.0
G025676,35.185829784198546,128.55934726972276,0.0,0.0,1,0,1,0.5384822384689838,0.0
G025677,35.18673134602342,128.5593589712182,0.0,0.0,1,0,1,0.5384822384689838,0.0
G025678,35.187632907710416,128.55937067323327,0.0,0.0,0,0,1,0.18356598557436246,0.0
G025685,35.19394383565893,128.5594526018904,0.0,0.0,1,0,1,0.5384822384689838,0.0
G025686,35.19484539624291,128.55946430806338,0.0,0.0,0,1,1,0.6450837471053786,0.0
G025687,35.19574695668901,128.55947601475617,0.0,0.0,0,1,1,0.6450837471053786,0.0
G025688,35.19664851699722,128.55948772196888,0.0,0.0,0,1,1,0.6450837471053786,0.0
G025689,35.19755007716754,128.55949942970145,28.47,0.2847,0,0,1,0.18356598557436246,0.052261236093020996
G025690,35.19845163719998,128.5595111379539,0.0,0.0,0,1,1,0.6450837471053786,0.0
G025691,35.19935319709452,128.55952284672634,0.0,0.0,1,1,1,1.0,0.0
G025692,35.20025475685117,128.5595345560187,0.0,0.0,1,0,1,0.5384822384689838,0.0
G025693,35.20115631646994,128.55954626583105,0.0,0.0,0,0,1,0.18356598557436246,0.0
G025694,35.202057875950786,128.5595579761634,0.0,0.0,1,0,1,0.5384822384689838,0.0
G025695,35.20295943529375,128.5595696870158,0.0,0.0,1,0,1,0.5384822384689838,0.0
G025706,35.21287657896456,128.55969854072026,0.0,0.0,1,1,1,1.0,0.0
G025707,35.21377813665261,128.55971025781474,0.0,0.0,1,1,1,1.0,0.0
G025708,35.21467969420274,128.55972197542957,0.0,0.0,1,1,1,1.0,0.0
G025709,35.21558125161496,128.5597336935647,0.0,0.0,0,1,1,0.6450837471053786,0.0
G025710,35.21648280888925,128.55974541222025,0.0,0.0,0,1,1,0.6450837471053786,0.0
G025711,35.21738436602561,128.55975713139617,0.0,0.0,0,1,1,0.6450837471053786,0.0
G025712,35.218285923024055,128.5597688510925,0.0,0.0,1,1,1,1.0,0.0
G025713,35.21918747988456,128.5597805713093,0.0,0.0,0,1,1,0.6450837471053786,0.0
G025714,35.22008903660715,128.5597922920465,0.0,0.0,0,1,1,0.6450837471053786,0.0
G025715,35.2209905931918,128.55980401330424,0.0,0.0,1,1,1,1.0,0.0
G025727,35.23180926144834,128.5599447090032,0.0,0.0,1,0,1,0.5384822384689838,0.0
G025728,35.232710816239745,128.55995643702934,0.0,0.0,0,1,1,0.6450837471053786,0.0
G025729,35.23361237089317,128.55996816557627,0.0,0.0,0,0,1,0.18356598557436246,0.0
G025730,35.23451392540865,128.55997989464404,0.0,0.0,0,1,1,0.6450837471053786,0.0
G025731,35.23541547978618,128.55999162423268,0.0,0.0,0,0,1,0.18356598557436246,0.0
G025848,35.13713564689192,128.55981367698516,0.0,0.0,1,1,1,1.0,0.0
G025849,35.13803721584042,128.55982536255001,0.0,0.0,1,1,1,1.0,0.0
G025850,35.13893878465113,128.55983704863382,0.0,0.0,1,1,1,1.0,0.0
G025851,35.139840353324054,128.55984873523656,0.0,0.0,1,0,1,0.5384822384689838,0.0
G025852,35.140741921859195,128.5598604223583,0.0,0.0,1,1,1,1.0,0.0
G025853,35.141643490256534,128.55987210999905,0.0,0.0,1,0,1,0.5384822384689838,0.0
G025854,35.14254505851609,128.55988379815884,0.0,0.0,1,0,1,0.5384822384689838,0.0
G025855,35.14344662663783,128.55989548683766,0.0,0.0,1,0,1,0.5384822384689838,0.0
G025856,35.14434819462179,128.55990717603558,0.0,0.0,1,0,1,0.5384822384689838,0.0
G025857,35.14524976246797,128.55991886575256,0.0,0.0,1,1,1,1.0,0.0
G025858,35.14615133017631,128.55993055598867,0.0,0.0,1,1,1,1.0,0.0
G025859,35.147052897746875,128.55994224674393,0.0,0.0,1,1,1,1.0,0.0
G025860,35.147954465179645,128.55995393801837,0.0,0.0,1,1,1,1.0,0.0
G025861,35.14885603247459,128.55996562981196,0.0,0.0,1,1,1,1.0,0.0
G025862,35.14975759963174,128.5599773221248,0.0,0.0,1,1,1,1.0,0.0
G025863,35.150659166651074,128.55998901495684,0.0,0.0,1,1,1,1.0,0.0
G025883,35.168690478095584,128.56022298067253,0.0,0.0,1,1,1,1.0,0.0
G025884,35.169592042220565,128.5602346844138,0.0,0.0,1,1,1,1.0,0.0
G025885,35.17049360620769,128.56024638867484,0.0,0.0,1,1,1,1.0,0.0
G025886,35.171395170057,128.56025809345562,0.0,0.0,1,0,1,0.5384822384689838,0.0
G025887,35.172296733768434,128.56026979875617,0.0,0.0,1,0,1,0.5384822384689838,0.0
G025888,35.17319829734204,128.56028150457655,0.0,0.0,0,0,1,0.18356598557436246,0.0
G025889,35.17409986077778,128.56029321091674,0.0,0.0,1,1,1,1.0,0.0
G025890,35.17500142407567,128.56030491777676,0.0,0.0,1,0,1,0.5384822384689838,0.0
G025891,35.1759029872357,128.5603166251567,0.0,0.0,1,1,1,1.0,0.0
G025892,35.17680455025787,128.5603283330565,0.0,0.0,0,1,1,0.6450837471053786,0.0
G025893,35.1777061131422,128.56034004147625,0.0,0.0,0,0,1,0.18356598557436246,0.0
G025894,35.17860767588865,128.56035175041595,0.0,0.0,1,0,0,0.35491625289462136,0.0
G025895,35.17950923849725,128.5603634598756,24.18,0.2418,0,0,0,0.0,0.0
G025896,35.18041080096799,128.56037516985526,12.5,0.125,1,0,1,0.5384822384689838,0.06731027980862297
G025897,35.18131236330087,128.5603868803549,0.0,0.0,1,0,1,0.5384822384689838,0.0
G025898,35.18221392549586,128.56039859137462,0.0,0.0,1,0,1,0.5384822384689838,0.0
G025899,35.18311548755299,128.56041030291436,0.0,0.0,0,1,1,0.6450837471053786,0.0
G025900,35.18401704947227,128.56042201497422,0.0,0.0,1,0,1,0.5384822384689838,0.0
G025901,35.184918611253664,128.56043372755414,0.0,0.0,1,0,1,0.5384822384689838,0.0
G025902,35.185820172897174,128.5604454406542,0.0,0.0,0,0,1,0.18356598557436246,0.0
G025903,35.18672173440282,128.56045715427445,0.0,0.0,1,0,1,0.5384822384689838,0.0
G025904,35.187623295770585,128.56046886841486,0.0,0.0,0,0,1,0.18356598557436246,0.0
G025908,35.19122953986287,128.56051573017862,0.0,0.0,0,1,1,0.6450837471053786,0.0
G025909,35.192131100541225,128.56052744692025,0.0,0.0,1,0,1,0.5384822384689838,0.0
G025910,35.193032661081695,128.5605391641822,0.0,0.0,1,0,1,0.5384822384689838,0.0
G025911,35.193934221484284,128.56055088196445,0.0,0.0,0,1,1,0.6450837471053786,0.0
G025912,35.194835781748985,128.56056260026705,0.0,0.0,1,1,1,1.0,0.0
G025913,35.195737341875784,128.56057431909005,0.0,0.0,1,1,1,1.0,0.0
G025914,35.196638901864695,128.56058603843346,0.0,0.0,0,1,1,0.6450837471053786,0.0
G025915,35.197540461715704,128.56059775829726,0.0,0.0,1,0,1,0.5384822384689838,0.0
G025916,35.198442021428846,128.56060947868156,0.0,0.0,1,0,1,0.5384822384689838,0.0
G025917,35.199343581004065,128.56062119958634,0.0,0.0,0,0,1,0.18356598557436246,0.0
G025918,35.20024514044138,128.56063292101157,0.0,0.0,1,1,1,1.0,0.0
G025919,35.2011466997408,128.56064464295733,0.0,0.0,1,1,1,1.0,0.0
G025920,35.20204825890231,128.56065636542363,0.0,0.0,0,0,1,0.18356598557436246,0.0
G025921,35.20294981792591,128.56066808841052,0.0,0.0,1,1,1,1.0,0.0
G025922,35.20385137681163,128.560679811918,0.0,0.0,0,1,1,0.6450837471053786,0.0
G025923,35.20475293555941,128.56069153594606,0.0,0.0,1,0,1,0.5384822384689838,0.0
G025924,35.20565449416931,128.56070326049476,0.0,0.0,1,0,1,0.5384822384689838,0.0
G025925,35.206556052641275,128.56071498556412,0.0,0.0,1,1,1,1.0,0.0
G025926,35.20745761097535,128.56072671115416,0.0,0.0,1,1,1,1.0,0.0
G025927,35.20835916917149,128.56073843726492,0.0,0.0,1,1,1,1.0,0.0
G025931,35.211965400576894,128.5607853469154,0.0,0.0,1,1,1,1.0,0.0
G025932,35.21286695808344,128.56079707562998,0.0,0.0,1,1,1,1.0,0.0
G025933,35.21376851545206,128.56080880486542,0.0,0.0,0,1,1,0.6450837471053786,0.0
G025934,35.21467007268275,128.56082053462174,0.0,0.0,1,0,1,0.5384822384689838,0.0
G025935,35.215571629775525,128.56083226489895,0.0,0.0,1,0,1,0.5384822384689838,0.0
G025936,35.21647318673036,128.56084399569704,0.0,0.0,1,0,1,0.5384822384689838,0.0
G025937,35.21737474354727,128.56085572701608,0.0,0.0,1,0,1,0.5384822384689838,0.0
G025938,35.21827630022623,128.56086745885605,0.0,0.0,1,0,1,0.5384822384689838,0.0
G025939,35.21917785676727,128.56087919121703,0.0,0.0,1,0,1,0.5384822384689838,0.0
G025940,35.220079413170374,128.560890924099,0.0,0.0,0,0,1,0.18356598557436246,0.0
G025941,35.22098096943553,128.560902657502,0.0,0.0,1,1,1,1.0,0.0
G025942,35.22188252556276,128.56091439142605,0.0,0.0,1,1,1,1.0,0.0
G026077,35.13712604288126,128.56091119345703,0.0,0.0,1,1,1,1.0,0.0
G026078,35.13802761151057,128.56092289111766,0.0,0.0,1,0,1,0.5384822384689838,0.0
G026079,35.1389291800021,128.56093458929772,0.0,0.0,1,0,1,0.5384822384689838,0.0
G026080,35.13983074835582,128.56094628799733,0.0,0.0,1,0,1,0.5384822384689838,0.0
G026081,35.140732316571764,128.5609579872164,0.0,0.0,1,0,1,0.5384822384689838,0.0
G026082,35.1416338846499,128.56096968695508,0.0,0.0,1,1,1,1.0,0.0
G026083,35.14253545259023,128.56098138721327,0.0,0.0,1,1,1,1.0,0.0
G026084,35.14343702039276,128.56099308799105,0.0,0.0,1,1,1,1.0,0.0
G026085,35.144338588057494,128.5610047892885,0.0,0.0,1,1,1,1.0,0.0
G026086,35.145240155584425,128.56101649110553,0.0,0.0,1,1,1,1.0,0.0
G026087,35.14614172297354,128.5610281934422,0.0,0.0,1,1,1,1.0,0.0
G026088,35.14704329022484,128.56103989629858,0.0,0.0,1,1,1,1.0,0.0
G026089,35.147944857338345,128.56105159967467,0.0,0.0,1,1,1,1.0,0.0
G026090,35.14884642431404,128.56106330357048,0.0,0.0,1,1,1,1.0,0.0
G026091,35.14974799115191,128.56107500798603,0.0,0.0,1,1,1,1.0,0.0
G026092,35.15064955785197,128.56108671292137,0.0,0.0,1,1,1,1.0,0.0
G026112,35.16868086290946,128.5613209208153,0.0,0.0,1,0,1,0.5384822384689838,0.0
G026113,35.169582426715024,128.56133263667112,0.0,0.0,1,0,1,0.5384822384689838,0.0
G026114,35.17048399038273,128.56134435304722,0.0,0.0,1,0,1,0.5384822384689838,0.0
G026115,35.171385553912586,128.56135606994363,0.0,0.0,0,0,1,0.18356598557436246,0.0
G026116,35.17228711730458,128.56136778736033,0.0,0.0,1,0,1,0.5384822384689838,0.0
G026117,35.17318868055874,128.56137950529742,0.0,0.0,1,0,1,0.5384822384689838,0.0
G026118,35.17409024367501,128.56139122375487,0.0,0.0,1,0,1,0.5384822384689838,0.0
G026119,35.174991806653445,128.56140294273268,0.0,0.0,0,0,1,0.18356598557436246,0.0
G026120,35.175893369494,128.56141466223093,0.0,0.0,1,1,1,1.0,0.0
G026121,35.1767949321967,128.5614263822496,0.0,0.0,1,1,1,1.0,0.0
G026122,35.177696494761534,128.56143810278877,0.0,0.0,0,0,1,0.18356598557436246,0.0
G026123,35.1785980571885,128.5614498238484,0.0,0.0,1,0,1,0.5384822384689838,0.0
G026124,35.179499619477596,128.5614615454285,0.0,0.0,1,0,1,0.5384822384689838,0.0
G026125,35.180401181628824,128.56147326752918,0.0,0.0,1,0,1,0.5384822384689838,0.0
G026126,35.181302743642185,128.56148499015038,0.0,0.0,1,0,1,0.5384822384689838,0.0
G026127,35.18220430551767,128.56149671329217,0.0,0.0,0,0,1,0.18356598557436246,0.0
G026128,35.18310586725527,128.56150843695454,0.0,0.0,0,0,1,0.18356598557436246,0.0
G026129,35.18400742885501,128.56152016113754,0.0,0.0,1,0,1,0.5384822384689838,0.0
G026130,35.18490899031686,128.5615318858412,0.0,0.0,1,1,1,1.0,0.0
G026131,35.185810551640834,128.5615436110655,0.0,0.0,1,0,0,0.35491625289462136,0.0
G026132,35.18671211282692,128.5615553368105,0.0,0.0,1,0,1,0.5384822384689838,0.0
G026133,35.18761367387512,128.56156706307624,0.0,0.0,1,0,0,0.35491625289462136,0.0
G026136,35.190318356192435,128.56160224499786,0.0,0.0,0,0,1,0.18356598557436246,0.0
G026137,35.191219916689086,128.56161397334665,0.68,0.0068000000000000005,0,0,1,0.18356598557436246,0.0012482487019056649
G026138,35.19212147704785,128.56162570221628,0.0,0.0,1,1,1,1.0,0.0
G026139,35.193023037268716,128.56163743160675,0.0,0.0,0,0,1,0.18356598557436246,0.0
G026140,35.19392459735169,128.56164916151812,0.0,0.0,1,0,1,0.5384822384689838,0.0
G026141,35.194826157296774,128.56166089195034,0.0,0.0,1,0,1,0.5384822384689838,0.0
G026142,35.19572771710395,128.5616726229035,0.0,0.0,1,0,1,0.5384822384689838,0.0
G026143,35.19662927677323,128.5616843543776,0.0,0.0,0,0,1,0.18356598557436246,0.0
G026144,35.19753083630461,128.56169608637268,10.42,0.1042,1,0,1,0.5384822384689838,0.05610984924846811
G026145,35.19843239569809,128.56170781888875,9.33,0.0933,1,0,1,0.5384822384689838,0.050240392849156185
G026146,35.19933395495366,128.5617195519258,0.0,0.0,1,1,1,1.0,0.0
G026147,35.200235514071316,128.56173128548392,0.0,0.0,1,1,1,1.0,0.0
G026148,35.20113707305107,128.56174301956307,0.0,0.0,0,0,1,0.18356598557436246,0.0
G026149,35.20203863189291,128.5617547541633,0.0,0.0,0,0,1,0.18356598557436246,0.0
G026150,35.20294019059684,128.56176648928465,0.0,0.0,1,1,1,1.0,0.0
G026151,35.203841749162855,128.5617782249271,0.0,0.0,0,1,1,0.6450837471053786,0.0
G026152,35.20474330759095,128.56178996109074,0.0,0.0,1,1,1,1.0,0.0
G026153,35.20564486588114,128.56180169777554,0.0,0.0,0,0,1,0.18356598557436246,0.0
G026154,35.20654642403341,128.56181343498153,0.0,0.0,1,0,1,0.5384822384689838,0.0
G026155,35.20744798204776,128.56182517270872,0.0,0.0,1,1,1,1.0,0.0
G026156,35.208349539924185,128.5618369109572,0.0,0.0,1,1,1,1.0,0.0
G026157,35.20925109766268,128.5618486497269,0.0,0.0,1,1,1,1.0,0.0
G026158,35.21015265526327,128.5618603890179,0.0,0.0,1,1,1,1.0,0.0
G026159,35.21105421272591,128.5618721288302,0.0,0.0,1,1,1,1.0,0.0
G026160,35.21195577005063,128.56188386916384,0.0,0.0,1,1,1,1.0,0.0
G026161,35.21285732723742,128.56189561001887,0.0,0.0,1,0,1,0.5384822384689838,0.0
G026162,35.21375888428628,128.56190735139523,0.0,0.0,0,0,1,0.18356598557436246,0.0
G026163,35.2146604411972,128.56191909329303,0.0,0.0,1,0,1,0.5384822384689838,0.0
G026164,35.2155619979702,128.56193083571225,0.0,0.0,1,0,1,0.5384822384689838,0.0
G026165,35.216463554605255,128.5619425786529,18.37,0.1837,0,1,1,0.6450837471053786,0.11850188434325806
G026166,35.21736511110236,128.561954322115,12.5,0.125,0,1,1,0.6450837471053786,0.08063546838817233
G026167,35.218266667461535,128.56196606609865,0.0,0.0,0,1,1,0.6450837471053786,0.0
G026168,35.21916822368276,128.56197781060376,0.0,0.0,1,0,1,0.5384822384689838,0.0
G026169,35.22006977976606,128.56198955563045,0.0,0.0,1,0,1,0.5384822384689838,0.0
G026170,35.22097133571139,128.5620013011787,0.0,0.0,1,0,1,0.5384822384689838,0.0
G026171,35.22187289151879,128.56201304724854,0.0,0.0,1,1,1,1.0,0.0
G026172,35.222774447188236,128.56202479383998,0.0,0.0,1,1,1,1.0,0.0
G026322,35.138017997243274,128.5620204191658,0.0,0.0,1,0,1,0.5384822384689838,0.0
G026323,35.138919565415286,128.56203212944214,0.0,0.0,1,1,1,1.0,0.0
G026324,35.139821133449495,128.56204384023854,0.0,0.0,1,1,1,1.0,0.0
G026325,35.140722701345894,128.56205555155498,0.0,0.0,1,1,1,1.0,0.0
G026326,35.14162426910448,128.56206726339147,0.0,0.0,1,1,1,1.0,0.0
G026331,35.14613210583033,128.56212583037606,0.0,0.0,1,1,1,1.0,0.0
G026332,35.147033672762056,128.56213754533354,0.0,0.0,1,1,1,1.0,0.0
G026333,35.14793523955597,128.56214926081125,0.0,0.0,1,1,1,1.0,0.0
G026334,35.14883680621206,128.56216097680925,0.0,0.0,1,1,1,1.0,0.0
G026335,35.14973837273034,128.56217269332748,0.0,0.0,1,1,1,1.0,0.0
G026356,35.16867123777467,128.56241886043776,0.0,0.0,1,1,1,1.0,0.0
G026357,35.16957280126047,128.56243058840812,0.0,0.0,1,0,1,0.5384822384689838,0.0
G026358,35.17047436460841,128.5624423168993,0.0,0.0,1,0,1,0.5384822384689838,0.0
G026359,35.171375927818495,128.5624540459113,0.0,0.0,1,0,1,0.5384822384689838,0.0
G026360,35.17227749089072,128.5624657754442,0.0,0.0,0,1,1,0.6450837471053786,0.0
G026361,35.17317905382509,128.56247750549792,1.39,0.0139,1,1,1,1.0,0.0139
G026362,35.17408061662159,128.56248923607262,0.0,0.0,1,1,1,1.0,0.0
G026363,35.174982179280214,128.56250096716818,0.0,0.0,1,0,1,0.5384822384689838,0.0
G026364,35.17588374180098,128.56251269878473,0.0,0.0,0,0,1,0.18356598557436246,0.0
G026365,35.176785304183866,128.56252443092225,0.0,0.0,0,1,1,0.6450837471053786,0.0
G026366,35.177686866428886,128.56253616358075,0.0,0.0,1,0,1,0.5384822384689838,0.0
G026367,35.178588428536024,128.5625478967603,0.0,0.0,1,1,1,1.0,0.0
G026368,35.179489990505296,128.56255963046087,0.0,0.0,1,0,1,0.5384822384689838,0.0
G026369,35.18039155233669,128.56257136468253,0.0,0.0,1,0,1,0.5384822384689838,0.0
G026370,35.1812931140302,128.56258309942527,0.0,0.0,1,0,1,0.5384822384689838,0.0
G026371,35.182194675585826,128.56259483468912,0.0,0.0,1,0,0,0.35491625289462136,0.0
G026372,35.183096237003575,128.5626065704741,0.0,0.0,1,0,0,0.35491625289462136,0.0
G026373,35.18399779828345,128.56261830678025,0.0,0.0,1,0,1,0.5384822384689838,0.0
G026374,35.18489935942542,128.56263004360758,0.0,0.0,1,0,1,0.5384822384689838,0.0
G026375,35.18580092042952,128.56264178095608,0.0,0.0,1,0,1,0.5384822384689838,0.0
G026376,35.186702481295725,128.56265351882587,0.0,0.0,1,0,1,0.5384822384689838,0.0
G026379,35.18940716306698,128.56268873556272,0.0,0.0,1,0,1,0.5384822384689838,0.0
G026380,35.19030872338162,128.56270047551763,15.62,0.1562,0,0,0,0.0,0.0
G026381,35.19121028355836,128.56271221599386,18.01,0.1801,0,1,1,0.6450837471053786,0.1161795828536787
G026382,35.19211184359719,128.56272395699148,14.58,0.1458,1,1,1,1.0,0.1458
G026383,35.19301340349813,128.56273569851047,0.0,0.0,1,1,1,1.0,0.0
G026384,35.193914963261165,128.56274744055088,0.0,0.0,1,1,1,1.0,0.0
G026385,35.194816522886306,128.56275918311272,0.0,0.0,1,0,1,0.5384822384689838,0.0
G026386,35.19571808237352,128.56277092619604,0.0,0.0,0,0,1,0.18356598557436246,0.0
G026387,35.19661964172283,128.5627826698008,0.0,0.0,1,0,0,0.35491625289462136,0.0
G026388,35.19752120093425,128.5627944139271,1.2,0.012,1,0,1,0.5384822384689838,0.006461786861627805
G026389,35.198422760007745,128.5628061585749,11.33,0.1133,0,0,1,0.18356598557436246,0.020798026165575266
G026391,35.200225877741005,128.5628296494352,0.0,0.0,1,0,1,0.5384822384689838,0.0
G026392,35.20112743640076,128.56284139564772,0.0,0.0,0,0,1,0.18356598557436246,0.0
G026393,35.20202899492261,128.5628531423819,0.0,0.0,0,0,1,0.18356598557436246,0.0
G026394,35.202930553306516,128.56286488963767,0.0,0.0,0,1,1,0.6450837471053786,0.0
G026395,35.20383211155251,128.56287663741514,0.0,0.0,1,1,1,1.0,0.0
G026396,35.20473366966059,128.56288838571427,0.0,0.0,1,1,1,1.0,0.0
G026397,35.205635227630744,128.56290013453514,0.0,0.0,0,1,1,0.6450837471053786,0.0
G026398,35.20653678546298,128.56291188387772,0.0,0.0,0,0,1,0.18356598557436246,0.0
G026399,35.20743834315728,128.5629236337421,0.0,0.0,1,0,1,0.5384822384689838,0.0
G026400,35.20833990071365,128.5629353841282,0.0,0.0,1,0,1,0.5384822384689838,0.0
G026401,35.20924145813209,128.56294713503615,0.0,0.0,1,0,1,0.5384822384689838,0.0
G026402,35.21014301541261,128.56295888646588,0.0,0.0,1,0,1,0.5384822384689838,0.0
G026403,35.21104457255519,128.5629706384175,0.0,0.0,1,0,1,0.5384822384689838,0.0
G026404,35.21194612955982,128.562982390891,0.0,0.0,0,0,1,0.18356598557436246,0.0
G026405,35.21284768642652,128.56299414388636,0.0,0.0,1,0,1,0.5384822384689838,0.0
G026406,35.213749243155284,128.56300589740366,0.0,0.0,1,1,1,1.0,0.0
G026407,35.2146507997461,128.5630176514429,0.0,0.0,0,0,1,0.18356598557436246,0.0
G026408,35.21555235619899,128.56302940600406,0.0,0.0,1,1,1,1.0,0.0
G026409,35.216453912513934,128.56304116108726,14.1,0.141,1,1,1,1.0,0.141
G026410,35.21735546869093,128.56305291669247,6.08,0.0608,0,1,1,0.6450837471053786,0.03922109182400702
G026411,35.218257024729965,128.5630646728197,0.0,0.0,0,0,1,0.18356598557436246,0.0
G026412,35.21915858063106,128.563076429469,0.0,0.0,0,0,1,0.18356598557436246,0.0
G026413,35.2200601363942,128.56308818664036,0.0,0.0,1,1,1,1.0,0.0
G026414,35.22096169201939,128.56309994433383,0.0,0.0,0,0,1,0.18356598557436246,0.0
G026415,35.22186324750663,128.5631117025494,0.0,0.0,1,1,1,1.0,0.0
G026416,35.22276480285591,128.56312346128718,0.0,0.0,1,1,1,1.0,0.0
G026422,35.22817413205447,128.5631940246801,0.0,0.0,1,1,1,1.0,0.0
G026423,35.229075686438016,128.5632057870735,0.0,0.0,1,1,1,1.0,0.0
G026424,35.22997724068359,128.5632175499893,0.0,0.0,1,1,1,1.0,0.0
G026425,35.230878794791195,128.56322931342743,0.0,0.0,0,0,1,0.18356598557436246,0.0
G026426,35.231780348760836,128.56324107738791,0.0,0.0,1,1,1,1.0,0.0
G026580,35.14702404535853,128.56323519384824,0.0,0.0,1,1,1,1.0,0.0
G026581,35.14792561183253,128.56324692142758,0.0,0.0,1,1,1,1.0,0.0
G026582,35.1488271781687,128.5632586495277,0.0,0.0,1,1,1,1.0,0.0
G026604,35.16866160269121,128.56351679953943,0.0,0.0,1,1,1,1.0,0.0
G026605,35.16956316585692,128.56352853962431,0.0,0.0,1,1,1,1.0,0.0
G026606,35.170464728884774,128.56354028023054,0.0,0.0,1,1,1,1.0,0.0
G026607,35.17136629177475,128.56355202135813,0.0,0.0,1,0,1,0.5384822384689838,0.0
G026608,35.17226785452687,128.56356376300715,11.33,0.1133,1,1,1,1.0,0.1133
G026609,35.173169417141146,128.56357550517757,3.47,0.0347,1,1,1,1.0,0.0347
G026610,35.17407097961751,128.5635872478694,0.0,0.0,1,1,1,1.0,0.0
G026611,35.174972541956016,128.56359899108276,0.0,0.0,1,1,1,1.0,0.0
G026612,35.17587410415664,128.56361073481756,0.0,0.0,1,0,1,0.5384822384689838,0.0
G026613,35.176775666219385,128.5636224790739,0.0,0.0,0,0,1,0.18356598557436246,0.0
G026614,35.17767722814426,128.56363422385175,0.0,0.0,1,0,1,0.5384822384689838,0.0
G026615,35.17857878993125,128.5636459691512,0.0,0.0,0,0,1,0.18356598557436246,0.0
G026616,35.17948035158036,128.5636577149722,0.0,0.0,0,0,1,0.18356598557436246,0.0
G026617,35.18038191309158,128.5636694613148,0.0,0.0,1,1,1,1.0,0.0
G026618,35.18128347446492,128.56368120817905,3.16,0.0316,0,0,1,0.18356598557436246,0.005800685144149854
G026619,35.182185035700364,128.56369295556493,0.0,0.0,1,0,0,0.35491625289462136,0.0
G026620,35.183086596797935,128.5637047034725,0.0,0.0,1,0,1,0.5384822384689838,0.0
G026621,35.183988157757604,128.56371645190177,0.0,0.0,1,0,1,0.5384822384689838,0.0
G026622,35.18488971857938,128.56372820085275,0.0,0.0,0,0,1,0.18356598557436246,0.0
G026623,35.185791279263256,128.56373995032547,0.0,0.0,1,0,1,0.5384822384689838,0.0
G026624,35.186692839809254,128.56375170031995,0.0,0.0,1,0,1,0.5384822384689838,0.0
G026627,35.18939752061983,128.56378695343426,0.0,0.0,1,0,1,0.5384822384689838,0.0
G026628,35.190299080614224,128.56379870551604,0.68,0.0068000000000000005,1,1,1,1.0,0.0068000000000000005
G026629,35.1912006404707,128.56381045811972,17.95,0.1795,1,0,1,0.5384822384689838,0.09665756180518259
G026630,35.19210220018929,128.56382221124528,43.75,0.4375,0,0,1,0.18356598557436246,0.08031011868878357
G026631,35.19300375976996,128.56383396489278,7.64,0.0764,0,1,1,0.6450837471053786,0.04928439827885092
G026632,35.19390531921271,128.56384571906221,0.0,0.0,1,1,0,0.8164340144256376,0.0
G026633,35.19480687851756,128.56385747375364,0.0,0.0,0,0,1,0.18356598557436246,0.0
G026634,35.1957084376845,128.56386922896706,0.0,0.0,0,1,1,0.6450837471053786,0.0
G026635,35.196609996713526,128.5638809847025,0.0,0.0,0,0,1,0.18356598557436246,0.0
G026636,35.19751155560464,128.56389274095997,0.0,0.0,1,1,1,1.0,0.0
G026637,35.198413114357834,128.56390449773951,0.0,0.0,1,0,1,0.5384822384689838,0.0
G026639,35.20021623145047,128.5639280128649,9.59,0.0959,0,0,1,0.18356598557436246,0.01760397801658136
G026640,35.20111778978989,128.56393977121076,0.0,0.0,0,1,1,0.6450837471053786,0.0
G026641,35.20201934799139,128.5639515300788,0.0,0.0,1,0,1,0.5384822384689838,0.0
G026642,35.20292090605497,128.56396328946903,0.0,0.0,1,0,1,0.5384822384689838,0.0
G026643,35.203822463980615,128.56397504938147,0.0,0.0,1,0,1,0.5384822384689838,0.0
G026644,35.20472402176834,128.5639868098161,0.0,0.0,1,0,1,0.5384822384689838,0.0
G026645,35.205625579418125,128.56399857077298,0.0,0.0,1,1,1,1.0,0.0
G026646,35.20652713692999,128.56401033225217,0.0,0.0,0,0,1,0.18356598557436246,0.0
G026647,35.20742869430392,128.56402209425363,0.0,0.0,1,0,1,0.5384822384689838,0.0
G026648,35.20833025153991,128.56403385677743,0.0,0.0,1,0,1,0.5384822384689838,0.0
G026649,35.20923180863796,128.56404561982356,0.0,0.0,1,0,1,0.5384822384689838,0.0
G026650,35.21013336559807,128.56405738339203,0.0,0.0,0,0,1,0.18356598557436246,0.0
G026651,35.21103492242025,128.5640691474829,0.0,0.0,1,0,1,0.5384822384689838,0.0
G026652,35.21193647910448,128.56408091209622,0.0,0.0,1,1,1,1.0,0.0
G026653,35.21283803565077,128.56409267723194,0.0,0.0,1,0,1,0.5384822384689838,0.0
G026654,35.21373959205909,128.5641044428901,0.0,0.0,0,0,1,0.18356598557436246,0.0
G026655,35.214641148329484,128.5641162090708,0.0,0.0,0,0,1,0.18356598557436246,0.0
G026656,35.21554270446193,128.56412797577394,0.0,0.0,1,0,1,0.5384822384689838,0.0
G026657,35.216444260456434,128.56413974299966,0.0,0.0,0,0,1,0.18356598557436246,0.0
G026658,35.217345816312964,128.5641515107479,0.0,0.0,1,0,1,0.5384822384689838,0.0
G026659,35.21824737203155,128.56416327901871,0.0,0.0,1,0,1,0.5384822384689838,0.0
G026660,35.21914892761217,128.5641750478121,0.0,0.0,0,1,1,0.6450837471053786,0.0
G026661,35.22005048305484,128.56418681712813,0.0,0.0,0,1,1,0.6450837471053786,0.0
G026662,35.220952038359556,128.56419858696685,0.0,0.0,0,0,1,0.18356598557436246,0.0
G026663,35.22185359352631,128.56421035732816,0.0,0.0,0,0,1,0.18356598557436246,0.0
G026664,35.2227551485551,128.5642221282122,0.0,0.0,1,1,1,1.0,0.0
G026670,35.22816447583053,128.56429276449413,0.0,0.0,1,1,1,1.0,0.0
G026671,35.22906602989354,128.5643045390376,0.0,0.0,1,1,1,1.0,0.0
G026672,35.22996758381856,128.56431631410396,0.0,0.0,1,0,1,0.5384822384689838,0.0
G026673,35.23086913760561,128.56432808969322,0.0,0.0,1,1,1,1.0,0.0
G026674,35.23177069125469,128.5643398658054,0.0,0.0,0,0,1,0.18356598557436246,0.0
G026675,35.23267224476579,128.56435164244053,0.0,0.0,0,0,1,0.18356598557436246,0.0
G026676,35.233573798138906,128.5643634195986,0.0,0.0,1,0,1,0.5384822384689838,0.0
G026858,35.16865195765909,128.5646147381198,0.0,0.0,1,1,1,1.0,0.0
G026859,35.169553520504394,128.56462649031917,0.0,0.0,1,1,1,1.0,0.0
G026860,35.17045508321182,128.5646382430404,0.0,0.0,1,1,1,1.0,0.0
G026861,35.17135664578138,128.56464999628358,0.0,0.0,1,0,1,0.5384822384689838,0.0
G026862,35.17225820821306,128.56466175004866,0.0,0.0,1,0,1,0.5384822384689838,0.0
G026863,35.17315977050688,128.56467350433573,0.0,0.0,1,1,1,1.0,0.0
G026864,35.174061332662795,128.56468525914477,0.0,0.0,1,1,1,1.0,0.0
G026865,35.174962894680846,128.56469701447583,0.0,0.0,1,1,1,1.0,0.0
G026866,35.17586445656101,128.56470877032888,0.0,0.0,1,0,1,0.5384822384689838,0.0
G026867,35.17676601830329,128.564720526704,0.0,0.0,1,0,1,0.5384822384689838,0.0
G026868,35.177667579907684,128.5647322836012,24.31,0.24309999999999998,0,0,1,0.18356598557436246,0.04462489109312751
G026869,35.17856914137419,128.56474404102048,1.28,0.0128,1,1,1,1.0,0.0128
G026870,35.17947070270281,128.5647557989619,0.0,0.0,1,1,1,1.0,0.0
G026871,35.18037226389353,128.56476755742545,3.87,0.0387,1,1,1,1.0,0.0387
G026872,35.18127382494636,128.56477931641118,54.55,0.5455,1,0,1,0.5384822384689838,0.29374206108483064
G026873,35.1821753858613,128.5647910759191,1.28,0.0128,1,0,1,0.5384822384689838,0.006892572652402993
G026874,35.18307694663835,128.5648028359492,0.0,0.0,1,0,1,0.5384822384689838,0.0
G026875,35.183978507277494,128.56481459650155,0.0,0.0,1,1,1,1.0,0.0
G026876,35.184880067778735,128.56482635757618,0.0,0.0,1,1,1,1.0,0.0
G026877,35.185781628142074,128.5648381191731,0.0,0.0,1,1,1,1.0,0.0
G026881,35.189387868216414,128.56488517078392,0.0,0.0,0,0,0,0.0,0.0
G026882,35.190289427890235,128.5648969349926,0.0,0.0,1,0,1,0.5384822384689838,0.0
G026883,35.19119098742613,128.56490869972365,0.0,0.0,1,1,1,1.0,0.0
G026884,35.192092546824114,128.56492046497715,32.21,0.3221,0,0,1,0.18356598557436246,0.059126603953502145
G026885,35.19299410608419,128.5649322307531,0.0,0.0,0,0,1,0.18356598557436246,0.0
G026886,35.19389566520635,128.5649439970516,0.0,0.0,1,1,1,1.0,0.0
G026887,35.1947972241906,128.56495576387258,0.0,0.0,0,0,1,0.18356598557436246,0.0
G026888,35.19569878303692,128.56496753121607,0.0,0.0,1,1,1,1.0,0.0
G026889,35.19660034174532,128.56497929908215,0.0,0.0,0,0,1,0.18356598557436246,0.0
G026890,35.1975019003158,128.5649910674708,0.0,0.0,1,1,1,1.0,0.0
G026891,35.19840345874836,128.56500283638204,0.0,0.0,1,0,1,0.5384822384689838,0.0
G026892,35.199305017042995,128.56501460581592,0.69,0.0069,1,1,1,1.0,0.0069
G026893,35.200206575199694,128.56502637577245,2.78,0.0278,1,0,1,0.5384822384689838,0.014969806229437749
G026894,35.20110813321846,128.56503814625165,0.0,0.0,0,1,1,0.6450837471053786,0.0
G026895,35.2020096910993,128.56504991725356,0.0,0.0,1,1,1,1.0,0.0
G026896,35.202911248842206,128.56506168877817,0.0,0.0,0,0,1,0.18356598557436246,0.0
G026897,35.20381280644717,128.56507346082554,0.0,0.0,1,0,1,0.5384822384689838,0.0
G026898,35.204714363914206,128.56508523339568,0.0,0.0,1,1,1,1.0,0.0
G026899,35.20561592124331,128.56509700648857,0.0,0.0,0,0,0,0.0,0.0
G026900,35.20651747843447,128.5651087801043,0.0,0.0,0,0,1,0.18356598557436246,0.0
G026901,35.207419035487696,128.56512055424287,0.0,0.0,1,0,1,0.5384822384689838,0.0
G026902,35.20832059240297,128.5651323289043,0.0,0.0,1,1,1,1.0,0.0
G026903,35.20922214918029,128.5651441040886,0.0,0.0,1,1,1,1.0,0.0
G026904,35.21012370581969,128.56515587979578,0.0,0.0,0,0,1,0.18356598557436246,0.0
G026905,35.21102526232112,128.56516765602592,0.0,0.0,0,0,1,0.18356598557436246,0.0
G026906,35.2119268186846,128.56517943277902,0.0,0.0,0,1,1,0.6450837471053786,0.0
G026907,35.21282837491014,128.56519121005508,0.0,0.0,1,0,1,0.5384822384689838,0.0
G026908,35.21372993099772,128.5652029878541,0.0,0.0,1,1,1,1.0,0.0
G026909,35.214631486947354,128.56521476617618,0.0,0.0,0,0,1,0.18356598557436246,0.0
G026910,35.21553304275903,128.5652265450213,0.0,0.0,1,0,1,0.5384822384689838,0.0
G026911,35.216434598432755,128.56523832438947,0.0,0.0,1,1,1,1.0,0.0
G026912,35.2173361539685,128.56525010428072,0.0,0.0,1,0,1,0.5384822384689838,0.0
G026913,35.2182377093663,128.5652618846951,0.0,0.0,0,0,1,0.18356598557436246,0.0
G026914,35.21913926462613,128.56527366563262,0.0,0.0,1,1,1,1.0,0.0
G026915,35.22004081974799,128.5652854470933,0.0,0.0,1,1,1,1.0,0.0
G026916,35.22094237473189,128.56529722907715,0.0,0.0,0,1,1,0.6450837471053786,0.0
G026917,35.22184392957782,128.56530901158422,0.0,0.0,1,0,1,0.5384822384689838,0.0
G026918,35.222745484285795,128.5653207946145,0.0,0.0,1,1,1,1.0,0.0
G026923,35.22725325575601,128.56537971761517,0.0,0.0,1,1,1,1.0,0.0
G026924,35.22815480963612,128.5653915037853,0.0,0.0,1,1,1,1.0,0.0
G026925,35.229056363378255,128.56540329047883,0.0,0.0,0,1,1,0.6450837471053786,0.0
G026926,35.2299579169824,128.56541507769575,0.0,0.0,0,1,1,0.6450837471053786,0.0
G026927,35.230859470448564,128.56542686543614,15.28,0.1528,1,0,1,0.5384822384689838,0.08228008603806072
G026928,35.23176102377674,128.56543865369997,0.0,0.0,0,0,1,0.18356598557436246,0.0
G026929,35.232662576966945,128.56545044248728,0.0,0.0,0,0,1,0.18356598557436246,0.0
G026930,35.23356413001913,128.5654622317981,0.0,0.0,0,0,1,0.18356598557436246,0.0
G027116,35.16954386520289,128.56572444049212,0.0,0.0,1,1,1,1.0,0.0
G027117,35.17044542758956,128.56573620532836,0.0,0.0,1,1,1,1.0,0.0
G027118,35.17134698983837,128.56574797068706,0.0,0.0,1,1,1,1.0,0.0
G027119,35.17224855194928,128.56575973656822,0.0,0.0,1,0,1,0.5384822384689838,0.0
G027120,35.173150113922325,128.5657715029719,0.0,0.0,1,0,1,0.5384822384689838,0.0
G027121,35.174051675757475,128.5657832698981,0.0,0.0,1,1,1,1.0,0.0
G027122,35.17495323745473,128.56579503734685,0.0,0.0,1,1,1,1.0,0.0
G027123,35.1758547990141,128.56580680531815,0.0,0.0,0,0,1,0.18356598557436246,0.0
G027124,35.176756360435576,128.56581857381204,0.0,0.0,0,1,1,0.6450837471053786,0.0
G027125,35.17765792171917,128.56583034282852,16.67,0.16670000000000001,1,0,1,0.5384822384689838,0.08976498915277961
G027126,35.17855948286486,128.56584211236768,0.65,0.006500000000000001,1,1,1,1.0,0.006500000000000001
G027127,35.17946104387266,128.56585388242945,0.0,0.0,1,0,1,0.5384822384689838,0.0
G027128,35.18036260474255,128.56586565301393,0.0,0.0,1,0,1,0.5384822384689838,0.0
G027129,35.181264165474545,128.5658774241211,7.64,0.0764,1,0,1,0.5384822384689838,0.04114004301903036
G027130,35.18216572606864,128.56588919575103,0.0,0.0,0,1,1,0.6450837471053786,0.0
G027132,35.18937820585676,128.5659833876112,0.0,0.0,1,1,1,1.0,0.0
G027133,35.19027976520968,128.5659951639467,0.0,0.0,1,0,1,0.5384822384689838,0.0
G027134,35.19118132442466,128.56600694080512,0.0,0.0,1,0,1,0.5384822384689838,0.0
G027135,35.19208288350173,128.56601871818654,10.56,0.1056,1,1,1,1.0,0.1056
G027136,35.19298444244089,128.56603049609097,0.0,0.0,1,0,1,0.5384822384689838,0.0
G027137,35.19388600124211,128.56604227451845,0.0,0.0,1,0,1,0.5384822384689838,0.0
G027138,35.19478755990541,128.56605405346895,0.0,0.0,1,0,0,0.35491625289462136,0.0
G027139,35.195689118430785,128.5660658329425,0.0,0.0,0,1,1,0.6450837471053786,0.0
G027140,35.19659067681823,128.5660776129392,0.0,0.0,1,0,1,0.5384822384689838,0.0
G027141,35.19749223506774,128.566089393459,0.0,0.0,1,1,1,1.0,0.0
G027142,35.19839379317934,128.56610117450194,0.0,0.0,0,0,1,0.18356598557436246,0.0
G027143,35.199295351153,128.56611295606803,0.0,0.0,1,1,1,1.0,0.0
G027144,35.200196908988715,128.56612473815733,0.0,0.0,0,0,1,0.18356598557436246,0.0
G027145,35.201098466686496,128.56613652076985,0.0,0.0,1,0,1,0.5384822384689838,0.0
G027146,35.20200002424634,128.56614830390558,0.0,0.0,0,1,1,0.6450837471053786,0.0
G027147,35.20290158166824,128.56616008756458,0.0,0.0,0,0,1,0.18356598557436246,0.0
G027148,35.203803138952196,128.56617187174686,0.0,0.0,1,1,1,1.0,0.0
G027149,35.20470469609821,128.56618365645244,0.0,0.0,1,0,1,0.5384822384689838,0.0
G027150,35.205606253106296,128.56619544168134,0.0,0.0,1,1,1,1.0,0.0
G027151,35.20650780997642,128.5662072274336,0.0,0.0,1,0,1,0.5384822384689838,0.0
G027152,35.2074093667086,128.56621901370923,0.0,0.0,1,1,1,1.0,0.0
G027153,35.20831092330285,128.5662308005083,0.0,0.0,1,1,1,1.0,0.0
G027154,35.209212479759124,128.56624258783071,0.0,0.0,1,1,1,1.0,0.0
G027155,35.210114036077464,128.56625437567664,0.0,0.0,0,0,1,0.18356598557436246,0.0
G027156,35.21101559225783,128.56626616404597,0.0,0.0,1,0,1,0.5384822384689838,0.0
G027157,35.21191714830023,128.5662779529388,0.0,0.0,1,0,1,0.5384822384689838,0.0
G027158,35.21281870420469,128.56628974235517,0.0,0.0,1,0,1,0.5384822384689838,0.0
G027159,35.21372025997119,128.56630153229509,0.0,0.0,0,0,1,0.18356598557436246,0.0
G027160,35.21462181559973,128.56631332275853,0.0,0.0,1,1,0,0.8164340144256376,0.0
G027161,35.2155233710903,128.56632511374556,0.0,0.0,1,0,1,0.5384822384689838,0.0
G027162,35.21642492644291,128.5663369052562,0.0,0.0,1,0,1,0.5384822384689838,0.0
G027163,35.21732648165756,128.56634869729046,0.0,0.0,1,1,1,1.0,0.0
G027164,35.21822803673423,128.5663604898484,0.0,0.0,0,0,1,0.18356598557436246,0.0
G027165,35.219129591672925,128.56637228293,0.0,0.0,0,1,1,0.6450837471053786,0.0
G027166,35.220031146473666,128.5663840765353,0.0,0.0,0,1,1,0.6450837471053786,0.0
G027167,35.22093270113641,128.56639587066428,0.0,0.0,0,1,1,0.6450837471053786,0.0
G027168,35.22183425566121,128.56640766531703,0.0,0.0,0,0,1,0.18356598557436246,0.0
G027169,35.22273581004801,128.56641946049356,0.0,0.0,1,0,1,0.5384822384689838,0.0
G027174,35.22724357991235,128.56647844423347,0.0,0.0,1,1,1,1.0,0.0
G027175,35.22814513347126,128.56649024255307,0.0,0.0,1,1,1,1.0,0.0
G027176,35.22904668689218,128.5665020413966,0.0,0.0,0,1,1,0.6450837471053786,0.0
G027177,35.22994824017512,128.56651384076412,0.0,0.0,1,0,1,0.5384822384689838,0.0
G027178,35.230849793320054,128.56652564065556,9.03,0.09029999999999999,0,0,1,0.18356598557436246,0.01657600849736493
G027179,35.23175134632701,128.566537441071,0.0,0.0,0,0,1,0.18356598557436246,0.0
G027180,35.23265289919598,128.5665492420105,0.0,0.0,1,0,1,0.5384822384689838,0.0
G027181,35.233554451926935,128.56656104347402,0.0,0.0,1,0,1,0.5384822384689838,0.0
G027372,35.17133732394574,128.5668459445681,0.0,0.0,1,1,1,1.0,0.0
G027373,35.17223888573556,128.56685772256532,0.0,0.0,1,1,1,1.0,0.0
G027374,35.1731404473875,128.5668695010856,0.0,0.0,1,0,1,0.5384822384689838,0.0
G027375,35.17404200890154,128.5668812801289,0.0,0.0,1,0,1,0.5384822384689838,0.0
G027376,35.17494357027769,128.56689305969533,0.0,0.0,1,1,1,1.0,0.0
G027377,35.17584513151592,128.56690483978483,0.0,0.0,1,1,1,1.0,0.0
G027378,35.17674669261626,128.56691662039745,0.0,0.0,1,1,1,1.0,0.0
G027379,35.177648253578724,128.56692840153323,0.0,0.0,1,0,1,0.5384822384689838,0.0
G027380,35.17854981440326,128.5669401831922,0.0,0.0,1,0,1,0.5384822384689838,0.0
G027381,35.17945137508991,128.56695196537436,0.0,0.0,1,0,1,0.5384822384689838,0.0
G027382,35.180352935638645,128.5669637480797,0.0,0.0,1,1,0,0.8164340144256376,0.0
G027384,35.19027009257257,128.56709339237784,0.0,0.0,1,1,1,1.0,0.0
G027385,35.19117165146631,128.56710518136364,0.0,0.0,1,0,1,0.5384822384689838,0.0
G027386,35.192073210222134,128.56711697087295,0.0,0.0,1,0,1,0.5384822384689838,0.0
G027387,35.19297476884003,128.56712876090583,0.0,0.0,1,1,1,1.0,0.0
G027388,35.193876327319984,128.56714055146227,0.0,0.0,1,0,1,0.5384822384689838,0.0
G027389,35.19477788566201,128.56715234254224,0.0,0.0,1,0,0,0.35491625289462136,0.0
G027390,35.19567944386612,128.5671641341459,0.0,0.0,1,0,1,0.5384822384689838,0.0
G027391,35.19658100193229,128.56717592627317,0.0,0.0,1,0,1,0.5384822384689838,0.0
G027392,35.197482559860504,128.56718771892406,0.0,0.0,1,0,0,0.35491625289462136,0.0
G027393,35.1983841176508,128.56719951209868,0.0,0.0,1,0,1,0.5384822384689838,0.0
G027394,35.19928567530315,128.56721130579697,0.0,0.0,1,0,1,0.5384822384689838,0.0
G027395,35.200187232817555,128.56722310001902,38.19,0.38189999999999996,1,0,1,0.5384822384689838,0.2056463668713049
G027396,35.20108879019401,128.5672348947648,16.67,0.16670000000000001,1,0,0,0.35491625289462136,0.05916453935753339
G027397,35.201990347432535,128.56724669003435,0.0,0.0,0,0,1,0.18356598557436246,0.0
G027398,35.20289190453311,128.5672584858277,0.0,0.0,0,1,1,0.6450837471053786,0.0
G027399,35.20379346149572,128.56727028214488,0.0,0.0,1,1,1,1.0,0.0
G027400,35.20469501832039,128.56728207898587,0.0,0.0,1,1,1,1.0,0.0
G027401,35.20559657500712,128.5672938763508,0.0,0.0,1,1,1,1.0,0.0
G027402,35.20649813155589,128.56730567423955,0.0,0.0,1,0,1,0.5384822384689838,0.0
G027403,35.20739968796669,128.56731747265223,0.0,0.0,1,1,1,1.0,0.0
G027404,35.20830124423955,128.56732927158882,0.0,0.0,1,1,1,1.0,0.0
G027405,35.209202800374456,128.5673410710494,0.0,0.0,1,0,1,0.5384822384689838,0.0
G027406,35.2101043563714,128.567352871034,0.0,0.0,1,0,1,0.5384822384689838,0.0
G027407,35.21100591223036,128.56736467154255,0.0,0.0,0,0,1,0.18356598557436246,0.0
G027408,35.21190746795138,128.56737647257512,0.0,0.0,1,0,1,0.5384822384689838,0.0
G027409,35.21280902353443,128.5673882741318,0.0,0.0,0,0,1,0.18356598557436246,0.0
G027410,35.2137105789795,128.5674000762125,0.0,0.0,0,0,1,0.18356598557436246,0.0
G027411,35.21461213428662,128.5674118788173,0.0,0.0,1,0,1,0.5384822384689838,0.0
G027412,35.215513689455754,128.56742368194625,0.0,0.0,1,0,1,0.5384822384689838,0.0
G027413,35.21641524448693,128.5674354855993,0.0,0.0,1,0,1,0.5384822384689838,0.0
G027414,35.21731679938013,128.56744728977654,0.0,0.0,1,1,1,1.0,0.0
G027415,35.218218354135345,128.56745909447798,0.0,0.0,0,0,1,0.18356598557436246,0.0
G027416,35.21911990875259,128.56747089970364,0.0,0.0,0,0,1,0.18356598557436246,0.0
G027417,35.22002146323185,128.56748270545353,0.0,0.0,1,0,1,0.5384822384689838,0.0
G027418,35.22092301757314,128.56749451172766,0.0,0.0,0,1,1,0.6450837471053786,0.0
G027419,35.221824571776445,128.56750631852609,0.0,0.0,1,1,1,1.0,0.0
G027420,35.22272612584176,128.56751812584884,0.0,0.0,0,0,1,0.18356598557436246,0.0
G027421,35.2236276797691,128.56752993369588,0.0,0.0,1,1,1,1.0,0.0
G027422,35.22452923355845,128.5675417420673,0.0,0.0,1,1,1,1.0,0.0
G027425,35.22723389409857,128.5675771703279,0.0,0.0,0,1,1,0.6450837471053786,0.0
G027426,35.228135447335944,128.56758898079693,0.0,0.0,0,1,1,0.6450837471053786,0.0
G027427,35.22903700043533,128.56760079179045,0.0,0.0,1,0,1,0.5384822384689838,0.0
G027428,35.22993855339673,128.56761260330848,0.0,0.0,1,0,1,0.5384822384689838,0.0
G027429,35.230840106220114,128.567624415351,0.0,0.0,0,0,0,0.0,0.0
G027430,35.23174165890551,128.5676362279181,0.0,0.0,1,0,1,0.5384822384689838,0.0
G027431,35.23264321145292,128.5676480410097,0.0,0.0,1,0,1,0.5384822384689838,0.0
G027432,35.2335447638623,128.5676598546259,0.0,0.0,1,1,1,1.0,0.0
G027433,35.23444631613369,128.5676716687667,0.0,0.0,1,1,1,1.0,0.0
G027620,35.16772140085099,128.5678967627083,0.0,0.0,1,1,1,1.0,0.0
G027621,35.16862296287098,128.5679085507275,0.0,0.0,1,0,1,0.5384822384689838,0.0
G027622,35.16952452475305,128.56792033927022,0.0,0.0,1,1,1,1.0,0.0
G027624,35.17132764810352,128.5679439179261,0.0,0.0,1,1,1,1.0,0.0
G027625,35.172229209571924,128.56795570803936,0.0,0.0,1,1,1,1.0,0.0
G027626,35.17313077090243,128.56796749867618,0.0,0.0,1,1,1,1.0,0.0
G027627,35.17403233209502,128.56797928983664,0.0,0.0,1,0,1,0.5384822384689838,0.0
G027628,35.17493389314971,128.5679910815207,0.0,0.0,1,0,1,0.5384822384689838,0.0
G027629,35.17583545406651,128.56800287372837,0.0,0.0,0,0,1,0.18356598557436246,0.0
G027630,35.17673701484539,128.5680146664597,0.0,0.0,1,0,1,0.5384822384689838,0.0
G027631,35.17763857548637,128.56802645971476,0.0,0.0,1,0,1,0.5384822384689838,0.0
G027632,35.178540135989444,128.5680382534935,0.0,0.0,1,1,1,1.0,0.0
G027634,35.19116196855109,128.56820342139864,0.0,0.0,1,1,1,1.0,0.0
G027635,35.192063526985336,128.56821522303582,0.0,0.0,1,0,1,0.5384822384689838,0.0
G027636,35.19296508528163,128.5682270251971,0.0,0.0,1,0,1,0.5384822384689838,0.0
G027637,35.193866643439996,128.56823882788248,0.0,0.0,1,1,1,1.0,0.0
G027638,35.19476820146044,128.56825063109196,0.0,0.0,1,0,1,0.5384822384689838,0.0
G027639,35.19566975934293,128.56826243482564,0.0,0.0,0,1,1,0.6450837471053786,0.0
G027640,35.19657131708747,128.56827423908345,0.0,0.0,1,0,0,0.35491625289462136,0.0
G027641,35.19747287469407,128.56828604386544,0.0,0.0,1,1,1,1.0,0.0
G027642,35.198374432162744,128.5682978491717,0.0,0.0,0,1,1,0.6450837471053786,0.0
G027643,35.19927598949346,128.5683096550022,0.0,0.0,1,1,1,1.0,0.0
G027644,35.20017754668622,128.56832146135693,15.97,0.1597,0,1,1,0.6450837471053786,0.10301987441272897
G027645,35.20107910374103,128.56833326823596,6.94,0.0694,1,1,1,1.0,0.0694
G027646,35.20198066065789,128.56834507563931,0.0,0.0,0,0,1,0.18356598557436246,0.0
G027647,35.202882217436795,128.568356883567,0.0,0.0,0,0,1,0.18356598557436246,0.0
G027648,35.20378377407774,128.56836869201905,0.0,0.0,0,1,1,0.6450837471053786,0.0
G027649,35.20468533058074,128.5683805009955,0.0,0.0,1,1,1,1.0,0.0
G027650,35.20558688694578,128.5683923104963,0.0,0.0,1,0,1,0.5384822384689838,0.0
G027651,35.206488443172844,128.56840412052156,0.0,0.0,1,1,1,1.0,0.0
G027652,35.20738999926197,128.56841593107126,0.0,0.0,1,1,1,1.0,0.0
G027653,35.208291555213115,128.56842774214545,0.0,0.0,1,1,1,1.0,0.0
G027654,35.209193111026295,128.56843955374413,0.0,0.0,1,0,1,0.5384822384689838,0.0
G027655,35.210094666701515,128.56845136586733,0.0,0.0,0,0,1,0.18356598557436246,0.0
G027656,35.21099622223876,128.56846317851506,0.0,0.0,1,0,1,0.5384822384689838,0.0
G027657,35.21189777763804,128.5684749916874,0.0,0.0,1,0,1,0.5384822384689838,0.0
G027658,35.21279933289935,128.56848680538428,0.0,0.0,1,0,1,0.5384822384689838,0.0
G027659,35.21370088802268,128.5684986196058,0.0,0.0,1,0,1,0.5384822384689838,0.0
G027660,35.21460244300805,128.56851043435194,0.0,0.0,1,1,1,1.0,0.0
G027661,35.21550399785542,128.56852224962276,0.0,0.0,1,0,1,0.5384822384689838,0.0
G027662,35.21640555256482,128.56853406541825,0.0,0.0,1,1,1,1.0,0.0
G027663,35.217307107136236,128.56854588173846,0.0,0.0,1,1,1,1.0,0.0
G027664,35.218208661569676,128.5685576985834,0.0,0.0,1,1,1,1.0,0.0
G027665,35.21911021586513,128.56856951595304,0.0,0.0,1,0,1,0.5384822384689838,0.0
G027666,35.220011770022595,128.5685813338475,0.0,0.0,1,1,1,1.0,0.0
G027667,35.22091332404209,128.56859315226677,0.0,0.0,1,1,1,1.0,0.0
G027668,35.22181487792358,128.56860497121085,0.0,0.0,0,1,1,0.6450837471053786,0.0
G027669,35.22271643166708,128.56861679067976,0.0,0.0,1,0,1,0.5384822384689838,0.0
G027670,35.22361798527258,128.56862861067356,0.0,0.0,0,1,1,0.6450837471053786,0.0
G027671,35.22451953874012,128.56864043119222,0.0,0.0,1,1,1,1.0,0.0
G027674,35.22722419831469,128.56867589589785,0.0,0.0,0,1,1,0.6450837471053786,0.0
G027675,35.22812575123021,128.56868771851632,0.0,0.0,1,0,1,0.5384822384689838,0.0
G027676,35.22902730400774,128.5686995416598,0.0,0.0,0,0,0,0.0,0.0
G027677,35.22992885664724,128.56871136532834,0.0,0.0,0,1,1,0.6450837471053786,0.0
G027678,35.23083040914876,128.5687231895219,0.0,0.0,1,0,1,0.5384822384689838,0.0
G027679,35.23173196151227,128.56873501424053,0.0,0.0,0,0,1,0.18356598557436246,0.0
G027680,35.232633513737774,128.5687468394843,0.0,0.0,1,1,1,1.0,0.0
G027681,35.23353506582526,128.56875866525314,0.0,0.0,1,1,1,1.0,0.0
G027682,35.23443661777473,128.56877049154718,0.0,0.0,1,1,1,1.0,0.0
G027683,35.2353381695862,128.56878231836635,0.0,0.0,1,1,1,1.0,0.0
G027869,35.16681015451002,128.56898288747504,0.0,0.0,1,1,1,1.0,0.0
G027870,35.167711716346155,128.5689946870841,0.0,0.0,1,1,1,1.0,0.0
G027871,35.168613278044404,128.56900648721717,0.0,0.0,1,0,1,0.5384822384689838,0.0
G027872,35.16951483960474,128.56901828787426,0.0,0.0,1,1,1,1.0,0.0
G027873,35.17041640102719,128.5690300890554,0.0,0.0,1,1,1,1.0,0.0
G027874,35.171317962311726,128.56904189076056,0.0,0.0,1,1,1,1.0,0.0
G027875,35.17221952345836,128.56905369298983,0.0,0.0,1,1,1,1.0,0.0
G027876,35.173121084467105,128.56906549574322,0.0,0.0,1,1,1,1.0,0.0
G027877,35.17402264533793,128.56907729902073,0.0,0.0,1,1,1,1.0,0.0
G027878,35.17492420607085,128.5690891028224,0.0,0.0,1,0,1,0.5384822384689838,0.0
G027879,35.175825766665845,128.56910090714825,0.0,0.0,1,0,1,0.5384822384689838,0.0
G027880,35.17672732712294,128.56911271199832,0.0,0.0,1,0,1,0.5384822384689838,0.0
G027881,35.19205383379135,128.5693134746746,0.0,0.0,1,1,1,1.0,0.0
G027882,35.192955391765736,128.56932528896425,0.0,0.0,1,0,1,0.5384822384689838,0.0
G027883,35.193856949602186,128.56933710377857,0.0,0.0,0,0,1,0.18356598557436246,0.0
G027884,35.19475850730068,128.56934891911752,0.0,0.0,0,0,1,0.18356598557436246,0.0
G027885,35.19566006486124,128.5693607349812,0.0,0.0,1,0,1,0.5384822384689838,0.0
G027886,35.19656162228383,128.56937255136953,0.0,0.0,1,0,1,0.5384822384689838,0.0
G027887,35.19746317956848,128.56938436828264,0.0,0.0,1,0,1,0.5384822384689838,0.0
G027888,35.198364736715185,128.5693961857205,0.0,0.0,1,1,1,1.0,0.0
G027889,35.19926629372394,128.56940800368312,0.0,0.0,0,0,1,0.18356598557436246,0.0
G027890,35.20016785059473,128.56941982217057,0.0,0.0,1,1,1,1.0,0.0
G027891,35.20106940732755,128.56943164118283,0.0,0.0,0,1,1,0.6450837471053786,0.0
G027892,35.20197096392242,128.56944346071995,0.0,0.0,1,1,1,1.0,0.0
G027893,35.20287252037934,128.56945528078194,0.0,0.0,0,0,1,0.18356598557436246,0.0
G027894,35.20377407669828,128.56946710136882,0.0,0.0,0,1,1,0.6450837471053786,0.0
G027895,35.204675632879265,128.56947892248064,0.0,0.0,1,1,1,1.0,0.0
G027896,35.2055771889223,128.5694907441174,0.0,0.0,0,1,0,0.4615177615310162,0.0
G027897,35.20647874482735,128.5695025662791,0.0,0.0,1,1,0,0.8164340144256376,0.0
G027898,35.20738030059443,128.56951438896584,0.0,0.0,1,0,1,0.5384822384689838,0.0
G027899,35.20828185622354,128.56952621217755,0.0,0.0,1,0,1,0.5384822384689838,0.0
G027900,35.20918341171468,128.56953803591432,0.0,0.0,1,0,1,0.5384822384689838,0.0
G027901,35.21008496706785,128.56954986017615,0.0,0.0,0,0,1,0.18356598557436246,0.0
G027902,35.210986522283044,128.56956168496305,0.0,0.0,1,0,1,0.5384822384689838,0.0
G027903,35.21188807736025,128.56957351027503,0.0,0.0,1,0,1,0.5384822384689838,0.0
G027904,35.21278963229948,128.5695853361122,1.31,0.0131,1,0,1,0.5384822384689838,0.007054117323943688
G027905,35.21369118710074,128.56959716247445,14.58,0.1458,1,0,1,0.5384822384689838,0.07851071036877784
G027906,35.21459274176401,128.56960898936194,0.0,0.0,0,0,1,0.18356598557436246,0.0
G027907,35.21549429628929,128.5696208167746,0.0,0.0,0,0,1,0.18356598557436246,0.0
G027908,35.216395850676605,128.5696326447125,0.0,0.0,1,1,1,1.0,0.0
G027909,35.217297404925915,128.5696444731756,0.0,0.0,1,1,1,1.0,0.0
G027910,35.21819895903723,128.56965630216402,8.9,0.08900000000000001,1,1,1,1.0,0.08900000000000001
G027911,35.219100513010574,128.5696681316777,2.6,0.026000000000000002,0,0,0,0.0,0.0
G027912,35.22000206684591,128.5696799617167,0.0,0.0,1,0,1,0.5384822384689838,0.0
G027913,35.22090362054326,128.56969179228105,0.0,0.0,1,0,1,0.5384822384689838,0.0
G027914,35.22180517410261,128.56970362337074,33.13,0.33130000000000004,0,0,1,0.18356598557436246,0.06081541102078629
G027915,35.22270672752396,128.56971545498584,9.62,0.0962,1,0,1,0.5384822384689838,0.05180199134071624
G027916,35.223608280807326,128.56972728712634,0.0,0.0,1,0,1,0.5384822384689838,0.0
G027917,35.22450983395269,128.56973911979227,0.0,0.0,1,0,1,0.5384822384689838,0.0
G027919,35.22631293982938,128.56976278670047,0.0,0.0,1,0,1,0.5384822384689838,0.0
G027920,35.22721449256072,128.56977462094284,0.0,0.0,1,0,1,0.5384822384689838,0.0
G027921,35.22811604515405,128.56978645571073,0.0,0.0,1,0,1,0.5384822384689838,0.0
G027922,35.22901759760938,128.56979829100413,0.0,0.0,1,0,1,0.5384822384689838,0.0
G027923,35.2299191499267,128.56981012682314,0.0,0.0,0,0,1,0.18356598557436246,0.0
G027924,35.23082070210599,128.56982196316773,0.0,0.0,1,0,1,0.5384822384689838,0.0
G027925,35.23172225414728,128.5698338000379,0.0,0.0,1,0,1,0.5384822384689838,0.0
G027926,35.23262380605056,128.5698456374338,0.0,0.0,0,1,1,0.6450837471053786,0.0
G027927,35.233525357815815,128.5698574753553,0.0,0.0,0,1,1,0.6450837471053786,0.0
G027928,35.23442690944305,128.56986931380246,0.0,0.0,1,1,1,1.0,0.0
G027929,35.235328460932266,128.56988115277537,0.0,0.0,1,1,1,1.0,0.0
G028117,35.165898898726994,128.57006898801572,0.0,0.0,1,1,1,1.0,0.0
G028118,35.16680046037899,128.57008079921357,0.0,0.0,1,1,1,1.0,0.0
G028119,35.16770202189308,128.57009261093592,0.0,0.0,1,1,1,1.0,0.0
G028120,35.16860358326926,128.5701044231828,0.0,0.0,1,0,1,0.5384822384689838,0.0
G028121,35.169505144507525,128.5701162359543,0.0,0.0,1,1,1,1.0,0.0
G028122,35.1704067056079,128.57012804925031,0.0,0.0,1,1,1,1.0,0.0
G028123,35.171308266570364,128.57013986307095,0.0,0.0,1,1,1,1.0,0.0
G028124,35.17220982739491,128.5701516774162,0.0,0.0,1,1,1,1.0,0.0
G028125,35.17311138808156,128.5701634922861,0.0,0.0,1,1,1,1.0,0.0
G028126,35.17401294863028,128.57017530768067,0.0,0.0,1,0,1,0.5384822384689838,0.0
G028127,35.17491450904109,128.57018712359994,0.0,0.0,1,0,1,0.5384822384689838,0.0
G028128,35.19294568829233,128.5704235522068,0.0,0.0,1,1,1,1.0,0.0
G028129,35.19384724580653,128.57043537914998,0.0,0.0,1,1,1,1.0,0.0
G028130,35.19474880318276,128.57044720661838,0.0,0.0,1,0,1,0.5384822384689838,0.0
G028131,35.19565036042104,128.570459034612,0.0,0.0,1,0,1,0.5384822384689838,0.0
G028132,35.19655191752137,128.57047086313088,0.0,0.0,1,0,1,0.5384822384689838,0.0
G028133,35.19745347448374,128.57048269217503,0.0,0.0,1,0,1,0.5384822384689838,0.0
G028134,35.19835503130814,128.57049452174448,0.0,0.0,1,0,1,0.5384822384689838,0.0
G028135,35.19925658799459,128.57050635183924,0.0,0.0,1,0,1,0.5384822384689838,0.0
G028136,35.20015814454308,128.57051818245938,0.0,0.0,0,0,1,0.18356598557436246,0.0
G028137,35.20105970095361,128.57053001360487,0.0,0.0,1,1,1,1.0,0.0
G028138,35.20196125722615,128.5705418452757,0.0,0.0,1,1,0,0.8164340144256376,0.0
G028139,35.20286281336074,128.570553677472,0.0,0.0,1,0,1,0.5384822384689838,0.0
G028140,35.203764369357344,128.57056551019372,0.0,0.0,1,1,1,1.0,0.0
G028141,35.204665925216,128.57057734344087,0.0,0.0,1,1,1,1.0,0.0
G028142,35.20556748093668,128.57058917721355,0.0,0.0,0,0,1,0.18356598557436246,0.0
G028143,35.20646903651938,128.5706010115117,0.0,0.0,0,0,1,0.18356598557436246,0.0
G028144,35.20737059196411,128.5706128463354,0.0,0.0,1,1,1,1.0,0.0
G028145,35.20827214727085,128.57062468168465,0.0,0.0,1,0,1,0.5384822384689838,0.0
G028146,35.20917370243961,128.57063651755945,0.0,0.0,1,0,1,0.5384822384689838,0.0
G028147,35.21007525747041,128.57064835395988,0.0,0.0,1,0,1,0.5384822384689838,0.0
G028148,35.2109768123632,128.57066019088592,0.0,0.0,0,0,1,0.18356598557436246,0.0
G028149,35.21187836711802,128.5706720283376,0.0,0.0,1,0,1,0.5384822384689838,0.0
G028150,35.21277992173486,128.57068386631494,10.26,0.1026,0,0,1,0.18356598557436246,0.01883387011992959
G028151,35.213681476213694,128.57069570481798,7.74,0.0774,0,0,1,0.18356598557436246,0.014208007283455655
G028152,35.214583030554536,128.57070754384674,0.0,0.0,1,0,1,0.5384822384689838,0.0
G028153,35.21548458475741,128.5707193834012,0.0,0.0,1,0,1,0.5384822384689838,0.0
G028154,35.216386138822294,128.5707312234815,0.0,0.0,1,0,1,0.5384822384689838,0.0
G028155,35.21728769274916,128.5707430640875,0.0,0.0,1,0,1,0.5384822384689838,0.0
G028156,35.218189246538046,128.57075490521936,8.33,0.0833,1,0,1,0.5384822384689838,0.04485557046446635
G028157,35.219090800188916,128.57076674687704,0.0,0.0,1,0,1,0.5384822384689838,0.0
G028158,35.219992353701805,128.57077858906058,0.0,0.0,1,0,1,0.5384822384689838,0.0
G028159,35.220893907076686,128.57079043176995,0.0,0.0,1,0,1,0.5384822384689838,0.0
G028160,35.22179546031356,128.57080227500526,12.42,0.1242,1,0,1,0.5384822384689838,0.06687949401784779
G028161,35.22269701341244,128.5708141187665,2.61,0.026099999999999998,1,0,1,0.5384822384689838,0.014054386424040477
G028162,35.22359856637331,128.57082596305366,0.0,0.0,1,0,1,0.5384822384689838,0.0
G028163,35.22450011919618,128.5708378078668,0.0,0.0,1,0,1,0.5384822384689838,0.0
G028164,35.225401671881016,128.57084965320595,0.0,0.0,1,0,1,0.5384822384689838,0.0
G028165,35.22630322442786,128.5708614990711,0.0,0.0,0,0,1,0.18356598557436246,0.0
G028166,35.22720477683669,128.5708733454623,0.0,0.0,1,0,1,0.5384822384689838,0.0
G028167,35.228106329107504,128.57088519237954,0.0,0.0,1,1,1,1.0,0.0
G028168,35.22900788124031,128.57089703982288,0.0,0.0,1,1,1,1.0,0.0
G028169,35.22990943323508,128.57090888779234,0.0,0.0,1,0,1,0.5384822384689838,0.0
G028170,35.23081098509184,128.57092073628795,0.0,0.0,0,0,1,0.18356598557436246,0.0
G028171,35.23171253681057,128.5709325853097,0.0,0.0,1,1,1,1.0,0.0
G028172,35.2326140883913,128.57094443485758,0.0,0.0,1,1,1,1.0,0.0
G028173,35.23351563983399,128.5709562849317,0.0,0.0,0,1,1,0.6450837471053786,0.0
G028174,35.23441719113865,128.57096813553207,0.0,0.0,1,1,1,1.0,0.0
G028175,35.23531874230528,128.57097998665864,0.0,0.0,1,1,1,1.0,0.0
G028362,35.156873574089666,128.57104868288354,0.0,0.0,1,1,1,1.0,0.0
G028363,35.15777513679827,128.57106050094495,0.0,0.0,1,1,1,1.0,0.0
G028372,35.16588919497044,128.571166887117,0.0,0.0,1,1,1,1.0,0.0
G028373,35.16679075630007,128.57117871042757,0.0,0.0,1,1,1,1.0,0.0
G028374,35.16769231749176,128.5711905342632,0.0,0.0,1,0,1,0.5384822384689838,0.0
G028375,35.16859387854556,128.5712023586239,0.0,0.0,0,0,1,0.18356598557436246,0.0
G028376,35.169495439461436,128.5712141835097,0.0,0.0,1,1,1,1.0,0.0
G028377,35.17039700023939,128.57122600892063,0.0,0.0,1,1,1,1.0,0.0
G028378,35.17129856087944,128.5712378348567,0.0,0.0,1,1,1,1.0,0.0
G028383,35.194739089106704,128.57154549359402,0.0,0.0,1,0,1,0.5384822384689838,0.0
G028384,35.19564064602238,128.5715573337176,0.0,0.0,1,0,1,0.5384822384689838,0.0
G028385,35.196542202800096,128.57156917436697,0.0,0.0,1,0,1,0.5384822384689838,0.0
G028386,35.19744375943985,128.57158101554217,0.0,0.0,1,0,0,0.35491625289462136,0.0
G028387,35.198345315941644,128.5715928572432,0.0,0.0,1,0,1,0.5384822384689838,0.0
G028388,35.199246872305466,128.57160469947004,0.0,0.0,0,1,1,0.6450837471053786,0.0
G028389,35.20014842853132,128.5716165422228,0.0,0.0,1,0,1,0.5384822384689838,0.0
G028390,35.201049984619196,128.5716283855015,0.0,0.0,1,0,1,0.5384822384689838,0.0
G028391,35.2019515405691,128.57164022930607,0.0,0.0,1,0,0,0.35491625289462136,0.0
G028392,35.20285309638103,128.5716520736366,0.0,0.0,1,0,0,0.35491625289462136,0.0
G028393,35.20375465205498,128.57166391849313,0.0,0.0,1,0,1,0.5384822384689838,0.0
G028394,35.20465620759096,128.57167576387565,0.0,0.0,0,0,1,0.18356598557436246,0.0
G028395,35.20555776298895,128.5716876097842,0.0,0.0,1,1,1,1.0,0.0
G028396,35.20645931824897,128.57169945621877,0.0,0.0,0,1,1,0.6450837471053786,0.0
G028397,35.207360873371,128.5717113031794,0.0,0.0,0,0,1,0.18356598557436246,0.0
G028398,35.20826242835505,128.57172315066614,0.0,0.0,0,1,1,0.6450837471053786,0.0
G028399,35.209163983201115,128.57173499867898,0.0,0.0,1,0,1,0.5384822384689838,0.0
G028400,35.21006553790919,128.57174684721798,0.0,0.0,0,0,1,0.18356598557436246,0.0
G028401,35.21096709247927,128.57175869628313,0.0,0.0,0,0,1,0.18356598557436246,0.0
G028402,35.211868646911356,128.57177054587447,11.18,0.1118,1,0,1,0.5384822384689838,0.06020231426083239
G028403,35.21277020120545,128.571782395992,25.31,0.2531,1,0,1,0.5384822384689838,0.1362898545564998
G028404,35.21367175536156,128.57179424663576,0.0,0.0,0,0,1,0.18356598557436246,0.0
G028405,35.21457330937966,128.5718060978058,0.0,0.0,1,1,1,1.0,0.0
G028406,35.21547486325978,128.57181794950208,0.0,0.0,1,0,1,0.5384822384689838,0.0
G028407,35.21637641700189,128.57182980172468,0.0,0.0,1,1,1,1.0,0.0
G028408,35.217277970606,128.5718416544736,0.0,0.0,1,1,1,1.0,0.0
G028409,35.218179524072106,128.57185350774887,0.0,0.0,1,1,1,1.0,0.0
G028410,35.2190810774002,128.57186536155052,0.0,0.0,0,1,1,0.6450837471053786,0.0
G028411,35.21998263059029,128.57187721587854,0.0,0.0,0,1,1,0.6450837471053786,0.0
G028412,35.220884183642376,128.57188907073296,0.0,0.0,1,1,1,1.0,0.0
G028413,35.221785736556456,128.57190092611387,0.0,0.0,1,1,1,1.0,0.0
G028414,35.22268728933252,128.57191278202123,0.0,0.0,0,1,1,0.6450837471053786,0.0
G028415,35.22358884197056,128.57192463845504,0.0,0.0,0,1,1,0.6450837471053786,0.0
G028416,35.22449039447061,128.5719364954154,0.0,0.0,0,1,1,0.6450837471053786,0.0
G028417,35.22539194683263,128.57194835290227,0.0,0.0,1,0,1,0.5384822384689838,0.0
G028418,35.22629349905663,128.5719602109157,0.0,0.0,0,0,1,0.18356598557436246,0.0
G028419,35.22719505114261,128.5719720694557,0.0,0.0,0,0,1,0.18356598557436246,0.0
G028420,35.22809660309056,128.57198392852231,0.0,0.0,0,0,1,0.18356598557436246,0.0
G028421,35.22899815490051,128.57199578811554,0.0,0.0,1,1,1,1.0,0.0
G028422,35.22989970657242,128.57200764823543,0.0,0.0,1,0,1,0.5384822384689838,0.0
G028423,35.23080125810631,128.572019508882,0.0,0.0,0,1,1,0.6450837471053786,0.0
G028424,35.23170280950215,128.57203137005524,0.0,0.0,1,1,1,1.0,0.0
G028425,35.23260436075999,128.5720432317552,0.0,0.0,0,0,1,0.18356598557436246,0.0
G028426,35.233505911879796,128.5720550939819,0.0,0.0,1,1,1,1.0,0.0
G028427,35.234407462861554,128.5720669567354,0.0,0.0,1,1,1,1.0,0.0
G028428,35.23530901370528,128.57207882001566,0.0,0.0,1,1,1,1.0,0.0
G028626,35.15506073842658,128.57212280160073,0.0,0.0,1,1,1,1.0,0.0
G028627,35.15596230108836,128.57213463071884,0.0,0.0,1,1,1,1.0,0.0
G028628,35.15686386361224,128.57214646036223,0.0,0.0,1,1,1,1.0,0.0
G028629,35.157765425998214,128.57215829053098,0.0,0.0,1,1,1,1.0,0.0
G028630,35.15866698824629,128.57217012122507,0.0,0.0,1,1,1,1.0,0.0
G028631,35.159568550356475,128.5721819524445,0.0,0.0,1,1,1,1.0,0.0
G028638,35.165879481266344,128.57226478569322,0.0,0.0,1,1,1,1.0,0.0
G028639,35.16678104227324,128.57227662111654,0.0,0.0,1,0,1,0.5384822384689838,0.0
G028640,35.16768260314224,128.5722884570654,0.0,0.0,1,0,1,0.5384822384689838,0.0
G028641,35.168584163873305,128.5723002935399,0.0,0.0,1,0,1,0.5384822384689838,0.0
G028642,35.16948572446646,128.57231213054004,0.0,0.0,1,1,0,0.8164340144256376,0.0
G028643,35.170387284921695,128.57232396806583,0.0,0.0,1,1,1,1.0,0.0
G028644,35.171288845239005,128.57233580611728,0.0,0.0,1,1,1,1.0,0.0
G028649,35.19382780834179,128.57263192831667,0.0,0.0,1,1,1,1.0,0.0
G028650,35.19472936507252,128.5726437800439,0.0,0.0,1,0,1,0.5384822384689838,0.0
G028651,35.19563092166526,128.5726556322974,19.44,0.19440000000000002,1,0,1,0.5384822384689838,0.10468094715837047
G028652,35.19653247812005,128.57266748507723,0.0,0.0,1,1,1,1.0,0.0
G028653,35.19743403443685,128.57267933838344,0.0,0.0,0,0,1,0.18356598557436246,0.0
G028654,35.19833559061569,128.572691192216,0.0,0.0,1,0,1,0.5384822384689838,0.0
G028655,35.19923714665656,128.57270304657496,0.0,0.0,1,0,1,0.5384822384689838,0.0
G028656,35.20013870255943,128.57271490146036,0.0,0.0,1,1,1,1.0,0.0
G028657,35.20104025832434,128.57272675687219,0.0,0.0,1,0,1,0.5384822384689838,0.0
G028661,35.204646480004136,128.5727741837844,0.0,0.0,0,0,1,0.18356598557436246,0.0
G028662,35.205548035079126,128.57278604182875,0.0,0.0,1,0,1,0.5384822384689838,0.0
G028663,35.20644959001613,128.57279790039973,0.0,0.0,1,0,0,0.35491625289462136,0.0
G028664,35.20735114481514,128.57280975949732,0.0,0.0,0,1,0,0.4615177615310162,0.0
G028665,35.20825269947616,128.57282161912153,0.0,0.0,1,0,1,0.5384822384689838,0.0
G028666,35.20915425399918,128.5728334792724,0.0,0.0,0,0,1,0.18356598557436246,0.0
G028667,35.210055808384226,128.5728453399499,0.0,0.0,0,0,1,0.18356598557436246,0.0
G028668,35.210957362631255,128.57285720115416,0.0,0.0,1,0,1,0.5384822384689838,0.0
G028669,35.21185891674029,128.57286906288513,2.03,0.0203,1,1,1,1.0,0.0203
G028670,35.21276047071131,128.57288092514284,8.33,0.0833,1,1,1,1.0,0.0833
G028671,35.21366202454435,128.57289278792732,0.0,0.0,1,1,1,1.0,0.0
G028672,35.21456357823938,128.57290465123856,0.0,0.0,0,1,1,0.6450837471053786,0.0
G028673,35.2154651317964,128.57291651507666,0.0,0.0,0,0,1,0.18356598557436246,0.0
G028674,35.21636668521543,128.57292837944158,0.0,0.0,1,1,1,1.0,0.0
G028675,35.21726823849644,128.57294024433335,0.0,0.0,1,1,1,1.0,0.0
G028676,35.21816979163943,128.572952109752,0.0,0.0,1,1,1,1.0,0.0
G028677,35.21907134464442,128.5729639756976,0.0,0.0,0,1,1,0.6450837471053786,0.0
G028678,35.2199728975114,128.57297584217008,0.0,0.0,0,1,1,0.6450837471053786,0.0
G028679,35.220874450240345,128.57298770916958,0.0,0.0,1,1,1,1.0,0.0
G028680,35.22177600283129,128.572999576696,0.0,0.0,0,0,1,0.18356598557436246,0.0
G028681,35.22267755528421,128.57301144474945,0.0,0.0,1,0,1,0.5384822384689838,0.0
G028682,35.223579107599114,128.5730233133299,0.0,0.0,1,0,1,0.5384822384689838,0.0
G028683,35.224480659776006,128.57303518243745,0.0,0.0,1,0,0,0.35491625289462136,0.0
G028684,35.22538221181486,128.573047052072,0.0,0.0,1,0,1,0.5384822384689838,0.0
G028685,35.22628376371569,128.57305892223368,0.0,0.0,1,0,0,0.35491625289462136,0.0
G028686,35.22718531547851,128.5730707929225,0.0,0.0,1,0,1,0.5384822384689838,0.0
G028687,35.22808686710327,128.57308266413844,0.0,0.0,0,0,1,0.18356598557436246,0.0
G028688,35.22898841859002,128.57309453588155,0.0,0.0,1,0,1,0.5384822384689838,0.0
G028689,35.22988996993872,128.57310640815183,0.0,0.0,1,0,0,0.35491625289462136,0.0
G028690,35.23079152114941,128.57311828094933,0.0,0.0,1,1,1,1.0,0.0
G028691,35.23169307222205,128.57313015427408,0.0,0.0,0,1,1,0.6450837471053786,0.0
G028692,35.23259462315668,128.57314202812609,0.0,0.0,0,0,1,0.18356598557436246,0.0
G028693,35.23349617395325,128.57315390250537,0.0,0.0,1,1,1,1.0,0.0
G028694,35.234397724611775,128.57316577741193,0.0,0.0,1,1,1,1.0,0.0
G028695,35.23529927513227,128.57317765284586,0.0,0.0,1,1,1,1.0,0.0
G028746,35.31643825648585,128.57424860423558,0.0,0.0,1,1,1,1.0,0.0
G028747,35.31733979443758,128.57426052775406,0.0,0.0,1,1,1,1.0,0.0
G028748,35.3182413322511,128.57427245180202,0.0,0.0,1,1,1,1.0,0.0
G028792,35.35790885920809,128.57479763445215,0.0,0.0,1,1,1,1.0,0.0
G028793,35.35881039080114,128.57480958235092,0.0,0.0,1,1,1,1.0,0.0
G028794,35.35971192225592,128.57482153078027,0.0,0.0,1,1,1,1.0,0.0
G028795,35.36061345357242,128.5748334797402,0.0,0.0,1,1,1,1.0,0.0
G028899,35.15414945617412,128.57320871364257,0.0,0.0,1,1,1,1.0,0.0
G028900,35.15505101865084,128.57322055434108,0.0,0.0,1,1,1,1.0,0.0
G028901,35.15595258098966,128.57323239556544,0.0,0.0,1,1,1,1.0,0.0
G028902,35.156854143190586,128.5732442373156,0.0,0.0,1,1,1,1.0,0.0
G028903,35.157755705253585,128.57325607959163,0.0,0.0,1,0,1,0.5384822384689838,0.0
G028904,35.1586572671787,128.5732679223936,0.0,0.0,1,1,1,1.0,0.0
G028905,35.159558828965885,128.57327976572145,0.0,0.0,1,0,1,0.5384822384689838,0.0
G028913,35.166771318298565,128.5733745312799,0.0,0.0,1,0,1,0.5384822384689838,0.0
G028914,35.16767287884452,128.57338637934203,0.0,0.0,1,0,1,0.5384822384689838,0.0
G028915,35.16857443925254,128.57339822793028,0.0,0.0,1,0,1,0.5384822384689838,0.0
G028916,35.16947599952262,128.5734100770447,0.0,0.0,1,0,1,0.5384822384689838,0.0
G028917,35.1703775596548,128.5734219266853,0.0,0.0,1,0,1,0.5384822384689838,0.0
G028918,35.17127911964902,128.57343377685217,0.0,0.0,1,1,1,1.0,0.0
G028923,35.19471963108021,128.57374206596745,0.0,0.0,1,1,1,1.0,0.0
G028924,35.19562118734971,128.5737539303509,0.0,0.0,1,0,1,0.5384822384689838,0.0
G028925,35.196522743481204,128.57376579526118,0.0,0.0,1,0,1,0.5384822384689838,0.0
G028926,35.19742429947474,128.57377766069834,0.0,0.0,1,0,1,0.5384822384689838,0.0
G028927,35.198325855330296,128.57378952666244,0.0,0.0,0,0,1,0.18356598557436246,0.0
G028928,35.19922741104788,128.57380139315347,0.0,0.0,1,0,1,0.5384822384689838,0.0
G028929,35.20012896662746,128.57381326017145,0.0,0.0,1,0,1,0.5384822384689838,0.0
G028930,35.20103052206907,128.5738251277164,0.0,0.0,1,1,1,1.0,0.0
G028935,35.205538297207234,128.57388447334677,0.0,0.0,1,0,0,0.35491625289462136,0.0
G028936,35.20643985182088,128.5738963440541,0.0,0.0,1,0,0,0.35491625289462136,0.0
G028940,35.210046068895515,128.57394383215518,0.0,0.0,1,0,1,0.5384822384689838,0.0
G028941,35.21094762281917,128.5739557054985,0.0,0.0,1,0,1,0.5384822384689838,0.0
G028942,35.211849176604815,128.57396757936903,0.0,0.0,1,1,1,1.0,0.0
G028943,35.212750730252445,128.5739794537669,0.0,0.0,0,1,0,0.4615177615310162,0.0
G028944,35.21365228376208,128.57399132869205,0.0,0.0,0,0,1,0.18356598557436246,0.0
G028945,35.21455383713369,128.57400320414453,0.0,0.0,1,1,0,0.8164340144256376,0.0
G028946,35.215455390367325,128.57401508012438,0.0,0.0,1,0,1,0.5384822384689838,0.0
G028947,35.21635694346291,128.5740269566316,0.0,0.0,1,1,1,1.0,0.0
G028948,35.21725849642049,128.5740388336662,0.0,0.0,0,1,1,0.6450837471053786,0.0
G028949,35.218160049240055,128.57405071122827,0.0,0.0,0,0,0,0.0,0.0
G028950,35.21906160192159,128.57406258931775,0.0,0.0,0,0,1,0.18356598557436246,0.0
G028951,35.21996315446512,128.5740744679347,0.0,0.0,1,0,1,0.5384822384689838,0.0
G028952,35.22086470687061,128.57408634707917,0.0,0.0,1,0,1,0.5384822384689838,0.0
G028953,35.22176625913809,128.57409822675115,0.0,0.0,1,0,1,0.5384822384689838,0.0
G028954,35.22266781126755,128.57411010695063,0.0,0.0,1,0,1,0.5384822384689838,0.0
G028955,35.22356936325896,128.57412198767773,0.0,0.0,1,1,1,1.0,0.0
G028956,35.22447091511236,128.5741338689324,0.0,0.0,1,1,1,1.0,0.0
G028957,35.22537246682772,128.57414575071465,0.0,0.0,1,1,1,1.0,0.0
G028958,35.22627401840506,128.57415763302458,0.0,0.0,0,1,1,0.6450837471053786,0.0
G028959,35.22717556984436,128.57416951586214,0.0,0.0,1,0,0,0.35491625289462136,0.0
G028960,35.228077121145624,128.5741813992274,0.0,0.0,1,0,1,0.5384822384689838,0.0
G028961,35.22897867230885,128.57419328312034,0.0,0.0,1,0,1,0.5384822384689838,0.0
G028962,35.22988022333403,128.57420516754104,0.0,0.0,1,1,1,1.0,0.0
G028963,35.23078177422118,128.57421705248944,0.0,0.0,0,1,1,0.6450837471053786,0.0
G028964,35.231683324970284,128.57422893796567,0.0,0.0,1,1,1,1.0,0.0
G028965,35.232584875581345,128.5742408239697,0.0,0.0,0,1,1,0.6450837471053786,0.0
G028966,35.23348642605436,128.5742527105015,0.0,0.0,1,1,1,1.0,0.0
G028967,35.23438797638932,128.57426459756115,0.0,0.0,1,1,1,1.0,0.0
G028968,35.23528952658624,128.5742764851487,0.0,0.0,1,1,1,1.0,0.0
G028969,35.23619107664511,128.57428837326412,0.0,0.0,1,1,1,1.0,0.0
G029021,35.31462540312003,128.57532466272409,0.0,0.0,1,1,1,1.0,0.0
G029022,35.31552694102394,128.57533659738542,0.0,0.0,1,1,1,1.0,0.0
G029023,35.31642847878963,128.5753485325767,0.0,0.0,1,1,1,1.0,0.0
G029024,35.31733001641714,128.57536046829802,0.0,0.0,1,1,1,1.0,0.0
G029025,35.31823155390644,128.5753724045493,0.0,0.0,1,1,1,1.0,0.0
G029026,35.31913309125755,128.5753843413307,0.0,0.0,1,1,1,1.0,0.0
G029068,35.356997535184,128.57588616508838,0.0,0.0,1,1,1,1.0,0.0
G029069,35.35789906659078,128.57589812468382,0.0,0.0,1,1,1,1.0,0.0
G029070,35.358800597859286,128.57591008481037,0.0,0.0,1,1,1,1.0,0.0
G029071,35.35970212898952,128.57592204546805,0.0,0.0,1,1,1,1.0,0.0
G029072,35.36060365998147,128.5759340066568,0.0,0.0,1,1,1,1.0,0.0
G029073,35.36150519083513,128.57594596837674,0.0,0.0,1,1,1,1.0,0.0
G029185,35.15413972677809,128.5743064537514,0.0,0.0,1,1,1,1.0,0.0
G029186,35.15504128893154,128.57431830655563,0.0,0.0,1,1,1,1.0,0.0
G029187,35.15594285094707,128.57433015988616,0.0,0.0,1,1,1,1.0,0.0
G029188,35.156844412824704,128.5743420137431,0.0,0.0,1,1,1,1.0,0.0
G029189,35.15774597456441,128.57435386812642,0.0,0.0,1,0,1,0.5384822384689838,0.0
G029190,35.15864753616622,128.5743657230362,0.0,0.0,1,0,1,0.5384822384689838,0.0
G029191,35.1595490976301,128.57437757847242,0.0,0.0,1,0,1,0.5384822384689838,0.0
G029199,35.16676158437604,128.57447244091716,0.0,0.0,1,0,1,0.5384822384689838,0.0
G029200,35.16766314459861,128.57448430109247,0.0,0.0,1,0,1,0.5384822384689838,0.0
G029201,35.16856470468325,128.57449616179446,0.0,0.0,1,0,1,0.5384822384689838,0.0
G029202,35.169466264629946,128.57450802302318,0.0,0.0,1,0,1,0.5384822384689838,0.0
G029203,35.17036782443872,128.57451988477862,0.0,0.0,0,0,1,0.18356598557436246,0.0
G029209,35.196512998883605,128.5748641049182,0.0,0.0,1,0,1,0.5384822384689838,0.0
G029210,35.19741455455354,128.57487598248636,0.0,0.0,1,0,1,0.5384822384689838,0.0
G029211,35.19831611008549,128.57488786058192,0.0,0.0,1,0,1,0.5384822384689838,0.0
G029212,35.199217665479445,128.574899739205,0.0,0.0,1,0,1,0.5384822384689838,0.0
G029213,35.2001192207354,128.57491161835554,0.0,0.0,1,0,1,0.5384822384689838,0.0
G029214,35.201020775853365,128.57492349803363,0.0,0.0,1,1,1,1.0,0.0
G029224,35.21003631944309,128.5750423238332,0.0,0.0,1,0,1,0.5384822384689838,0.0
G029225,35.21093787304304,128.57505420931554,0.0,0.0,0,0,1,0.18356598557436246,0.0
G029226,35.211839426504966,128.57506609532567,0.0,0.0,1,0,1,0.5384822384689838,0.0
G029227,35.21274097982888,128.57507798186364,0.0,0.0,1,1,1,1.0,0.0
G029228,35.21364253301478,128.57508986892947,0.0,0.0,1,0,1,0.5384822384689838,0.0
G029229,35.21454408606266,128.57510175652314,0.0,0.0,1,0,1,0.5384822384689838,0.0
G029230,35.21544563897252,128.57511364464472,0.0,0.0,1,0,1,0.5384822384689838,0.0
G029231,35.21634719174436,128.57512553329423,0.0,0.0,1,0,1,0.5384822384689838,0.0
G029232,35.217248744378175,128.57513742247164,0.0,0.0,1,0,1,0.5384822384689838,0.0
G029233,35.21815029687398,128.57514931217705,0.0,0.0,0,0,1,0.18356598557436246,0.0
G029234,35.21905184923174,128.5751612024104,11.11,0.11109999999999999,1,0,1,0.5384822384689838,0.05982537669390409
G029235,35.219953401451484,128.57517309317183,0.0,0.0,0,1,1,0.6450837471053786,0.0
G029236,35.220854953533184,128.57518498446126,0.0,0.0,1,1,1,1.0,0.0
G029237,35.221756505476876,128.5751968762787,0.0,0.0,0,0,1,0.18356598557436246,0.0
G029239,35.223559608950126,128.57522066149798,0.0,0.0,1,1,1,1.0,0.0
G029240,35.22446116047971,128.57523255489974,0.0,0.0,1,1,1,1.0,0.0
G029241,35.22536271187126,128.5752444488297,0.0,0.0,1,1,1,1.0,0.0
G029242,35.22626426312476,128.5752563432878,0.0,0.0,1,1,1,1.0,0.0
G029243,35.22716581424022,128.57526823827413,0.0,0.0,1,1,1,1.0,0.0
G029244,35.22806736521764,128.57528013378865,0.0,0.0,1,0,1,0.5384822384689838,0.0
G029245,35.22896891605701,128.57529202983145,0.0,0.0,1,0,1,0.5384822384689838,0.0
G029246,35.22987046675833,128.57530392640248,0.0,0.0,1,0,1,0.5384822384689838,0.0
G029247,35.23077201732161,128.5753158235018,0.0,0.0,1,1,1,1.0,0.0
G029248,35.23167356774685,128.57532772112947,0.0,0.0,1,1,1,1.0,0.0
G029249,35.232575118034035,128.57533961928542,0.0,0.0,1,1,1,1.0,0.0
G029250,35.23347666818315,128.57535151796978,0.0,0.0,0,1,1,0.6450837471053786,0.0
G029251,35.23437821819422,128.5753634171825,0.0,0.0,1,1,1,1.0,0.0
G029252,35.235279768067244,128.57537531692364,0.0,0.0,1,1,1,1.0,0.0
G029253,35.23618131780221,128.5753872171932,0.0,0.0,1,1,1,1.0,0.0
G029306,35.313714078352504,128.5764126197987,0.0,0.0,1,1,1,1.0,0.0
G029307,35.31461561607008,128.57642456613127,0.0,0.0,1,1,1,1.0,0.0
G029308,35.31551715364945,128.5764365129943,0.0,0.0,1,1,1,1.0,0.0
G029309,35.31641869109062,128.57644846038787,0.0,0.0,1,0,1,0.5384822384689838,0.0
G029310,35.317320228393584,128.57646040831193,0.0,0.0,1,1,1,1.0,0.0
G029311,35.318221765558334,128.5764723567666,0.0,0.0,1,1,1,1.0,0.0
G029312,35.31912330258488,128.57648430575182,0.0,0.0,1,1,1,1.0,0.0
G029313,35.3200248394732,128.57649625526767,0.0,0.0,1,1,1,1.0,0.0
G029353,35.3560862016533,128.57697467127073,0.0,0.0,1,1,1,1.0,0.0
G029354,35.35698773287349,128.5769866425618,0.0,0.0,1,1,1,1.0,0.0
G029355,35.35788926395541,128.57699861438448,0.0,0.0,1,1,1,1.0,0.0
G029356,35.35879079489904,128.57701058673877,0.0,0.0,1,1,1,1.0,0.0
G029357,35.3596923257044,128.57702255962468,0.0,0.0,1,1,1,1.0,0.0
G029358,35.36059385637146,128.57703453304225,0.0,0.0,1,1,1,1.0,0.0
G029359,35.36149538690024,128.57704650699156,0.0,0.0,1,1,1,1.0,0.0
G029463,35.14060654344254,128.57522628289786,0.0,0.0,1,1,1,1.0,0.0
G029464,35.141508107340904,128.57523813990707,0.0,0.0,1,1,1,1.0,0.0
G029478,35.15412998743885,128.57540419333392,0.0,0.0,1,1,1,1.0,0.0
G029479,35.15503154926869,128.57541605824377,0.0,0.0,1,0,1,0.5384822384689838,0.0
G029480,35.155933110960625,128.5754279236805,0.0,0.0,1,0,1,0.5384822384689838,0.0
G029481,35.156834672514634,128.5754397896442,0.0,0.0,1,0,1,0.5384822384689838,0.0
G029482,35.157736233930706,128.5754516561348,0.0,0.0,0,0,1,0.18356598557436246,0.0
G029483,35.15863779520887,128.57546352315237,0.0,0.0,0,0,1,0.18356598557436246,0.0
G029484,35.15953935634912,128.5754753906969,0.0,0.0,1,1,1,1.0,0.0
G029501,35.19740479967327,128.5759743037469,0.0,0.0,1,1,1,1.0,0.0
G029502,35.198306354881275,128.57598619397393,0.0,0.0,1,0,0,0.35491625289462136,0.0
G029503,35.199207909951284,128.57599808472904,0.0,0.0,1,0,1,0.5384822384689838,0.0
G029504,35.200109464883276,128.57600997601216,0.0,0.0,1,0,1,0.5384822384689838,0.0
G029515,35.210026560026975,128.57614081498343,0.0,0.0,1,0,1,0.5384822384689838,0.0
G029516,35.21092811330287,128.5761527126048,0.0,0.0,1,0,1,0.5384822384689838,0.0
G029517,35.21182966644076,128.57616461075446,0.0,0.0,1,0,1,0.5384822384689838,0.0
G029518,35.212731219440606,128.57617650943257,0.0,0.0,0,0,1,0.18356598557436246,0.0
G029519,35.21363277230244,128.57618840863898,0.0,0.0,1,0,1,0.5384822384689838,0.0
G029520,35.21453432502624,128.57620030837387,0.0,0.0,0,0,1,0.18356598557436246,0.0
G029521,35.21543587761204,128.57621220863714,0.0,0.0,1,0,1,0.5384822384689838,0.0
G029522,35.216337430059795,128.5762241094289,0.0,0.0,1,0,1,0.5384822384689838,0.0
G029523,35.21723898236953,128.5762360107491,0.0,0.0,1,1,1,1.0,0.0
G029524,35.21814053454122,128.57624791259784,0.0,0.0,1,1,1,1.0,0.0
G029525,35.21904208657488,128.5762598149751,32.0,0.32,1,1,1,1.0,0.32
G029526,35.21994363847051,128.5762717178809,7.69,0.07690000000000001,1,1,1,1.0,0.07690000000000001
G029527,35.220845190228104,128.57628362131527,0.0,0.0,1,0,1,0.5384822384689838,0.0
G029528,35.221746741847646,128.57629552527825,0.0,0.0,1,1,1,1.0,0.0
G029530,35.22354984467263,128.57631933479007,0.0,0.0,1,1,1,1.0,0.0
G029531,35.22445139587808,128.57633124033896,0.0,0.0,1,1,1,1.0,0.0
G029532,35.225352946945456,128.57634314641655,0.0,0.0,1,1,1,1.0,0.0
G029533,35.226254497874784,128.57635505302287,0.0,0.0,1,1,1,1.0,0.0
G029534,35.22715604866609,128.57636696015788,0.0,0.0,1,0,1,0.5384822384689838,0.0
G029535,35.22805759931933,128.57637886782166,0.0,0.0,1,0,1,0.5384822384689838,0.0
G029536,35.22895914983452,128.57639077601425,0.0,0.0,1,1,1,1.0,0.0
G029537,35.22986070021165,128.57640268473563,0.0,0.0,1,0,1,0.5384822384689838,0.0
G029538,35.230762250450745,128.57641459398585,0.0,0.0,1,0,0,0.35491625289462136,0.0
G029539,35.231663800551765,128.5764265037649,0.0,0.0,0,0,1,0.18356598557436246,0.0
G029540,35.23256535051474,128.57643841407287,0.0,0.0,0,1,1,0.6450837471053786,0.0
G029541,35.23346690033966,128.5764503249097,0.0,0.0,1,1,1,1.0,0.0
G029542,35.234368450026494,128.57646223627543,0.0,0.0,1,1,1,1.0,0.0
G029543,35.23526999957528,128.57647414817015,0.0,0.0,0,1,1,0.6450837471053786,0.0
G029544,35.236171548986,128.57648606059382,0.0,0.0,1,1,1,1.0,0.0
G029598,35.312802744094355,128.57750055247158,0.0,0.0,1,1,1,1.0,0.0
G029599,35.313704281625284,128.57751251047424,0.0,0.0,1,1,1,1.0,0.0
G029600,35.314605819018006,128.57752446900793,0.0,0.0,1,1,1,1.0,0.0
G029601,35.31550735627252,128.57753642807265,0.0,0.0,1,1,1,1.0,0.0
G029602,35.316408893388825,128.57754838766843,0.0,0.0,1,0,1,0.5384822384689838,0.0
G029603,35.31731043036691,128.5775603477953,0.0,0.0,1,1,1,1.0,0.0
G029604,35.31821196720677,128.57757230845326,0.0,0.0,1,1,1,1.0,0.0
G029605,35.319113503908426,128.57758426964233,0.0,0.0,1,1,1,1.0,0.0
G029606,35.32001504047185,128.57759623136258,0.0,0.0,1,1,1,1.0,0.0
G029646,35.35607638965025,128.57807513598596,0.0,0.0,1,1,1,1.0,0.0
G029647,35.35697792054526,128.57808711950366,0.0,0.0,1,1,1,1.0,0.0
G029648,35.357879451302,128.57809910355348,0.0,0.0,1,1,1,1.0,0.0
G029649,35.358780981920425,128.57811108813547,0.0,0.0,1,1,1,1.0,0.0
G029650,35.35968251240058,128.57812307324966,0.0,0.0,1,1,1,1.0,0.0
G029651,35.36058404274242,128.57813505889604,0.0,0.0,1,1,1,1.0,0.0
G029652,35.36148557294597,128.57814704507467,0.0,0.0,1,1,1,1.0,0.0
G029757,35.13879367145555,128.57630010380112,0.0,0.0,1,1,1,1.0,0.0
G029758,35.13969523530587,128.57631197185378,0.0,0.0,1,1,1,1.0,0.0
G029759,35.14059679901832,128.5763238404335,0.0,0.0,0,0,1,0.18356598557436246,0.0
G029760,35.141498362592856,128.57633570954027,0.0,0.0,1,1,1,1.0,0.0
G029761,35.1423999260295,128.57634757917415,0.0,0.0,1,1,1,1.0,0.0
G029762,35.14330148932824,128.57635944933511,0.0,0.0,1,1,1,1.0,0.0
G029773,35.153218676512594,128.5764900559015,0.0,0.0,1,1,1,1.0,0.0
G029774,35.154120238156416,128.5765019323896,0.0,0.0,1,1,1,1.0,0.0
G029775,35.155021799662315,128.57651380940504,0.0,0.0,1,1,1,1.0,0.0
G029776,35.155923361030304,128.57652568694797,0.0,0.0,1,1,1,1.0,0.0
G029777,35.15682492226036,128.57653756501833,0.0,0.0,1,0,1,0.5384822384689838,0.0
G029778,35.157726483352484,128.57654944361616,0.0,0.0,0,0,1,0.18356598557436246,0.0
G029779,35.15862804430668,128.57656132274153,0.0,0.0,1,0,1,0.5384822384689838,0.0
G029780,35.15952960512296,128.5765732023944,0.0,0.0,1,0,1,0.5384822384689838,0.0
G029807,35.21001679064717,128.57723930560533,0.0,0.0,1,1,1,1.0,0.0
G029808,35.210918343598685,128.5772512153657,0.0,0.0,0,0,1,0.18356598557436246,0.0
G029809,35.21181989641218,128.57726312565492,0.0,0.0,1,0,1,0.5384822384689838,0.0
G029810,35.21272144908765,128.57727503647308,0.0,0.0,0,0,1,0.18356598557436246,0.0
G029811,35.213623001625095,128.5772869478201,0.0,0.0,1,0,1,0.5384822384689838,0.0
G029812,35.2145245540245,128.57729885969613,0.0,0.0,1,0,1,0.5384822384689838,0.0
G029814,35.216327658409234,128.57732268503509,0.0,0.0,0,1,1,0.6450837471053786,0.0
G029815,35.21722921039453,128.57733459849808,0.0,0.0,0,1,1,0.6450837471053786,0.0
G029816,35.21813076224179,128.57734651249012,0.0,0.0,0,1,1,0.6450837471053786,0.0
G029817,35.219032313951026,128.57735842701123,1.3,0.013000000000000001,1,1,1,1.0,0.013000000000000001
G029818,35.2199338655222,128.5773703420614,0.0,0.0,0,0,1,0.18356598557436246,0.0
G029819,35.220835416955346,128.5773822576407,0.0,0.0,1,0,1,0.5384822384689838,0.0
G029823,35.22444162130745,128.57742992524948,0.0,0.0,1,1,1,1.0,0.0
G029824,35.22534317205035,128.57744184347467,0.0,0.0,1,1,1,1.0,0.0
G029825,35.22624472265519,128.57745376222914,0.0,0.0,1,0,1,0.5384822384689838,0.0
G029826,35.22714627312199,128.57746568151288,0.0,0.0,1,0,1,0.5384822384689838,0.0
G029827,35.22804782345071,128.5774776013259,0.0,0.0,1,1,1,1.0,0.0
G029828,35.22894937364139,128.57748952166824,0.0,0.0,1,1,1,1.0,0.0
G029829,35.22985092369402,128.57750144253998,0.0,0.0,0,1,1,0.6450837471053786,0.0
G029830,35.23075247360856,128.57751336394102,0.0,0.0,1,0,0,0.35491625289462136,0.0
G029831,35.231654023385055,128.57752528587147,0.0,0.0,1,0,1,0.5384822384689838,0.0
G029832,35.23255557302349,128.57753720833136,0.0,0.0,0,0,1,0.18356598557436246,0.0
G029833,35.23345712252385,128.57754913132067,0.0,0.0,0,1,1,0.6450837471053786,0.0
G029834,35.23435867188614,128.57756105483944,0.0,0.0,1,0,1,0.5384822384689838,0.0
G029835,35.23526022111036,128.57757297888773,0.0,0.0,0,0,1,0.18356598557436246,0.0
G029836,35.23616177019651,128.5775849034655,0.0,0.0,0,1,1,0.6450837471053786,0.0
G029892,35.312792937690546,128.5786004304155,0.0,0.0,1,1,1,1.0,0.0
G029893,35.3136944748963,128.57861240061874,0.0,0.0,1,1,1,1.0,0.0
G029894,35.31459601196383,128.57862437135358,0.0,0.0,1,1,1,1.0,0.0
G029895,35.315497548893156,128.57863634261994,0.0,0.0,1,1,1,1.0,0.0
G029896,35.31639908568425,128.57864831441793,0.0,0.0,1,0,1,0.5384822384689838,0.0
G029897,35.317300622337136,128.57866028674755,0.0,0.0,1,1,1,1.0,0.0
G029898,35.31820215885178,128.5786722596088,0.0,0.0,1,1,1,1.0,0.0
G029899,35.319103695228215,128.57868423300172,0.0,0.0,1,1,1,1.0,0.0
G029900,35.32000523146642,128.57869620692634,0.0,0.0,1,1,1,1.0,0.0
G029901,35.320906767566385,128.57870818138267,0.0,0.0,1,1,1,1.0,0.0
G029902,35.32180830352813,128.5787201563707,0.0,0.0,1,1,1,1.0,0.0
G029903,35.32270983935165,128.57873213189058,0.0,0.0,1,1,1,1.0,0.0
G029904,35.323611375036926,128.57874410794219,0.0,0.0,1,1,1,1.0,0.0
G029905,35.32451291058398,128.57875608452562,0.0,0.0,1,1,1,1.0,0.0
G029940,35.35606656762986,128.57917560016907,0.0,0.0,1,1,1,1.0,0.0
G029941,35.35696809819935,128.57918759591334,0.0,0.0,1,1,1,1.0,0.0
G029942,35.35786962863055,128.5791995921903,0.0,0.0,1,1,1,1.0,0.0
G029943,35.35877115892345,128.579211589,0.0,0.0,1,1,1,1.0,0.0
G029944,35.35967268907807,128.5792235863424,0.0,0.0,1,1,1,1.0,0.0
G029945,35.36057421909436,128.57923558421757,0.0,0.0,1,1,1,1.0,0.0
G029946,35.36147574897235,128.5792475826255,0.0,0.0,1,1,1,1.0,0.0
G030050,35.1387839177414,128.57739763661618,0.0,0.0,1,1,1,1.0,0.0
G030051,35.13968548126759,128.57740951676536,0.0,0.0,1,1,1,1.0,0.0
G030052,35.14058704465587,128.5774213974421,0.0,0.0,1,0,1,0.5384822384689838,0.0
G030053,35.14148860790625,128.5774332786464,0.0,0.0,1,1,1,1.0,0.0
G030054,35.14239017101871,128.57744516037837,0.0,0.0,1,1,1,1.0,0.0
G030055,35.14329173399328,128.57745704263795,0.0,0.0,1,1,1,1.0,0.0
G030066,35.153208917611245,128.57758778232466,0.0,0.0,1,1,1,1.0,0.0
G030067,35.1541104789308,128.5775996709178,0.0,0.0,1,1,1,1.0,0.0
G030068,35.15501204011243,128.5776115600389,0.0,0.0,1,1,1,1.0,0.0
G030069,35.155913601156165,128.57762344968793,0.0,0.0,1,1,1,1.0,0.0
G030070,35.15681516206193,128.577635339865,0.0,0.0,1,0,1,0.5384822384689838,0.0
G030071,35.15771672282976,128.57764723057005,0.0,0.0,1,0,1,0.5384822384689838,0.0
G030072,35.158618283459674,128.57765912180318,0.0,0.0,1,0,1,0.5384822384689838,0.0
G030097,35.20820390563593,128.57831395348788,0.0,0.0,0,0,1,0.18356598557436246,0.0
G030098,35.209105458538815,128.57832587432847,0.0,0.0,0,0,0,0.0,0.0
G030099,35.21000701130368,128.57833779569842,0.0,0.0,1,0,1,0.5384822384689838,0.0
G030100,35.2109085639305,128.57834971759775,0.0,0.0,1,0,1,0.5384822384689838,0.0
G030101,35.21181011641929,128.5783616400265,0.0,0.0,1,0,1,0.5384822384689838,0.0
G030102,35.212711668770034,128.57837356298467,0.0,0.0,0,0,1,0.18356598557436246,0.0
G030105,35.21541632499407,128.5784093350361,0.0,0.0,1,1,1,1.0,0.0
G030106,35.21631787679267,128.5784212601123,0.0,0.0,1,0,1,0.5384822384689838,0.0
G030107,35.21721942845322,128.578433185718,0.0,0.0,0,1,1,0.6450837471053786,0.0
G030108,35.21812097997572,128.57844511185334,0.0,0.0,1,1,1,1.0,0.0
G030109,35.21902253136018,128.57845703851825,0.0,0.0,0,0,1,0.18356598557436246,0.0
G030110,35.219924082606596,128.5784689657128,0.0,0.0,1,0,1,0.5384822384689838,0.0
G030111,35.220825633714945,128.57848089343702,0.0,0.0,1,1,1,1.0,0.0
G030115,35.22443183676786,128.57852860963075,0.0,0.0,1,1,1,1.0,0.0
G030116,35.22533338718594,128.5785405400036,0.0,0.0,1,0,1,0.5384822384689838,0.0
G030117,35.22623493746596,128.57855247090617,0.0,0.0,1,0,1,0.5384822384689838,0.0
G030118,35.22713648760792,128.57856440233857,0.0,0.0,1,0,1,0.5384822384689838,0.0
G030119,35.22803803761182,128.5785763343008,0.0,0.0,1,0,1,0.5384822384689838,0.0
G030120,35.22893958747765,128.57858826679293,0.0,0.0,1,1,1,1.0,0.0
G030121,35.229841137205405,128.57860019981493,0.0,0.0,1,1,1,1.0,0.0
G030122,35.23074268679511,128.57861213336682,0.0,0.0,1,1,1,1.0,0.0
G030123,35.23164423624673,128.57862406744866,0.0,0.0,0,1,1,0.6450837471053786,0.0
G030124,35.2325457855603,128.57863600206042,0.0,0.0,1,0,1,0.5384822384689838,0.0
G030125,35.23344733473577,128.5786479372022,15.28,0.1528,1,0,0,0.35491625289462136,0.05423120344229814
G030126,35.23434888377317,128.57865987287394,12.34,0.1234,1,0,1,0.5384822384689838,0.06644870822707259
G030127,35.2352504326725,128.57867180907576,0.0,0.0,1,0,1,0.5384822384689838,0.0
G030186,35.312783121285314,128.5797003078279,0.0,0.0,1,1,1,1.0,0.0
G030187,35.31368465816556,128.57971229023173,0.0,0.0,1,1,1,1.0,0.0
G030188,35.31458619490758,128.57972427316764,0.0,0.0,1,1,1,1.0,0.0
G030189,35.31548773151137,128.57973625663567,0.0,0.0,1,0,1,0.5384822384689838,0.0
G030190,35.31638926797694,128.5797482406358,2.08,0.0208,1,0,1,0.5384822384689838,0.011200430560154863
G030191,35.31729080430427,128.57976022516817,3.85,0.0385,1,0,1,0.5384822384689838,0.020731566181055875
G030192,35.31819234049338,128.57977221023268,0.0,0.0,1,0,1,0.5384822384689838,0.0
G030193,35.319093876544265,128.5797841958294,0.0,0.0,1,0,1,0.5384822384689838,0.0
G030194,35.3199954124569,128.57979618195836,0.0,0.0,1,0,1,0.5384822384689838,0.0
G030195,35.32089694823131,128.57980816861956,0.0,0.0,1,0,1,0.5384822384689838,0.0
G030196,35.32179848386748,128.57982015581308,0.0,0.0,1,0,1,0.5384822384689838,0.0
G030197,35.32270001936541,128.57983214353888,0.0,0.0,1,0,0,0.35491625289462136,0.0
G030198,35.323601554725094,128.57984413179702,0.0,0.0,1,1,1,1.0,0.0
G030199,35.32450308994656,128.5798561205875,0.0,0.0,1,1,1,1.0,0.0
G030200,35.32540462502977,128.57986810991036,0.0,0.0,1,1,1,1.0,0.0
G030235,35.35695826583576,128.58028807179033,0.0,0.0,1,1,1,1.0,0.0
G030236,35.3578597959411,128.58030008029442,0.0,0.0,1,1,1,1.0,0.0
G030237,35.358761325908134,128.58031208933178,0.0,0.0,1,1,1,1.0,0.0
G030238,35.35966285573687,128.5803240989024,0.0,0.0,1,1,1,1.0,0.0
G030239,35.360564385427296,128.58033610900634,0.0,0.0,1,1,1,1.0,0.0
G030240,35.36146591497939,128.58034811964356,0.0,0.0,1,1,1,1.0,0.0
G030329,35.119841295000114,128.5782455536986,0.0,0.0,1,1,1,1.0,0.0
G030330,35.120742861097504,128.5782574348592,0.0,0.0,1,1,1,1.0,0.0
G030344,35.13787259075009,128.5784832771862,0.0,0.0,1,1,1,1.0,0.0
G030345,35.1387741540897,128.57849516890374,0.0,0.0,1,1,1,1.0,0.0
G030346,35.13967571729141,128.57850706114934,0.0,0.0,1,1,1,1.0,0.0
G030347,35.1405772803552,128.57851895392307,0.0,0.0,1,1,1,1.0,0.0
G030348,35.141478843281085,128.57853084722493,0.0,0.0,1,0,1,0.5384822384689838,0.0
G030349,35.142380406069066,128.57854274105492,0.0,0.0,1,1,1,1.0,0.0
G030350,35.14328196871912,128.57855463541313,0.0,0.0,1,1,1,1.0,0.0
G030361,35.15319914876706,128.5786855082199,0.0,0.0,1,1,1,1.0,0.0
G030362,35.15410070976202,128.5786974089181,0.0,0.0,1,1,1,1.0,0.0
G030363,35.15500227061906,128.57870931014475,0.0,0.0,1,0,1,0.5384822384689838,0.0
G030364,35.15590383133817,128.57872121189993,0.0,0.0,1,1,1,1.0,0.0
G030365,35.15680539191933,128.57873311418365,0.0,0.0,1,0,1,0.5384822384689838,0.0
G030366,35.157706952362545,128.5787450169959,0.0,0.0,1,1,1,1.0,0.0
G030367,35.15860851266784,128.57875692033676,0.0,0.0,1,1,1,1.0,0.0
G030392,35.20729256426295,128.57940048632673,0.0,0.0,0,0,1,0.18356598557436246,0.0
G030393,35.20819411697885,128.5794124187753,0.0,0.0,0,1,1,0.6450837471053786,0.0
G030394,35.20909566955671,128.57942435175372,0.0,0.0,1,0,1,0.5384822384689838,0.0
G030395,35.209997221996545,128.57943628526206,0.0,0.0,1,0,1,0.5384822384689838,0.0
G030396,35.21089877429832,128.57944821930036,0.0,0.0,1,0,0,0.35491625289462136,0.0
G030397,35.21180032646207,128.57946015386858,0.0,0.0,0,0,1,0.18356598557436246,0.0
G030398,35.21270187848777,128.5794720889668,0.0,0.0,1,0,1,0.5384822384689838,0.0
G030399,35.213603430375436,128.57948402459502,0.0,0.0,1,1,1,1.0,0.0
G030400,35.21450498212505,128.57949596075326,0.0,0.0,1,1,1,1.0,0.0
G030401,35.21540653373661,128.57950789744154,0.0,0.0,0,1,1,0.6450837471053786,0.0
G030402,35.21630808521013,128.57951983465992,0.0,0.0,1,1,0,0.8164340144256376,0.0
G030403,35.21720963654561,128.57953177240836,0.0,0.0,1,0,1,0.5384822384689838,0.0
G030404,35.21811118774303,128.57954371068695,0.0,0.0,1,0,1,0.5384822384689838,0.0
G030405,35.21901273880238,128.57955564949566,0.0,0.0,0,0,1,0.18356598557436246,0.0
G030406,35.21991428972368,128.57956758883455,0.0,0.0,0,1,1,0.6450837471053786,0.0
G030407,35.22081584050692,128.57957952870362,0.0,0.0,1,0,0,0.35491625289462136,0.0
G030411,35.22442204225931,128.5796272934823,0.0,0.0,1,0,1,0.5384822384689838,0.0
G030412,35.225323592352254,128.57963923600266,0.0,0.0,1,0,1,0.5384822384689838,0.0
G030413,35.22622514230712,128.57965117905337,0.0,0.0,0,0,1,0.18356598557436246,0.0
G030414,35.22712669212392,128.57966312263443,0.0,0.0,1,0,1,0.5384822384689838,0.0
G030415,35.22802824180265,128.57967506674586,0.0,0.0,1,1,1,1.0,0.0
G030416,35.2289297913433,128.5796870113877,0.0,0.0,1,1,1,1.0,0.0
G030417,35.22983134074589,128.57969895655995,0.0,0.0,1,1,1,1.0,0.0
G030418,35.23073289001038,128.57971090226266,0.0,0.0,1,1,1,1.0,0.0
G030419,35.23163443913682,128.57972284849583,0.0,0.0,0,1,1,0.6450837471053786,0.0
G030420,35.23253598812518,128.57973479525953,0.0,0.0,1,1,1,1.0,0.0
G030421,35.23343753697544,128.57974674255374,2.78,0.0278,1,1,1,1.0,0.0278
G030422,35.23433908568763,128.57975869037844,31.25,0.3125,1,0,1,0.5384822384689838,0.16827569952155744
G030423,35.23524063426172,128.57977063873375,0.0,0.0,1,0,1,0.5384822384689838,0.0
G030471,35.296545613263916,128.58058437288352,0.0,0.0,1,1,1,1.0,0.0
G030472,35.29744715230619,128.58059635790445,0.0,0.0,1,1,1,1.0,0.0
G030473,35.29834869121025,128.58060834345764,0.0,0.0,1,1,1,1.0,0.0
G030474,35.29925022997611,128.58062032954305,0.0,0.0,1,1,1,1.0,0.0
G030485,35.31277329487866,128.58080018470824,0.0,0.0,1,1,1,1.0,0.0
G030486,35.31367483143307,128.5808121793126,0.0,0.0,1,1,1,1.0,0.0
G030487,35.31457636784924,128.5808241744496,0.0,0.0,1,1,1,1.0,0.0
G030488,35.31547790412718,128.58083617011923,0.0,0.0,1,1,1,1.0,0.0
G030489,35.31637944026688,128.58084816632154,0.0,0.0,1,0,1,0.5384822384689838,0.0
G030490,35.31728097626835,128.5808601630566,0.0,0.0,1,1,1,1.0,0.0
G030491,35.318182512131585,128.58087216032433,0.0,0.0,1,1,1,1.0,0.0
G030492,35.31908404785658,128.58088415812483,0.0,0.0,1,0,1,0.5384822384689838,0.0
G030493,35.319985583443334,128.58089615645812,0.0,0.0,1,1,1,1.0,0.0
G030494,35.32088711889183,128.5809081553242,0.0,0.0,0,0,1,0.18356598557436246,0.0
G030495,35.321788654202095,128.58092015472312,0.0,0.0,1,0,1,0.5384822384689838,0.0
G030496,35.322690189374114,128.58093215465487,0.0,0.0,1,0,1,0.5384822384689838,0.0
G030497,35.32359172440788,128.5809441551195,0.0,0.0,1,0,1,0.5384822384689838,0.0
G030498,35.32449325930341,128.58095615611703,0.0,0.0,1,1,1,1.0,0.0
G030499,35.325394794060685,128.58096815764745,0.0,0.0,1,1,1,1.0,0.0
G030535,35.357849953233654,128.58140056786533,0.0,0.0,1,1,1,1.0,0.0
G030536,35.35875148287449,128.5814125891303,0.0,0.0,1,1,1,1.0,0.0
G030537,35.35965301237701,128.5814246109291,0.0,0.0,1,1,1,1.0,0.0
G030538,35.36055454174122,128.58143663326177,0.0,0.0,1,1,1,1.0,0.0
G030628,35.11802839627114,128.5793190466498,0.0,0.0,1,1,1,1.0,0.0
G030629,35.118929962319626,128.57933093883935,0.0,0.0,1,1,1,1.0,0.0
G030630,35.11983152823023,128.579342831557,0.0,0.0,1,1,1,1.0,0.0
G030631,35.12073309400295,128.57935472480278,0.0,0.0,0,0,1,0.18356598557436246,0.0
G030632,35.1216346596378,128.57936661857676,0.0,0.0,1,0,1,0.5384822384689838,0.0
G030645,35.137862817485654,128.57958079684977,0.0,0.0,1,1,1,1.0,0.0
G030646,35.138764380500476,128.57959270066317,0.0,0.0,1,1,1,1.0,0.0
G030647,35.13966594337737,128.57960460500522,0.0,0.0,1,1,1,1.0,0.0
G030648,35.14056750611635,128.5796165098759,0.0,0.0,1,1,1,1.0,0.0
G030649,35.14146906871741,128.57962841527524,0.0,0.0,1,0,1,0.5384822384689838,0.0
G030650,35.14237063118056,128.57964032120333,0.0,0.0,0,0,1,0.18356598557436246,0.0
G030651,35.14327219350578,128.57965222766006,0.0,0.0,1,1,1,1.0,0.0
G030662,35.15318936998005,128.57978323358668,0.0,0.0,1,1,1,1.0,0.0
G030663,35.1540909306501,128.5797951463899,0.0,0.0,0,0,1,0.18356598557436246,0.0
G030664,35.154992491182206,128.5798070597221,0.0,0.0,1,0,1,0.5384822384689838,0.0
G030665,35.15589405157639,128.5798189735834,0.0,0.0,0,0,1,0.18356598557436246,0.0
G030666,35.15679561183261,128.57983088797374,0.0,0.0,1,0,1,0.5384822384689838,0.0
G030667,35.15769717195087,128.57984280289318,0.0,0.0,1,1,1,1.0,0.0
G030668,35.15859873193119,128.57985471834172,0.0,0.0,1,1,1,1.0,0.0
G030685,35.2045781079683,128.58046310837167,0.0,0.0,1,0,1,0.5384822384689838,0.0
G030686,35.20547966077298,128.5804750513664,0.0,0.0,0,1,1,0.6450837471053786,0.0
G030687,35.20638121343961,128.5804869948915,0.0,0.0,1,0,1,0.5384822384689838,0.0
G030688,35.207282765968216,128.58049893894693,0.0,0.0,1,0,1,0.5384822384689838,0.0
G030689,35.208184318358775,128.5805108835328,0.0,0.0,0,1,1,0.6450837471053786,0.0
G030690,35.20908587061128,128.5805228286491,0.0,0.0,0,1,1,0.6450837471053786,0.0
G030691,35.20998742272575,128.5805347742958,0.0,0.0,1,1,1,1.0,0.0
G030692,35.21088897470217,128.58054672047302,0.0,0.0,0,0,0,0.0,0.0
G030693,35.21179052654055,128.58055866718072,0.0,0.0,1,0,1,0.5384822384689838,0.0
G030694,35.21269207824087,128.58057061441892,0.0,0.0,1,0,1,0.5384822384689838,0.0
G030695,35.21359362980315,128.5805825621877,0.0,0.0,1,1,1,1.0,0.0
G030696,35.21449518122736,128.580594510487,0.0,0.0,1,1,1,1.0,0.0
G030697,35.215396732513526,128.5806064593169,0.0,0.0,0,1,1,0.6450837471053786,0.0
G030698,35.216298283661644,128.58061840867742,0.0,0.0,0,1,1,0.6450837471053786,0.0
G030699,35.21719983467169,128.5806303585686,0.0,0.0,0,0,1,0.18356598557436246,0.0
G030700,35.21810138554369,128.58064230899038,0.0,0.0,1,0,1,0.5384822384689838,0.0
G030701,35.21900293627762,128.5806542599429,0.0,0.0,1,0,1,0.5384822384689838,0.0
G030702,35.21990448687348,128.5806662114261,0.0,0.0,1,1,1,1.0,0.0
G030703,35.220806037331286,128.58067816344004,0.0,0.0,1,1,1,1.0,0.0
G030707,35.22441223778184,128.5807259768035,0.0,0.0,1,0,1,0.5384822384689838,0.0
G030708,35.2253137875493,128.58073793147142,0.0,0.0,0,0,1,0.18356598557436246,0.0
G030709,35.22621533717868,128.58074988667022,0.0,0.0,1,0,1,0.5384822384689838,0.0
G030710,35.22711688666999,128.5807618423999,0.0,0.0,1,0,1,0.5384822384689838,0.0
G030711,35.22801843602321,128.58077379866052,0.0,0.0,1,0,1,0.5384822384689838,0.0
G030712,35.22891998523836,128.58078575545207,7.1,0.071,1,0,1,0.5384822384689838,0.038232238931297846
G030713,35.22982153431543,128.58079771277457,0.0,0.0,1,1,1,1.0,0.0
G030714,35.23072308325442,128.58080967062804,0.0,0.0,0,1,1,0.6450837471053786,0.0
G030715,35.23162463205531,128.58082162901258,0.0,0.0,1,1,1,1.0,0.0
G030716,35.23252618071814,128.5808335879281,0.0,0.0,1,1,1,1.0,0.0
G030717,35.23342772924287,128.5808455473747,0.0,0.0,1,0,1,0.5384822384689838,0.0
G030718,35.23432927762949,128.5808575073524,0.0,0.0,1,0,1,0.5384822384689838,0.0
G030719,35.23523082587804,128.58086946786116,0.0,0.0,0,0,1,0.18356598557436246,0.0
G030768,35.295634243871355,128.58167203303566,0.0,0.0,1,1,1,1.0,0.0
G030769,35.296535782725776,128.58168402971467,0.0,0.0,1,1,1,1.0,0.0
G030770,35.297437321442004,128.58169602692638,0.0,0.0,1,1,1,1.0,0.0
G030771,35.298338860020024,128.5817080246709,0.0,0.0,1,1,1,1.0,0.0
G030772,35.299240398459816,128.58172002294813,0.0,0.0,1,1,1,1.0,0.0
G030773,35.30014193676142,128.5817320217582,0.0,0.0,1,1,1,1.0,0.0
G030774,35.30104347492481,128.58174402110106,0.0,0.0,1,1,1,1.0,0.0
G030775,35.30194501294997,128.5817560209768,0.0,0.0,1,1,1,1.0,0.0
G030776,35.30284655083692,128.5817680213854,0.0,0.0,1,1,1,1.0,0.0
G030777,35.30374808858566,128.58178002232685,0.0,0.0,1,1,1,1.0,0.0
G030786,35.31366499469886,128.58191206786086,0.0,0.0,1,1,1,1.0,0.0
G030787,35.31456653078885,128.58192407519888,0.0,0.0,1,1,1,1.0,0.0
G030788,35.3154680667406,128.58193608307013,0.0,0.0,1,1,1,1.0,0.0
G030789,35.31636960255411,128.58194809147457,0.0,0.0,1,0,1,0.5384822384689838,0.0
G030790,35.31727113822938,128.5819601004123,0.0,0.0,0,1,1,0.6450837471053786,0.0
G030791,35.3181726737664,128.58197210988325,0.0,0.0,1,1,1,1.0,0.0
G030792,35.31907420916518,128.58198411988752,0.0,0.0,1,0,1,0.5384822384689838,0.0
G030793,35.319975744425705,128.5819961304251,0.0,0.0,1,1,1,1.0,0.0
G030794,35.320877279547986,128.58200814149603,0.0,0.0,1,0,1,0.5384822384689838,0.0
G030795,35.321778814532,128.5820201531003,1.8,0.018000000000000002,1,0,1,0.5384822384689838,0.00969268029244171
G030796,35.32268034937778,128.582032165238,6.71,0.06709999999999999,1,1,1,1.0,0.06709999999999999
G030797,35.3235818840853,128.5820441779091,0.0,0.0,1,0,1,0.5384822384689838,0.0
G030798,35.324483418654566,128.5820561911136,0.0,0.0,1,1,1,1.0,0.0
G030799,35.32538495308557,128.58206820485162,0.0,0.0,1,1,1,1.0,0.0
G030929,35.11711705435925,128.58040439606646,0.0,0.0,1,1,1,1.0,0.0
G030930,35.11801862022063,128.58041629981145,0.0,0.0,1,0,1,0.5384822384689838,0.0
G030931,35.11892018594414,128.58042820408502,0.0,0.0,1,0,1,0.5384822384689838,0.0
G030932,35.11982175152975,128.58044010888727,0.0,0.0,0,0,0,0.0,0.0
G030933,35.1207233169775,128.58045201421822,0.0,0.0,0,0,1,0.18356598557436246,0.0
G030934,35.121624882287335,128.58046392007785,0.0,0.0,0,1,1,0.6450837471053786,0.0
G030935,35.12252644745931,128.58047582646617,0.0,0.0,1,1,1,1.0,0.0
G030948,35.13875459697371,128.58069023189398,0.0,0.0,1,1,1,1.0,0.0
G030949,35.13965615952547,128.58070214833245,0.0,0.0,1,1,1,1.0,0.0
G030950,35.14055772193932,128.58071406530007,0.0,0.0,1,1,1,1.0,0.0
G030951,35.14145928421523,128.5807259827969,0.0,0.0,1,1,1,1.0,0.0
G030952,35.14236084635321,128.58073790082298,0.0,0.0,1,0,1,0.5384822384689838,0.0
G030953,35.143262408353266,128.58074981937833,0.0,0.0,1,0,1,0.5384822384689838,0.0
G030965,35.154081141595036,128.58089288333267,0.0,0.0,1,0,1,0.5384822384689838,0.0
G030966,35.15498270180189,128.58090480877044,0.0,0.0,1,0,1,0.5384822384689838,0.0
G030967,35.1558842618708,128.58091673473777,0.0,0.0,0,0,1,0.18356598557436246,0.0
G030968,35.15678582180174,128.58092866123474,0.0,0.0,1,0,1,0.5384822384689838,0.0
G030969,35.157687381594734,128.58094058826134,0.0,0.0,1,1,1,1.0,0.0
G030984,35.20456830068792,128.58156152405286,0.0,0.0,1,0,1,0.5384822384689838,0.0
G030985,35.205469853166946,128.58157347918325,0.0,0.0,1,1,1,1.0,0.0
G030986,35.206371405507916,128.58158543484453,0.0,0.0,1,1,1,1.0,0.0
G030987,35.207272957710856,128.58159739103672,0.0,0.0,1,1,1,1.0,0.0
G030988,35.20817450977573,128.5816093477599,3.47,0.0347,1,0,1,0.5384822384689838,0.01868533367487374
G030989,35.20907606170257,128.58162130501398,27.78,0.2778,0,1,1,0.6450837471053786,0.1792042649458742
G030990,35.20997761349134,128.5816332627991,4.14,0.0414,1,1,1,1.0,0.0414
G030991,35.21087916514207,128.5816452211152,0.0,0.0,1,0,1,0.5384822384689838,0.0
G030992,35.21178071665474,128.58165717996232,0.0,0.0,1,1,1,1.0,0.0
G030993,35.21268226802935,128.5816691393405,0.0,0.0,1,0,1,0.5384822384689838,0.0
G030994,35.21358381926591,128.58168109924978,0.0,0.0,0,1,1,0.6450837471053786,0.0
G030995,35.21448537036441,128.58169305969017,0.0,0.0,1,1,1,1.0,0.0
G030996,35.21538692132484,128.58170502066167,0.0,0.0,0,1,1,0.6450837471053786,0.0
G030997,35.21628847214722,128.58171698216432,0.0,0.0,0,1,1,0.6450837471053786,0.0
G030998,35.217190022831524,128.58172894419818,0.0,0.0,1,0,1,0.5384822384689838,0.0
G030999,35.218091573377755,128.5817409067632,0.0,0.0,0,1,1,0.6450837471053786,0.0
G031000,35.21899312378594,128.58175286985943,0.0,0.0,1,0,0,0.35491625289462136,0.0
G031001,35.219894674056036,128.58176483348691,0.0,0.0,1,0,1,0.5384822384689838,0.0
G031002,35.220796224188064,128.5817767976457,0.0,0.0,1,1,1,1.0,0.0
G031005,35.22350087375571,128.58181269330981,0.0,0.0,1,0,1,0.5384822384689838,0.0
G031006,35.22440242333545,128.58182465959388,0.0,0.0,0,0,1,0.18356598557436246,0.0
G031007,35.22530397277709,128.58183662640934,0.0,0.0,1,0,1,0.5384822384689838,0.0
G031008,35.226205522080654,128.5818485937562,0.0,0.0,1,1,1,1.0,0.0
G031009,35.227107071246145,128.58186056163447,0.0,0.0,1,1,1,1.0,0.0
G031010,35.22800862027354,128.58187253004422,0.0,0.0,1,1,1,1.0,0.0
G031011,35.22891016916285,128.58188449898546,28.47,0.2847,0,0,1,0.18356598557436246,0.052261236093020996
G031012,35.229811717914075,128.58189646845818,21.15,0.2115,0,0,1,0.18356598557436246,0.03882420594897766
G031013,35.2307132665272,128.58190843846245,0.0,0.0,1,1,1,1.0,0.0
G031014,35.231614815002246,128.58192040899823,0.0,0.0,1,1,1,1.0,0.0
G031015,35.23251636333921,128.5819323800656,0.0,0.0,1,0,1,0.5384822384689838,0.0
G031016,35.23341791153806,128.58194435166462,0.0,0.0,1,0,0,0.35491625289462136,0.0
G031017,35.234319459598815,128.5819563237952,0.0,0.0,0,1,1,0.6450837471053786,0.0
G031018,35.23522100752147,128.58196829645743,0.0,0.0,1,0,1,0.5384822384689838,0.0
G031075,35.295624403664185,128.58277167714388,0.0,0.0,1,1,1,1.0,0.0
G031076,35.29652594219225,128.58278368601307,0.0,0.0,1,1,1,1.0,0.0
G031077,35.29742748058209,128.58279569541557,0.0,0.0,1,1,1,1.0,0.0
G031078,35.298329018833726,128.58280770535134,0.0,0.0,1,1,1,1.0,0.0
G031079,35.29923055694714,128.58281971582042,0.0,0.0,1,1,1,1.0,0.0
G031080,35.30013209492233,128.58283172682283,0.0,0.0,1,1,1,1.0,0.0
G031081,35.30103363275931,128.5828437383586,0.0,0.0,1,1,1,1.0,0.0
G031082,35.30193517045806,128.5828557504278,0.0,0.0,1,1,1,1.0,0.0
G031083,35.302836708018596,128.58286776303038,0.0,0.0,1,1,1,1.0,0.0
G031084,35.303738245440904,128.58287977616638,0.0,0.0,1,1,1,1.0,0.0
G031085,35.30463978272498,128.58289178983586,0.0,0.0,1,1,1,1.0,0.0
G031096,35.31455668372643,128.58302397541496,0.0,0.0,1,1,1,1.0,0.0
G031097,35.31545821935165,128.58303599548776,0.0,0.0,1,1,1,1.0,0.0
G031098,35.31635975483863,128.58304801609435,0.0,0.0,1,0,1,0.5384822384689838,0.0
G031099,35.31726129018737,128.5830600372347,0.0,0.0,1,1,1,1.0,0.0
G031100,35.31816282539784,128.58307205890887,0.0,0.0,1,1,1,1.0,0.0
G031101,35.31906436047008,128.58308408111685,15.09,0.1509,1,0,1,0.5384822384689838,0.08125696978496966
G031102,35.31996589540405,128.58309610385874,8.33,0.0833,0,0,1,0.18356598557436246,0.015291046598344392
G031103,35.32086743019977,128.58310812713447,0.0,0.0,1,0,1,0.5384822384689838,0.0
G031104,35.32176896485721,128.58312015094413,5.13,0.0513,0,0,1,0.18356598557436246,0.009416935059964795
G031105,35.322670499376414,128.58313217528772,23.61,0.2361,1,0,1,0.5384822384689838,0.1271356565025271
G031106,35.32357203375735,128.58314420016524,0.0,0.0,1,0,1,0.5384822384689838,0.0
G031107,35.32447356800003,128.58315622557677,0.0,0.0,1,1,1,1.0,0.0
G031108,35.325375102104445,128.5831682515223,0.0,0.0,1,1,1,1.0,0.0
G031241,35.11710726870411,128.58150163661597,0.0,0.0,1,1,1,1.0,0.0
G031242,35.11800883424021,128.58151355244442,0.0,0.0,1,0,1,0.5384822384689838,0.0
G031243,35.1189103996384,128.58152546880208,0.0,0.0,1,1,1,1.0,0.0
G031244,35.11981196489871,128.5815373856889,0.0,0.0,1,1,1,1.0,0.0
G031245,35.12071353002113,128.58154930310494,0.0,0.0,1,1,1,1.0,0.0
G031246,35.12161509500564,128.5815612210502,0.0,0.0,1,1,1,1.0,0.0
G031247,35.12251665985227,128.58157313952475,0.0,0.0,1,1,1,1.0,0.0
G031261,35.13874480350946,128.58178776259564,0.0,0.0,1,1,1,1.0,0.0
G031262,35.13964636573575,128.58179969113047,0.0,0.0,1,1,1,1.0,0.0
G031263,35.14054792782412,128.58181162019503,0.0,0.0,1,1,1,1.0,0.0
G031264,35.14144948977454,128.58182354978933,0.0,0.0,1,1,1,1.0,0.0
G031265,35.14235105158704,128.5818354799134,0.0,0.0,1,1,1,1.0,0.0
G031266,35.1432526132616,128.58184741056724,0.0,0.0,1,0,1,0.5384822384689838,0.0
G031293,35.20455848344591,128.58265993920313,0.0,0.0,1,0,1,0.5384822384689838,0.0
G031294,35.20546003559895,128.5826719064692,0.0,0.0,1,0,1,0.5384822384689838,0.0
G031295,35.206361587613934,128.58268387426665,0.0,0.0,1,0,1,0.5384822384689838,0.0
G031296,35.20726313949088,128.5826958425956,0.0,0.0,1,1,1,1.0,0.0
G031297,35.20816469122975,128.582707811456,22.73,0.2273,0,1,1,0.6450837471053786,0.14662753571705256
G031298,35.20906624283055,128.5827197808479,26.39,0.2639,1,0,0,0.35491625289462136,0.09366239913889059
G031299,35.20996779429333,128.58273175077133,0.0,0.0,1,0,1,0.5384822384689838,0.0
G031300,35.21086934561802,128.5827437212263,0.0,0.0,1,0,1,0.5384822384689838,0.0
G031301,35.21177089680466,128.58275569221286,0.0,0.0,1,1,1,1.0,0.0
G031302,35.212672447853244,128.582767663731,0.0,0.0,1,0,1,0.5384822384689838,0.0
G031303,35.21357399876374,128.58277963578078,0.0,0.0,0,1,1,0.6450837471053786,0.0
G031304,35.21447554953618,128.58279160836221,0.0,0.0,1,1,1,1.0,0.0
G031305,35.21537710017055,128.58280358147528,0.69,0.0069,1,1,1,1.0,0.0069
G031306,35.216278650666865,128.58281555512005,6.12,0.061200000000000004,0,0,1,0.18356598557436246,0.011234238317150983
G031307,35.2171802010251,128.58282752929654,0.0,0.0,1,1,1,1.0,0.0
G031308,35.21808175124524,128.58283950400474,0.0,0.0,0,1,1,0.6450837471053786,0.0
G031309,35.21898330132733,128.58285147924474,0.0,0.0,1,1,1,1.0,0.0
G031310,35.21988485127134,128.58286345501648,0.0,0.0,0,1,1,0.6450837471053786,0.0
G031311,35.220786401077255,128.58287543132005,0.0,0.0,1,0,1,0.5384822384689838,0.0
G031313,35.22258950027487,128.5828993855227,0.0,0.0,1,1,1,1.0,0.0
G031314,35.22349104966654,128.58291136342183,0.0,0.0,1,0,1,0.5384822384689838,0.0
G031315,35.22439259892014,128.58292334185285,0.0,0.0,1,0,1,0.5384822384689838,0.0
G031316,35.22529414803566,128.5829353208158,0.0,0.0,1,0,1,0.5384822384689838,0.0
G031317,35.22619569701307,128.5829473003107,0.0,0.0,1,1,1,1.0,0.0
G031318,35.227097245852406,128.58295928033758,0.0,0.0,1,1,1,1.0,0.0
G031319,35.22799879455364,128.58297126089644,0.0,0.0,1,0,1,0.5384822384689838,0.0
G031320,35.228900343116784,128.58298324198734,0.0,0.0,1,0,1,0.5384822384689838,0.0
G031321,35.229801891541825,128.58299522361028,0.0,0.0,1,1,1,1.0,0.0
G031322,35.23070343982878,128.58300720576528,0.0,0.0,0,1,1,0.6450837471053786,0.0
G031323,35.231604987977626,128.58301918845237,0.0,0.0,1,0,1,0.5384822384689838,0.0
G031324,35.23250653598839,128.58303117167156,0.0,0.0,0,0,1,0.18356598557436246,0.0
G031325,35.23340808386104,128.58304315542287,0.0,0.0,1,1,1,1.0,0.0
G031326,35.234309631595586,128.58305513970637,0.0,0.0,0,1,1,0.6450837471053786,0.0
G031327,35.23521117919202,128.58306712452205,0.0,0.0,0,1,1,0.6450837471053786,0.0
G031337,35.24422664756027,128.58318700195403,0.0,0.0,0,1,1,0.6450837471053786,0.0
G031338,35.245128193637434,128.58319899262528,0.0,0.0,1,0,1,0.5384822384689838,0.0
G031339,35.24602973957647,128.583210983829,0.0,0.0,1,0,1,0.5384822384689838,0.0
G031385,35.294713015122376,128.58385930019327,0.0,0.0,1,1,1,1.0,0.0
G031386,35.29561455346195,128.58387132071886,0.0,0.0,1,1,1,1.0,0.0
G031387,35.29651609166331,128.58388334177826,0.0,0.0,1,1,1,1.0,0.0
G031388,35.29741762972644,128.58389536337145,0.0,0.0,1,1,1,1.0,0.0
G031389,35.298319167651364,128.58390738549846,0.0,0.0,1,1,1,1.0,0.0
G031390,35.29922070543805,128.58391940815935,0.0,0.0,1,1,1,1.0,0.0
G031391,35.30012224308652,128.58393143135413,0.0,0.0,1,1,1,1.0,0.0
G031392,35.301023780596765,128.5839434550828,0.0,0.0,1,1,1,1.0,0.0
G031393,35.301925317968774,128.58395547934538,0.0,0.0,1,1,1,1.0,0.0
G031394,35.30282685520256,128.58396750414192,0.0,0.0,1,1,1,1.0,0.0
G031395,35.3037283922981,128.58397952947243,0.0,0.0,1,1,1,1.0,0.0
G031396,35.30462992925542,128.58399155533695,0.0,0.0,1,1,1,1.0,0.0
G031408,35.31544836196034,128.58413590737166,0.0,0.0,1,1,1,1.0,0.0
G031409,35.31634989712047,128.58414794018034,0.0,0.0,1,0,1,0.5384822384689838,0.0
G031410,35.31725143214234,128.5841599735233,0.0,0.0,1,0,1,0.5384822384689838,0.0
G031411,35.318152967025945,128.58417200740064,0.0,0.0,1,0,1,0.5384822384689838,0.0
G031412,35.3190545017713,128.58418404181236,1.2,0.012,1,0,1,0.5384822384689838,0.006461786861627805
G031413,35.319956036378386,128.58419607675847,0.0,0.0,1,0,1,0.5384822384689838,0.0
G031414,35.3208575708472,128.58420811223903,13.19,0.1319,1,0,1,0.5384822384689838,0.07102580725405895
G031415,35.321759105177755,128.58422014825402,0.0,0.0,1,0,1,0.5384822384689838,0.0
G031416,35.32266063937005,128.58423218480345,0.0,0.0,1,1,1,1.0,0.0
G031417,35.323562173424065,128.58424422188745,0.0,0.0,1,1,1,1.0,0.0
G031418,35.32446370733983,128.5842562595059,0.0,0.0,1,1,1,1.0,0.0
G031552,35.11709747311942,128.5825988766363,0.0,0.0,1,1,1,1.0,0.0
G031553,35.117999038329884,128.58261080454827,0.0,0.0,1,1,1,1.0,0.0
G031554,35.118900603402444,128.58262273298993,0.0,0.0,1,1,1,1.0,0.0
G031555,35.1198021683371,128.58263466196132,0.0,0.0,1,1,0,0.8164340144256376,0.0
G031556,35.120703733133865,128.58264659146244,0.0,0.0,1,1,1,1.0,0.0
G031557,35.12160529779273,128.58265852149333,0.0,0.0,1,1,1,1.0,0.0
G031558,35.12250686231369,128.58267045205403,0.0,0.0,1,1,1,1.0,0.0
G031602,35.20545020806902,128.5837703332237,0.0,0.0,1,0,1,0.5384822384689838,0.0
G031603,35.206351759757666,128.58378231315734,0.0,0.0,1,0,1,0.5384822384689838,0.0
G031604,35.207253311308286,128.58379429362296,0.0,0.0,1,0,1,0.5384822384689838,0.0
G031605,35.20815486272082,128.58380627462063,0.0,0.0,1,1,1,1.0,0.0
G031606,35.2090564139953,128.5838182561503,1.92,0.0192,0,1,1,0.6450837471053786,0.012385607944423269
G031607,35.20995796513171,128.58383023821204,0.0,0.0,1,0,1,0.5384822384689838,0.0
G031608,35.21085951613005,128.58384222080588,0.0,0.0,0,0,1,0.18356598557436246,0.0
G031609,35.21176106699033,128.58385420393185,0.0,0.0,1,1,1,1.0,0.0
G031610,35.212662617712525,128.5838661875899,0.0,0.0,1,1,1,1.0,0.0
G031611,35.21356416829664,128.58387817178016,0.0,0.0,1,1,1,1.0,0.0
G031612,35.214465718742694,128.58389015650258,0.0,0.0,1,1,1,1.0,0.0
G031613,35.21536726905069,128.5839021417572,5.13,0.0513,1,1,1,1.0,0.0513
G031614,35.21626881922059,128.58391412754406,26.8,0.268,1,0,1,0.5384822384689838,0.14431323990968767
G031615,35.21717036925242,128.58392611386316,0.0,0.0,0,1,1,0.6450837471053786,0.0
G031616,35.21807191914617,128.58393810071453,0.0,0.0,1,1,1,1.0,0.0
G031617,35.218973468901815,128.58395008809822,0.0,0.0,1,1,1,1.0,0.0
G031618,35.219875018519396,128.58396207601422,0.0,0.0,0,0,1,0.18356598557436246,0.0
G031619,35.22077656799889,128.5839740644626,0.0,0.0,1,0,1,0.5384822384689838,0.0
G031620,35.221678117340296,128.58398605344328,0.0,0.0,1,0,1,0.5384822384689838,0.0
G031621,35.22257966654361,128.5839980429564,0.0,0.0,1,0,1,0.5384822384689838,0.0
G031622,35.22348121560882,128.58401003300193,23.81,0.23809999999999998,1,0,1,0.5384822384689838,0.12821262097946504
G031623,35.22438276453596,128.5840220235799,1.92,0.0192,0,0,1,0.18356598557436246,0.003524466923027759
G031624,35.225284313325,128.58403401469036,0.0,0.0,1,0,1,0.5384822384689838,0.0
G031625,35.22618586197594,128.5840460063333,0.0,0.0,1,0,1,0.5384822384689838,0.0
G031626,35.22708741048879,128.5840579985087,0.0,0.0,1,1,1,1.0,0.0
G031627,35.22798895886353,128.58406999121667,0.0,0.0,1,0,1,0.5384822384689838,0.0
G031628,35.228890507100175,128.58408198445719,0.0,0.0,1,0,0,0.35491625289462136,0.0
G031629,35.22979205519871,128.5840939782303,0.0,0.0,0,0,1,0.18356598557436246,0.0
G031630,35.23069360315916,128.584105972536,0.0,0.0,1,0,1,0.5384822384689838,0.0
G031631,35.23159515098149,128.58411796737434,0.0,0.0,0,0,0,0.0,0.0
G031632,35.23249669866572,128.58412996274532,0.0,0.0,1,1,1,1.0,0.0
G031633,35.23339824621183,128.584141958649,0.0,0.0,0,1,1,0.6450837471053786,0.0
G031634,35.234299793619826,128.58415395508536,0.0,0.0,0,1,1,0.6450837471053786,0.0
G031644,35.24331526010341,128.58427394875264,0.0,0.0,1,0,1,0.5384822384689838,0.0
G031645,35.244216805992075,128.58428595105025,0.0,0.0,0,1,1,0.6450837471053786,0.0
G031646,35.24511835174262,128.58429795388082,0.0,0.0,1,0,1,0.5384822384689838,0.0
G031647,35.24601989735503,128.58430995724441,0.0,0.0,1,0,1,0.5384822384689838,0.0
G031648,35.24692144282931,128.58432196114106,0.0,0.0,1,0,1,0.5384822384689838,0.0
G031693,35.294703155252115,128.58495893104487,0.0,0.0,1,1,1,1.0,0.0
G031694,35.29560469326467,128.58497096376007,0.0,0.0,1,1,1,1.0,0.0
G031695,35.296506231138984,128.5849829970096,0.0,0.0,1,1,1,1.0,0.0
G031696,35.2974077688751,128.5849950307935,0.0,0.0,1,1,1,1.0,0.0
G031697,35.29830930647296,128.58500706511174,0.0,0.0,1,1,1,1.0,0.0
G031698,35.29921084393259,128.5850190999644,0.0,0.0,1,1,1,1.0,0.0
G031699,35.30011238125401,128.58503113535147,0.0,0.0,1,1,1,1.0,0.0
G031700,35.30101391843718,128.585043171273,0.0,0.0,1,1,1,1.0,0.0
G031701,35.30191545548211,128.585055207729,0.0,0.0,1,1,1,1.0,0.0
G031702,35.30281699238881,128.58506724471948,0.0,0.0,1,1,1,1.0,0.0
G031703,35.303718529157265,128.5850792822445,0.0,0.0,1,1,1,1.0,0.0
G031704,35.30462006578749,128.58509132030403,0.0,0.0,1,1,1,1.0,0.0
G031716,35.3154384945667,128.58523581872126,20.83,0.20829999999999999,1,0,1,0.5384822384689838,0.11216585027308931
G031717,35.31634002939963,128.58524786373198,0.0,0.0,1,0,1,0.5384822384689838,0.0
G031718,35.31724156409431,128.58525990927757,0.0,0.0,1,0,1,0.5384822384689838,0.0
G031719,35.318143098650715,128.58527195535805,0.0,0.0,1,0,1,0.5384822384689838,0.0
G031720,35.319044633068856,128.58528400197346,0.0,0.0,1,0,1,0.5384822384689838,0.0
G031721,35.319946167348725,128.5852960491238,3.87,0.0387,1,0,1,0.5384822384689838,0.02083926262874967
G031722,35.320847701490315,128.58530809680911,10.42,0.1042,1,0,1,0.5384822384689838,0.05610984924846811
G031723,35.32174923549365,128.5853201450294,0.0,0.0,1,1,1,1.0,0.0
G031724,35.32265076935868,128.58533219378475,0.0,0.0,1,1,1,1.0,0.0
G031725,35.323552303085464,128.5853442430751,0.0,0.0,1,1,1,1.0,0.0
G031861,35.117087667605176,128.583696116127,0.0,0.0,1,1,1,1.0,0.0
G031862,35.11798923248968,128.5837080561224,0.0,0.0,1,1,1,1.0,0.0
G031863,35.11889079723627,128.58371999664806,0.0,0.0,1,1,1,1.0,0.0
G031864,35.11979236184496,128.58373193770396,0.0,0.0,1,1,1,1.0,0.0
G031865,35.120693926315745,128.58374387929015,0.0,0.0,1,1,1,1.0,0.0
G031866,35.12159549064861,128.58375582140664,0.0,0.0,1,1,1,1.0,0.0
G031867,35.12249705484358,128.58376776405348,0.0,0.0,1,1,1,1.0,0.0
G031908,35.20724347316311,128.58489274411832,0.0,0.0,1,0,1,0.5384822384689838,0.0
G031909,35.20814502424897,128.58490473725317,0.0,0.0,1,0,1,0.5384822384689838,0.0
G031910,35.20904657519679,128.5849167309206,0.0,0.0,1,0,1,0.5384822384689838,0.0
G031911,35.20994812600651,128.58492872512068,0.0,0.0,1,1,1,1.0,0.0
G031912,35.21084967667817,128.58494071985334,0.0,0.0,1,0,1,0.5384822384689838,0.0
G031913,35.211751227211735,128.58495271511865,0.0,0.0,0,0,1,0.18356598557436246,0.0
G031914,35.21265277760724,128.58496471091664,0.0,0.0,0,1,1,0.6450837471053786,0.0
G031915,35.213554327864664,128.58497670724734,0.0,0.0,1,1,1,1.0,0.0
G031916,35.214455877983994,128.58498870411074,0.0,0.0,1,1,1,1.0,0.0
G031917,35.21535742796526,128.58500070150689,0.0,0.0,1,1,1,1.0,0.0
G031918,35.21625897780843,128.58501269943582,0.0,0.0,0,0,1,0.18356598557436246,0.0
G031919,35.21716052751352,128.58502469789752,0.0,0.0,1,1,1,1.0,0.0
G031920,35.21806207708052,128.58503669689205,0.0,0.0,1,1,1,1.0,0.0
G031921,35.218963626509435,128.58504869641942,0.0,0.0,0,1,1,0.6450837471053786,0.0
G031922,35.219865175800244,128.58506069647964,0.0,0.0,0,0,1,0.18356598557436246,0.0
G031923,35.220766724952966,128.58507269707275,0.0,0.0,0,1,0,0.4615177615310162,0.0
G031924,35.2216682739676,128.58508469819876,0.0,0.0,1,0,0,0.35491625289462136,0.0
G031925,35.22256982284412,128.5850966998577,0.0,0.0,1,0,0,0.35491625289462136,0.0
G031926,35.22347137158256,128.5851087020496,0.0,0.0,1,0,1,0.5384822384689838,0.0
G031927,35.2243729201829,128.5851207047745,0.0,0.0,1,1,1,1.0,0.0
G031928,35.22527446864514,128.5851327080324,0.0,0.0,1,1,1,1.0,0.0
G031929,35.22617601696927,128.58514471182332,0.0,0.0,1,0,1,0.5384822384689838,0.0
G031930,35.22707756515531,128.58515671614728,0.0,0.0,1,0,1,0.5384822384689838,0.0
G031931,35.22797911320322,128.58516872100435,0.0,0.0,0,0,0,0.0,0.0
G031932,35.22888066111304,128.58518072639447,0.0,0.0,1,0,1,0.5384822384689838,0.0
G031933,35.229782208884735,128.58519273231772,0.0,0.0,0,0,0,0.0,0.0
G031934,35.230683756518324,128.5852047387741,0.0,0.0,0,0,1,0.18356598557436246,0.0
G031935,35.231585304013805,128.5852167457637,3.47,0.0347,1,1,1,1.0,0.0347
G031936,35.23248685137118,128.58522875328643,6.94,0.0694,0,1,1,0.6450837471053786,0.04476881204911328
G031937,35.233388398590435,128.58524076134242,0.0,0.0,0,1,1,0.6450837471053786,0.0
G031938,35.23428994567156,128.58525276993166,0.0,0.0,1,1,1,1.0,0.0
G031944,35.23969922525777,128.58532483266623,10.88,0.10880000000000001,0,0,1,0.18356598557436246,0.019971979230490638
G031945,35.240600771372044,128.5853368449888,11.04,0.1104,0,0,1,0.18356598557436246,0.020265684807409614
G031946,35.241502317348164,128.58534885784474,0.0,0.0,0,0,1,0.18356598557436246,0.0
G031947,35.242403863186155,128.58536087123417,0.0,0.0,1,0,1,0.5384822384689838,0.0
G031948,35.24330540888602,128.58537288515708,0.0,0.0,0,0,1,0.18356598557436246,0.0
G031949,35.24420695444774,128.58538489961347,0.0,0.0,1,0,1,0.5384822384689838,0.0
G031950,35.245108499871336,128.5853969146034,0.0,0.0,1,0,1,0.5384822384689838,0.0
G031951,35.24601004515677,128.58540893012685,0.0,0.0,1,0,1,0.5384822384689838,0.0
G031952,35.24691159030408,128.58542094618386,0.0,0.0,1,0,1,0.5384822384689838,0.0
G031953,35.24781313531324,128.5854329627745,0.0,0.0,1,1,1,1.0,0.0
G032000,35.29559482307235,128.58607060626696,0.0,0.0,1,1,1,1.0,0.0
G032001,35.29649636061931,128.5860826517066,0.0,0.0,1,0,1,0.5384822384689838,0.0
G032002,35.29739789802805,128.58609469768115,0.0,0.0,1,0,1,0.5384822384689838,0.0
G032003,35.29829943529853,128.58610674419063,0.0,0.0,1,0,1,0.5384822384689838,0.0
G032004,35.29920097243078,128.58611879123504,0.0,0.0,1,0,1,0.5384822384689838,0.0
G032005,35.30010250942481,128.5861308388144,0.0,0.0,1,0,1,0.5384822384689838,0.0
G032006,35.30100404628057,128.58614288692877,0.0,0.0,1,0,1,0.5384822384689838,0.0
G032007,35.301905582998096,128.58615493557812,0.0,0.0,1,0,1,0.5384822384689838,0.0
G032008,35.30280711957739,128.58616698476254,0.0,0.0,1,1,1,1.0,0.0
G032009,35.30370865601842,128.586179034482,0.0,0.0,1,1,1,1.0,0.0
G032010,35.30461019232121,128.58619108473653,0.0,0.0,1,1,1,1.0,0.0
G032022,35.315428617170724,128.58633572953602,7.69,0.07690000000000001,1,1,1,1.0,0.07690000000000001
G032023,35.31633015167614,128.58634778674877,0.0,0.0,1,0,1,0.5384822384689838,0.0
G032024,35.317231686043286,128.58635984449694,0.0,0.0,1,1,1,1.0,0.0
G032025,35.31813322027216,128.58637190278054,0.0,0.0,1,1,1,1.0,0.0
G032026,35.319034754362754,128.5863839615996,0.0,0.0,1,1,1,1.0,0.0
G032027,35.31993628831508,128.58639602095417,0.0,0.0,1,1,1,1.0,0.0
G032028,35.320837822129114,128.58640808084422,0.0,0.0,1,1,1,1.0,0.0
G032029,35.32173935580487,128.58642014126983,0.0,0.0,1,1,1,1.0,0.0
G032168,35.117979416719606,128.5848053071663,0.0,0.0,1,1,1,1.0,0.0
G032169,35.11888098113991,128.58481725977592,0.0,0.0,1,1,1,1.0,0.0
G032170,35.11978254542229,128.58482921291633,0.0,0.0,1,1,1,1.0,0.0
G032171,35.12068410956676,128.58484116658758,0.0,0.0,1,0,1,0.5384822384689838,0.0
G032172,35.121585673573314,128.58485312078966,0.0,0.0,1,1,1,1.0,0.0
G032212,35.20903672643504,128.58601520515836,0.0,0.0,1,0,1,0.5384822384689838,0.0
G032213,35.209938276917754,128.58602721149666,0.0,0.0,1,0,1,0.5384822384689838,0.0
G032214,35.21083982726238,128.58603921836814,0.0,0.0,0,0,1,0.18356598557436246,0.0
G032215,35.21174137746894,128.5860512257728,0.0,0.0,1,0,1,0.5384822384689838,0.0
G032216,35.21264292753741,128.5860632337107,0.0,0.0,0,0,1,0.18356598557436246,0.0
G032217,35.213544477467785,128.5860752421818,0.0,0.0,0,0,1,0.18356598557436246,0.0
G032218,35.214446027260074,128.58608725118614,0.0,0.0,1,0,1,0.5384822384689838,0.0
G032219,35.21534757691428,128.5860992607238,0.0,0.0,1,1,1,1.0,0.0
G032220,35.2162491264304,128.5861112707948,0.0,0.0,1,0,0,0.35491625289462136,0.0
G032221,35.217150675808405,128.58612328139907,0.0,0.0,1,1,1,1.0,0.0
G032222,35.21805222504834,128.5861352925367,0.0,0.0,1,1,1,1.0,0.0
G032223,35.218953774150144,128.58614730420774,0.0,0.0,1,1,1,1.0,0.0
G032224,35.21985532311388,128.58615931641216,0.0,0.0,1,1,1,1.0,0.0
G032225,35.2207568719395,128.58617132915,0.0,0.0,1,0,1,0.5384822384689838,0.0
G032226,35.221658420627044,128.5861833424213,0.0,0.0,1,0,1,0.5384822384689838,0.0
G032227,35.22255996917646,128.58619535622609,0.0,0.0,1,1,1,1.0,0.0
G032228,35.22346151758777,128.58620737056432,0.0,0.0,0,0,1,0.18356598557436246,0.0
G032229,35.22436306586099,128.5862193854361,0.0,0.0,1,0,1,0.5384822384689838,0.0
G032230,35.22526461399609,128.58623140084143,0.0,0.0,1,0,1,0.5384822384689838,0.0
G032231,35.226166161993085,128.58624341678032,0.0,0.0,1,1,1,1.0,0.0
G032232,35.22706770985197,128.58625543325277,0.0,0.0,1,0,1,0.5384822384689838,0.0
G032233,35.22796925757274,128.58626745025887,0.0,0.0,1,0,1,0.5384822384689838,0.0
G032234,35.228870805155395,128.58627946779862,0.0,0.0,1,0,1,0.5384822384689838,0.0
G032235,35.229772352599916,128.586291485872,0.0,0.0,1,1,1,1.0,0.0
G032236,35.230673899906336,128.58630350447905,0.0,0.0,1,1,1,1.0,0.0
G032237,35.23157544707463,128.58631552361985,28.1,0.281,0,0,1,0.18356598557436246,0.05158204194639586
G032238,35.232476994104815,128.58632754329435,25.0,0.25,1,0,0,0.35491625289462136,0.08872906322365534
G032239,35.23337854099687,128.5863395635026,0.0,0.0,1,1,1,1.0,0.0
G032240,35.23428008775079,128.58635158424465,0.0,0.0,1,1,1,1.0,0.0
G032246,35.23968936537364,128.58642371990754,0.0,0.0,0,1,1,0.6450837471053786,0.0
G032247,35.240590911160645,128.58643574438668,0.0,0.0,0,1,0,0.4615177615310162,0.0
G032248,35.24149245680951,128.5864477693998,0.0,0.0,0,0,1,0.18356598557436246,0.0
G032249,35.242394002320246,128.5864597949469,0.0,0.0,0,0,1,0.18356598557436246,0.0
G032250,35.24329554769283,128.586471821028,0.0,0.0,1,0,1,0.5384822384689838,0.0
G032251,35.244197092927266,128.58648384764317,11.26,0.11259999999999999,1,0,1,0.5384822384689838,0.060633100051607575
G032252,35.245098638023556,128.58649587479238,8.97,0.0897,1,0,1,0.5384822384689838,0.04830185679066785
G032253,35.2460001829817,128.58650790247566,0.0,0.0,1,0,1,0.5384822384689838,0.0
G032254,35.246901727801706,128.5865199306931,0.0,0.0,1,0,1,0.5384822384689838,0.0
G032255,35.247803272483566,128.58653195944464,0.0,0.0,1,0,1,0.5384822384689838,0.0
G032302,35.29558494288503,128.58717024823892,0.0,0.0,1,1,1,1.0,0.0
G032303,35.2964864801043,128.5871823058687,0.0,0.0,1,0,1,0.5384822384689838,0.0
G032304,35.29738801718532,128.5871943640339,0.0,0.0,1,0,1,0.5384822384689838,0.0
G032305,35.2982895541281,128.58720642273457,0.0,0.0,1,0,1,0.5384822384689838,0.0
G032306,35.29919109093263,128.5872184819707,0.0,0.0,1,1,1,1.0,0.0
G032307,35.30009262759893,128.58723054174234,0.0,0.0,1,1,1,1.0,0.0
G032308,35.300994164126976,128.5872426020495,0.0,0.0,1,0,1,0.5384822384689838,0.0
G032309,35.30189570051675,128.58725466289224,0.0,0.0,1,0,1,0.5384822384689838,0.0
G032310,35.3027972367683,128.58726672427053,0.0,0.0,1,1,1,1.0,0.0
G032311,35.303698772881575,128.58727878618444,0.0,0.0,1,1,1,1.0,0.0
G032312,35.30460030885661,128.58729084863396,0.0,0.0,1,1,1,1.0,0.0
G032325,35.316320263950004,128.58744770923013,0.0,0.0,1,0,1,0.5384822384689838,0.0
G032326,35.3172217979893,128.58745977918085,0.0,0.0,1,1,1,1.0,0.0
G032327,35.31812333189029,128.58747184966757,0.0,0.0,1,1,1,1.0,0.0
G032328,35.31902486565301,128.5874839206903,0.0,0.0,1,1,1,1.0,0.0
G032514,35.20992841786545,128.58712569733947,0.0,0.0,1,1,1,1.0,0.0
G032515,35.21082996788273,128.58713771634976,0.0,0.0,1,0,1,0.5384822384689838,0.0
G032516,35.211731517761926,128.58714973589372,0.0,0.0,1,0,1,0.5384822384689838,0.0
G032517,35.212633067503035,128.58716175597147,0.0,0.0,1,0,1,0.5384822384689838,0.0
G032518,35.213534617106035,128.587173776583,0.0,0.0,0,0,1,0.18356598557436246,0.0
G032519,35.21443616657095,128.5871857977283,0.0,0.0,0,0,1,0.18356598557436246,0.0
G032520,35.21533771589777,128.58719781940744,0.0,0.0,1,0,1,0.5384822384689838,0.0
G032521,35.21623926508649,128.58720984162042,0.0,0.0,1,0,1,0.5384822384689838,0.0
G032522,35.21714081413711,128.58722186436725,0.0,0.0,0,0,1,0.18356598557436246,0.0
G032523,35.21804236304962,128.58723388764798,0.0,0.0,1,0,1,0.5384822384689838,0.0
G032524,35.218943911824034,128.58724591146267,0.0,0.0,1,0,0,0.35491625289462136,0.0
G032525,35.21984546046034,128.58725793581127,0.0,0.0,1,0,0,0.35491625289462136,0.0
G032526,35.220747008958526,128.58726996069382,0.0,0.0,1,0,1,0.5384822384689838,0.0
G032527,35.22164855731864,128.58728198611038,0.0,0.0,1,0,1,0.5384822384689838,0.0
G032528,35.22255010554061,128.5872940120609,0.0,0.0,1,0,0,0.35491625289462136,0.0
G032529,35.22345165362448,128.5873060385455,0.0,0.0,1,0,1,0.5384822384689838,0.0
G032530,35.22435320157023,128.58731806556415,0.0,0.0,0,0,1,0.18356598557436246,0.0
G032531,35.225254749377875,128.5873300931169,0.0,0.0,1,0,1,0.5384822384689838,0.0
G032532,35.226156297047396,128.58734212120373,0.0,0.0,1,0,1,0.5384822384689838,0.0
G032533,35.2270578445788,128.5873541498247,0.0,0.0,1,0,1,0.5384822384689838,0.0
G032534,35.227959391972085,128.5873661789798,0.0,0.0,1,0,1,0.5384822384689838,0.0
G032535,35.228860939227246,128.5873782086691,0.0,0.0,0,0,1,0.18356598557436246,0.0
G032536,35.22976248634428,128.5873902388926,0.0,0.0,1,0,1,0.5384822384689838,0.0
G032537,35.230664033323194,128.5874022696503,0.0,0.0,1,0,1,0.5384822384689838,0.0
G032538,35.231565580163966,128.58741430094224,0.0,0.0,0,0,1,0.18356598557436246,0.0
G032539,35.232467126866645,128.5874263327685,0.0,0.0,0,0,1,0.18356598557436246,0.0
G032540,35.233368673431166,128.587438365129,0.0,0.0,0,0,1,0.18356598557436246,0.0
G032541,35.23427021985755,128.58745039802386,0.0,0.0,1,0,1,0.5384822384689838,0.0
G032542,35.23517176614581,128.58746243145305,0.0,0.0,1,1,1,1.0,0.0
G032546,35.23877794991747,128.58751057051364,0.0,0.0,0,1,1,0.6450837471053786,0.0
G032547,35.239679495515034,128.5875226066149,0.0,0.0,1,1,0,0.8164340144256376,0.0
G032548,35.24058104097446,128.5875346432506,0.0,0.0,0,0,1,0.18356598557436246,0.0
G032549,35.24148258629574,128.58754668042084,0.0,0.0,0,1,1,0.6450837471053786,0.0
G032550,35.242384131478865,128.58755871812562,0.0,0.0,0,1,1,0.6450837471053786,0.0
G032551,35.24328567652384,128.5875707563649,0.0,0.0,0,1,1,0.6450837471053786,0.0
G032552,35.24418722143067,128.5875827951388,0.6,0.006,1,0,1,0.5384822384689838,0.0032308934308139027
G032553,35.24508876619935,128.5875948344473,6.45,0.0645,0,0,1,0.18356598557436246,0.01184000606954638
G032554,35.24599031082987,128.5876068742904,0.0,0.0,1,1,1,1.0,0.0
G032555,35.24689185532223,128.58761891466818,0.0,0.0,1,0,1,0.5384822384689838,0.0
G032556,35.247793399676446,128.5876309555806,0.0,0.0,1,0,1,0.5384822384689838,0.0
G032606,35.29827966296166,128.58830610074304,0.0,0.0,1,0,1,0.5384822384689838,0.0
G032607,35.29918119943815,128.5883181721709,0.0,0.0,1,1,1,1.0,0.0
G032608,35.30008273577639,128.58833024413477,3.95,0.0395,1,1,1,1.0,0.0395
G032609,35.30098427197636,128.58834231663474,0.0,0.0,0,0,1,0.18356598557436246,0.0
G032610,35.301885808038094,128.58835438967077,8.33,0.0833,1,0,1,0.5384822384689838,0.04485557046446635
G032611,35.302787343961555,128.58836646324295,4.49,0.0449,1,0,1,0.5384822384689838,0.024177852507257375
G032612,35.30368887974676,128.58837853735125,0.0,0.0,1,1,1,1.0,0.0
G032613,35.30459041539368,128.5883906119957,0.0,0.0,1,1,1,1.0,0.0
G032614,35.305491950902365,128.58840268717637,0.0,0.0,1,1,1,1.0,0.0
G032818,35.209918548849615,128.58822418264862,0.0,0.0,1,1,1,1.0,0.0
G032819,35.210820098539216,128.58823621379764,0.0,0.0,1,0,1,0.5384822384689838,0.0
G032820,35.21172164809073,128.5882482454809,0.0,0.0,1,1,1,1.0,0.0
G032821,35.21262319750413,128.5882602776985,0.0,0.0,1,0,1,0.5384822384689838,0.0
G032822,35.213524746779434,128.58827231045038,0.0,0.0,1,0,1,0.5384822384689838,0.0
G032823,35.21442629591663,128.5882843437366,0.0,0.0,0,0,1,0.18356598557436246,0.0
G032824,35.215327844915734,128.5882963775572,0.0,0.0,1,0,1,0.5384822384689838,0.0
G032825,35.21622939377674,128.58830841191218,0.0,0.0,0,0,1,0.18356598557436246,0.0
G032826,35.21713094249962,128.58832044680156,0.0,0.0,1,1,1,1.0,0.0
G032827,35.21803249108441,128.58833248222538,0.0,0.0,0,1,1,0.6450837471053786,0.0
G032829,35.219835587839626,128.58835655467638,0.0,0.0,0,0,1,0.18356598557436246,0.0
G032830,35.22073713601007,128.5883685917036,0.0,0.0,1,0,1,0.5384822384689838,0.0
G032831,35.22163868404239,128.5883806292654,0.0,0.0,1,0,1,0.5384822384689838,0.0
G032832,35.2225402319366,128.58839266736175,0.0,0.0,0,0,1,0.18356598557436246,0.0
G032833,35.223441779692685,128.58840470599262,0.0,0.0,0,0,1,0.18356598557436246,0.0
G032834,35.22434332731066,128.58841674515813,0.0,0.0,1,0,1,0.5384822384689838,0.0
G032835,35.225244874790505,128.58842878485822,0.0,0.0,0,0,1,0.18356598557436246,0.0
G032836,35.226146422132224,128.58844082509302,0.0,0.0,1,0,1,0.5384822384689838,0.0
G032837,35.22704796933582,128.58845286586242,0.0,0.0,1,0,1,0.5384822384689838,0.0
G032838,35.22794951640129,128.58846490716655,0.0,0.0,1,1,1,1.0,0.0
G032839,35.22885106332863,128.58847694900538,0.0,0.0,1,1,1,1.0,0.0
G032840,35.22975261011783,128.58848899137897,0.0,0.0,1,1,1,1.0,0.0
G032841,35.2306541567689,128.58850103428728,0.0,0.0,1,1,1,1.0,0.0
G032842,35.231555703281835,128.5885130777304,0.0,0.0,1,1,1,1.0,0.0
G032843,35.232457249656655,128.58852512170833,0.0,0.0,0,0,1,0.18356598557436246,0.0
G032844,35.23335879589332,128.5885371662211,0.0,0.0,0,0,1,0.18356598557436246,0.0
G032845,35.23426034199184,128.58854921126874,0.0,0.0,0,0,1,0.18356598557436246,0.0
G032846,35.23516188795223,128.58856125685122,17.95,0.1795,0,0,1,0.18356598557436246,0.03295009441059806
G032847,35.23606343377447,128.58857330296863,42.95,0.42950000000000005,1,0,0,0.35491625289462136,0.1524365306182399
G032848,35.23696497945856,128.58858534962096,0.0,0.0,0,0,1,0.18356598557436246,0.0
G032850,35.238768070412334,128.5886094445305,0.0,0.0,0,0,1,0.18356598557436246,0.0
G032851,35.23966961568199,128.58862149278775,0.0,0.0,0,0,1,0.18356598557436246,0.0
G032852,35.24057116081349,128.58863354158,0.0,0.0,1,0,0,0.35491625289462136,0.0
G032853,35.241472705806856,128.58864559090736,0.0,0.0,0,1,1,0.6450837471053786,0.0
G032854,35.24237425066204,128.58865764076975,0.0,0.0,0,1,1,0.6450837471053786,0.0
G032855,35.24327579537909,128.58866969116724,0.0,0.0,0,1,1,0.6450837471053786,0.0
G032856,35.24417733995797,128.58868174209982,0.0,0.0,1,1,1,1.0,0.0
G032857,35.245078884398694,128.5886937935676,0.0,0.0,1,0,1,0.5384822384689838,0.0
G032858,35.24598042870126,128.5887058455705,0.0,0.0,1,0,1,0.5384822384689838,0.0
G032859,35.246881972865665,128.5887178981086,0.0,0.0,1,0,1,0.5384822384689838,0.0
G032860,35.2477835168919,128.5887299511819,0.0,0.0,1,0,1,0.5384822384689838,0.0
G032910,35.298269761799254,128.58940577821548,0.0,0.0,1,0,1,0.5384822384689838,0.0
G032911,35.299171297947375,128.58941786183502,0.0,0.0,1,0,1,0.5384822384689838,0.0
G032912,35.30007283395721,128.5894299459911,0.0,0.0,1,0,1,0.5384822384689838,0.0
G032913,35.300974369828786,128.58944203068384,0.0,0.0,0,0,1,0.18356598557436246,0.0
G032914,35.30187590556212,128.58945411591318,27.08,0.2708,1,0,1,0.5384822384689838,0.1458209901774008
G032915,35.30277744115716,128.5894662016792,36.02,0.3602,1,0,1,0.5384822384689838,0.19396130229652797
G032916,35.303678976613945,128.58947828798188,0.0,0.0,1,1,1,1.0,0.0
G032917,35.30458051193247,128.58949037482128,0.0,0.0,1,1,1,1.0,0.0
G032918,35.305482047112704,128.58950246219743,0.0,0.0,1,1,1,1.0,0.0
G033125,35.212613317540715,128.58935879889123,0.0,0.0,1,1,1,1.0,0.0
G033126,35.21351486648799,128.58937084378346,0.0,0.0,1,1,1,1.0,0.0
G033127,35.21441641529715,128.58938288921058,0.0,0.0,1,0,1,0.5384822384689838,0.0
G033128,35.21531796396822,128.5893949351726,0.0,0.0,1,0,1,0.5384822384689838,0.0
G033129,35.21621951250116,128.58940698166953,0.0,0.0,1,0,1,0.5384822384689838,0.0
G033130,35.21712106089599,128.58941902870143,0.0,0.0,1,0,1,0.5384822384689838,0.0
G033131,35.21802260915269,128.58943107626828,0.0,0.0,1,0,1,0.5384822384689838,0.0
G033134,35.2207272530941,128.58946722217894,0.0,0.0,1,0,1,0.5384822384689838,0.0
G033135,35.221628800798335,128.58947927188592,0.0,0.0,0,0,1,0.18356598557436246,0.0
G033136,35.22253034836444,128.589491322128,0.0,0.0,1,0,1,0.5384822384689838,0.0
G033137,35.223431895792416,128.58950337290517,0.0,0.0,1,0,1,0.5384822384689838,0.0
G033138,35.224333443082266,128.58951542421747,0.0,0.0,1,1,1,1.0,0.0
G033139,35.225234990233986,128.58952747606494,0.0,0.0,1,0,1,0.5384822384689838,0.0
G033140,35.22613653724757,128.5895395284476,0.0,0.0,0,0,1,0.18356598557436246,0.0
G033141,35.22703808412303,128.58955158136547,0.0,0.0,1,1,1,1.0,0.0
G033142,35.227939630860355,128.58956363481857,0.0,0.0,1,1,1,1.0,0.0
G033144,35.22974272392057,128.58958774333055,0.0,0.0,1,1,1,1.0,0.0
G033145,35.23064427024349,128.5895997983895,0.0,0.0,1,1,1,1.0,0.0
G033146,35.231545816428245,128.58961185398374,0.0,0.0,1,1,1,1.0,0.0
G033147,35.232447362474886,128.58962391011335,0.0,0.0,1,1,1,1.0,0.0
G033148,35.233348908383356,128.58963596677833,0.0,0.0,1,0,1,0.5384822384689838,0.0
G033149,35.23425045415368,128.5896480239787,0.0,0.0,1,0,1,0.5384822384689838,0.0
G033150,35.23515199978586,128.5896600817145,1.23,0.0123,0,0,1,0.18356598557436246,0.002257861622564658
G033151,35.2360535452799,128.58967213998574,0.0,0.0,0,0,0,0.0,0.0
G033152,35.23695509063578,128.58968419879244,0.0,0.0,0,0,1,0.18356598557436246,0.0
G033154,35.23875818093308,128.58970831801236,7.69,0.07690000000000001,1,0,1,0.5384822384689838,0.04140928413826486
G033155,35.2396597258745,128.5897203784256,2.08,0.0208,1,0,1,0.5384822384689838,0.011200430560154863
G033156,35.240561270677766,128.58973243937442,31.97,0.3197,1,0,1,0.5384822384689838,0.17215277163853412
G033157,35.24146281534286,128.5897445008588,0.0,0.0,1,0,1,0.5384822384689838,0.0
G033158,35.242364359869796,128.58975656287882,0.0,0.0,0,1,1,0.6450837471053786,0.0
G033159,35.24326590425857,128.58976862543443,0.0,0.0,0,0,1,0.18356598557436246,0.0
G033160,35.244167448509174,128.58978068852576,0.0,0.0,0,0,1,0.18356598557436246,0.0
G033161,35.24506899262163,128.58979275215273,0.0,0.0,0,0,1,0.18356598557436246,0.0
G033162,35.2459705365959,128.5898048163154,0.0,0.0,0,0,1,0.18356598557436246,0.0
G033163,35.246872080432,128.5898168810138,0.0,0.0,1,1,1,1.0,0.0
G033166,35.24957671111128,128.5898530783236,0.0,0.0,1,1,1,1.0,0.0
G033167,35.2504782543947,128.5898651451652,0.0,0.0,1,1,1,1.0,0.0
G033168,35.251379797539926,128.5898772125426,0.0,0.0,1,1,1,1.0,0.0
G033169,35.25228134054697,128.58988928045585,0.0,0.0,1,1,1,1.0,0.0
G033170,35.25318288341584,128.58990134890502,0.0,0.0,1,1,1,1.0,0.0
G033171,35.25408442614652,128.5899134178901,0.0,0.0,1,1,1,1.0,0.0
G033217,35.29916138646028,128.59051755096252,0.0,0.0,1,1,1,1.0,0.0
G033218,35.30006292214142,128.59052964731083,0.0,0.0,0,0,1,0.18356598557436246,0.0
G033219,35.300964457684266,128.59054174419632,0.0,0.0,1,1,1,1.0,0.0
G033220,35.30186599308885,128.59055384161894,3.85,0.0385,1,0,1,0.5384822384689838,0.020731566181055875
G033221,35.302767528355176,128.59056593957877,2.01,0.020099999999999996,1,0,1,0.5384822384689838,0.010823492993226573
G033222,35.303669063483206,128.59057803807582,0.0,0.0,1,1,1,1.0,0.0
G033223,35.30457059847297,128.59059013711013,0.0,0.0,1,1,1,1.0,0.0
G033224,35.30547213332444,128.59060223668172,0.0,0.0,1,1,1,1.0,0.0
G033432,35.21260342761281,128.59045731954907,0.0,0.0,1,1,1,1.0,0.0
G033433,35.21350497623172,128.59046937658167,0.0,0.0,1,1,1,1.0,0.0
G033434,35.21440652471253,128.59048143414964,0.0,0.0,1,1,1,1.0,0.0
G033435,35.2153080730552,128.59049349225305,0.0,0.0,1,1,1,1.0,0.0
G033436,35.21620962125976,128.59050555089195,0.0,0.0,1,1,1,1.0,0.0
G033437,35.217111169326195,128.5905176100663,0.0,0.0,1,1,1,1.0,0.0
G033438,35.2180127172545,128.5905296697762,0.0,0.0,1,1,1,1.0,0.0
G033440,35.219815812696744,128.5905537908026,0.0,0.0,1,0,1,0.5384822384689838,0.0
G033441,35.22071736021068,128.59056585211917,0.0,0.0,1,1,1,1.0,0.0
G033442,35.22161890758648,128.59057791397132,0.0,0.0,0,0,0,0.0,0.0
G033443,35.222520454824156,128.59058997635913,0.0,0.0,1,1,1,1.0,0.0
G033444,35.22342200192369,128.59060203928254,0.0,0.0,1,1,1,1.0,0.0
G033445,35.22432354888509,128.59061410274165,0.0,0.0,0,0,1,0.18356598557436246,0.0
G033446,35.22522509570835,128.59062616673648,0.0,0.0,1,0,1,0.5384822384689838,0.0
G033447,35.22612664239348,128.590638231267,0.0,0.0,1,1,1,1.0,0.0
G033448,35.22702818894046,128.5906502963333,0.0,0.0,1,1,1,1.0,0.0
G033449,35.227929735349306,128.59066236193536,0.0,0.0,1,1,1,1.0,0.0
G033453,35.23153591960322,128.59071062970173,0.0,0.0,1,1,1,1.0,0.0
G033454,35.23243746532134,128.590722697983,0.0,0.0,1,1,1,1.0,0.0
G033455,35.2333390109013,128.59073476680018,0.0,0.0,1,1,1,1.0,0.0
G033456,35.234240556343096,128.59074683615327,0.0,0.0,1,1,1,1.0,0.0
G033457,35.235142101646744,128.59075890604234,0.0,0.0,0,1,1,0.6450837471053786,0.0
G033458,35.23604364681223,128.59077097646738,0.0,0.0,1,0,1,0.5384822384689838,0.0
G033459,35.23694519183956,128.59078304742843,0.0,0.0,1,1,1,1.0,0.0
G033462,35.239649826092595,128.5908192635279,4.32,0.0432,1,1,1,1.0,0.0432
G033463,35.240551370567275,128.59083133663322,0.0,0.0,1,1,1,1.0,0.0
G033464,35.24145291490379,128.59084341027466,0.0,0.0,1,0,1,0.5384822384689838,0.0
G033465,35.24235445910213,128.59085548445222,0.0,0.0,1,0,1,0.5384822384689838,0.0
G033466,35.243256003162315,128.590867559166,0.0,0.0,0,0,0,0.0,0.0
G033467,35.24415754708432,128.59087963441596,0.0,0.0,0,1,1,0.6450837471053786,0.0
G033468,35.24505909086814,128.59089171020213,0.0,0.0,1,1,1,1.0,0.0
G033469,35.2459606345138,128.59090378652456,0.0,0.0,1,0,1,0.5384822384689838,0.0
G033470,35.246862178021274,128.59091586338326,0.0,0.0,0,0,1,0.18356598557436246,0.0
G033471,35.24776372139058,128.59092794077824,0.0,0.0,0,1,1,0.6450837471053786,0.0
G033472,35.248665264621685,128.59094001870955,0.0,0.0,1,1,0,0.8164340144256376,0.0
G033473,35.249566807714636,128.5909520971772,0.0,0.0,0,1,1,0.6450837471053786,0.0
G033474,35.25046835066938,128.5909641761812,0.0,0.0,1,1,1,1.0,0.0
G033475,35.25136989348594,128.59097625572156,0.0,0.0,0,1,1,0.6450837471053786,0.0
G033476,35.25227143616433,128.59098833579836,0.0,0.0,1,1,1,1.0,0.0
G033477,35.25317297870452,128.5910004164116,0.0,0.0,1,1,1,1.0,0.0
G033478,35.254074521106524,128.59101249756125,0.0,0.0,1,1,1,1.0,0.0
G033528,35.300053000328994,128.59162934809345,0.0,0.0,1,0,1,0.5384822384689838,0.0
G033529,35.300954535542786,128.5916414571716,0.0,0.0,1,1,1,1.0,0.0
G033530,35.301856070618314,128.5916535667875,0.0,0.0,1,0,1,0.5384822384689838,0.0
G033531,35.30275760555556,128.59166567694112,0.0,0.0,1,0,1,0.5384822384689838,0.0
G033532,35.30365914035452,128.5916777876325,0.0,0.0,1,1,1,1.0,0.0
G033533,35.304560675015196,128.5916898988617,0.0,0.0,1,1,1,1.0,0.0
G033534,35.30546220953757,128.5917020106287,0.0,0.0,1,1,1,1.0,0.0
G033747,35.213495076010645,128.5915679088444,0.0,0.0,1,1,1,1.0,0.0
G033748,35.21439662416274,128.59157997855326,0.0,0.0,1,1,1,1.0,0.0
G033749,35.21529817217671,128.59159204879805,0.0,0.0,1,1,1,1.0,0.0
G033750,35.21619972005256,128.59160411957888,0.0,0.0,1,1,1,1.0,0.0
G033751,35.21710126779027,128.5916161908957,0.0,0.0,1,1,1,1.0,0.0
G033754,35.21980591017461,128.5916524080626,0.0,0.0,1,1,1,1.0,0.0
G033755,35.220707457359794,128.5916644815238,0.0,0.0,1,1,1,1.0,0.0
G033756,35.22160900440685,128.5916765555211,0.0,0.0,0,0,1,0.18356598557436246,0.0
G033757,35.22251055131574,128.5916886300546,0.0,0.0,0,0,1,0.18356598557436246,0.0
G033758,35.223412098086506,128.59170070512425,0.0,0.0,1,0,1,0.5384822384689838,0.0
G033759,35.22431364471913,128.59171278073018,0.0,0.0,1,1,1,1.0,0.0
G033760,35.22521519121361,128.59172485687228,0.0,0.0,1,1,1,1.0,0.0
G033761,35.226116737569924,128.59173693355066,0.0,0.0,1,1,1,1.0,0.0
G033762,35.22701828378811,128.59174901076534,0.0,0.0,1,1,1,1.0,0.0
G033767,35.23152601280677,128.59180940488383,0.0,0.0,1,1,1,1.0,0.0
G033768,35.232427558196036,128.59182148531673,0.0,0.0,1,1,1,1.0,0.0
G033769,35.23332910344715,128.59183356628606,0.0,0.0,1,1,1,1.0,0.0
G033770,35.234230648560086,128.59184564779187,0.0,0.0,0,0,1,0.18356598557436246,0.0
G033771,35.235132193534874,128.5918577298342,0.0,0.0,0,0,1,0.18356598557436246,0.0
G033772,35.23603373837148,128.59186981241302,0.0,0.0,1,1,1,1.0,0.0
G033773,35.236935283069926,128.5918818955284,0.0,0.0,1,1,1,1.0,0.0
G033777,35.240541460482056,128.59193023335587,0.0,0.0,1,1,0,0.8164340144256376,0.0
G033778,35.24144300448966,128.59194231915433,0.0,0.0,0,0,1,0.18356598557436246,0.0
G033779,35.24234454835907,128.59195440548947,0.0,0.0,1,1,1,1.0,0.0
G033780,35.243246092090324,128.59196649236137,0.0,0.0,1,0,0,0.35491625289462136,0.0
G033781,35.2441476356834,128.59197857976994,0.0,0.0,1,0,1,0.5384822384689838,0.0
G033782,35.24504917913828,128.59199066771532,17.95,0.1795,1,0,1,0.5384822384689838,0.09665756180518259
G033783,35.24595072245498,128.59200275619747,14.2,0.142,0,1,1,0.6450837471053786,0.09160189208896376
G033784,35.2468522656335,128.59201484521643,0.0,0.0,1,0,1,0.5384822384689838,0.0
G033785,35.24775380867383,128.5920269347722,0.0,0.0,0,0,0,0.0,0.0
G033786,35.24865535157598,128.59203902486485,0.0,0.0,0,1,1,0.6450837471053786,0.0
G033787,35.249556894339946,128.59205111549437,0.0,0.0,1,1,1,1.0,0.0
G033788,35.2504584369657,128.59206320666078,0.0,0.0,0,1,1,0.6450837471053786,0.0
G033789,35.25135997945327,128.59207529836414,0.0,0.0,1,1,1,1.0,0.0
G033790,35.252261521802644,128.59208739060443,0.0,0.0,1,1,1,1.0,0.0
G033791,35.25316306401383,128.5920994833817,0.0,0.0,0,1,1,0.6450837471053786,0.0
G033792,35.25406460608682,128.59211157669597,0.0,0.0,1,1,1,1.0,0.0
G033793,35.2549661480216,128.59212367054724,0.0,0.0,1,1,1,1.0,0.0
G033794,35.25586768981818,128.5921357649356,0.0,0.0,1,1,1,1.0,0.0
G033795,35.25676923147656,128.59214785986097,0.0,0.0,1,1,1,1.0,0.0
G033796,35.257670772996754,128.59215995532347,0.0,0.0,1,1,1,1.0,0.0
G033797,35.25857231437872,128.59217205132308,0.0,0.0,1,1,1,1.0,0.0
G033798,35.259473855622495,128.59218414785985,0.0,0.0,1,1,1,1.0,0.0
G033843,35.30004306852,128.59272904833833,0.0,0.0,1,0,1,0.5384822384689838,0.0
G033844,35.300944603404396,128.59274116960918,0.65,0.006500000000000001,1,1,1,1.0,0.006500000000000001
G033845,35.301846138150516,128.59275329141832,0.0,0.0,1,0,1,0.5384822384689838,0.0
G033846,35.30274767275837,128.59276541376573,0.0,0.0,1,0,1,0.5384822384689838,0.0
G033847,35.30364920722791,128.59277753665143,0.0,0.0,1,1,1,1.0,0.0
G033848,35.30455074155917,128.59278966007548,0.0,0.0,1,1,1,1.0,0.0
G033849,35.30545227575213,128.59280178403787,0.0,0.0,1,1,1,1.0,0.0
G033853,35.30905841114104,128.59285028527148,0.0,0.0,1,1,1,1.0,0.0
G033854,35.309959944642515,128.59286241192598,0.0,0.0,1,1,1,1.0,0.0
G033855,35.31086147800569,128.59287453911898,0.0,0.0,1,1,1,1.0,0.0
G033856,35.31176301123055,128.59288666685055,0.0,0.0,1,1,1,1.0,0.0
G033857,35.312664544317116,128.59289879512062,0.0,0.0,1,1,1,1.0,0.0
G034074,35.219795997685374,128.5927510247865,0.0,0.0,1,1,1,1.0,0.0
G034075,35.22069754454147,128.59276311039227,0.0,0.0,1,0,1,0.5384822384689838,0.0
G034076,35.22159909125942,128.59277519653472,0.0,0.0,1,0,1,0.5384822384689838,0.0
G034077,35.22250063783924,128.59278728321388,0.0,0.0,1,0,1,0.5384822384689838,0.0
G034078,35.22340218428089,128.5927993704298,0.0,0.0,1,1,1,1.0,0.0
G034079,35.2243037305844,128.5928114581824,0.0,0.0,1,1,1,1.0,0.0
G034080,35.22520527674976,128.59282354647183,0.0,0.0,1,1,1,1.0,0.0
G034081,35.22610682277696,128.59283563529803,0.0,0.0,1,1,1,1.0,0.0
G034088,35.232417641099,128.59292027211401,0.0,0.0,1,1,1,1.0,0.0
G034089,35.23331918602093,128.5929323652355,0.0,0.0,1,1,1,1.0,0.0
G034090,35.23422073080467,128.59294445889398,0.0,0.0,1,1,1,1.0,0.0
G034091,35.23512227545026,128.59295655308952,0.0,0.0,1,1,1,1.0,0.0
G034092,35.23602381995767,128.59296864782212,0.0,0.0,1,1,1,1.0,0.0
G034093,35.23692536432692,128.5929807430918,0.0,0.0,1,1,1,1.0,0.0
G034097,35.24053154042212,128.59302912954186,0.0,0.0,1,1,1,1.0,0.0
G034098,35.24143308410048,128.5930412274973,0.0,0.0,1,0,1,0.5384822384689838,0.0
G034099,35.24233462764064,128.59305332599004,0.0,0.0,1,1,1,1.0,0.0
G034100,35.24323617104263,128.59306542502,0.0,0.0,1,1,1,1.0,0.0
G034101,35.24413771430642,128.5930775245872,0.0,0.0,1,1,1,1.0,0.0
G034102,35.24503925743204,128.59308962469171,20.14,0.2014,1,0,1,0.5384822384689838,0.10845032282765334
G034103,35.24594080041946,128.59310172533358,5.23,0.052300000000000006,0,0,1,0.18356598557436246,0.009600501045539158
G034104,35.24684234326868,128.59311382651276,0.0,0.0,1,1,1,1.0,0.0
G034105,35.24774388597971,128.5931259282293,0.0,0.0,1,0,1,0.5384822384689838,0.0
G034106,35.24864542855256,128.5931380304833,0.0,0.0,1,0,1,0.5384822384689838,0.0
G034107,35.24954697098721,128.59315013327466,0.0,0.0,0,1,0,0.4615177615310162,0.0
G034108,35.25044851328366,128.59316223660346,0.0,0.0,1,1,1,1.0,0.0
G034109,35.2513500554419,128.59317434046974,0.0,0.0,0,1,1,0.6450837471053786,0.0
G034110,35.25225159746194,128.59318644487354,0.0,0.0,0,1,1,0.6450837471053786,0.0
G034111,35.253153139343794,128.59319854981482,0.0,0.0,0,1,0,0.4615177615310162,0.0
G034112,35.25405468108743,128.59321065529363,0.0,0.0,1,1,1,1.0,0.0
G034113,35.25495622269286,128.59322276131002,0.0,0.0,1,1,1,1.0,0.0
G034114,35.25585776416008,128.593234867864,0.0,0.0,1,1,1,1.0,0.0
G034115,35.2567593054891,128.59324697495558,0.0,0.0,1,1,1,1.0,0.0
G034116,35.257660846679904,128.59325908258478,0.0,0.0,1,1,1,1.0,0.0
G034117,35.258562387732496,128.59327119075166,0.0,0.0,1,1,1,1.0,0.0
G034118,35.25946392864687,128.5932832994562,0.0,0.0,1,1,1,1.0,0.0
G034119,35.26036546942303,128.59329540869845,0.0,0.0,1,1,1,1.0,0.0
G034120,35.261267010060976,128.5933075184784,0.0,0.0,1,1,1,1.0,0.0
G034164,35.300934661269096,128.5938408815085,10.42,0.1042,1,0,0,0.35491625289462136,0.036982273551619545
G034165,35.301836195685496,128.59385301551083,0.0,0.0,1,0,1,0.5384822384689838,0.0
G034166,35.302737729963596,128.593865150052,0.0,0.0,1,0,1,0.5384822384689838,0.0
G034167,35.3036392641034,128.593877285132,0.0,0.0,1,1,1,1.0,0.0
G034168,35.30454079810491,128.59388942075088,0.0,0.0,1,1,1,1.0,0.0
G034169,35.305442331968116,128.59390155690866,0.0,0.0,1,1,1,1.0,0.0
G034172,35.30814693272793,128.59393796861556,0.0,0.0,1,1,1,1.0,0.0
G034173,35.30904846603793,128.59395010692916,0.0,0.0,1,1,1,1.0,0.0
G034174,35.309949999209614,128.59396224578177,0.0,0.0,1,1,1,1.0,0.0
G034175,35.31085153224299,128.5939743851734,0.0,0.0,1,1,1,1.0,0.0
G034176,35.311753065138056,128.5939865251041,0.0,0.0,1,1,1,1.0,0.0
G034177,35.31265459789479,128.59399866557388,0.0,0.0,1,1,1,1.0,0.0
G034178,35.31355613051324,128.5940108065828,0.0,0.0,1,1,1,1.0,0.0
G034405,35.22068762175572,128.59386173872406,0.0,0.0,1,0,1,0.5384822384689838,0.0
G034406,35.22158916814426,128.5938738370116,0.0,0.0,1,0,1,0.5384822384689838,0.0
G034407,35.222490714394645,128.59388593583645,0.0,0.0,0,0,1,0.18356598557436246,0.0
G034408,35.22339226050687,128.59389803519852,0.0,0.0,1,1,1,1.0,0.0
G034409,35.22429380648094,128.59391013509787,0.0,0.0,1,1,1,1.0,0.0
G034410,35.225195352316845,128.5939222355346,0.0,0.0,1,1,1,1.0,0.0
G034411,35.2260968980146,128.5939343365086,0.0,0.0,1,1,1,1.0,0.0
G034418,35.23240771403024,128.5940190583743,0.0,0.0,1,1,1,1.0,0.0
G034419,35.23330925862265,128.5940311636479,0.0,0.0,1,1,1,1.0,0.0
G034420,35.23421080307687,128.59404326945906,0.0,0.0,1,1,1,1.0,0.0
G034421,35.235112347392935,128.59405537580778,0.0,0.0,1,1,1,1.0,0.0
G034422,35.23601389157081,128.59406748269413,0.0,0.0,1,1,1,1.0,0.0
G034427,35.24052161038748,128.59412802519066,0.0,0.0,1,1,1,1.0,0.0
G034428,35.241423153736264,128.59414013530312,0.0,0.0,0,0,1,0.18356598557436246,0.0
G034429,35.242324696946845,128.5941522459533,0.0,0.0,1,1,1,1.0,0.0
G034430,35.24322624001924,128.59416435714132,0.0,0.0,1,1,1,1.0,0.0
G034431,35.244127782953434,128.59417646886712,0.0,0.0,1,1,1,1.0,0.0
G034432,35.245029325749435,128.5941885811308,0.0,0.0,1,1,1,1.0,0.0
G034433,35.24593086840724,128.59420069393232,0.0,0.0,1,0,1,0.5384822384689838,0.0
G034434,35.24683241092685,128.59421280727173,0.0,0.0,1,0,1,0.5384822384689838,0.0
G034435,35.247733953308256,128.59422492114905,0.0,0.0,1,0,1,0.5384822384689838,0.0
G034436,35.248635495551476,128.5942370355643,0.0,0.0,1,0,1,0.5384822384689838,0.0
G034437,35.24953703765647,128.5942491505175,0.0,0.0,0,1,1,0.6450837471053786,0.0
G034438,35.25043857962327,128.5942612660087,0.0,0.0,1,1,0,0.8164340144256376,0.0
G034439,35.25134012145187,128.5942733820379,0.0,0.0,1,1,1,1.0,0.0
G034440,35.25224166314224,128.5942854986051,0.0,0.0,0,1,1,0.6450837471053786,0.0
G034441,35.25314320469441,128.59429761571042,0.0,0.0,0,1,1,0.6450837471053786,0.0
G034442,35.25404474610838,128.59430973335375,0.0,0.0,1,1,1,1.0,0.0
G034443,35.25494628738412,128.59432185153523,0.0,0.0,0,1,1,0.6450837471053786,0.0
G034444,35.25584782852166,128.5943339702548,0.0,0.0,0,1,1,0.6450837471053786,0.0
G034445,35.25674936952097,128.59434608951253,0.0,0.0,0,1,1,0.6450837471053786,0.0
G034446,35.25765091038207,128.59435820930844,0.0,0.0,0,1,1,0.6450837471053786,0.0
G034447,35.25855245110494,128.59437032964252,0.0,0.0,1,1,1,1.0,0.0
G034448,35.2594539916896,128.59438245051484,0.0,0.0,1,1,1,1.0,0.0
G034449,35.26035553213603,128.59439457192542,0.0,0.0,1,1,1,1.0,0.0
G034450,35.26125707244423,128.59440669387425,0.0,0.0,1,1,1,1.0,0.0
G034493,35.300023174912255,128.59492844721285,0.0,0.0,1,0,1,0.5384822384689838,0.0
G034494,35.300924709136886,128.59494059286905,10.27,0.1027,0,1,1,0.6450837471053786,0.06625010082772238
G034495,35.301826243223225,128.59495273906455,29.17,0.2917,1,0,1,0.5384822384689838,0.1570752689614026
G034496,35.30272777717127,128.59496488579944,5.23,0.052300000000000006,1,0,1,0.5384822384689838,0.028162621071927855
G034497,35.303629310981,128.59497703307372,0.0,0.0,1,1,1,1.0,0.0
G034498,35.30453084465243,128.5949891808874,0.0,0.0,1,1,1,1.0,0.0
G034499,35.30543237818556,128.59500132924055,0.0,0.0,1,1,1,1.0,0.0
G034500,35.30633391158036,128.5950134781331,0.0,0.0,1,1,1,1.0,0.0
G034502,35.30813697795506,128.59503777753676,0.0,0.0,1,1,1,1.0,0.0
G034503,35.30903851093494,128.59504992804784,0.0,0.0,1,1,1,1.0,0.0
G034504,35.3099400437765,128.5950620790985,0.0,0.0,1,1,1,1.0,0.0
G034505,35.31084157647974,128.59507423068874,0.0,0.0,1,1,1,1.0,0.0
G034506,35.31174310904466,128.59508638281858,0.0,0.0,1,1,1,1.0,0.0
G034507,35.31264464147127,128.59509853548806,0.0,0.0,1,1,1,1.0,0.0
G034508,35.31354617375956,128.5951106886972,0.0,0.0,1,1,1,1.0,0.0
G034740,35.22067768900257,128.59496036651865,0.0,0.0,1,0,1,0.5384822384689838,0.0
G034741,35.22157923506135,128.5949724769513,0.0,0.0,0,0,1,0.18356598557436246,0.0
G034742,35.22248078098198,128.59498458792172,0.0,0.0,1,1,1,1.0,0.0
G034743,35.22338232676444,128.59499669942997,0.0,0.0,1,1,1,1.0,0.0
G034744,35.22428387240873,128.59500881147602,0.0,0.0,1,1,1,1.0,0.0
G034745,35.22518541791487,128.59502092405998,0.0,0.0,1,1,1,1.0,0.0
G034746,35.22608696328283,128.59503303718176,0.0,0.0,1,1,1,1.0,0.0
G034763,35.241413213397024,128.5952390425711,0.0,0.0,1,0,1,0.5384822384689838,0.0
G034764,35.24231475627769,128.5952511653788,0.0,0.0,1,1,1,1.0,0.0
G034765,35.24321629902016,128.59526328872485,0.0,0.0,1,1,1,1.0,0.0
G034766,35.24411784162443,128.59527541260925,0.0,0.0,1,1,1,1.0,0.0
G034767,35.245019384090504,128.59528753703202,0.0,0.0,1,1,1,1.0,0.0
G034768,35.24592092641836,128.59529966199318,0.0,0.0,1,1,1,1.0,0.0
G034769,35.246822468608016,128.59531178749276,0.0,0.0,0,0,1,0.18356598557436246,0.0
G034770,35.247724010659454,128.59532391353082,0.0,0.0,1,0,1,0.5384822384689838,0.0
G034771,35.248625552572705,128.59533604010736,0.0,0.0,1,0,1,0.5384822384689838,0.0
G034772,35.24952709434775,128.59534816722237,0.0,0.0,0,0,1,0.18356598557436246,0.0
G034773,35.250428635984555,128.59536029487592,0.0,0.0,0,1,1,0.6450837471053786,0.0
G034774,35.251330177483155,128.595372423068,0.0,0.0,1,1,1,1.0,0.0
G034775,35.25223171884355,128.59538455179867,0.0,0.0,1,1,1,1.0,0.0
G034776,35.25313326006572,128.5953966810679,0.0,0.0,0,1,1,0.6450837471053786,0.0
G034777,35.25403480114967,128.59540881087577,0.0,0.0,1,1,1,1.0,0.0
G034778,35.2549363420954,128.59542094122227,0.0,0.0,0,1,1,0.6450837471053786,0.0
G034779,35.25583788290291,128.59543307210745,0.0,0.0,1,1,0,0.8164340144256376,0.0
G034780,35.25673942357219,128.5954452035313,0.0,0.0,0,1,1,0.6450837471053786,0.0
G034781,35.25764096410325,128.59545733549388,0.0,0.0,0,1,1,0.6450837471053786,0.0
G034782,35.25854250449608,128.5954694679952,0.0,0.0,1,1,1,1.0,0.0
G034783,35.25944404475068,128.5954816010353,0.0,0.0,0,1,1,0.6450837471053786,0.0
G034784,35.26034558486706,128.5954937346141,0.0,0.0,0,1,1,0.6450837471053786,0.0
G034785,35.26124712484519,128.59550586873178,0.0,0.0,1,1,1,1.0,0.0
G034786,35.2621486646851,128.59551800338826,0.0,0.0,1,1,1,1.0,0.0
G034787,35.263050204386765,128.5955301385836,0.0,0.0,1,1,1,1.0,0.0
G034827,35.29911167908099,128.59601598853249,0.0,0.0,1,0,1,0.5384822384689838,0.0
G034828,35.30001321311356,128.59602814584142,0.0,0.0,1,0,1,0.5384822384689838,0.0
G034829,35.30091474700781,128.59604030369024,11.04,0.1104,1,0,1,0.5384822384689838,0.05944843912697581
G034830,35.30181628076376,128.5960524620789,42.36,0.4236,1,0,1,0.5384822384689838,0.22810107621546152
G034831,35.3027178143814,128.59606462100749,8.33,0.0833,1,0,1,0.5384822384689838,0.04485557046446635
G034832,35.30361934786073,128.596076780476,0.0,0.0,1,0,1,0.5384822384689838,0.0
G034833,35.304520881201746,128.5960889404845,0.0,0.0,1,0,1,0.5384822384689838,0.0
G034834,35.305422414404454,128.59610110103293,0.0,0.0,0,0,1,0.18356598557436246,0.0
G034835,35.30632394746884,128.59611326212138,0.0,0.0,1,0,1,0.5384822384689838,0.0
G034837,35.308127013182656,128.59613758591837,0.0,0.0,1,1,1,1.0,0.0
G034838,35.3090285458321,128.59614974862697,0.0,0.0,1,1,1,1.0,0.0
G034839,35.30993007834319,128.59616191187567,0.0,0.0,1,1,1,1.0,0.0
G034840,35.31083161071598,128.5961740756645,0.0,0.0,1,1,1,1.0,0.0
G034841,35.31173314295043,128.59618623999344,0.0,0.0,1,1,1,1.0,0.0
G034842,35.31263467504656,128.59619840486258,0.0,0.0,1,1,1,1.0,0.0
G034843,35.31353620700436,128.5962105702719,0.0,0.0,1,1,1,1.0,0.0
G035076,35.222470837601264,128.5960832394692,0.0,0.0,0,1,1,0.6450837471053786,0.0
G035077,35.22337238305362,128.5960953631236,0.0,0.0,1,1,1,1.0,0.0
G035078,35.22427392836783,128.59610748731635,0.0,0.0,1,1,1,1.0,0.0
G035099,35.24320634804542,128.59636221977001,0.0,0.0,1,1,1,1.0,0.0
G035103,35.24681251631219,128.59641076717537,0.0,0.0,1,1,1,1.0,0.0
G035104,35.24771405803335,128.59642290537414,0.0,0.0,1,0,1,0.5384822384689838,0.0
G035105,35.24861559961629,128.59643504411193,0.0,0.0,1,0,1,0.5384822384689838,0.0
G035106,35.24951714106103,128.5964471833887,0.0,0.0,1,0,1,0.5384822384689838,0.0
G035107,35.25041868236753,128.59645932320458,0.0,0.0,0,0,1,0.18356598557436246,0.0
G035108,35.251320223535814,128.59647146355954,0.0,0.0,1,1,1,1.0,0.0
G035109,35.252221764565874,128.5964836044536,0.0,0.0,1,1,1,1.0,0.0
G035110,35.25312330545771,128.59649574588678,0.0,0.0,1,1,1,1.0,0.0
G035111,35.25402484621133,128.59650788785913,0.0,0.0,1,1,1,1.0,0.0
G035112,35.25492638682671,128.59652003037067,0.0,0.0,0,1,1,0.6450837471053786,0.0
G035113,35.25582792730386,128.59653217342142,0.0,0.0,1,1,1,1.0,0.0
G035114,35.256729467642785,128.5965443170114,0.0,0.0,1,1,1,1.0,0.0
G035115,35.25763100784347,128.5965564611406,0.0,0.0,0,1,1,0.6450837471053786,0.0
G035116,35.25853254790593,128.59656860580913,0.0,0.0,0,1,1,0.6450837471053786,0.0
G035117,35.25943408783016,128.5965807510169,0.0,0.0,1,1,1,1.0,0.0
G035118,35.26033562761613,128.596592896764,3.29,0.0329,0,1,1,0.6450837471053786,0.021223255279766956
G035119,35.26123716726388,128.5966050430505,2.08,0.0208,1,1,1,1.0,0.0208
G035120,35.262138706773364,128.59661718987633,0.0,0.0,1,1,1,1.0,0.0
G035121,35.26304024614463,128.59662933724155,0.0,0.0,1,1,1,1.0,0.0
G035161,35.299101707616465,128.59711567442912,0.0,0.0,1,1,1,1.0,0.0
G035162,35.30000324131833,128.59712784393014,0.0,0.0,1,1,1,1.0,0.0
G035163,35.30090477488187,128.5971400139715,0.0,0.0,1,1,1,1.0,0.0
G035164,35.30180630830709,128.59715218455335,0.0,0.0,1,0,1,0.5384822384689838,0.0
G035165,35.302707841594014,128.59716435567563,0.0,0.0,1,0,1,0.5384822384689838,0.0
G035166,35.30360937474261,128.59717652733835,0.0,0.0,1,1,1,1.0,0.0
G035167,35.30451090775288,128.5971886995416,0.0,0.0,1,1,1,1.0,0.0
G035168,35.305412440624835,128.59720087228536,0.0,0.0,1,0,1,0.5384822384689838,0.0
G035169,35.30631397335845,128.59721304556962,0.0,0.0,1,0,1,0.5384822384689838,0.0
G035171,35.30811703841074,128.59723739375994,0.0,0.0,1,1,1,1.0,0.0
G035172,35.30901857072939,128.597249568666,0.0,0.0,1,1,1,1.0,0.0
G035173,35.309920102909715,128.59726174411273,0.0,0.0,1,1,1,1.0,0.0
G035174,35.3108216349517,128.5972739201001,0.0,0.0,1,1,1,1.0,0.0
G035175,35.31172316685536,128.59728609662812,0.0,0.0,1,1,1,1.0,0.0
G035176,35.31262469862068,128.5972982736969,0.0,0.0,1,1,1,1.0,0.0
G035177,35.31352623024766,128.5973104513064,0.0,0.0,1,1,1,1.0,0.0
G035436,35.24680255403939,128.597509746319,0.0,0.0,1,1,1,1.0,0.0
G035437,35.24770409542993,128.59752189667842,0.0,0.0,1,1,1,1.0,0.0
G035438,35.24860563668225,128.59753404757743,0.0,0.0,0,0,1,0.18356598557436246,0.0
G035439,35.24950717779634,128.597546199016,0.0,0.0,0,0,1,0.18356598557436246,0.0
G035440,35.250408718772206,128.59755835099415,0.0,0.0,1,0,1,0.5384822384689838,0.0
G035441,35.251310259609845,128.59757050351195,0.0,0.0,1,1,1,1.0,0.0
G035442,35.25221180030925,128.59758265656941,0.0,0.0,1,1,1,1.0,0.0
G035443,35.253113340870414,128.59759481016653,0.0,0.0,1,1,1,1.0,0.0
G035444,35.254014881293365,128.59760696430334,0.0,0.0,1,1,1,1.0,0.0
G035445,35.254916421578066,128.59761911897988,0.0,0.0,1,1,1,1.0,0.0
G035446,35.25581796172454,128.59763127419617,0.0,0.0,1,1,1,1.0,0.0
G035447,35.25671950173276,128.5976434299522,0.0,0.0,1,1,1,1.0,0.0
G035448,35.257621041602754,128.59765558624804,14.02,0.1402,1,0,1,0.5384822384689838,0.07549520983335152
G035449,35.258522581334496,128.59766774308372,2.78,0.0278,0,1,1,0.6450837471053786,0.017933328169529524
G035450,35.25942412092801,128.5976799004592,0.0,0.0,0,1,1,0.6450837471053786,0.0
G035451,35.260325660383266,128.59769205837458,27.56,0.2756,1,1,1,1.0,0.2756
G035452,35.261227199700265,128.5977042168298,6.94,0.0694,1,1,1,1.0,0.0694
G035453,35.26212873887904,128.59771637582497,0.0,0.0,1,1,1,1.0,0.0
G035454,35.263030277919555,128.59772853536006,0.0,0.0,1,1,1,1.0,0.0
G035494,35.299091726155766,128.5982153597854,0.0,0.0,1,1,1,1.0,0.0
G035495,35.29999325952659,128.59822754147845,0.0,0.0,1,1,1,1.0,0.0
G035496,35.30089479275908,128.59823972371242,0.0,0.0,1,1,1,1.0,0.0
G035497,35.30179632585326,128.59825190648735,0.0,0.0,1,0,1,0.5384822384689838,0.0
G035498,35.30269785880912,128.59826408980325,0.0,0.0,1,0,1,0.5384822384689838,0.0
G035499,35.30359939162663,128.59827627366022,0.0,0.0,1,1,1,1.0,0.0
G035500,35.30450092430583,128.5982884580582,0.0,0.0,1,1,1,1.0,0.0
G035501,35.3054024568467,128.5983006429972,0.0,0.0,1,0,1,0.5384822384689838,0.0
G035502,35.30630398924923,128.59831282847733,0.0,0.0,1,0,1,0.5384822384689838,0.0
G035504,35.308107053639326,128.5983372010609,0.0,0.0,1,1,1,1.0,0.0
G035505,35.30900858562687,128.59834938816442,0.0,0.0,1,1,1,1.0,0.0
G035506,35.30991011747608,128.5983615758091,0.0,0.0,1,1,1,1.0,0.0
G035507,35.310811649186924,128.598373763995,0.0,0.0,0,1,1,0.6450837471053786,0.0
G035508,35.311713180759455,128.5983859527221,0.0,0.0,1,1,1,1.0,0.0
G035509,35.31261471219363,128.5983981419905,0.0,0.0,1,0,1,0.5384822384689838,0.0
G035766,35.245891040591815,128.59859656294304,0.0,0.0,1,1,1,1.0,0.0
G035767,35.246792581789634,128.59860872492308,0.0,0.0,1,1,1,1.0,0.0
G035768,35.247694122849225,128.5986208874432,0.0,0.0,1,1,1,1.0,0.0
G035769,35.24859566377058,128.59863305050337,0.0,0.0,1,0,0,0.35491625289462136,0.0
G035770,35.249497204553705,128.59864521410367,0.0,0.0,0,1,1,0.6450837471053786,0.0
G035771,35.2503987451986,128.59865737824413,0.0,0.0,1,0,1,0.5384822384689838,0.0
G035772,35.25130028570526,128.59866954292474,0.0,0.0,0,0,1,0.18356598557436246,0.0
G035773,35.25220182607368,128.59868170814556,0.0,0.0,1,1,1,1.0,0.0
G035774,35.25310336630384,128.59869387390657,0.0,0.0,0,1,1,0.6450837471053786,0.0
G035775,35.25400490639579,128.59870604020782,0.0,0.0,1,1,1,1.0,0.0
G035776,35.25490644634949,128.59871820704933,0.0,0.0,0,1,1,0.6450837471053786,0.0
G035777,35.25580798616493,128.59873037443114,0.0,0.0,0,1,1,0.6450837471053786,0.0
G035778,35.25670952584214,128.59874254235322,0.0,0.0,1,0,1,0.5384822384689838,0.0
G035779,35.2576110653811,128.59875471081568,26.92,0.2692,0,1,1,0.6450837471053786,0.1736565447207679
G035780,35.258512604781814,128.59876687981847,2.78,0.0278,0,1,1,0.6450837471053786,0.017933328169529524
G035781,35.25941414404428,128.59877904936164,0.0,0.0,0,1,1,0.6450837471053786,0.0
G035782,35.260315683168486,128.59879121944525,0.67,0.0067,1,1,1,1.0,0.0067
G035783,35.261217222154436,128.59880339006924,0.0,0.0,0,1,1,0.6450837471053786,0.0
G035784,35.26211876100213,128.5988155612337,0.0,0.0,1,1,1,1.0,0.0
G035785,35.26302029971156,128.59882773293864,0.0,0.0,1,1,1,1.0,0.0
G035825,35.299081734698895,128.59931504460076,0.0,0.0,1,1,1,1.0,0.0
G035826,35.29998326773834,128.5993272384858,0.0,0.0,1,1,1,1.0,0.0
G035827,35.30088480063945,128.59933943291233,0.0,0.0,1,1,1,1.0,0.0
G035828,35.30178633340225,128.59935162788034,0.0,0.0,1,0,1,0.5384822384689838,0.0
G035829,35.302687866026716,128.5993638233899,0.0,0.0,1,0,1,0.5384822384689838,0.0
G035830,35.303589398512834,128.59937601944102,0.0,0.0,1,1,1,1.0,0.0
G035831,35.30449093086063,128.5993882160337,0.0,0.0,0,1,1,0.6450837471053786,0.0
G035832,35.305392463070085,128.59940041316798,0.0,0.0,1,0,1,0.5384822384689838,0.0
G035833,35.30629399514121,128.5994126108439,0.0,0.0,1,0,1,0.5384822384689838,0.0
G035837,35.30990012204228,128.59946140696428,0.0,0.0,1,1,1,1.0,0.0
G035838,35.310801653421684,128.59947360734867,0.0,0.0,1,1,1,1.0,0.0
G035839,35.31170318466274,128.59948580827484,0.0,0.0,1,1,1,1.0,0.0
G035858,35.32883225195462,128.59971772883998,0.0,0.0,1,1,1,1.0,0.0
G035859,35.32973378042838,128.59972994060658,0.0,0.0,1,1,1,1.0,0.0
G036095,35.245881058696405,128.59969552884695,0.0,0.0,1,0,1,0.5384822384689838,0.0
G036096,35.24678259956294,128.59970770298708,0.0,0.0,1,0,1,0.5384822384689838,0.0
G036097,35.24768414029125,128.59971987766784,0.0,0.0,1,0,1,0.5384822384689838,0.0
G036098,35.24858568088131,128.59973205288918,0.0,0.0,1,0,1,0.5384822384689838,0.0
G036099,35.24948722133315,128.59974422865122,0.0,0.0,1,1,1,1.0,0.0
G036100,35.25038876164673,128.59975640495392,0.0,0.0,1,1,0,0.8164340144256376,0.0
G036101,35.251290301822074,128.59976858179732,0.0,0.0,1,0,1,0.5384822384689838,0.0
G036102,35.25219184185917,128.59978075918147,0.0,0.0,0,0,0,0.0,0.0
G036103,35.25309338175803,128.59979293710634,17.69,0.1769,0,1,1,0.6450837471053786,0.11411531486294148
G036104,35.25399492151863,128.59980511557202,7.05,0.0705,1,1,1,1.0,0.0705
G036105,35.25489646114099,128.59981729457851,0.0,0.0,0,1,1,0.6450837471053786,0.0
G036109,35.25850261824788,128.59986601601287,0.0,0.0,0,1,1,0.6450837471053786,0.0
G036110,35.25940415717897,128.59987819772368,0.0,0.0,0,1,1,0.6450837471053786,0.0
G036111,35.26030569597179,128.59989037997545,0.0,0.0,1,1,1,1.0,0.0
G036112,35.26120723462634,128.5999025627682,0.0,0.0,1,1,1,1.0,0.0
G036113,35.26210877314264,128.59991474610192,0.0,0.0,1,1,1,1.0,0.0
G036114,35.263010311520674,128.59992692997668,0.0,0.0,1,1,1,1.0,0.0
G036155,35.29997326595361,128.6004269349517,0.0,0.0,1,1,1,1.0,0.0
G036156,35.300874798523026,128.60043914157075,0.0,0.0,1,1,1,1.0,0.0
G036157,35.3017763309541,128.60045134873184,0.0,0.0,1,0,1,0.5384822384689838,0.0
G036158,35.302677863246835,128.60046355643502,0.0,0.0,1,0,1,0.5384822384689838,0.0
G036159,35.30357939540123,128.60047576468025,0.0,0.0,1,0,1,0.5384822384689838,0.0
G036160,35.304480927417295,128.6004879734676,0.0,0.0,1,0,1,0.5384822384689838,0.0
G036161,35.305382459295,128.60050018279713,0.0,0.0,1,0,1,0.5384822384689838,0.0
G036162,35.30628399103437,128.60051239266883,0.0,0.0,0,0,1,0.18356598557436246,0.0
G036185,35.32701918285283,128.60079336941072,0.0,0.0,1,1,1,1.0,0.0
G036186,35.32792071127142,128.60080559230158,0.0,0.0,1,1,1,1.0,0.0
G036187,35.32882223955162,128.60081781573524,0.0,0.0,1,1,1,1.0,0.0
G036188,35.32972376769344,128.6008300397117,0.0,0.0,1,1,1,1.0,0.0
G036189,35.33062529569687,128.60084226423092,0.0,0.0,0,1,1,0.6450837471053786,0.0
G036190,35.3315268235619,128.60085448929303,0.0,0.0,1,1,1,1.0,0.0
G036426,35.24587106682439,128.6007944942103,0.0,0.0,1,1,1,1.0,0.0
G036427,35.246772607359325,128.6008066805105,0.0,0.0,1,1,1,1.0,0.0
G036428,35.247674147756015,128.60081886735185,0.0,0.0,1,1,1,1.0,0.0
G036429,35.24857568801446,128.60083105473436,0.0,0.0,0,0,1,0.18356598557436246,0.0
G036430,35.249477228134666,128.60084324265807,0.0,0.0,0,1,1,0.6450837471053786,0.0
G036431,35.25037876811661,128.600855431123,0.0,0.0,1,1,0,0.8164340144256376,0.0
G036432,35.25128030796031,128.60086762012918,0.0,0.0,1,0,1,0.5384822384689838,0.0
G036433,35.25218184766576,128.60087980967663,0.0,0.0,1,0,1,0.5384822384689838,0.0
G036434,35.253083387232955,128.6008919997654,4.58,0.0458,0,1,1,0.6450837471053786,0.02954483561742634
G036435,35.25398492666191,128.60090419039543,3.47,0.0347,1,1,1,1.0,0.0347
G036436,35.25488646595257,128.60091638156683,0.0,0.0,1,1,1,1.0,0.0
G036440,35.258492621732714,128.60096515166632,0.0,0.0,0,1,1,0.6450837471053786,0.0
G036441,35.259394160332086,128.60097734554478,0.0,0.0,1,1,1,1.0,0.0
G036442,35.2602956987932,128.60098953996473,0.0,0.0,1,1,1,1.0,0.0
G036443,35.26119723711604,128.60100173492617,0.0,0.0,1,1,1,1.0,0.0
G036444,35.26209877530061,128.60101393042916,0.0,0.0,1,1,1,1.0,0.0
G036445,35.26300031334691,128.60102612647373,0.0,0.0,1,1,1,1.0,0.0
G036487,35.30086478640979,128.6015388496871,0.0,0.0,1,1,1,1.0,0.0
G036488,35.30176631850882,128.60155106904122,0.0,0.0,1,0,1,0.5384822384689838,0.0
G036489,35.3026678504695,128.601563288938,0.0,0.0,1,0,1,0.5384822384689838,0.0
G036490,35.30356938229184,128.60157550937737,0.0,0.0,1,1,1,1.0,0.0
G036491,35.30447091397582,128.6015877303594,0.0,0.0,1,0,1,0.5384822384689838,0.0
G036492,35.305372445521456,128.60159995188414,0.0,0.0,1,1,1,1.0,0.0
G036516,35.32700916110728,128.60189343134513,0.0,0.0,1,1,1,1.0,0.0
G036517,35.32791068919361,128.60190566644476,0.0,0.0,1,1,1,1.0,0.0
G036518,35.328812217141554,128.60191790208768,0.0,0.0,1,1,1,1.0,0.0
G036519,35.32971374495109,128.60193013827396,0.0,0.0,1,1,1,1.0,0.0
G036520,35.330615272622246,128.6019423750036,0.0,0.0,1,1,1,1.0,0.0
G036521,35.33151680015499,128.60195461227661,0.0,0.0,1,1,1,1.0,0.0
G036760,35.2458610649758,128.6018934590325,0.0,0.0,1,1,1,1.0,0.0
G036761,35.2467626051788,128.60190565749275,0.0,0.0,1,1,1,1.0,0.0
G036762,35.24766414524353,128.60191785649468,0.0,0.0,1,1,1,1.0,0.0
G036763,35.24856568517004,128.60193005603833,0.0,0.0,1,0,1,0.5384822384689838,0.0
G036764,35.24946722495829,128.60194225612372,0.0,0.0,0,0,1,0.18356598557436246,0.0
G036765,35.25036876460826,128.60195445675083,0.0,0.0,0,1,1,0.6450837471053786,0.0
G036766,35.251270304119984,128.60196665791977,0.0,0.0,0,1,1,0.6450837471053786,0.0
G036767,35.25217184349346,128.60197885963052,0.0,0.0,0,1,1,0.6450837471053786,0.0
G036768,35.25307338272866,128.6019910618831,0.0,0.0,1,0,1,0.5384822384689838,0.0
G036769,35.25397492182561,128.6020032646775,0.0,0.0,1,1,1,1.0,0.0
G036770,35.25487646078429,128.6020154680138,0.0,0.0,1,1,1,1.0,0.0
G036776,35.260285691632745,128.60208869941246,0.0,0.0,0,0,1,0.18356598557436246,0.0
G036777,35.26118722962352,128.60210090654263,0.0,0.0,1,1,1,1.0,0.0
G036824,35.30355935918466,128.60267525353183,0.0,0.0,1,1,1,1.0,0.0
G036849,35.32609760146318,128.60298124597173,0.0,0.0,1,1,1,1.0,0.0
G036850,35.32699912935533,128.60299349273626,0.0,0.0,1,1,1,1.0,0.0
G036851,35.327900657109076,128.6030057400446,0.0,0.0,1,1,1,1.0,0.0
G036852,35.32880218472442,128.60301798789683,0.0,0.0,1,1,1,1.0,0.0
G036853,35.32970371220136,128.6030302362929,0.0,0.0,0,1,1,0.6450837471053786,0.0
G036854,35.3306052395399,128.6030424852329,0.0,0.0,1,1,1,1.0,0.0
G036855,35.331506766740034,128.60305473471678,0.0,0.0,1,1,1,1.0,0.0
G037082,35.24585105315065,128.60299242331303,0.0,0.0,1,1,1,1.0,0.0
G037083,35.246752593021384,128.60300463393332,0.0,0.0,1,1,1,1.0,0.0
G037084,35.247654132753844,128.6030168450958,0.0,0.0,1,1,1,1.0,0.0
G037085,35.24855567234806,128.60302905680058,0.0,0.0,1,0,1,0.5384822384689838,0.0
G037086,35.249457211804014,128.60304126904757,0.0,0.0,0,0,1,0.18356598557436246,0.0
G037087,35.250358751121695,128.60305348183692,0.0,0.0,0,0,1,0.18356598557436246,0.0
G037088,35.25126029030112,128.60306569516857,0.0,0.0,1,0,1,0.5384822384689838,0.0
G037089,35.25216182934228,128.60307790904255,0.0,0.0,0,0,1,0.18356598557436246,0.0
G037090,35.25306336824516,128.6030901234589,0.0,0.0,1,0,1,0.5384822384689838,0.0
G037091,35.25396490700978,128.6031023384177,0.0,0.0,1,0,1,0.5384822384689838,0.0
G037092,35.25486644563613,128.60311455391889,0.0,0.0,1,1,1,1.0,0.0
G037171,35.32608756003777,128.60408129461092,0.0,0.0,1,1,1,1.0,0.0
G037172,35.326989087597,128.60409355358357,0.0,0.0,1,1,1,1.0,0.0
G037173,35.32789061501782,128.60410581310063,0.0,0.0,1,1,1,1.0,0.0
G037174,35.32879214230024,128.60411807316208,0.0,0.0,1,1,1,1.0,0.0
G037175,35.32969366944425,128.60413033376796,0.0,0.0,1,1,1,1.0,0.0
G037176,35.330595196449835,128.60414259491824,0.0,0.0,1,1,1,1.0,0.0
G037177,35.331496723317024,128.604154856613,0.0,0.0,1,1,1,1.0,0.0
G037394,35.24674257088707,128.60410360983164,0.0,0.0,1,1,1,1.0,0.0
G037395,35.247644110286934,128.6041158331547,0.0,0.0,1,0,1,0.5384822384689838,0.0
G037396,35.24854564954854,128.60412805702052,0.0,0.0,1,0,1,0.5384822384689838,0.0
G037397,35.24944718867187,128.60414028142915,0.0,0.0,1,1,1,1.0,0.0
G037483,35.3269790358323,128.60519361388654,0.0,0.0,1,1,1,1.0,0.0
G037484,35.32788056291988,128.60520588561226,0.0,0.0,1,1,1,1.0,0.0
G037485,35.32878208986902,128.60521815788292,0.0,0.0,1,1,1,1.0,0.0
G037486,35.32968361667977,128.60523043069853,0.0,0.0,1,1,1,1.0,0.0
G037487,35.33058514335209,128.60524270405915,0.0,0.0,1,1,1,1.0,0.0
G037488,35.33148666988599,128.60525497796476,0.0,0.0,1,1,1,1.0,0.0
G037508,35.34951717149313,128.60550057056568,0.0,0.0,1,1,1,1.0,0.0
G037509,35.35041869511982,128.60551285592206,0.0,0.0,1,1,1,1.0,0.0
G037510,35.35132021860806,128.6055251418239,0.0,0.0,1,1,1,1.0,0.0
G037511,35.35222174195783,128.60553742827136,0.0,0.0,1,1,1,1.0,0.0
G037789,35.32696897406125,128.60629367364456,0.0,0.0,1,1,1,1.0,0.0
G037790,35.32787050081524,128.60630595757894,0.0,0.0,1,1,1,1.0,0.0
G037791,35.3287720274308,128.6063182420588,0.0,0.0,1,1,1,1.0,0.0
G037792,35.32967355390795,128.60633052708414,0.0,0.0,1,1,1,1.0,0.0
G037793,35.33057508024666,128.60634281265504,0.0,0.0,1,1,1,1.0,0.0
G037794,35.33147660644695,128.60635509877147,0.0,0.0,1,1,1,1.0,0.0
G037813,35.34860557794893,128.60658863867016,0.0,0.0,1,1,1,1.0,0.0
G037814,35.349507101380304,128.60660093570266,0.0,0.0,0,0,1,0.18356598557436246,0.0
G037815,35.35040862467322,128.6066132332812,0.0,0.0,1,1,1,1.0,0.0
G037816,35.35131014782768,128.60662553140583,0.0,0.0,1,1,1,1.0,0.0
G037817,35.352211670843666,128.60663783007658,0.0,0.0,1,1,1,1.0,0.0
G037818,35.353113193721185,128.60665012929343,0.0,0.0,1,1,1,1.0,0.0
G038116,35.34769397491979,128.60767668233186,0.0,0.0,0,0,0,0.0,0.0
G038117,35.34859549815555,128.60768899103942,0.0,0.0,1,0,0,0.35491625289462136,0.0
G038118,35.34949702125284,128.60770130029354,0.0,0.0,1,0,1,0.5384822384689838,0.0
G038119,35.35039854421166,128.6077136100943,0.0,0.0,1,0,1,0.5384822384689838,0.0
G038120,35.351300067032014,128.60772592044162,0.0,0.0,1,1,1,1.0,0.0
G038121,35.35220158971389,128.60773823133567,0.0,0.0,1,1,1,1.0,0.0
G038122,35.35310311225729,128.60775054277633,0.0,0.0,1,1,1,1.0,0.0
G038420,35.34768388544656,128.60877702193346,0.0,0.0,1,0,1,0.5384822384689838,0.0
G038421,35.348585408347894,128.6087893428621,0.0,0.0,1,1,1,1.0,0.0
G038422,35.34948693111076,128.60880166433785,0.0,0.0,1,1,1,1.0,0.0
G038423,35.35038845373516,128.60881398636076,0.0,0.0,1,0,1,0.5384822384689838,0.0
G038424,35.351289976221075,128.60882630893082,0.0,0.0,1,0,1,0.5384822384689838,0.0
G038425,35.35219149856851,128.60883863204805,0.0,0.0,1,0,1,0.5384822384689838,0.0
G038426,35.35309302077745,128.6088509557125,0.0,0.0,1,0,1,0.5384822384689838,0.0
G038724,35.34767378595938,128.60987736098798,0.0,0.0,1,0,1,0.5384822384689838,0.0
G038725,35.34857530852597,128.60988969413768,0.0,0.0,1,1,1,1.0,0.0
G038726,35.34947683095409,128.609902027835,0.0,0.0,1,1,1,1.0,0.0
G038727,35.35037835324372,128.60991436208005,0.0,0.0,1,0,1,0.5384822384689838,0.0
G038728,35.351279875394866,128.60992669687278,0.0,0.0,1,0,1,0.5384822384689838,0.0
G038729,35.35218139740753,128.60993903221325,0.0,0.0,1,0,1,0.5384822384689838,0.0
G038730,35.3530829192817,128.60995136810146,0.0,0.0,1,1,1,1.0,0.0
G038920,35.256609218006545,128.60973363655611,0.0,0.0,1,0,1,0.5384822384689838,0.0
G038921,35.25751075421697,128.60974592668322,0.0,0.0,1,0,1,0.5384822384689838,0.0
G038922,35.2584122902891,128.60975821735607,11.61,0.1161,0,1,1,0.6450837471053786,0.07489422303893446
G038923,35.25931382622289,128.60977050857474,14.94,0.1494,1,0,1,0.5384822384689838,0.08044924642726618
G038924,35.26021536201836,128.6097828003392,0.0,0.0,0,0,1,0.18356598557436246,0.0
G038925,35.2611168976755,128.60979509264945,0.0,0.0,1,1,1,1.0,0.0
G039022,35.34856519868981,128.6109900448656,0.0,0.0,1,1,1,1.0,0.0
G039023,35.349466720782836,128.61100239078448,0.0,0.0,1,1,1,1.0,0.0
G039024,35.350368242737375,128.61101473725162,0.0,0.0,1,0,1,0.5384822384689838,0.0
G039025,35.351269764553436,128.61102708426702,0.0,0.0,1,0,1,0.5384822384689838,0.0
G039026,35.35217128623098,128.61103943183068,0.0,0.0,1,0,1,0.5384822384689838,0.0
G039027,35.35307280777002,128.61105177994264,0.0,0.0,1,0,0,0.35491625289462136,0.0
G039220,35.25299298744408,128.61078353927252,0.0,0.0,1,0,1,0.5384822384689838,0.0
G039221,35.25389452387314,128.610795839381,0.0,0.0,0,1,1,0.6450837471053786,0.0
G039222,35.254796060163876,128.61080814003572,0.0,0.0,1,1,1,1.0,0.0
G039223,35.255697596316296,128.61082044123663,0.0,0.0,1,0,1,0.5384822384689838,0.0
G039224,35.256599132330386,128.61083274298377,0.0,0.0,1,0,1,0.5384822384689838,0.0
G039225,35.257500668206156,128.61084504527722,0.0,0.0,0,0,1,0.18356598557436246,0.0
G039226,35.25840220394359,128.61085734811698,5.77,0.057699999999999994,1,0,1,0.5384822384689838,0.031070425159660364
G039227,35.2593037395427,128.61086965150304,7.5,0.075,0,0,1,0.18356598557436246,0.013767448918077184
G039228,35.26020527500348,128.61088195543545,0.0,0.0,1,0,1,0.5384822384689838,0.0
G039229,35.261106810325906,128.6108942599142,0.0,0.0,1,0,1,0.5384822384689838,0.0
G039230,35.262008345510004,128.61090656493937,0.0,0.0,1,1,1,1.0,0.0
G039327,35.34945660059702,128.61210275318572,0.0,0.0,1,1,1,1.0,0.0
G039328,35.35035812221613,128.61211511187494,0.0,0.0,1,1,1,1.0,0.0
G039329,35.35125964369675,128.61212747111298,0.0,0.0,1,1,1,1.0,0.0
G039330,35.352161165038865,128.61213983089982,0.0,0.0,1,0,1,0.5384822384689838,0.0
G039529,35.25298289312747,128.61188259649407,0.0,0.0,0,0,1,0.18356598557436246,0.0
G039530,35.25388442922156,128.61189490876671,2.04,0.0204,1,0,1,0.5384822384689838,0.01098503766476727
G039531,35.25478596517731,128.61190722158608,10.42,0.1042,1,0,1,0.5384822384689838,0.05610984924846811
G039532,35.25568750099473,128.61191953495225,0.0,0.0,1,0,1,0.5384822384689838,0.0
G039533,35.25658903667383,128.61193184886517,0.0,0.0,0,1,1,0.6450837471053786,0.0
G039534,35.2574905722146,128.61194416332495,0.0,0.0,0,1,1,0.6450837471053786,0.0
G039535,35.25839210761702,128.6119564783315,0.0,0.0,0,1,1,0.6450837471053786,0.0
G039536,35.25929364288111,128.61196879388498,0.0,0.0,1,0,1,0.5384822384689838,0.0
G039537,35.26019517800686,128.6119811099853,0.0,0.0,0,1,1,0.6450837471053786,0.0
G039538,35.26109671299426,128.61199342663255,0.0,0.0,1,0,1,0.5384822384689838,0.0
G039539,35.261998247843316,128.61200574382673,0.0,0.0,1,0,1,0.5384822384689838,0.0
G039540,35.26289978255403,128.61201806156785,0.0,0.0,1,1,1,1.0,0.0
G039645,35.3575601569604,128.6133144730179,0.0,0.0,1,1,1,1.0,0.0
G039646,35.35846167699714,128.6133268488741,0.0,0.0,1,1,1,1.0,0.0
G039647,35.35936319689533,128.61333922527984,0.0,0.0,1,1,1,1.0,0.0
G039648,35.360264716655,128.61335160223518,0.0,0.0,1,1,1,1.0,0.0
G039834,35.25207125293467,128.6129693292794,0.0,0.0,0,1,1,0.6450837471053786,0.0
G039835,35.25297278883179,128.6129816531689,0.0,0.0,0,1,1,0.6450837471053786,0.0
G039836,35.253874324590576,128.6129939776057,9.62,0.0962,1,1,1,1.0,0.0962
G039837,35.25477586021101,128.61300630258972,47.74,0.47740000000000005,1,0,1,0.5384822384689838,0.25707142064509286
G039838,35.25567739569313,128.6130186281211,0.0,0.0,1,0,0,0.35491625289462136,0.0
G039839,35.25657893103689,128.6130309541998,0.0,0.0,0,1,1,0.6450837471053786,0.0
G039840,35.25748046624232,128.61304328082582,0.0,0.0,0,1,0,0.4615177615310162,0.0
G039841,35.2583820013094,128.61305560799923,0.0,0.0,1,0,1,0.5384822384689838,0.0
G039842,35.25928353623814,128.61306793572004,0.0,0.0,0,0,1,0.18356598557436246,0.0
G039843,35.26018507102852,128.61308026398828,0.0,0.0,0,1,1,0.6450837471053786,0.0
G039844,35.26108660568056,128.61309259280398,0.0,0.0,1,0,1,0.5384822384689838,0.0
G039845,35.26198814019425,128.6131049221671,0.0,0.0,1,0,1,0.5384822384689838,0.0
G039846,35.26288967456959,128.61311725207779,0.0,0.0,1,1,1,1.0,0.0
G039847,35.263791208806566,128.61312958253598,0.0,0.0,0,1,1,0.6450837471053786,0.0
G039950,35.356648493881366,128.6144025568059,0.0,0.0,1,1,1,1.0,0.0
G039951,35.35755001372045,128.61441494433896,0.0,0.0,1,1,1,1.0,0.0
G039952,35.35845153342101,128.61442733242208,0.0,0.0,1,1,1,1.0,0.0
G039953,35.35935305298304,128.61443972105528,0.0,0.0,1,1,1,1.0,0.0
G039954,35.360254572406554,128.6144521102386,0.0,0.0,1,1,1,1.0,0.0
G039955,35.36115609169152,128.6144644999721,0.0,0.0,1,1,1,1.0,0.0
G040138,35.251159603295754,128.61405603773812,0.0,0.0,1,0,1,0.5384822384689838,0.0
G040139,35.25206113899557,128.61406837324344,0.0,0.0,1,0,1,0.5384822384689838,0.0
G040140,35.25296267455706,128.61408070929647,0.0,0.0,0,1,1,0.6450837471053786,0.0
G040141,35.25386420998021,128.61409304589736,0.0,0.0,1,0,1,0.5384822384689838,0.0
G040142,35.254765745265004,128.61410538304608,0.0,0.0,1,0,1,0.5384822384689838,0.0
G040143,35.25566728041145,128.6141177207426,0.0,0.0,1,0,1,0.5384822384689838,0.0
G040144,35.25656881541956,128.614130058987,0.0,0.0,1,0,1,0.5384822384689838,0.0
G040145,35.257470350289324,128.61414239777932,0.0,0.0,1,0,1,0.5384822384689838,0.0
G040146,35.25837188502073,128.6141547371195,0.0,0.0,1,0,1,0.5384822384689838,0.0
G040147,35.25927341961379,128.61416707700766,0.0,0.0,0,1,1,0.6450837471053786,0.0
G040148,35.26017495406849,128.61417941744378,0.0,0.0,0,1,1,0.6450837471053786,0.0
G040149,35.26107648838484,128.6141917584279,0.0,0.0,0,1,1,0.6450837471053786,0.0
G040150,35.26197802256282,128.61420409996003,0.0,0.0,1,0,1,0.5384822384689838,0.0
G040151,35.26287955660244,128.6142164420402,0.0,0.0,1,1,1,1.0,0.0
G040152,35.26378109050372,128.61422878466843,0.0,0.0,0,1,1,0.6450837471053786,0.0
G040254,35.355736821319226,128.61549061614173,0.0,0.0,1,1,1,1.0,0.0
G040255,35.35663834096037,128.61550301535053,0.0,0.0,1,1,1,1.0,0.0
G040256,35.357539860462985,128.6155154151099,0.0,0.0,1,1,1,1.0,0.0
G040257,35.358441379827056,128.6155278154199,0.0,0.0,1,1,1,1.0,0.0
G040258,35.359342899052606,128.61554021628055,0.0,0.0,1,1,1,1.0,0.0
G040259,35.36024441813961,128.61555261769186,0.0,0.0,1,1,1,1.0,0.0
G040260,35.36114593708806,128.61556501965387,0.0,0.0,1,1,1,1.0,0.0
G040440,35.25114947971391,128.61515506899136,0.0,0.0,0,1,1,0.6450837471053786,0.0
G040441,35.252051015077775,128.6151674166597,0.0,0.0,0,0,1,0.18356598557436246,0.0
G040442,35.2529525503033,128.6151797648763,0.0,0.0,1,0,1,0.5384822384689838,0.0
G040443,35.25385408539048,128.61519211364123,0.0,0.0,1,0,1,0.5384822384689838,0.0
G040444,35.2547556203393,128.61520446295455,0.0,0.0,1,1,1,1.0,0.0
G040445,35.25565715514978,128.61521681281621,0.0,0.0,1,1,1,1.0,0.0
G040446,35.25655868982189,128.61522916322633,0.0,0.0,1,0,1,0.5384822384689838,0.0
G040447,35.257460224355654,128.61524151418487,0.0,0.0,0,0,1,0.18356598557436246,0.0
G040448,35.25836175875105,128.61525386569187,0.0,0.0,1,0,1,0.5384822384689838,0.0
G040449,35.2592632930081,128.61526621774735,0.0,0.0,0,1,1,0.6450837471053786,0.0
G040450,35.26016482712678,128.6152785703513,0.0,0.0,0,1,1,0.6450837471053786,0.0
G040451,35.26106636110709,128.61529092350384,0.0,0.0,0,1,1,0.6450837471053786,0.0
G040452,35.261967894949045,128.6153032772049,0.0,0.0,1,0,1,0.5384822384689838,0.0
G040453,35.262869428652635,128.61531563145454,0.0,0.0,0,0,1,0.18356598557436246,0.0
G040454,35.26377096221785,128.6153279862528,0.0,0.0,0,1,1,0.6450837471053786,0.0
G040556,35.35572665871789,128.61659106190996,0.0,0.0,1,1,1,1.0,0.0
G040557,35.356628178022234,128.61660347334455,0.0,0.0,1,1,1,1.0,0.0
G040558,35.35752969718804,128.61661588533025,0.0,0.0,1,1,1,1.0,0.0
G040559,35.35843121621529,128.61662829786712,0.0,0.0,0,1,1,0.6450837471053786,0.0
G040560,35.35933273510401,128.6166407109552,0.0,0.0,1,1,1,1.0,0.0
G040561,35.36023425385417,128.61665312459445,0.0,0.0,1,1,1,1.0,0.0
G040562,35.361135772465786,128.61666553878496,0.0,0.0,1,1,1,1.0,0.0
G040735,35.25023781098777,128.61624174041387,0.0,0.0,0,1,1,0.6450837471053786,0.0
G040736,35.2511393461537,128.61625409969633,0.0,0.0,0,1,1,0.6450837471053786,0.0
G040737,35.25204088118128,128.61626645952762,0.0,0.0,1,1,1,1.0,0.0
G040738,35.25294241607051,128.61627881990773,0.69,0.0069,0,0,1,0.18356598557436246,0.0012666053004631009
G040739,35.2538439508214,128.61629118083673,0.0,0.0,1,0,1,0.5384822384689838,0.0
G040740,35.254745485433915,128.61630354231465,0.0,0.0,1,0,1,0.5384822384689838,0.0
G040741,35.255647019908075,128.61631590434146,0.0,0.0,1,1,1,1.0,0.0
G040742,35.25654855424386,128.61632826691724,0.0,0.0,1,0,1,0.5384822384689838,0.0
G040743,35.257450088441296,128.616340630042,0.0,0.0,1,1,1,1.0,0.0
G040744,35.25835162250036,128.61635299371574,0.0,0.0,1,0,1,0.5384822384689838,0.0
G040745,35.25925315642107,128.6163653579385,0.0,0.0,0,0,1,0.18356598557436246,0.0
G040746,35.2601546902034,128.6163777227103,0.0,0.0,1,1,1,1.0,0.0
G040747,35.26105622384736,128.6163900880312,0.0,0.0,0,1,1,0.6450837471053786,0.0
G040748,35.26195775735294,128.61640245390117,0.0,0.0,1,0,1,0.5384822384689838,0.0
G040749,35.26285929072016,128.61641482032027,0.0,0.0,1,0,1,0.5384822384689838,0.0
G040750,35.263760823949,128.61642718728854,0.0,0.0,1,1,1,1.0,0.0
G040852,35.35571648609975,128.61769150712706,0.0,0.0,1,1,1,1.0,0.0
G040853,35.35661800506697,128.6177039307874,0.0,0.0,1,1,1,1.0,0.0
G040854,35.357519523895625,128.61771635499943,0.0,0.0,1,1,1,1.0,0.0
G040855,35.358421042585725,128.61772877976315,0.0,0.0,1,1,1,1.0,0.0
G040856,35.35932256113728,128.61774120507863,0.0,0.0,1,1,1,1.0,0.0
G040857,35.36022407955028,128.6177536309458,0.0,0.0,1,1,1,1.0,0.0
G040858,35.361125597824724,128.6177660573648,0.0,0.0,1,1,1,1.0,0.0
G041032,35.250227667785815,128.6173407584076,0.0,0.0,1,0,1,0.5384822384689838,0.0
G041033,35.251129202615154,128.61735312985246,0.0,0.0,0,1,1,0.6450837471053786,0.0
G041034,35.25203073730612,128.6173655018467,26.45,0.2645,1,0,0,0.35491625289462136,0.09387534889062736
G041035,35.25293227185874,128.61737787439031,19.31,0.1931,0,0,1,0.18356598557436246,0.035446591814409394
G041036,35.253833806272986,128.61739024748334,35.42,0.3542,1,1,1,1.0,0.3542
G041037,35.254735340548855,128.61740262112582,0.67,0.0067,1,0,1,0.5384822384689838,0.0036078309977421916
G041038,35.25563687468637,128.61741499531774,0.0,0.0,1,0,1,0.5384822384689838,0.0
G041039,35.256538408685515,128.61742737005918,0.0,0.0,1,0,1,0.5384822384689838,0.0
G041040,35.25743994254629,128.6174397453501,0.0,0.0,1,1,1,1.0,0.0
G041041,35.2583414762687,128.61745212119058,0.0,0.0,1,1,1,1.0,0.0
G041042,35.25924300985272,128.6174644975806,0.0,0.0,1,0,1,0.5384822384689838,0.0
G041043,35.260144543298374,128.61747687452024,0.0,0.0,1,0,1,0.5384822384689838,0.0
G041044,35.26104607660563,128.61748925200948,0.0,0.0,0,0,1,0.18356598557436246,0.0
G041045,35.26194760977453,128.61750163004834,0.0,0.0,1,0,1,0.5384822384689838,0.0
G041046,35.262849142805045,128.61751400863687,0.0,0.0,1,0,1,0.5384822384689838,0.0
G041047,35.26375067569717,128.6175263877751,0.0,0.0,1,0,1,0.5384822384689838,0.0
G041149,35.35570630346482,128.61879195179253,0.0,0.0,1,1,1,1.0,0.0
G041150,35.35660782209457,128.6188043876786,0.0,0.0,1,1,1,1.0,0.0
G041151,35.35750934058575,128.61881682411692,0.0,0.0,1,1,1,1.0,0.0
G041152,35.35841085893837,128.61882926110744,0.0,0.0,1,1,1,1.0,0.0
G041153,35.359312377152435,128.61884169865027,0.0,0.0,1,1,1,1.0,0.0
G041154,35.360213895227936,128.6188541367454,0.0,0.0,1,1,1,1.0,0.0
G041155,35.361115413164875,128.61886657539281,0.0,0.0,1,1,1,1.0,0.0
G041328,35.2502175146059,128.61843977585198,0.0,0.0,1,0,1,0.5384822384689838,0.0
G041329,35.25111904909829,128.61845215945925,5.56,0.0556,1,0,1,0.5384822384689838,0.029939612458875497
G041330,35.252020583452314,128.61846454361637,25.69,0.2569,1,0,1,0.5384822384689838,0.13833608706268194
G041331,35.252922117667964,128.61847692832347,2.53,0.0253,1,1,1,1.0,0.0253
G041332,35.253823651745265,128.6184893135805,16.03,0.1603,1,1,1,1.0,0.1603
G041333,35.254725185684165,128.61850169938754,0.0,0.0,1,0,1,0.5384822384689838,0.0
G041334,35.2556267194847,128.61851408574455,0.0,0.0,1,0,1,0.5384822384689838,0.0
G041335,35.256528253146854,128.61852647265158,0.0,0.0,1,0,1,0.5384822384689838,0.0
G041336,35.25742978667064,128.61853886010869,0.0,0.0,1,1,1,1.0,0.0
G041337,35.25833132005605,128.61855124811586,0.0,0.0,1,1,1,1.0,0.0
G041338,35.25923285330307,128.61856363667317,0.0,0.0,1,1,1,1.0,0.0
G041339,35.2601343864117,128.61857602578056,0.0,0.0,1,1,1,1.0,0.0
G041340,35.261035919381946,128.61858841543813,0.0,0.0,1,0,1,0.5384822384689838,0.0
G041341,35.26193745221382,128.61860080564585,0.0,0.0,1,0,1,0.5384822384689838,0.0
G041342,35.26283898490729,128.61861319640377,0.0,0.0,0,0,1,0.18356598557436246,0.0
G041343,35.26374051746237,128.61862558771196,0.0,0.0,1,0,1,0.5384822384689838,0.0
G041345,35.26554358215737,128.61865037197902,0.0,0.0,0,0,1,0.18356598557436246,0.0
G041346,35.266445114297284,128.618662764938,4.61,0.0461,0,0,1,0.18356598557436246,0.00846239193497811
G041347,35.26734664629879,128.61867515844727,0.0,0.0,0,1,1,0.6450837471053786,0.0
G041348,35.2682481781619,128.6186875525069,0.0,0.0,1,1,1,1.0,0.0
G041349,35.26914970988661,128.6186999471169,0.0,0.0,1,1,1,1.0,0.0
G041446,35.35659762910507,128.61990484401758,0.0,0.0,1,1,1,1.0,0.0
G041447,35.35749914725844,128.61991729268215,0.0,0.0,1,1,1,1.0,0.0
G041448,35.35840066527325,128.61992974189948,0.0,0.0,1,1,1,1.0,0.0
G041449,35.35930218314949,128.61994219166965,0.0,0.0,1,1,1,1.0,0.0
G041450,35.36020370088716,128.61995464199262,0.0,0.0,1,1,1,1.0,0.0
G041627,35.250207351448,128.6195387927465,0.0,0.0,1,1,1,1.0,0.0
G041628,35.25110888560312,128.6195511885161,0.0,0.0,1,0,1,0.5384822384689838,0.0
G041629,35.25201041961986,128.61956358483616,0.0,0.0,1,0,1,0.5384822384689838,0.0
G041630,35.252911953498234,128.61957598170667,9.04,0.0904,1,0,1,0.5384822384689838,0.04867879435759613
G041631,35.253813487238226,128.6195883791277,0.69,0.0069,1,0,1,0.5384822384689838,0.003715527445435988
G041632,35.25471502083983,128.61960077709924,0.0,0.0,1,0,1,0.5384822384689838,0.0
G041633,35.25561655430306,128.6196131756213,0.0,0.0,0,0,1,0.18356598557436246,0.0
G041634,35.2565180876279,128.61962557469394,0.0,0.0,1,1,1,1.0,0.0
G041635,35.25741962081436,128.61963797431721,0.0,0.0,1,1,1,1.0,0.0
G041636,35.25832115386244,128.61965037449104,0.0,0.0,1,1,1,1.0,0.0
G041637,35.25922268677213,128.61966277521555,0.0,0.0,1,1,1,1.0,0.0
G041638,35.26012421954342,128.61967517649074,0.0,0.0,1,1,1,1.0,0.0
G041639,35.26102575217631,128.6196875783166,0.0,0.0,1,0,1,0.5384822384689838,0.0
G041640,35.26192728467082,128.61969998069316,0.0,0.0,1,0,1,0.5384822384689838,0.0
G041641,35.26282881702693,128.61971238362045,7.19,0.0719,0,1,1,0.6450837471053786,0.04638152141687673
G041642,35.263730349244646,128.61972478709856,33.33,0.3333,0,1,1,0.6450837471053786,0.21500641291022268
G041643,35.26463188132396,128.6197371911274,0.0,0.0,0,0,1,0.18356598557436246,0.0
G041644,35.265533413264876,128.6197495957071,3.55,0.0355,0,1,1,0.6450837471053786,0.02290047302224094
G041645,35.26643494506739,128.6197620008376,35.14,0.3514,0,1,1,0.6450837471053786,0.22668242873283004
G041646,35.26733647673149,128.61977440651896,0.0,0.0,0,1,1,0.6450837471053786,0.0
G041647,35.26823800825719,128.61978681275124,0.0,0.0,1,1,1,1.0,0.0
G041648,35.269139539644485,128.6197992195344,0.0,0.0,1,1,1,1.0,0.0
G041649,35.27004107089337,128.6198116268685,0.0,0.0,1,1,1,1.0,0.0
G041923,35.25019717831213,128.6206378090906,0.0,0.0,1,0,1,0.5384822384689838,0.0
G041924,35.25109871212965,128.62065021702253,0.0,0.0,1,0,1,0.5384822384689838,0.0
G041925,35.25200024580879,128.62066262550545,0.0,0.0,1,1,1,1.0,0.0
G041926,35.252901779349536,128.62067503453937,0.69,0.0069,1,0,1,0.5384822384689838,0.003715527445435988
G041927,35.253803312751906,128.62068744412434,0.64,0.0064,1,0,1,0.5384822384689838,0.0034462863262014966
G041928,35.25470484601588,128.62069985426038,0.0,0.0,0,0,1,0.18356598557436246,0.0
G041929,35.255606379141476,128.6207122649475,0.0,0.0,1,0,1,0.5384822384689838,0.0
G041930,35.256507912128676,128.62072467618572,0.0,0.0,1,0,1,0.5384822384689838,0.0
G041932,35.25831097768789,128.6207495003156,0.0,0.0,1,1,1,1.0,0.0
G041933,35.259212510259914,128.6207619132073,0.0,0.0,1,1,1,1.0,0.0
G041934,35.26011404269353,128.6207743266502,0.0,0.0,0,0,1,0.18356598557436246,0.0
G041935,35.26101557498874,128.62078674064435,0.0,0.0,0,0,0,0.0,0.0
G041936,35.26191710714555,128.62079915518973,0.0,0.0,0,0,1,0.18356598557436246,0.0
G041937,35.26281863916397,128.6208115702864,1.9,0.019,0,1,1,0.6450837471053786,0.012256591195002194
G041938,35.26372017104398,128.62082398593438,6.41,0.0641,0,1,1,0.6450837471053786,0.041349868189454776
G041939,35.26462170278559,128.62083640213368,0.0,0.0,0,0,1,0.18356598557436246,0.0
G041940,35.26552323438879,128.62084881888433,0.0,0.0,1,1,0,0.8164340144256376,0.0
G041941,35.266424765853564,128.62086123618636,0.0,0.0,0,1,1,0.6450837471053786,0.0
G041942,35.26732629717994,128.62087365403977,0.0,0.0,0,1,1,0.6450837471053786,0.0
G041943,35.2682278283679,128.62088607244465,0.0,0.0,1,1,1,1.0,0.0
G041944,35.26912935941744,128.62089849140094,0.0,0.0,1,1,1,1.0,0.0
G041945,35.27003089032858,128.62091091090872,0.0,0.0,1,1,1,1.0,0.0
G042156,35.1951931913145,128.62098024110418,0.0,0.0,1,1,1,1.0,0.0
G042157,35.196094733232705,128.62099262760137,0.0,0.0,1,1,1,1.0,0.0
G042158,35.19699627501261,128.62100501464855,0.0,0.0,1,1,1,1.0,0.0
G042159,35.19789781665425,128.62101740224583,0.0,0.0,1,1,1,1.0,0.0
G042217,35.25018699519832,128.6217368248837,0.0,0.0,1,0,1,0.5384822384689838,0.0
G042218,35.25108852867791,128.62174924497796,0.0,0.0,1,1,1,1.0,0.0
G042219,35.251990062019104,128.62176166562372,0.0,0.0,1,1,1,1.0,0.0
G042220,35.2528915952219,128.62177408682106,0.0,0.0,1,0,1,0.5384822384689838,0.0
G042221,35.253793128286325,128.62178650856995,0.0,0.0,1,0,1,0.5384822384689838,0.0
G042222,35.25469466121235,128.62179893087048,0.0,0.0,1,0,1,0.5384822384689838,0.0
G042223,35.255596193999956,128.6218113537226,0.0,0.0,1,1,1,1.0,0.0
G042226,35.25830079153243,128.62184862558897,0.0,0.0,1,1,1,1.0,0.0
G042227,35.259202323766445,128.62186105064782,0.0,0.0,1,1,1,1.0,0.0
G042228,35.26010385586206,128.62187347625846,0.0,0.0,1,1,1,1.0,0.0
G042229,35.26100538781925,128.62188590242081,0.0,0.0,1,0,1,0.5384822384689838,0.0
G042230,35.26190691963806,128.62189832913504,0.0,0.0,1,0,1,0.5384822384689838,0.0
G042231,35.26280845131844,128.62191075640104,0.0,0.0,1,1,1,1.0,0.0
G042232,35.2637099828604,128.62192318421884,0.0,0.0,1,1,1,1.0,0.0
G042233,35.26461151426397,128.62193561258857,0.0,0.0,0,0,1,0.18356598557436246,0.0
G042234,35.26551304552911,128.6219480415102,0.0,0.0,1,0,1,0.5384822384689838,0.0
G042235,35.26641457665584,128.6219604709837,0.0,0.0,0,1,1,0.6450837471053786,0.0
G042236,35.26731610764415,128.62197290100917,0.0,0.0,0,1,1,0.6450837471053786,0.0
G042237,35.26821763849404,128.6219853315866,0.0,0.0,1,1,1,1.0,0.0
G042238,35.2691191692055,128.621997762716,0.0,0.0,1,1,1,1.0,0.0
G042239,35.27002069977855,128.62201019439746,0.0,0.0,1,1,1,1.0,0.0
G042449,35.19428147712427,128.6220661173902,0.0,0.0,1,1,1,1.0,0.0
G042450,35.195183018842954,128.62207851546623,0.0,0.0,1,1,1,1.0,0.0
G042451,35.19608456042333,128.62209091409278,0.0,0.0,1,1,1,1.0,0.0
G042452,35.19698610186542,128.62210331326992,0.0,0.0,1,1,1,1.0,0.0
G042453,35.19788764316923,128.62211571299767,0.0,0.0,1,1,1,1.0,0.0
G042454,35.19878918433473,128.62212811327603,0.0,0.0,1,1,1,1.0,0.0
G042511,35.25017680210658,128.6228358401253,0.0,0.0,1,1,1,1.0,0.0
G042512,35.25107833524791,128.62284827238184,0.0,0.0,1,1,1,1.0,0.0
G042513,35.251979868250835,128.62286070519045,0.0,0.0,1,0,1,0.5384822384689838,0.0
G042514,35.25288140111536,128.62287313855114,0.0,0.0,1,0,1,0.5384822384689838,0.0
G042515,35.25378293384149,128.62288557246396,0.0,0.0,1,0,1,0.5384822384689838,0.0
G042516,35.25468446642921,128.62289800692892,0.0,0.0,1,0,1,0.5384822384689838,0.0
G042517,35.25558599887853,128.62291044194603,0.0,0.0,1,0,1,0.5384822384689838,0.0
G042518,35.25648753118945,128.62292287751532,0.0,0.0,0,0,1,0.18356598557436246,0.0
G042519,35.25738906336195,128.62293531363684,0.0,0.0,0,1,1,0.6450837471053786,0.0
G042521,35.25919212729175,128.62296018753665,0.0,0.0,0,1,1,0.6450837471053786,0.0
G042522,35.260093659049005,128.62297262531493,0.0,0.0,0,1,1,0.6450837471053786,0.0
G042523,35.26099519066787,128.62298506364553,0.0,0.0,0,0,1,0.18356598557436246,0.0
G042524,35.26189672214831,128.62299750252848,0.0,0.0,1,0,0,0.35491625289462136,0.0
G042525,35.26279825349033,128.6230099419638,0.0,0.0,0,1,1,0.6450837471053786,0.0
G042526,35.26369978469395,128.6230223819515,0.0,0.0,0,1,1,0.6450837471053786,0.0
G042527,35.26460131575914,128.6230348224916,0.0,0.0,1,0,1,0.5384822384689838,0.0
G042528,35.2655028466859,128.6230472635841,0.0,0.0,1,1,1,1.0,0.0
G042529,35.26640437747423,128.6230597052291,0.0,0.0,1,1,1,1.0,0.0
G042530,35.26730590812415,128.6230721474266,0.0,0.0,1,1,1,1.0,0.0
G042531,35.26820743863563,128.62308459017657,0.0,0.0,1,1,1,1.0,0.0
G042532,35.26910896900868,128.62309703347907,0.0,0.0,1,1,1,1.0,0.0
G042533,35.27001049924331,128.62310947733414,0.0,0.0,1,1,1,1.0,0.0
G042740,35.19427129503313,128.62316437907285,0.0,0.0,1,1,1,1.0,0.0
G042741,35.19517283641367,128.62317678927766,0.0,0.0,1,1,1,1.0,0.0
G042742,35.196074377655904,128.6231892000336,0.0,0.0,1,1,1,1.0,0.0
G042743,35.19697591875984,128.62320161134068,0.0,0.0,1,1,1,1.0,0.0
G042744,35.19787745972548,128.6232140231989,0.0,0.0,1,1,1,1.0,0.0
G042745,35.19877900055282,128.62322643560825,0.0,0.0,1,1,1,1.0,0.0
G042746,35.19968054124184,128.6232388485688,0.0,0.0,1,1,1,1.0,0.0
G042802,35.25016659903693,128.62393485481488,0.0,0.0,1,1,1,1.0,0.0
G042803,35.25106813183966,128.6239472992337,0.0,0.0,1,1,0,0.8164340144256376,0.0
G042804,35.25196966450398,128.62395974420508,0.0,0.0,1,0,0,0.35491625289462136,0.0
G042805,35.2528711970299,128.62397218972913,0.0,0.0,1,0,1,0.5384822384689838,0.0
G042806,35.25377272941742,128.6239846358058,0.0,0.0,1,0,1,0.5384822384689838,0.0
G042807,35.25467426166651,128.6239970824352,0.0,0.0,1,0,1,0.5384822384689838,0.0
G042808,35.255575793777204,128.62400952961727,0.0,0.0,1,0,1,0.5384822384689838,0.0
G042809,35.25647732574947,128.6240219773521,9.72,0.09720000000000001,1,0,1,0.5384822384689838,0.05234047357918523
G042810,35.25737885758334,128.62403442563965,0.0,0.0,1,0,0,0.35491625289462136,0.0
G042811,35.25828038927878,128.62404687447997,0.0,0.0,1,1,1,1.0,0.0
G042812,35.259181920835815,128.62405932387313,0.0,0.0,0,0,1,0.18356598557436246,0.0
G042814,35.2609849835346,128.62408422431793,0.0,0.0,0,0,0,0.0,0.0
G042815,35.26188651467636,128.6240966753696,0.0,0.0,1,0,1,0.5384822384689838,0.0
G042816,35.262788045679685,128.62410912697422,0.0,0.0,0,1,1,0.6450837471053786,0.0
G042817,35.2636895765446,128.6241215791317,0.0,0.0,0,1,1,0.6450837471053786,0.0
G042818,35.26459110727109,128.62413403184217,0.0,0.0,0,0,1,0.18356598557436246,0.0
G042819,35.265492637859126,128.62414648510563,0.0,0.0,1,0,1,0.5384822384689838,0.0
G042820,35.26639416830875,128.62415893892205,0.0,0.0,0,1,1,0.6450837471053786,0.0
G042821,35.267295698619925,128.6241713932915,0.0,0.0,0,1,1,0.6450837471053786,0.0
G042822,35.26819722879269,128.62418384821402,0.0,0.0,0,1,1,0.6450837471053786,0.0
G042823,35.26909875882699,128.6241963036896,0.0,0.0,1,1,1,1.0,0.0
G042824,35.270000288722876,128.62420875971827,0.0,0.0,1,1,1,1.0,0.0
G043027,35.194261102984605,128.6242626402044,0.0,0.0,1,1,1,1.0,0.0
G043028,35.195162644026674,128.62427506253806,0.0,0.0,1,1,1,1.0,0.0
G043029,35.196064184930435,128.6242874854233,0.0,0.0,1,1,1,1.0,0.0
G043030,35.19696572569588,128.62429990886028,0.0,0.0,1,1,0,0.8164340144256376,0.0
G043031,35.19786726632304,128.62431233284892,0.0,0.0,1,1,1,1.0,0.0
G043032,35.19876880681186,128.62432475738927,0.0,0.0,1,1,1,1.0,0.0
G043033,35.19967034716239,128.62433718248133,0.0,0.0,1,1,1,1.0,0.0
G043034,35.20057188737458,128.62434960812516,0.0,0.0,1,1,1,1.0,0.0
G043039,35.205079586360775,128.62441174462143,0.0,0.0,1,1,1,1.0,0.0
G043040,35.20598112574304,128.6244241735763,0.0,0.0,1,1,1,1.0,0.0
G043041,35.206882664986985,128.62443660308313,0.0,0.0,1,1,1,1.0,0.0
G043042,35.20778420409259,128.62444903314187,0.0,0.0,1,1,1,1.0,0.0
G043043,35.20868574305987,128.62446146375257,0.0,0.0,1,1,1,1.0,0.0
G043089,35.25015638598939,128.62503386895187,0.0,0.0,1,1,1,1.0,0.0
G043090,35.251057918453185,128.6250463255329,0.0,0.0,1,1,0,0.8164340144256376,0.0
G043091,35.25195945077858,128.62505878266708,0.0,0.0,1,0,0,0.35491625289462136,0.0
G043092,35.25286098296555,128.62507124035446,0.0,0.0,1,0,1,0.5384822384689838,0.0
G043093,35.253762515014124,128.625083698595,0.0,0.0,1,1,1,1.0,0.0
G043094,35.25466404692426,128.62509615738878,0.0,0.0,1,0,1,0.5384822384689838,0.0
G043095,35.25556557869599,128.6251086167358,0.0,0.0,1,0,1,0.5384822384689838,0.0
G043096,35.2564671103293,128.62512107663608,29.17,0.2917,1,0,1,0.5384822384689838,0.1570752689614026
G043097,35.257368641824186,128.62513353708965,7.74,0.0774,1,0,1,0.5384822384689838,0.04167852525749934
G043098,35.25827017318064,128.62514599809657,0.0,0.0,1,0,1,0.5384822384689838,0.0
G043099,35.25917170439868,128.6251584596568,0.0,0.0,1,0,1,0.5384822384689838,0.0
G043100,35.26007323547829,128.62517092177043,0.0,0.0,1,1,1,1.0,0.0
G043102,35.261876297222194,128.6251958476578,0.0,0.0,0,0,1,0.18356598557436246,0.0
G043103,35.26277782788652,128.62520831143166,0.0,0.0,1,1,1,1.0,0.0
G043104,35.263679358412396,128.62522077575898,0.0,0.0,1,1,1,1.0,0.0
G043105,35.264580888799834,128.6252332406398,0.0,0.0,0,0,0,0.0,0.0
G043106,35.265482419048844,128.6252457060741,0.0,0.0,1,0,1,0.5384822384689838,0.0
G043107,35.26638394915941,128.62525817206196,0.69,0.0069,0,1,1,0.6450837471053786,0.004451077855027113
G043108,35.26728547913154,128.62527063860338,13.82,0.1382,0,1,1,0.6450837471053786,0.08915057384996332
G043109,35.26818700896522,128.6252831056984,23.65,0.2365,1,1,1,1.0,0.2365
G043110,35.26908853866047,128.625295573347,0.0,0.0,1,1,1,1.0,0.0
G043111,35.26999006821726,128.62530804154926,0.0,0.0,1,1,1,1.0,0.0
G043310,35.19425090097871,128.62536090078433,0.0,0.0,1,1,1,1.0,0.0
G043311,35.19515244168198,128.6253733352468,0.0,0.0,1,1,1,1.0,0.0
G043312,35.19605398224692,128.6253857702614,0.0,0.0,1,1,1,1.0,0.0
G043313,35.19695552267357,128.62539820582822,8.67,0.0867,1,1,1,1.0,0.0867
G043314,35.197857062961894,128.62541064194724,4.49,0.0449,1,1,1,1.0,0.0449
G043315,35.19875860311189,128.62542307861852,0.0,0.0,1,1,1,1.0,0.0
G043316,35.19966014312357,128.62543551584207,0.0,0.0,1,1,1,1.0,0.0
G043317,35.20056168299693,128.62544795361794,0.0,0.0,1,1,1,1.0,0.0
G043318,35.20146322273195,128.6254603919461,0.0,0.0,1,1,1,1.0,0.0
G043319,35.20236476232865,128.62547283082657,0.0,0.0,1,1,1,1.0,0.0
G043321,35.204167841107065,128.62549771024473,0.0,0.0,1,1,1,1.0,0.0
G043322,35.20506938028879,128.62551015078242,0.0,0.0,1,1,1,1.0,0.0
G043323,35.20597091933217,128.6255225918725,0.0,0.0,1,1,1,1.0,0.0
G043324,35.20687245823722,128.6255350335151,0.0,0.0,1,1,1,1.0,0.0
G043325,35.207773997003926,128.6255474757102,0.0,0.0,1,1,1,1.0,0.0
G043326,35.20867553563229,128.62555991845778,0.0,0.0,1,0,1,0.5384822384689838,0.0
G043327,35.20957707412232,128.6255723617579,0.0,0.0,1,0,1,0.5384822384689838,0.0
G043373,35.25104769508851,128.626145351279,0.0,0.0,1,1,1,1.0,0.0
G043374,35.25194922707464,128.62615782057594,0.0,0.0,1,1,1,1.0,0.0
G043375,35.25285075892235,128.6261702904266,0.0,0.0,1,0,1,0.5384822384689838,0.0
G043376,35.25375229063163,128.62618276083097,0.0,0.0,1,1,1,1.0,0.0
G043377,35.254653822202485,128.62619523178913,0.0,0.0,1,1,1,1.0,0.0
G043378,35.25555535363492,128.62620770330105,3.05,0.0305,1,0,1,0.5384822384689838,0.016423708273304007
G043379,35.25645688492892,128.6262201753668,2.56,0.0256,1,0,1,0.5384822384689838,0.013785145304805986
G043380,35.25735841608449,128.62623264798637,0.0,0.0,1,0,1,0.5384822384689838,0.0
G043381,35.258259947101635,128.6262451211598,0.0,0.0,1,0,1,0.5384822384689838,0.0
G043382,35.25916147798035,128.6262575948871,0.0,0.0,1,0,1,0.5384822384689838,0.0
G043383,35.260063008720635,128.62627006916833,0.0,0.0,1,0,1,0.5384822384689838,0.0
G043385,35.26186606978587,128.6262950193926,0.0,0.0,0,0,0,0.0,0.0
G043386,35.26276760011083,128.62630749533568,0.0,0.0,1,1,1,1.0,0.0
G043387,35.26366913029734,128.62631997183277,0.0,0.0,0,1,1,0.6450837471053786,0.0
G043388,35.26457066034543,128.6263324488839,0.0,0.0,0,0,1,0.18356598557436246,0.0
G043389,35.26547219025505,128.62634492648905,3.36,0.0336,0,0,1,0.18356598557436246,0.006167817115298578
G043390,35.266373720026245,128.62635740464833,36.81,0.36810000000000004,0,1,1,0.6450837471053786,0.2374553273094899
G043391,35.26727524965898,128.62636988336166,2.78,0.0278,1,1,1,1.0,0.0278
G043392,35.268176779153265,128.62638236262913,10.06,0.10060000000000001,0,1,1,0.6450837471053786,0.0648954249588011
G043393,35.26907830850909,128.62639484245076,0.0,0.0,1,1,1,1.0,0.0
G043394,35.269979837726474,128.6264073228266,0.0,0.0,1,1,1,1.0,0.0
G043586,35.19424068901545,128.62645916081215,0.0,0.0,1,1,1,1.0,0.0
G043587,35.195142229379584,128.62647160740332,0.0,0.0,1,1,1,1.0,0.0
G043588,35.19604376960542,128.62648405454726,0.0,0.0,1,1,1,1.0,0.0
G043589,35.1969453096929,128.6264965022439,4.67,0.0467,1,1,1,1.0,0.0467
G043590,35.197846849642076,128.62650895049333,1.39,0.0139,1,1,1,1.0,0.0139
G043591,35.198748389452916,128.62652139929554,0.0,0.0,1,1,1,1.0,0.0
G043592,35.19964992912542,128.62653384865052,0.0,0.0,1,1,1,1.0,0.0
G043593,35.200551468659604,128.6265462985584,0.0,0.0,1,1,1,1.0,0.0
G043594,35.20145300805545,128.62655874901907,0.0,0.0,1,1,1,1.0,0.0
G043595,35.202354547312964,128.62657120003266,0.0,0.0,1,1,1,1.0,0.0
G043597,35.20415762541299,128.62659610371853,0.0,0.0,1,1,1,1.0,0.0
G043598,35.20505916425549,128.6266085563909,0.0,0.0,1,1,1,1.0,0.0
G043599,35.205960702959636,128.62662100961626,0.0,0.0,1,1,1,1.0,0.0
G043600,35.206862241525464,128.62663346339463,0.0,0.0,1,0,1,0.5384822384689838,0.0
G043601,35.20776377995294,128.62664591772597,0.0,0.0,0,0,1,0.18356598557436246,0.0
G043602,35.20866531824207,128.62665837261042,0.0,0.0,1,0,1,0.5384822384689838,0.0
G043603,35.209566856392854,128.62667082804793,0.0,0.0,1,0,1,0.5384822384689838,0.0
G043652,35.25374205626995,128.6272818225132,0.0,0.0,1,1,1,1.0,0.0
G043653,35.25464358750119,128.62729430563567,0.0,0.0,1,1,1,1.0,0.0
G043654,35.255545118593986,128.6273067893125,0.0,0.0,1,0,1,0.5384822384689838,0.0
G043655,35.25644664954836,128.6273192735437,0.0,0.0,1,1,1,1.0,0.0
G043656,35.25734818036431,128.6273317583292,0.0,0.0,1,0,1,0.5384822384689838,0.0
G043657,35.2582497110418,128.62734424366917,0.0,0.0,1,0,1,0.5384822384689838,0.0
G043658,35.25915124158086,128.6273567295635,0.0,0.0,1,0,1,0.5384822384689838,0.0
G043659,35.26005277198147,128.6273692160123,0.0,0.0,1,1,1,1.0,0.0
G043662,35.26275736235263,128.62740667868567,0.0,0.0,0,1,1,0.6450837471053786,0.0
G043663,35.263658892199466,128.6274191673525,0.0,0.0,1,1,1,1.0,0.0
G043664,35.264560421907845,128.62743165657392,0.0,0.0,0,0,1,0.18356598557436246,0.0
G043665,35.265461951477775,128.62744414634992,0.0,0.0,1,0,1,0.5384822384689838,0.0
G043666,35.26636348090924,128.62745663668053,2.78,0.0278,0,1,1,0.6450837471053786,0.017933328169529524
G043667,35.26726501020226,128.62746912756583,0.0,0.0,0,1,1,0.6450837471053786,0.0
G043668,35.26816653935681,128.62748161900575,0.0,0.0,1,1,1,1.0,0.0
G043669,35.26906806837291,128.62749411100037,0.0,0.0,1,1,1,1.0,0.0
G043854,35.194230467094854,128.62755742028725,0.0,0.0,1,1,1,1.0,0.0
G043855,35.19513200711955,128.62756987900718,0.0,0.0,1,1,1,1.0,0.0
G043856,35.19603354700589,128.62758233828038,0.0,0.0,1,1,1,1.0,0.0
G043857,35.1969350867539,128.62759479810686,0.0,0.0,1,1,1,1.0,0.0
G043858,35.19783662636359,128.62760725848665,0.0,0.0,1,1,1,1.0,0.0
G043859,35.19873816583495,128.62761971941973,0.0,0.0,1,1,1,1.0,0.0
G043860,35.19963970516796,128.62763218090618,0.0,0.0,0,1,1,0.6450837471053786,0.0
G043861,35.20054124436263,128.627644642946,0.0,0.0,1,1,1,1.0,0.0
G043862,35.20144278341897,128.62765710553919,0.0,0.0,0,1,1,0.6450837471053786,0.0
G043863,35.202344322336955,128.6276695686858,0.0,0.0,1,1,1,1.0,0.0
G043865,35.20414739975791,128.6276944966394,0.0,0.0,1,0,1,0.5384822384689838,0.0
G043866,35.20504893826087,128.62770696144645,0.0,0.0,0,0,0,0.0,0.0
G043867,35.20595047662549,128.627719426807,0.0,0.0,1,0,1,0.5384822384689838,0.0
G043868,35.206852014851755,128.6277318927211,0.0,0.0,1,0,1,0.5384822384689838,0.0
G043869,35.20775355293966,128.62774435918874,0.0,0.0,1,0,1,0.5384822384689838,0.0
G043870,35.20865509088922,128.62775682620997,0.0,0.0,1,0,1,0.5384822384689838,0.0
G043871,35.20955662870042,128.62776929378487,0.0,0.0,1,0,1,0.5384822384689838,0.0
G043919,35.25283028089935,128.6283683889091,0.0,0.0,1,0,0,0.35491625289462136,0.0
G043920,35.253731811929086,128.62838088364109,0.0,0.0,1,1,1,1.0,0.0
G043921,35.254633342820384,128.6283933789279,0.0,0.0,1,1,1,1.0,0.0
G043922,35.25553487357324,128.6284058747696,0.0,0.0,1,0,1,0.5384822384689838,0.0
G043923,35.256436404187646,128.62841837116616,0.0,0.0,1,1,1,1.0,0.0
G043924,35.25733793466361,128.62843086811765,0.0,0.0,1,0,1,0.5384822384689838,0.0
G043925,35.258239465001125,128.6284433656241,0.0,0.0,1,0,1,0.5384822384689838,0.0
G043926,35.2591409952002,128.62845586368547,0.0,0.0,1,0,1,0.5384822384689838,0.0
G043927,35.26004252526083,128.62846836230185,0.0,0.0,1,1,1,1.0,0.0
G043930,35.26274711461197,128.62850586148113,0.0,0.0,1,0,1,0.5384822384689838,0.0
G043931,35.26364864411877,128.6285183623177,0.0,0.0,1,0,1,0.5384822384689838,0.0
G043932,35.264550173487116,128.62853086370936,0.0,0.0,0,0,1,0.18356598557436246,0.0
G043933,35.26545170271701,128.62854336565618,0.0,0.0,0,1,1,0.6450837471053786,0.0
G043934,35.26635323180844,128.62855586815814,0.0,0.0,1,1,1,1.0,0.0
G043935,35.267254760761396,128.62856837121532,0.0,0.0,0,1,1,0.6450837471053786,0.0
G043936,35.2681562895759,128.62858087482766,0.0,0.0,0,0,1,0.18356598557436246,0.0
G043937,35.26905781825193,128.62859337899525,0.0,0.0,1,1,1,1.0,0.0
G044120,35.19512177490184,128.6286681500578,0.0,0.0,1,1,1,1.0,0.0
G044121,35.1960233144484,128.62868062146023,0.0,0.0,1,1,1,1.0,0.0
G044122,35.1969248538566,128.6286930934165,0.0,0.0,1,0,1,0.5384822384689838,0.0
G044123,35.197826393126476,128.62870556592662,0.0,0.0,0,0,1,0.18356598557436246,0.0
G044124,35.19872793225801,128.62871803899057,0.0,0.0,1,0,1,0.5384822384689838,0.0
G044125,35.19962947125119,128.62873051260843,0.0,0.0,0,0,1,0.18356598557436246,0.0
G044126,35.20053101010603,128.6287429867802,0.0,0.0,1,0,1,0.5384822384689838,0.0
G044127,35.201432548822524,128.6287554615059,0.0,0.0,0,0,0,0.0,0.0
G044128,35.20233408740066,128.62876793678555,0.0,0.0,1,0,1,0.5384822384689838,0.0
G044130,35.20413716414189,128.6287928890068,0.0,0.0,1,0,1,0.5384822384689838,0.0
G044131,35.20503870230499,128.62880536594847,0.0,0.0,1,0,1,0.5384822384689838,0.0
G044132,35.20594024032971,128.62881784344418,0.0,0.0,1,0,1,0.5384822384689838,0.0
G044133,35.20684177821609,128.628830321494,0.0,0.0,1,1,1,1.0,0.0
G044134,35.20774331596411,128.6288428000979,0.0,0.0,1,1,1,1.0,0.0
G044135,35.208644853573745,128.62885527925596,0.0,0.0,1,1,1,1.0,0.0
G044136,35.209546391045045,128.62886775896814,0.0,0.0,1,1,1,1.0,0.0
G044183,35.25191849609171,128.62945493097803,0.0,0.0,1,1,1,1.0,0.0
G044184,35.252820026919615,128.62946743731843,0.0,0.0,0,0,0,0.0,0.0
G044185,35.25372155760908,128.62947994421415,0.0,0.0,1,1,1,1.0,0.0
G044186,35.254623088160095,128.62949245166527,0.0,0.0,1,1,1,1.0,0.0
G044187,35.25552461857266,128.6295049596718,0.0,0.0,1,0,1,0.5384822384689838,0.0
G044188,35.25642614884677,128.62951746823376,0.0,0.0,1,1,1,1.0,0.0
G044189,35.25732767898244,128.62952997735115,0.0,0.0,1,0,1,0.5384822384689838,0.0
G044190,35.25822920897965,128.62954248702405,0.0,0.0,1,0,1,0.5384822384689838,0.0
G044191,35.259130738838415,128.62955499725246,0.0,0.0,1,0,1,0.5384822384689838,0.0
G044192,35.2600322685587,128.62956750803633,0.0,0.0,1,1,1,1.0,0.0
G044196,35.263638386055284,128.62961755672777,0.0,0.0,1,1,1,1.0,0.0
G044197,35.26453991508327,128.6296300702897,0.0,0.0,0,1,1,0.6450837471053786,0.0
G044198,35.26544144397278,128.62964258440726,0.0,0.0,1,1,1,1.0,0.0
G044199,35.26634297272384,128.62965509908057,0.0,0.0,0,1,1,0.6450837471053786,0.0
G044200,35.26724450133642,128.62966761430957,0.0,0.0,0,1,1,0.6450837471053786,0.0
G044201,35.26814602981053,128.62968013009436,0.0,0.0,1,1,1,1.0,0.0
G044385,35.19601307193293,128.6297789040863,0.0,0.0,0,0,1,0.18356598557436246,0.0
G044386,35.196914611001,128.62979138817232,0.0,0.0,1,0,1,0.5384822384689838,0.0
G044387,35.19781614993072,128.62980387281274,0.0,0.0,1,0,0,0.35491625289462136,0.0
G044388,35.19871768872211,128.62981635800756,0.0,0.0,1,0,1,0.5384822384689838,0.0
G044389,35.19961922737514,128.62982884375677,0.0,0.0,1,0,1,0.5384822384689838,0.0
G044390,35.200520765889806,128.62984133006046,0.0,0.0,1,0,1,0.5384822384689838,0.0
G044391,35.20142230426612,128.62985381691863,0.0,0.0,1,0,1,0.5384822384689838,0.0
G044392,35.20232384250408,128.62986630433127,0.0,0.0,1,0,1,0.5384822384689838,0.0
G044395,35.20502845638781,128.62990376989643,0.0,0.0,1,0,1,0.5384822384689838,0.0
G044396,35.205929994072335,128.62991625952733,0.0,0.0,1,0,1,0.5384822384689838,0.0
G044397,35.20683153161849,128.6299287497128,0.0,0.0,1,0,1,0.5384822384689838,0.0
G044398,35.20773306902628,128.62994124045295,0.0,0.0,1,1,1,1.0,0.0
G044399,35.2086346062957,128.62995373174775,0.0,0.0,1,1,1,1.0,0.0
G044400,35.20953614342675,128.62996622359728,0.0,0.0,1,1,1,1.0,0.0
G044432,35.238385258550956,128.63036625580568,0.0,0.0,1,0,1,0.5384822384689838,0.0
G044433,35.23928679111485,128.6303787659738,0.0,0.0,1,0,1,0.5384822384689838,0.0
G044434,35.24018832354032,128.63039127669745,0.0,0.0,1,0,1,0.5384822384689838,0.0
G044435,35.241089855827354,128.63040378797663,0.0,0.0,1,0,1,0.5384822384689838,0.0
G044436,35.241991387975965,128.6304162998114,0.0,0.0,1,0,1,0.5384822384689838,0.0
G044447,35.251908232473774,128.63055396666877,0.0,0.0,1,1,1,1.0,0.0
G044448,35.25280976296108,128.63056648517235,0.0,0.0,1,0,0,0.35491625289462136,0.0
G044449,35.25371129330994,128.63057900423186,0.0,0.0,1,1,1,1.0,0.0
G044450,35.25461282352035,128.63059152384724,0.0,0.0,1,1,1,1.0,0.0
G044451,35.25551435359229,128.63060404401858,0.0,0.0,1,0,1,0.5384822384689838,0.0
G044452,35.25641588352578,128.63061656474588,0.0,0.0,1,1,1,1.0,0.0
G044453,35.25731741332081,128.63062908602922,0.0,0.0,1,0,1,0.5384822384689838,0.0
G044454,35.25821894297737,128.63064160786854,0.0,0.0,1,0,1,0.5384822384689838,0.0
G044455,35.25912047249548,128.63065413026388,0.0,0.0,1,0,1,0.5384822384689838,0.0
G044456,35.26002200187513,128.63066665321531,0.0,0.0,0,1,1,0.6450837471053786,0.0
G044461,35.26452964669631,128.63072927631433,0.0,0.0,0,1,1,0.6450837471053786,0.0
G044462,35.265431175245126,128.6307418026027,0.0,0.0,1,1,1,1.0,0.0
G044463,35.26633270365547,128.63075432944726,0.0,0.0,1,1,1,1.0,0.0
G044464,35.26723423192734,128.6307668568481,0.0,0.0,1,1,1,1.0,0.0
G044649,35.19780589677638,128.63090217914444,0.0,0.0,1,0,1,0.5384822384689838,0.0
G044650,35.198707435227284,128.6309146764701,0.0,0.0,1,0,1,0.5384822384689838,0.0
G044651,35.1996089735398,128.6309271743507,0.0,0.0,1,1,1,1.0,0.0
G044652,35.200510511713986,128.63093967278627,0.0,0.0,1,1,1,1.0,0.0
G044653,35.20141204974979,128.63095217177687,0.0,0.0,1,1,1,1.0,0.0
G044658,35.205919737853364,128.6310146750558,0.0,0.0,1,1,1,1.0,0.0
G044659,35.20682127505898,128.63102717737698,0.0,0.0,1,1,1,1.0,0.0
G044660,35.20772281212621,128.6310396802533,0.0,0.0,1,1,1,1.0,0.0
G044661,35.208624349055064,128.63105218368486,0.0,0.0,1,1,1,1.0,0.0
G044693,35.237473457706045,128.63145258679063,0.0,0.0,1,0,1,0.5384822384689838,0.0
G044694,35.23837499006756,128.6314651085578,0.0,0.0,1,0,1,0.5384822384689838,0.0
G044695,35.23927652229064,128.63147763088097,0.0,0.0,1,0,1,0.5384822384689838,0.0
G044696,35.24017805437529,128.63149015376024,0.0,0.0,1,0,1,0.5384822384689838,0.0
G044697,35.241079586321504,128.63150267719556,0.0,0.0,1,1,1,1.0,0.0
G044698,35.24198111812927,128.63151520118703,0.0,0.0,1,0,1,0.5384822384689838,0.0
G044699,35.2428826497986,128.6315277257346,0.0,0.0,1,1,1,1.0,0.0
G044709,35.25189795887737,128.63165300180367,0.0,0.0,1,1,0,0.8164340144256376,0.0
G044710,35.252799489023744,128.63166553247044,0.0,0.0,1,0,1,0.5384822384689838,0.0
G044711,35.253701019031666,128.6316780636936,0.0,0.0,1,1,1,1.0,0.0
G044712,35.25460254890113,128.6316905954733,0.0,0.0,1,1,1,1.0,0.0
G044713,35.25550407863213,128.6317031278094,0.0,0.0,1,0,1,0.5384822384689838,0.0
G044714,35.25640560822466,128.63171566070204,0.0,0.0,1,0,1,0.5384822384689838,0.0
G044715,35.25730713767873,128.6317281941512,0.0,0.0,1,0,1,0.5384822384689838,0.0
G044716,35.25820866699433,128.63174072815696,0.0,0.0,1,0,1,0.5384822384689838,0.0
G044717,35.259110196171456,128.63175326271926,0.0,0.0,1,0,1,0.5384822384689838,0.0
G044718,35.26001172521011,128.63176579783817,0.0,0.0,1,0,1,0.5384822384689838,0.0
G044953,35.23746317959031,128.63255142683218,0.0,0.0,1,0,1,0.5384822384689838,0.0
G044954,35.23836471161069,128.63256396075383,0.0,0.0,1,0,1,0.5384822384689838,0.0
G044955,35.23926624349262,128.63257649523206,0.0,0.0,1,0,1,0.5384822384689838,0.0
G044956,35.24016777523612,128.6325890302669,0.0,0.0,1,1,1,1.0,0.0
G044957,35.24106930684116,128.63260156585838,0.0,0.0,1,0,1,0.5384822384689838,0.0
G044958,35.24197083830777,128.63261410200653,0.0,0.0,1,1,1,1.0,0.0
G044959,35.242872369635926,128.63262663871132,0.0,0.0,1,1,1,1.0,0.0
G044969,35.251887675302505,128.63275203638213,0.0,0.0,1,1,0,0.8164340144256376,0.0
G044970,35.25278920510764,128.63276457921202,0.0,0.0,1,0,1,0.5384822384689838,0.0
G044971,35.2536907347743,128.63277712259892,0.0,0.0,1,0,1,0.5384822384689838,0.0
G044972,35.25459226430249,128.63278966654278,0.0,0.0,1,1,1,1.0,0.0
G044973,35.255493793692196,128.6328022110437,0.0,0.0,1,0,1,0.5384822384689838,0.0
G044974,35.25639532294344,128.63281475610162,0.0,0.0,1,0,1,0.5384822384689838,0.0
G044975,35.257296852056214,128.63282730171667,0.0,0.0,1,1,1,1.0,0.0
G044976,35.25819838103052,128.63283984788876,0.0,0.0,1,0,1,0.5384822384689838,0.0
G044977,35.259099909866336,128.63285239461803,0.0,0.0,1,0,1,0.5384822384689838,0.0
G044978,35.26000143856367,128.63286494190442,0.0,0.0,0,0,1,0.18356598557436246,0.0
G045212,35.237452891501455,128.63365026631715,0.0,0.0,1,0,1,0.5384822384689838,0.0
G045213,35.238354423180354,128.6336628123933,0.0,0.0,1,0,1,0.5384822384689838,0.0
G045214,35.239255954720804,128.63367535902654,0.0,0.0,1,0,1,0.5384822384689838,0.0
G045215,35.240157486122826,128.63368790621695,0.0,0.0,1,0,1,0.5384822384689838,0.0
G045216,35.24105901738638,128.63370045396454,0.0,0.0,1,0,1,0.5384822384689838,0.0
G045217,35.24196054851147,128.6337130022693,0.0,0.0,1,1,1,1.0,0.0
G045218,35.24286207949813,128.6337255511313,0.0,0.0,1,0,1,0.5384822384689838,0.0
G045229,35.25277891121277,128.63386362539669,0.0,0.0,1,1,1,1.0,0.0
G045230,35.25368044053784,128.63387618094723,0.0,0.0,1,0,1,0.5384822384689838,0.0
G045231,35.25458196972442,128.6338887370553,0.69,0.0069,1,0,1,0.5384822384689838,0.003715527445435988
G045232,35.25548349877253,128.63390129372095,0.64,0.0064,1,1,1,1.0,0.0064
G045233,35.25638502768214,128.6339138509442,0.0,0.0,1,0,1,0.5384822384689838,0.0
G045234,35.257286556453295,128.63392640872505,0.0,0.0,1,0,1,0.5384822384689838,0.0
G045235,35.258188085085955,128.63393896706353,0.0,0.0,0,0,1,0.18356598557436246,0.0
G045236,35.25908961358014,128.63395152595965,0.0,0.0,1,1,1,1.0,0.0
G045237,35.25999114193583,128.63396408541348,0.0,0.0,1,0,1,0.5384822384689838,0.0
G045476,35.237442593439475,128.63474910524502,0.0,0.0,1,0,1,0.5384822384689838,0.0
G045477,35.23834412477657,128.63476166347562,0.0,0.0,1,0,1,0.5384822384689838,0.0
G045478,35.23924565597522,128.6347742222639,0.0,0.0,1,1,1,1.0,0.0
G045479,35.24014718703541,128.63478678160985,0.0,0.0,1,0,1,0.5384822384689838,0.0
G045480,35.24104871795715,128.6347993415135,0.0,0.0,0,0,1,0.18356598557436246,0.0
G045481,35.241950248740416,128.6348119019749,0.0,0.0,1,0,1,0.5384822384689838,0.0
G045482,35.24285177938523,128.63482446299406,0.0,0.0,1,0,1,0.5384822384689838,0.0
G045492,35.25186707821755,128.6349501038677,0.0,0.0,1,1,0,0.8164340144256376,0.0
G045493,35.252768607339156,128.63496267102383,0.0,0.0,1,1,1,1.0,0.0
G045494,35.2536701363223,128.634975238738,0.0,0.0,1,0,1,0.5384822384689838,0.0
G045495,35.25457166516694,128.63498780701025,0.0,0.0,0,0,1,0.18356598557436246,0.0
G045496,35.25547319387311,128.6350003758406,0.0,0.0,1,0,1,0.5384822384689838,0.0
G045497,35.25637472244078,128.6350129452291,0.0,0.0,1,0,0,0.35491625289462136,0.0
G045498,35.25727625086998,128.63502551517576,0.0,0.0,0,0,1,0.18356598557436246,0.0
G045499,35.25817777916067,128.63503808568058,0.0,0.0,1,1,1,1.0,0.0
G045500,35.25907930731288,128.63505065674357,0.0,0.0,1,1,1,1.0,0.0
G045501,35.25998083532659,128.63506322836483,0.0,0.0,1,1,1,1.0,0.0
G045502,35.26088236320181,128.6350758005443,0.0,0.0,0,0,1,0.18356598557436246,0.0
G045503,35.26178389093852,128.63508837328212,0.0,0.0,1,0,1,0.5384822384689838,0.0
G045741,35.238333816399354,128.6358605140003,0.0,0.0,1,0,1,0.5384822384689838,0.0
G045742,35.239235347255864,128.63587308494357,0.0,0.0,1,1,1,1.0,0.0
G045743,35.24013687797392,128.63588565644503,0.0,0.0,1,0,1,0.5384822384689838,0.0
G045744,35.24103840855349,128.63589822850474,0.0,0.0,1,0,1,0.5384822384689838,0.0
G045745,35.2419399389946,128.63591080112272,0.0,0.0,1,1,1,1.0,0.0
G045756,35.25185676470747,128.63604913677372,0.0,0.0,1,1,1,1.0,0.0
G045757,35.252758293486835,128.63606171609288,0.0,0.0,1,0,1,0.5384822384689838,0.0
G045758,35.2536598221277,128.6360742959707,0.0,0.0,1,0,0,0.35491625289462136,0.0
G045759,35.25456135063009,128.6360868764071,0.0,0.0,1,0,1,0.5384822384689838,0.0
G045760,35.25546287899398,128.63609945740214,0.0,0.0,1,0,0,0.35491625289462136,0.0
G045761,35.25636440721936,128.63611203895587,0.0,0.0,0,1,1,0.6450837471053786,0.0
G045762,35.25726593530627,128.6361246210683,0.0,0.0,1,1,1,1.0,0.0
G045763,35.25816746325468,128.63613720373942,0.0,0.0,1,1,1,1.0,0.0
G045764,35.25906899106459,128.63614978696927,0.0,0.0,0,1,1,0.6450837471053786,0.0
G045765,35.259970518735976,128.63616237075792,0.0,0.0,1,0,1,0.5384822384689838,0.0
G045766,35.26087204626888,128.63617495510536,0.0,0.0,0,0,0,0.0,0.0
G045767,35.26177357366326,128.63618754001163,0.0,0.0,0,0,1,0.18356598557436246,0.0
G045768,35.262675100919154,128.6362001254767,0.0,0.0,1,0,1,0.5384822384689838,0.0
G045769,35.263576628036525,128.63621271150066,0.0,0.0,1,1,1,1.0,0.0
G046007,35.240126558938336,128.63698453072195,0.0,0.0,1,0,1,0.5384822384689838,0.0
G046008,35.24102808917544,128.6369971149377,0.0,0.0,1,1,1,1.0,0.0
G046020,35.251846441218994,128.63714816912113,0.0,0.0,1,0,1,0.5384822384689838,0.0
G046021,35.25274796965578,128.63716076060336,0.0,0.0,1,0,0,0.35491625289462136,0.0
G046022,35.25364949795407,128.63717335264477,0.0,0.0,1,0,1,0.5384822384689838,0.0
G046023,35.25455102611386,128.6371859452453,0.0,0.0,1,0,1,0.5384822384689838,0.0
G046024,35.25545255413515,128.63719853840502,0.0,0.0,0,1,1,0.6450837471053786,0.0
G046025,35.25635408201792,128.63721113212392,0.0,0.0,1,0,1,0.5384822384689838,0.0
G046026,35.25725560976221,128.6372237264021,0.0,0.0,0,1,0,0.4615177615310162,0.0
G046027,35.25815713736798,128.63723632123953,0.0,0.0,1,1,1,1.0,0.0
G046028,35.25905866483526,128.63724891663622,0.0,0.0,0,0,1,0.18356598557436246,0.0
G046029,35.259960192164016,128.63726151259223,0.0,0.0,1,0,1,0.5384822384689838,0.0
G046030,35.26086171935426,128.63727410910758,0.0,0.0,0,1,1,0.6450837471053786,0.0
G046031,35.26176324640599,128.63728670618227,0.0,0.0,1,1,1,1.0,0.0
G046032,35.262664773319216,128.63729930381635,0.0,0.0,1,0,1,0.5384822384689838,0.0
G046033,35.26356630009391,128.63731190200986,0.0,0.0,1,1,1,1.0,0.0
G046262,35.23380551679139,128.6379952454976,0.0,0.0,1,1,1,1.0,0.0
G046263,35.234707047655,128.63800783795458,0.0,0.0,1,1,1,1.0,0.0
G046264,35.235608578380145,128.63802043097076,0.0,0.0,1,0,1,0.5384822384689838,0.0
G046265,35.236510108966804,128.6380330245461,0.0,0.0,0,0,1,0.18356598557436246,0.0
G046273,35.243722348674915,128.63813379328332,0.0,0.0,1,1,1,1.0,0.0
G046274,35.24462387801525,128.63814639189263,0.0,0.0,1,1,1,1.0,0.0
G046275,35.2455254072171,128.6381589910614,0.0,0.0,1,1,1,1.0,0.0
G046276,35.24642693628046,128.63817159078965,0.0,0.0,1,1,1,1.0,0.0
G046277,35.24732846520531,128.63818419107739,0.0,0.0,1,1,1,1.0,0.0
G046282,35.251836107752176,128.63824720090946,0.0,0.0,0,0,1,0.18356598557436246,0.0
G046283,35.252737635846046,128.63825980455474,0.0,0.0,1,0,1,0.5384822384689838,0.0
G046284,35.25363916380141,128.63827240875966,0.0,0.0,0,0,1,0.18356598557436246,0.0
G046285,35.254540691618274,128.6382850135243,0.0,0.0,0,1,1,0.6450837471053786,0.0
G046286,35.255442219296626,128.6382976188487,0.0,0.0,0,1,1,0.6450837471053786,0.0
G046287,35.256343746836464,128.6383102247328,0.0,0.0,0,0,1,0.18356598557436246,0.0
G046288,35.257245274237796,128.63832283117665,0.0,0.0,0,0,1,0.18356598557436246,0.0
G046289,35.258146801500615,128.63833543818035,0.0,0.0,1,0,1,0.5384822384689838,0.0
G046290,35.25904832862493,128.63834804574384,0.0,0.0,1,0,1,0.5384822384689838,0.0
G046291,35.25994985561071,128.6383606538672,0.0,0.0,0,1,1,0.6450837471053786,0.0
G046292,35.260851382457965,128.63837326255043,22.82,0.22820000000000001,1,1,1,1.0,0.22820000000000001
G046293,35.26175290916672,128.63838587179356,13.19,0.1319,1,1,1,1.0,0.1319
G046294,35.26265443573694,128.6383984815966,0.0,0.0,0,1,1,0.6450837471053786,0.0
G046295,35.26355596216864,128.6384110919596,0.0,0.0,1,0,1,0.5384822384689838,0.0
G046518,35.23289364955056,128.63908142953017,0.0,0.0,1,1,1,1.0,0.0
G046519,35.23379518020954,128.63909403357965,0.0,0.0,1,1,1,1.0,0.0
G046520,35.234696710730056,128.63910663818885,0.0,0.0,1,0,1,0.5384822384689838,0.0
G046521,35.23559824111208,128.63911924335773,0.0,0.0,1,0,0,0.35491625289462136,0.0
G046522,35.23649977135564,128.6391318490864,0.0,0.0,1,0,1,0.5384822384689838,0.0
G046523,35.23740130146073,128.6391444553748,0.0,0.0,1,0,1,0.5384822384689838,0.0
G046530,35.24371200831861,128.6392327150693,1.33,0.013300000000000001,1,0,1,0.5384822384689838,0.007161813771637485
G046531,35.24461353731577,128.63924532583675,0.0,0.0,1,0,1,0.5384822384689838,0.0
G046532,35.24551506617442,128.63925793716422,0.0,0.0,1,0,1,0.5384822384689838,0.0
G046533,35.24641659489459,128.63927054905164,0.0,0.0,0,0,1,0.18356598557436246,0.0
G046534,35.24731812347625,128.63928316149915,0.0,0.0,1,0,1,0.5384822384689838,0.0
G046535,35.24821965191942,128.6392957745067,0.0,0.0,1,0,1,0.5384822384689838,0.0
G046538,35.25092423641788,128.63933361689007,0.0,0.0,1,0,1,0.5384822384689838,0.0
G046539,35.251825764307014,128.63934623213814,16.03,0.1603,1,0,1,0.5384822384689838,0.08631870282657811
G046540,35.25272729205763,128.6393588479464,4.17,0.0417,1,0,1,0.5384822384689838,0.022454709344156627
G046541,35.25362881966976,128.6393714643149,0.0,0.0,0,1,1,0.6450837471053786,0.0
G046542,35.25453034714335,128.6393840812436,0.0,0.0,1,1,1,1.0,0.0
G046543,35.25543187447843,128.63939669873258,0.0,0.0,0,1,1,0.6450837471053786,0.0
G046544,35.256333401675,128.63940931678187,0.0,0.0,1,0,1,0.5384822384689838,0.0
G046545,35.257234928733055,128.63942193539145,0.0,0.0,1,0,1,0.5384822384689838,0.0
G046546,35.258136455652576,128.63943455456135,0.0,0.0,1,0,1,0.5384822384689838,0.0
G046547,35.25903798243359,128.63944717429163,0.0,0.0,0,1,1,0.6450837471053786,0.0
G046548,35.25993950907607,128.6394597945823,14.58,0.1458,0,1,1,0.6450837471053786,0.09405321032796421
G046549,35.26084103558002,128.6394724154334,33.33,0.3333,0,1,1,0.6450837471053786,0.21500641291022268
G046550,35.26174256194545,128.63948503684495,3.47,0.0347,1,1,1,1.0,0.0347
G046551,35.26264408817235,128.6394976588169,0.0,0.0,0,1,1,0.6450837471053786,0.0
G046552,35.263545614260714,128.63951028134937,0.0,0.0,1,0,1,0.5384822384689838,0.0
G046769,35.232883303340415,128.64018020490087,0.0,0.0,1,1,1,1.0,0.0
G046770,35.233784833655974,128.640192821102,0.0,0.0,0,0,1,0.18356598557436246,0.0
G046771,35.23468636383306,128.64020543786336,0.0,0.0,1,0,1,0.5384822384689838,0.0
G046772,35.23558789387167,128.640218055185,0.0,0.0,1,0,1,0.5384822384689838,0.0
G046773,35.23648942377177,128.6402306730669,0.0,0.0,1,0,1,0.5384822384689838,0.0
G046774,35.23739095353341,128.6402432915091,0.0,0.0,1,0,1,0.5384822384689838,0.0
G046775,35.23829248315654,128.64025591051166,0.0,0.0,1,0,1,0.5384822384689838,0.0
G046780,35.24280012919481,128.64031901393025,41.07,0.4107,0,0,1,0.18356598557436246,0.07539055027539067
G046781,35.24370165798695,128.64033163629531,6.67,0.0667,1,0,1,0.5384822384689838,0.03591676530588122
G046782,35.2446031866406,128.64034425922088,0.0,0.0,0,1,1,0.6450837471053786,0.0
G046783,35.245504715155754,128.64035688270698,0.0,0.0,1,1,1,1.0,0.0
G046784,35.2464062435324,128.64036950675364,0.0,0.0,0,1,1,0.6450837471053786,0.0
G046785,35.24730777177053,128.64038213136087,0.0,0.0,0,0,1,0.18356598557436246,0.0
G046786,35.24820929987015,128.6403947565287,0.0,0.0,0,0,1,0.18356598557436246,0.0
G046789,35.250913883337944,128.6404326353961,0.0,0.0,1,0,1,0.5384822384689838,0.0
G046790,35.25181541088351,128.64044526280662,15.38,0.15380000000000002,0,0,1,0.18356598557436246,0.02823244858133695
G046791,35.25271693829057,128.64045789077787,14.58,0.1458,1,0,1,0.5384822384689838,0.07851071036877784
G046792,35.2536184655591,128.64047051930987,0.0,0.0,1,0,0,0.35491625289462136,0.0
G046793,35.25451999268911,128.64048314840264,0.0,0.0,1,1,1,1.0,0.0
G046794,35.25542151968059,128.6404957780562,0.0,0.0,0,0,1,0.18356598557436246,0.0
G046795,35.25632304653355,128.64050840827062,0.0,0.0,0,0,1,0.18356598557436246,0.0
G046796,35.25722457324798,128.64052103904586,0.0,0.0,0,1,1,0.6450837471053786,0.0
G046797,35.2581260998239,128.640533670382,0.0,0.0,1,0,1,0.5384822384689838,0.0
G046798,35.259027626261286,128.64054630227903,0.0,0.0,1,0,1,0.5384822384689838,0.0
G046799,35.259929152560126,128.64055893473702,3.47,0.0347,1,0,1,0.5384822384689838,0.01868533367487374
G046800,35.26083067872043,128.64057156775593,4.61,0.0461,1,0,1,0.5384822384689838,0.024824031193420155
G046801,35.2617322047422,128.6405842013358,0.0,0.0,1,0,1,0.5384822384689838,0.0
G046802,35.26263373062545,128.6405968354767,0.0,0.0,1,1,1,1.0,0.0
G046803,35.26353525637016,128.64060947017862,0.0,0.0,1,0,1,0.5384822384689838,0.0
G047016,35.2328729471589,128.6412789797114,0.0,0.0,1,1,1,1.0,0.0
G047017,35.23377447713072,128.6412916080641,0.0,0.0,1,0,1,0.5384822384689838,0.0
G047018,35.23467600696405,128.64130423697765,0.0,0.0,0,0,1,0.18356598557436246,0.0
G047019,35.235577536658894,128.64131686645194,0.65,0.006500000000000001,1,0,1,0.5384822384689838,0.003500134550048395
G047020,35.23647906621523,128.64132949648712,3.85,0.0385,0,0,1,0.18356598557436246,0.0070672904446129545
G047021,35.237380595633084,128.64134212708308,0.0,0.0,1,0,1,0.5384822384689838,0.0
G047022,35.23828212491243,128.64135475823997,0.0,0.0,1,0,1,0.5384822384689838,0.0
G047027,35.24278976923164,128.6414179224382,23.72,0.2372,0,1,1,0.6450837471053786,0.15301386481339582
G047028,35.24369129767996,128.6414305569608,0.0,0.0,0,1,0,0.4615177615310162,0.0
G047029,35.24459282598978,128.64144319204448,0.0,0.0,1,0,1,0.5384822384689838,0.0
G047030,35.24549435416108,128.6414558276892,0.0,0.0,1,0,1,0.5384822384689838,0.0
G047031,35.24639588219386,128.64146846389502,0.0,0.0,0,1,1,0.6450837471053786,0.0
G047032,35.24729741008813,128.641481100662,0.0,0.0,1,1,1,1.0,0.0
G047033,35.24819893784389,128.64149373799006,0.0,0.0,1,0,1,0.5384822384689838,0.0
G047036,35.25090352028003,128.64153165334147,0.0,0.0,0,1,1,0.6450837471053786,0.0
G047037,35.25180504748171,128.6415442929144,0.0,0.0,0,0,1,0.18356598557436246,0.0
G047038,35.25270657454484,128.64155693304858,0.0,0.0,1,0,1,0.5384822384689838,0.0
G047039,35.25360810146947,128.64156957374405,0.0,0.0,1,0,1,0.5384822384689838,0.0
G047040,35.254509628255555,128.64158221500085,0.0,0.0,0,0,1,0.18356598557436246,0.0
G047041,35.25541115490311,128.64159485681898,0.0,0.0,1,0,1,0.5384822384689838,0.0
G047042,35.25631268141214,128.64160749919853,0.0,0.0,1,0,1,0.5384822384689838,0.0
G047043,35.25721420778263,128.64162014213943,0.0,0.0,1,0,1,0.5384822384689838,0.0
G047044,35.25811573401459,128.64163278564175,0.0,0.0,1,0,0,0.35491625289462136,0.0
G047045,35.25901726010802,128.6416454297055,0.0,0.0,1,1,1,1.0,0.0
G047046,35.25991878606289,128.64165807433073,0.0,0.0,1,1,1,1.0,0.0
G047047,35.26082031187923,128.64167071951746,0.0,0.0,1,1,1,1.0,0.0
G047048,35.261721837557026,128.64168336526572,0.0,0.0,1,0,1,0.5384822384689838,0.0
G047049,35.26262336309628,128.6416960115755,0.0,0.0,1,0,1,0.5384822384689838,0.0
G047050,35.26352488849698,128.64170865844684,0.0,0.0,1,0,1,0.5384822384689838,0.0
G047263,35.23286258100605,128.6423777539611,0.0,0.0,1,0,1,0.5384822384689838,0.0
G047264,35.23376411063379,128.64239039446548,0.0,0.0,1,0,1,0.5384822384689838,0.0
G047265,35.23466564012304,128.64240303553112,0.0,0.0,1,0,1,0.5384822384689838,0.0
G047266,35.235567169473775,128.6424156771581,26.39,0.2639,1,0,1,0.5384822384689838,0.14210546273196484
G047267,35.23646869868601,128.64242831934646,25.69,0.2569,1,0,1,0.5384822384689838,0.13833608706268194
G047268,35.237370227759754,128.64244096209617,0.0,0.0,1,0,1,0.5384822384689838,0.0
G047269,35.238271756694985,128.64245360540733,0.0,0.0,1,1,1,1.0,0.0
G047270,35.2391732854917,128.64246624927995,0.0,0.0,1,1,1,1.0,0.0
G047271,35.24007481414993,128.64247889371399,0.0,0.0,1,1,1,1.0,0.0
G047274,35.242779399293504,128.64251683038512,8.97,0.0897,0,1,0,0.4615177615310162,0.041398143209332154
G047275,35.243680927397655,128.64252947706527,1.29,0.0129,1,1,1,1.0,0.0129
G047276,35.24458245536329,128.642542124307,0.0,0.0,0,1,1,0.6450837471053786,0.0
G047277,35.24548398319042,128.64255477211034,0.0,0.0,1,0,1,0.5384822384689838,0.0
G047278,35.246385510879016,128.64256742047533,0.0,0.0,1,0,1,0.5384822384689838,0.0
G047279,35.24728703842909,128.64258006940196,0.0,0.0,1,0,1,0.5384822384689838,0.0
G047280,35.24818856584066,128.64259271889028,0.0,0.0,0,0,1,0.18356598557436246,0.0
G047282,35.24999162024819,128.64261801955206,0.0,0.0,0,1,1,0.6450837471053786,0.0
G047283,35.25089314724416,128.64263067072557,0.0,0.0,0,0,1,0.18356598557436246,0.0
G047284,35.251794674101596,128.64264332246088,0.0,0.0,1,1,1,1.0,0.0
G047285,35.25269620082051,128.64265597475801,0.0,0.0,1,0,1,0.5384822384689838,0.0
G047286,35.25359772740088,128.64266862761696,0.0,0.0,1,0,1,0.5384822384689838,0.0
G047287,35.254499253842724,128.64268128103774,0.0,0.0,1,0,1,0.5384822384689838,0.0
G047288,35.25540078014601,128.64269393502045,0.0,0.0,0,1,1,0.6450837471053786,0.0
G047289,35.25630230631077,128.64270658956502,0.0,0.0,0,0,1,0.18356598557436246,0.0
G047290,35.25720383233699,128.64271924467155,0.0,0.0,1,0,1,0.5384822384689838,0.0
G047291,35.25810535822466,128.64273190034004,0.0,0.0,1,1,0,0.8164340144256376,0.0
G047292,35.2590068839738,128.64274455657053,0.0,0.0,1,1,1,1.0,0.0
G047293,35.25990840958438,128.642757213363,0.0,0.0,1,1,1,1.0,0.0
G047509,35.232852204881866,128.6434765276496,0.0,0.0,0,0,1,0.18356598557436246,0.0
G047510,35.2337537341652,128.6434891803055,0.0,0.0,1,0,1,0.5384822384689838,0.0
G047511,35.234655263310025,128.64350183352326,0.0,0.0,1,0,1,0.5384822384689838,0.0
G047512,35.235556792316345,128.64351448730287,0.0,0.0,1,0,1,0.5384822384689838,0.0
G047513,35.236458321184145,128.64352714164443,0.0,0.0,1,0,1,0.5384822384689838,0.0
G047514,35.23735984991345,128.64353979654788,0.0,0.0,0,0,1,0.18356598557436246,0.0
G047515,35.23826137850422,128.6435524520133,0.0,0.0,1,1,1,1.0,0.0
G047516,35.239162906956494,128.6435651080407,0.0,0.0,1,1,1,1.0,0.0
G047517,35.24006443527025,128.6435777646301,0.0,0.0,1,1,1,1.0,0.0
G047518,35.240965963445475,128.6435904217815,8.39,0.0839,1,0,1,0.5384822384689838,0.04517865980754774
G047521,35.24367054714004,128.64362839660816,0.0,0.0,1,1,1,1.0,0.0
G047522,35.244572074761194,128.6436410560079,0.0,0.0,1,1,1,1.0,0.0
G047523,35.2454736022438,128.64365371596983,0.0,0.0,0,0,0,0.0,0.0
G047524,35.24637512958789,128.64366637649394,0.0,0.0,1,0,0,0.35491625289462136,0.0
G047525,35.24727665679344,128.64367903758026,0.0,0.0,1,0,1,0.5384822384689838,0.0
G047526,35.248178183860475,128.64369169922875,0.0,0.0,0,1,1,0.6450837471053786,0.0
G047528,35.24998123757893,128.64371702421255,17.95,0.1795,0,0,1,0.18356598557436246,0.03295009441059806
G047529,35.25088276423033,128.64372968754788,0.0,0.0,1,1,1,1.0,0.0
G047530,35.25178429074322,128.64374235144558,0.0,0.0,1,0,1,0.5384822384689838,0.0
G047531,35.25268581711756,128.64375501590558,0.0,0.0,1,1,1,1.0,0.0
G047532,35.25358734335336,128.64376768092797,0.0,0.0,1,1,1,1.0,0.0
G047533,35.254488869450604,128.64378034651276,0.0,0.0,1,0,1,0.5384822384689838,0.0
G047534,35.25539039540931,128.64379301265996,0.0,0.0,0,0,1,0.18356598557436246,0.0
G047535,35.256291921229476,128.6438056793696,0.0,0.0,1,0,1,0.5384822384689838,0.0
G047536,35.25719344691109,128.64381834664172,0.0,0.0,1,0,1,0.5384822384689838,0.0
G047537,35.25809497245415,128.64383101447635,0.0,0.0,1,1,1,1.0,0.0
G047538,35.25899649785866,128.6438436828735,0.0,0.0,1,1,1,1.0,0.0
G047539,35.25989802312461,128.6438563518332,0.0,0.0,1,1,1,1.0,0.0
G047762,35.23374334772497,128.64458796558367,0.0,0.0,1,0,1,0.5384822384689838,0.0
G047763,35.23464487652504,128.6446006309535,0.0,0.0,1,0,1,0.5384822384689838,0.0
G047764,35.2355464051866,128.64461329688575,0.0,0.0,1,1,1,1.0,0.0
G047765,35.23644793370964,128.64462596338046,0.0,0.0,1,0,1,0.5384822384689838,0.0
G047766,35.237349462094166,128.6446386304376,0.0,0.0,1,0,1,0.5384822384689838,0.0
G047767,35.23825099034017,128.64465129805728,0.0,0.0,0,0,1,0.18356598557436246,0.0
G047768,35.23915251844765,128.64466396623945,0.0,0.0,1,1,1,1.0,0.0
G047769,35.24005404641662,128.64467663498417,0.0,0.0,1,1,1,1.0,0.0
G047770,35.24095557424704,128.64468930429143,10.26,0.1026,0,0,1,0.18356598557436246,0.01883387011992959
G047774,35.24456168418347,128.6447399871467,0.0,0.0,1,0,1,0.5384822384689838,0.0
G047775,35.245463211321244,128.64475265926717,0.0,0.0,1,0,1,0.5384822384689838,0.0
G047776,35.24636473832048,128.64476533195037,0.0,0.0,1,1,1,1.0,0.0
G047777,35.24726626518118,128.6447780051963,0.0,0.0,0,1,1,0.6450837471053786,0.0
G047778,35.248167791903356,128.64479067900498,0.0,0.0,1,1,1,1.0,0.0
G047779,35.24906931848698,128.64480335337646,0.0,0.0,1,1,1,1.0,0.0
G047780,35.24997084493205,128.64481602831074,12.5,0.125,0,0,1,0.18356598557436246,0.022945748196795308
G047781,35.25087237123857,128.6448287038079,0.65,0.006500000000000001,1,0,1,0.5384822384689838,0.003500134550048395
G047782,35.25177389740657,128.6448413798679,0.0,0.0,0,0,1,0.18356598557436246,0.0
G047783,35.25267542343601,128.64485405649077,0.0,0.0,1,1,1,1.0,0.0
G047784,35.2535769493269,128.6448667336766,0.0,0.0,1,1,1,1.0,0.0
G047785,35.25447847507923,128.64487941142534,0.0,0.0,0,0,1,0.18356598557436246,0.0
G047786,35.25538000069302,128.64489208973703,0.0,0.0,1,0,1,0.5384822384689838,0.0
G047787,35.25628152616825,128.64490476861172,0.0,0.0,1,0,1,0.5384822384689838,0.0
G047788,35.25718305150493,128.6449174480494,0.0,0.0,1,1,1,1.0,0.0
G047789,35.25808457670305,128.64493012805016,0.0,0.0,1,1,1,1.0,0.0
G048016,35.235536008084566,128.6457121059062,0.0,0.0,0,0,0,0.0,0.0
G048017,35.236437536262514,128.64572478455403,0.0,0.0,1,0,1,0.5384822384689838,0.0
G048018,35.23733906430194,128.64573746376487,0.0,0.0,1,1,1,1.0,0.0
G048019,35.23824059220283,128.64575014353875,0.0,0.0,1,0,1,0.5384822384689838,0.0
G048020,35.239142119965194,128.64576282387566,0.0,0.0,1,0,1,0.5384822384689838,0.0
G048021,35.240043647589026,128.64577550477568,0.0,0.0,0,0,1,0.18356598557436246,0.0
G048022,35.24094517507433,128.64578818623878,0.0,0.0,1,0,1,0.5384822384689838,0.0
G048025,35.24364975669901,128.645826234007,0.0,0.0,1,0,1,0.5384822384689838,0.0
G048026,35.24455128363015,128.64583891772276,0.0,0.0,1,0,1,0.5384822384689838,0.0
G048027,35.245452810422755,128.64585160200178,0.0,0.0,0,0,1,0.18356598557436246,0.0
G048028,35.246354337076816,128.64586428684404,0.0,0.0,0,1,1,0.6450837471053786,0.0
G048029,35.24725586359233,128.64587697224957,0.0,0.0,1,1,1,1.0,0.0
G048030,35.2481573899693,128.64588965821844,0.0,0.0,1,1,1,1.0,0.0
G048031,35.24905891620773,128.6459023447506,2.7,0.027000000000000003,1,1,1,1.0,0.027000000000000003
G048032,35.24996044230759,128.64591503184613,6.25,0.0625,0,1,1,0.6450837471053786,0.040317734194086165
G048033,35.250861968268914,128.645927719505,0.0,0.0,0,0,1,0.18356598557436246,0.0
G048034,35.251763494091676,128.64594040772732,0.0,0.0,1,1,1,1.0,0.0
G048035,35.25266501977588,128.64595309651307,0.0,0.0,1,0,1,0.5384822384689838,0.0
G048036,35.25356654532154,128.64596578586224,0.0,0.0,1,0,1,0.5384822384689838,0.0
G048037,35.254468070728635,128.64597847577494,0.0,0.0,1,0,1,0.5384822384689838,0.0
G048038,35.25536959599715,128.6459911662511,0.0,0.0,0,0,1,0.18356598557436246,0.0
G048039,35.256271121127135,128.64600385729082,0.0,0.0,1,0,1,0.5384822384689838,0.0
G048040,35.25717264611854,128.64601654889407,0.0,0.0,1,1,1,1.0,0.0
G048041,35.25807417097139,128.6460292410609,0.0,0.0,1,1,1,1.0,0.0
G048264,35.23101795976971,128.64674746881124,0.0,0.0,1,0,1,0.5384822384689838,0.0
G048265,35.231919488294885,128.64676015679484,0.0,0.0,1,0,1,0.5384822384689838,0.0
G048266,35.23282101668153,128.64677284534184,0.0,0.0,1,1,0,0.8164340144256376,0.0
G048267,35.23372254492963,128.6467855344523,0.0,0.0,1,0,1,0.5384822384689838,0.0
G048268,35.23462407303921,128.64679822412623,0.0,0.0,1,0,1,0.5384822384689838,0.0
G048269,35.235525601010266,128.64681091436367,0.0,0.0,1,0,1,0.5384822384689838,0.0
G048270,35.236427128842784,128.64682360516463,0.0,0.0,1,0,1,0.5384822384689838,0.0
G048271,35.23732865653678,128.64683629652907,0.0,0.0,1,0,1,0.5384822384689838,0.0
G048272,35.23823018409223,128.64684898845715,0.0,0.0,1,1,1,1.0,0.0
G048273,35.23913171150914,128.6468616809488,0.0,0.0,1,0,1,0.5384822384689838,0.0
G048274,35.24003323878752,128.64687437400408,0.0,0.0,0,0,1,0.18356598557436246,0.0
G048275,35.24093476592735,128.64688706762303,0.0,0.0,0,1,1,0.6450837471053786,0.0
G048278,35.24363934651559,128.6469251518619,0.0,0.0,0,0,1,0.18356598557436246,0.0
G048279,35.24454087310125,128.64693784773561,0.0,0.0,1,0,1,0.5384822384689838,0.0
G048280,35.24544239954835,128.64695054417314,0.0,0.0,1,1,1,1.0,0.0
G048281,35.2463439258569,128.64696324117446,0.0,0.0,0,0,1,0.18356598557436246,0.0
G048282,35.2472454520269,128.64697593873956,0.0,0.0,1,0,1,0.5384822384689838,0.0
G048283,35.24814697805835,128.64698863686854,0.0,0.0,1,1,1,1.0,0.0
G048284,35.249048503951244,128.64700133556138,28.47,0.2847,0,1,0,0.4615177615310162,0.13139410670788032
G048285,35.24995002970557,128.6470140348181,13.19,0.1319,1,1,1,1.0,0.1319
G048286,35.25085155532135,128.64702673463876,0.0,0.0,1,1,1,1.0,0.0
G048287,35.25175308079855,128.64703943502334,0.0,0.0,0,0,1,0.18356598557436246,0.0
G048288,35.2526546061372,128.6470521359719,0.0,0.0,1,0,1,0.5384822384689838,0.0
G048289,35.25355613133729,128.64706483748446,0.0,0.0,1,0,1,0.5384822384689838,0.0
G048290,35.254457656398806,128.64707753956102,0.0,0.0,1,0,1,0.5384822384689838,0.0
G048291,35.25535918132175,128.64709024220167,0.0,0.0,1,1,1,1.0,0.0
G048292,35.256260706106126,128.64710294540635,0.0,0.0,1,0,1,0.5384822384689838,0.0
G048293,35.25716223075194,128.6471156491751,0.0,0.0,1,1,1,1.0,0.0
G048294,35.25806375525917,128.647128353508,0.0,0.0,1,1,1,1.0,0.0
G048516,35.23010601613384,128.64783351637777,0.0,0.0,1,0,1,0.5384822384689838,0.0
G048517,35.23100754445182,128.64784621594782,0.0,0.0,1,0,1,0.5384822384689838,0.0
G048518,35.23190907263127,128.64785891608182,0.0,0.0,1,1,1,1.0,0.0
G048519,35.23281060067219,128.64787161677978,0.0,0.0,1,0,1,0.5384822384689838,0.0
G048520,35.23371212857457,128.6478843180417,0.0,0.0,1,0,1,0.5384822384689838,0.0
G048521,35.234613656338404,128.64789701986763,0.0,0.0,1,1,1,1.0,0.0
G048522,35.235515183963706,128.6479097222576,0.0,0.0,1,0,1,0.5384822384689838,0.0
G048523,35.236416711450474,128.64792242521162,0.0,0.0,1,0,1,0.5384822384689838,0.0
G048524,35.2373182387987,128.64793512872976,0.0,0.0,1,0,1,0.5384822384689838,0.0
G048525,35.23821976600837,128.64794783281198,0.0,0.0,1,0,1,0.5384822384689838,0.0
G048526,35.239121293079506,128.64796053745835,0.0,0.0,0,0,1,0.18356598557436246,0.0
G048527,35.2400228200121,128.64797324266885,0.0,0.0,1,1,1,1.0,0.0
G048531,35.243628926356955,128.648024069153,0.0,0.0,0,0,1,0.18356598557436246,0.0
G048532,35.244530452596784,128.6480367771847,0.0,0.0,1,0,0,0.35491625289462136,0.0
G048533,35.24543197869805,128.64804948578072,0.0,0.0,1,1,1,1.0,0.0
G048534,35.24633350466076,128.64806219494102,0.0,0.0,0,1,1,0.6450837471053786,0.0
G048535,35.247235030484916,128.64807490466572,0.0,0.0,0,0,1,0.18356598557436246,0.0
G048536,35.2481365561705,128.6480876149548,0.0,0.0,0,0,1,0.18356598557436246,0.0
G048537,35.249038081717536,128.64810032580826,0.0,0.0,1,1,1,1.0,0.0
G048538,35.249939607126,128.64811303722615,0.0,0.0,0,1,1,0.6450837471053786,0.0
G048539,35.25084113239589,128.64812574920853,0.0,0.0,1,0,1,0.5384822384689838,0.0
G048540,35.25174265752722,128.6481384617554,0.0,0.0,1,0,1,0.5384822384689838,0.0
G048541,35.25264418251997,128.64815117486674,0.0,0.0,1,0,0,0.35491625289462136,0.0
G048542,35.25354570737416,128.64816388854265,0.0,0.0,1,0,0,0.35491625289462136,0.0
G048543,35.25444723208977,128.6481766027831,0.0,0.0,1,0,1,0.5384822384689838,0.0
G048544,35.2553487566668,128.64818931758813,0.0,0.0,1,1,1,1.0,0.0
G048545,35.25625028110525,128.64820203295778,0.0,0.0,1,0,1,0.5384822384689838,0.0
G048546,35.25715180540514,128.64821474889206,0.0,0.0,1,1,1,1.0,0.0
G048547,35.25805332956643,128.648227465391,0.0,0.0,1,1,1,1.0,0.0
G048774,35.23009559119141,128.6489322508006,0.0,0.0,1,0,1,0.5384822384689838,0.0
G048775,35.23099711916334,128.6489449625205,0.0,0.0,1,1,1,1.0,0.0
G048776,35.23189864699675,128.64895767480485,0.0,0.0,1,1,1,1.0,0.0
G048777,35.23280017469161,128.6489703876537,0.0,0.0,0,0,1,0.18356598557436246,0.0
G048778,35.23370170224792,128.64898310106707,0.0,0.0,1,1,1,1.0,0.0
G048779,35.23460322966569,128.64899581504497,0.0,0.0,1,1,1,1.0,0.0
G048780,35.23550475694491,128.6490085295875,0.0,0.0,1,0,1,0.5384822384689838,0.0
G048781,35.23640628408559,128.64902124469458,0.0,0.0,1,1,1,1.0,0.0
G048782,35.23730781108772,128.64903396036627,0.0,0.0,1,0,1,0.5384822384689838,0.0
G048783,35.23820933795129,128.64904667660267,0.0,0.0,1,0,1,0.5384822384689838,0.0
G048784,35.23911086467631,128.64905939340372,0.0,0.0,1,0,1,0.5384822384689838,0.0
G048789,35.24361849622309,128.64912298587987,0.0,0.0,1,0,1,0.5384822384689838,0.0
G048790,35.24452002211676,128.64913570606947,0.0,0.0,0,0,1,0.18356598557436246,0.0
G048791,35.24542154787187,128.64914842682393,0.0,0.0,0,0,0,0.0,0.0
G048792,35.24632307348841,128.64916114814324,0.0,0.0,1,1,1,1.0,0.0
G048793,35.24722459896639,128.64917387002748,0.0,0.0,1,1,1,1.0,0.0
G048794,35.248126124305784,128.64918659247664,0.0,0.0,0,1,1,0.6450837471053786,0.0
G048795,35.24902764950664,128.64919931549073,0.0,0.0,0,0,1,0.18356598557436246,0.0
G048796,35.24992917456889,128.6492120390698,0.0,0.0,1,0,1,0.5384822384689838,0.0
G048797,35.25083069949258,128.64922476321385,0.0,0.0,0,1,1,0.6450837471053786,0.0
G048798,35.25173222427769,128.64923748792293,0.0,0.0,0,1,1,0.6450837471053786,0.0
G048799,35.25263374892422,128.6492502131971,0.0,0.0,1,1,1,1.0,0.0
G048800,35.25353527343218,128.64926293903628,0.0,0.0,1,0,1,0.5384822384689838,0.0
G048801,35.254436797801546,128.64927566544057,0.0,0.0,1,0,1,0.5384822384689838,0.0
G048802,35.25533832203233,128.64928839241,0.0,0.0,1,0,1,0.5384822384689838,0.0
G048803,35.25623984612454,128.6493011199446,0.0,0.0,1,0,1,0.5384822384689838,0.0
G048804,35.257141370078145,128.64931384804433,0.0,0.0,1,1,1,1.0,0.0
G049040,35.23008515627874,128.650030984659,0.0,0.0,1,0,1,0.5384822384689838,0.0
G049041,35.230986683904305,128.6500437085287,0.0,0.0,1,1,1,1.0,0.0
G049042,35.23188821139133,128.65005643296337,6.94,0.0694,0,0,1,0.18356598557436246,0.012739479398860755
G049043,35.2327897387398,128.6500691579631,1.39,0.0139,1,1,0,0.8164340144256376,0.011348432800516362
G049044,35.23369126594971,128.6500818835279,0.0,0.0,1,1,1,1.0,0.0
G049045,35.23459279302107,128.65009460965777,0.0,0.0,1,0,1,0.5384822384689838,0.0
G049046,35.235494319953894,128.65010733635276,0.0,0.0,1,0,1,0.5384822384689838,0.0
G049047,35.236395846748145,128.6501200636129,0.0,0.0,1,1,0,0.8164340144256376,0.0
G049048,35.23729737340385,128.65013279143818,0.0,0.0,1,0,1,0.5384822384689838,0.0
G049055,35.24360805611403,128.6502219020419,0.0,0.0,1,1,1,1.0,0.0
G049056,35.24450958166122,128.6502346343894,0.0,0.0,0,1,1,0.6450837471053786,0.0
G049057,35.24541110706982,128.65024736730228,0.0,0.0,1,0,1,0.5384822384689838,0.0
G049058,35.246312632339865,128.65026010078057,0.0,0.0,0,0,1,0.18356598557436246,0.0
G049059,35.24721415747133,128.6502728348243,0.0,0.0,1,1,1,1.0,0.0
G049060,35.248115682464224,128.6502855694335,0.0,0.0,1,1,1,1.0,0.0
G049061,35.249017207318545,128.65029830460819,0.0,0.0,0,1,1,0.6450837471053786,0.0
G049062,35.24991873203426,128.65031104034838,0.0,0.0,0,1,1,0.6450837471053786,0.0
G049063,35.25082025661142,128.65032377665412,0.0,0.0,0,1,1,0.6450837471053786,0.0
G049064,35.251721781049966,128.65033651352542,0.0,0.0,1,1,1,1.0,0.0
G049065,35.25262330534996,128.65034925096234,0.0,0.0,1,1,1,1.0,0.0
G049066,35.25352482951134,128.65036198896482,0.0,0.0,0,1,1,0.6450837471053786,0.0
G049067,35.254426353534136,128.65037472753295,0.0,0.0,1,0,1,0.5384822384689838,0.0
G049068,35.25532787741835,128.65038746666676,0.0,0.0,1,0,1,0.5384822384689838,0.0
G049069,35.25622940116397,128.65040020636624,0.0,0.0,1,0,1,0.5384822384689838,0.0
G049226,35.153444386457906,128.6500492207487,0.0,0.0,1,1,1,1.0,0.0
G049227,35.15434592550766,128.65006190878734,0.0,0.0,1,1,1,1.0,0.0
G049228,35.155247464419,128.65007459738945,0.0,0.0,1,1,1,1.0,0.0
G049229,35.15614900319191,128.65008728655496,0.0,0.0,1,1,1,1.0,0.0
G049305,35.22466554481317,128.65105331371092,0.0,0.0,1,1,1,1.0,0.0
G049306,35.22556707292331,128.65106604633755,0.0,0.0,1,1,1,1.0,0.0
G049307,35.226468600894925,128.65107877952963,0.0,0.0,1,1,1,1.0,0.0
G049308,35.22737012872799,128.65109151328713,0.0,0.0,1,1,1,1.0,0.0
G049311,35.23007471139586,128.65112971795241,0.0,0.0,1,1,1,1.0,0.0
G049312,35.230976238674714,128.65114245397186,0.0,0.0,1,0,1,0.5384822384689838,0.0
G049313,35.23187776581503,128.65115519055686,15.97,0.1597,0,0,1,0.18356598557436246,0.029315487896225685
G049314,35.23277929281677,128.65116792770743,18.06,0.18059999999999998,1,1,1,1.0,0.18059999999999998
G049315,35.23368081967997,128.65118066542362,0.0,0.0,0,1,1,0.6450837471053786,0.0
G049316,35.23458234640459,128.65119340370543,0.0,0.0,0,0,1,0.18356598557436246,0.0
G049317,35.23548387299066,128.65120614255292,0.0,0.0,1,0,1,0.5384822384689838,0.0
G049318,35.23638539943817,128.65121888196606,0.0,0.0,0,0,1,0.18356598557436246,0.0
G049319,35.23728692574712,128.6512316219449,0.0,0.0,1,1,1,1.0,0.0
G049326,35.24359760602979,128.65132081763858,0.0,0.0,1,1,1,1.0,0.0
G049327,35.24449913123016,128.65133356214392,0.0,0.0,1,1,1,1.0,0.0
G049328,35.24540065629193,128.65134630721522,0.0,0.0,1,1,1,1.0,0.0
G049329,35.24630218121515,128.65135905285246,0.0,0.0,0,0,1,0.18356598557436246,0.0
G049330,35.247203705999766,128.65137179905568,0.0,0.0,1,0,1,0.5384822384689838,0.0
G049331,35.24810523064581,128.6513845458249,0.0,0.0,1,1,1,1.0,0.0
G049332,35.24900675515327,128.65139729316016,0.0,0.0,1,1,1,1.0,0.0
G049333,35.24990827952214,128.65141004106147,0.0,0.0,0,1,1,0.6450837471053786,0.0
G049334,35.25080980375242,128.65142278952885,0.0,0.0,0,1,1,0.6450837471053786,0.0
G049335,35.2517113278441,128.6514355385623,0.0,0.0,1,1,1,1.0,0.0
G049336,35.25261285179719,128.65144828816193,0.0,0.0,1,0,1,0.5384822384689838,0.0
G049337,35.253514375611694,128.6514610383277,0.0,0.0,1,0,1,0.5384822384689838,0.0
G049497,35.15253242223355,128.65113422313777,0.0,0.0,1,1,1,1.0,0.0
G049498,35.15343396107531,128.65114692271644,0.0,0.0,1,1,1,1.0,0.0
G049499,35.154335499778654,128.65115962285907,0.0,0.0,1,1,1,1.0,0.0
G049500,35.155237038343586,128.6511723235657,0.0,0.0,1,1,1,1.0,0.0
G049501,35.1561385767701,128.6511850248363,0.0,0.0,1,1,1,1.0,0.0
G049502,35.15704011505818,128.65119772667094,0.0,0.0,1,1,1,1.0,0.0
G049576,35.22375356414043,128.65213922934436,0.0,0.0,1,1,1,1.0,0.0
G049577,35.224655092042134,128.6521519735516,0.0,0.0,1,1,1,1.0,0.0
G049578,35.22555661980529,128.65216471832477,0.0,0.0,1,1,1,1.0,0.0
G049579,35.2264581474299,128.6521774636639,0.0,0.0,1,1,1,1.0,0.0
G049580,35.22735967491595,128.65219020956897,0.0,0.0,1,0,1,0.5384822384689838,0.0
G049581,35.22826120226345,128.65220295604004,0.0,0.0,1,0,1,0.5384822384689838,0.0
G049583,35.230064256542775,128.6522284506803,0.0,0.0,1,0,1,0.5384822384689838,0.0
G049584,35.230965783474595,128.65224119884948,0.0,0.0,1,0,1,0.5384822384689838,0.0
G049585,35.23186731026786,128.6522539475848,0.0,0.0,1,1,1,1.0,0.0
G049586,35.23276883692256,128.6522666968862,0.0,0.0,0,1,1,0.6450837471053786,0.0
G049587,35.233670363438684,128.65227944675374,0.0,0.0,1,1,1,1.0,0.0
G049588,35.23457188981625,128.65229219718745,0.0,0.0,1,0,1,0.5384822384689838,0.0
G049589,35.23547341605525,128.65230494818738,0.0,0.0,1,1,1,1.0,0.0
G049590,35.23637494215567,128.6523176997535,0.0,0.0,1,1,1,1.0,0.0
G049591,35.237276468117535,128.65233045188586,0.0,0.0,1,1,1,1.0,0.0
G049595,35.24088257057921,128.65238146607825,0.0,0.0,1,0,1,0.5384822384689838,0.0
G049596,35.24178409584818,128.65239422104221,0.0,0.0,1,0,1,0.5384822384689838,0.0
G049597,35.24268562097857,128.65240697657256,0.0,0.0,0,0,1,0.18356598557436246,0.0
G049599,35.244488670823586,128.65243248933254,0.0,0.0,0,1,1,0.6450837471053786,0.0
G049600,35.24539019553822,128.6524452465622,0.0,0.0,1,1,1,1.0,0.0
G049601,35.24629172011427,128.65245800435835,0.0,0.0,0,1,1,0.6450837471053786,0.0
G049602,35.24719324455172,128.65247076272107,0.0,0.0,0,0,1,0.18356598557436246,0.0
G049603,35.248094768850585,128.65248352165028,0.0,0.0,0,1,1,0.6450837471053786,0.0
G049604,35.248996293010855,128.65249628114609,0.0,0.0,1,1,1,1.0,0.0
G049605,35.249897817032526,128.65250904120845,0.0,0.0,1,1,1,1.0,0.0
G049606,35.250799340915606,128.65252180183745,0.0,0.0,0,0,1,0.18356598557436246,0.0
G049607,35.25170086466007,128.6525345630331,0.0,0.0,1,0,1,0.5384822384689838,0.0
G049608,35.25260238826595,128.65254732479542,0.0,0.0,1,0,1,0.5384822384689838,0.0
G049609,35.253503911733226,128.6525600871244,0.0,0.0,1,1,1,1.0,0.0
G049769,35.152521987255575,128.6522319124381,0.0,0.0,1,1,1,1.0,0.0
G049770,35.15342352575061,128.65224462412021,0.0,0.0,1,1,1,1.0,0.0
G049771,35.154325064107226,128.65225733636683,0.0,0.0,1,1,1,1.0,0.0
G049772,35.15522660232543,128.652270049178,0.0,0.0,1,1,1,1.0,0.0
G049773,35.15612814040519,128.6522827625536,0.0,0.0,1,1,1,1.0,0.0
G049774,35.15702967834653,128.65229547649383,0.0,0.0,1,1,1,1.0,0.0
G049847,35.22284157405555,128.6532251206864,0.0,0.0,1,1,1,1.0,0.0
G049848,35.22374310174852,128.65323787647318,0.0,0.0,1,1,1,1.0,0.0
G049849,35.2246446293029,128.65325063282637,0.0,0.0,1,1,1,1.0,0.0
G049850,35.225546156718735,128.65326338974606,0.0,0.0,1,1,1,1.0,0.0
G049851,35.22644768399602,128.6532761472322,0.0,0.0,1,1,1,1.0,0.0
G049852,35.22734921113473,128.65328890528485,0.0,0.0,1,0,1,0.5384822384689838,0.0
G049853,35.22825073813488,128.65330166390405,0.0,0.0,1,0,1,0.5384822384689838,0.0
G049854,35.22915226499647,128.65331442308977,0.0,0.0,1,1,1,1.0,0.0
G049855,35.230053791719484,128.65332718284208,0.0,0.0,0,0,1,0.18356598557436246,0.0
G049856,35.23095531830395,128.653339943161,0.0,0.0,1,0,1,0.5384822384689838,0.0
G049857,35.23185684474985,128.65335270404657,0.0,0.0,0,1,1,0.6450837471053786,0.0
G049858,35.232758371057166,128.65336546549878,0.0,0.0,0,1,1,0.6450837471053786,0.0
G049859,35.233659897225905,128.6533782275177,0.0,0.0,1,0,1,0.5384822384689838,0.0
G049860,35.23456142325607,128.6533909901033,0.0,0.0,1,0,1,0.5384822384689838,0.0
G049861,35.23546294914766,128.65340375325562,0.0,0.0,1,1,1,1.0,0.0
G049862,35.236364474900675,128.65341651697472,0.0,0.0,1,1,1,1.0,0.0
G049863,35.23726600051512,128.65342928126057,0.0,0.0,1,1,1,1.0,0.0
G049865,35.239069051328244,128.65345481153275,11.11,0.11109999999999999,1,0,1,0.5384822384689838,0.05982537669390409
G049866,35.239970576526936,128.6534675775191,0.0,0.0,1,0,1,0.5384822384689838,0.0
G049867,35.24087210158704,128.65348034407236,0.0,0.0,1,0,0,0.35491625289462136,0.0
G049868,35.241773626508554,128.65349311119252,0.0,0.0,0,0,0,0.0,0.0
G049869,35.24267515129147,128.6535058788796,0.0,0.0,1,0,1,0.5384822384689838,0.0
G049870,35.243576675935806,128.65351864713364,0.0,0.0,1,0,1,0.5384822384689838,0.0
G049871,35.24447820044154,128.6535314159547,0.0,0.0,1,1,1,1.0,0.0
G049872,35.24537972480869,128.6535441853427,0.0,0.0,0,1,1,0.6450837471053786,0.0
G049873,35.24628124903723,128.65355695529777,0.0,0.0,0,1,1,0.6450837471053786,0.0
G049874,35.24718277312719,128.6535697258199,0.0,0.0,1,0,1,0.5384822384689838,0.0
G049875,35.24808429707854,128.65358249690908,0.0,0.0,0,1,1,0.6450837471053786,0.0
G049876,35.2489858208913,128.6535952685654,0.0,0.0,1,1,1,1.0,0.0
G049877,35.24988734456545,128.65360804078884,0.0,0.0,1,0,1,0.5384822384689838,0.0
G049878,35.25078886810099,128.65362081357944,0.0,0.0,1,0,1,0.5384822384689838,0.0
G049879,35.251690391497924,128.65363358693722,0.0,0.0,1,1,1,1.0,0.0
G049880,35.252591914756245,128.6536463608622,0.0,0.0,1,1,1,1.0,0.0
G050030,35.144397692774845,128.65321511252606,0.0,0.0,1,1,1,1.0,0.0
G050031,35.14529923216863,128.6532278312275,0.0,0.0,1,1,1,1.0,0.0
G050032,35.146200771424006,128.65324055049376,0.0,0.0,1,1,1,1.0,0.0
G050033,35.14710231054096,128.65325327032485,0.0,0.0,1,1,1,1.0,0.0
G050034,35.1480038495195,128.65326599072077,0.0,0.0,1,1,1,1.0,0.0
G050038,35.15161000404943,128.65331687795347,0.0,0.0,0,1,1,0.6450837471053786,0.0
G050039,35.15251154233585,128.653329601174,0.0,0.0,0,1,1,0.6450837471053786,0.0
G050040,35.15341308048384,128.65334232495954,0.0,0.0,1,0,1,0.5384822384689838,0.0
G050041,35.154314618493395,128.6533550493101,0.0,0.0,1,1,1,1.0,0.0
G050042,35.155216156364546,128.6533677742257,0.0,0.0,1,1,1,1.0,0.0
G050043,35.156117694097226,128.65338049970637,0.0,0.0,1,1,1,1.0,0.0
G050044,35.15701923169149,128.65339322575215,0.0,0.0,1,1,1,1.0,0.0
G050117,35.22283110204341,128.6543237551034,0.0,0.0,1,0,1,0.5384822384689838,0.0
G050118,35.22373262938873,128.6543365230356,0.0,0.0,1,0,1,0.5384822384689838,0.0
G050119,35.22463415659548,128.65434929153471,0.0,0.0,1,1,1,1.0,0.0
G050120,35.22553568366365,128.65436206060085,0.0,0.0,1,1,1,1.0,0.0
G050121,35.226437210593275,128.654374830234,0.0,0.0,1,0,1,0.5384822384689838,0.0
G050122,35.22733873738432,128.65438760043418,0.0,0.0,1,0,1,0.5384822384689838,0.0
G050123,35.2282402640368,128.65440037120146,0.0,0.0,1,1,1,1.0,0.0
G050124,35.22914179055071,128.6544131425358,0.0,0.0,1,0,1,0.5384822384689838,0.0
G050125,35.23004331692605,128.6544259144373,0.0,0.0,1,1,0,0.8164340144256376,0.0
G050126,35.2309448431628,128.65443868690593,0.0,0.0,1,1,1,1.0,0.0
G050127,35.231846369261,128.65445145994173,0.0,0.0,1,0,1,0.5384822384689838,0.0
G050128,35.232747895220584,128.6544642335447,0.0,0.0,1,0,1,0.5384822384689838,0.0
G050129,35.233649421041626,128.65447700771495,0.0,0.0,0,0,1,0.18356598557436246,0.0
G050130,35.23455094672406,128.65448978245237,0.0,0.0,0,0,1,0.18356598557436246,0.0
G050131,35.235452472267916,128.6545025577571,0.0,0.0,1,0,1,0.5384822384689838,0.0
G050132,35.2363539976732,128.65451533362915,0.0,0.0,1,1,0,0.8164340144256376,0.0
G050133,35.23725552293988,128.6545281100685,0.0,0.0,1,1,1,1.0,0.0
G050135,35.239058573057484,128.65455366464923,9.68,0.0968,1,0,1,0.5384822384689838,0.05212508068379763
G050136,35.2399600979084,128.6545664427907,4.86,0.048600000000000004,1,0,1,0.5384822384689838,0.026170236789592616
G050137,35.24086162262072,128.65457922149957,0.0,0.0,1,0,1,0.5384822384689838,0.0
G050138,35.24176314719445,128.6545920007759,0.0,0.0,1,0,1,0.5384822384689838,0.0
G050139,35.24266467162958,128.65460478061968,0.0,0.0,0,0,1,0.18356598557436246,0.0
G050140,35.243566195926114,128.654617561031,0.0,0.0,1,0,1,0.5384822384689838,0.0
G050141,35.24446772008404,128.6546303420098,0.0,0.0,0,1,1,0.6450837471053786,0.0
G050142,35.245369244103365,128.65464312355618,0.0,0.0,1,1,1,1.0,0.0
G050143,35.246270767984086,128.6546559056701,0.0,0.0,0,1,1,0.6450837471053786,0.0
G050144,35.247172291726194,128.65466868835162,0.0,0.0,1,0,1,0.5384822384689838,0.0
G050145,35.24807381532972,128.65468147160078,0.0,0.0,1,0,1,0.5384822384689838,0.0
G050146,35.24897533879463,128.65469425541758,0.0,0.0,1,0,1,0.5384822384689838,0.0
G050300,35.14348570185457,128.65429996155598,0.0,0.0,1,1,1,1.0,0.0
G050301,35.14438724103947,128.65431269179066,0.0,0.0,1,1,1,1.0,0.0
G050302,35.14528878008594,128.65432542259066,0.0,0.0,1,1,1,1.0,0.0
G050303,35.14619031899399,128.65433815395602,0.0,0.0,1,1,1,1.0,0.0
G050304,35.147091857763634,128.6543508858867,0.0,0.0,1,1,1,1.0,0.0
G050305,35.14799339639483,128.65436361838283,0.0,0.0,1,1,1,1.0,0.0
G050306,35.14889493488761,128.6543763514443,0.0,0.0,1,1,1,1.0,0.0
G050307,35.14979647324195,128.65438908507124,0.0,0.0,1,0,1,0.5384822384689838,0.0
G050308,35.15069801145787,128.65440181926365,0.0,0.0,1,1,1,1.0,0.0
G050309,35.15159954953535,128.6544145540215,0.0,0.0,1,1,1,1.0,0.0
G050310,35.15250108747439,128.65442728934488,0.0,0.0,0,1,1,0.6450837471053786,0.0
G050311,35.15340262527501,128.6544400252338,0.0,0.0,1,0,1,0.5384822384689838,0.0
G050312,35.15430416293719,128.6544527616883,0.0,0.0,1,1,1,1.0,0.0
G050313,35.155205700460925,128.65446549870836,0.0,0.0,1,1,1,1.0,0.0
G050314,35.15610723784622,128.65447823629404,0.0,0.0,1,1,1,1.0,0.0
G050315,35.15700877509307,128.65449097444534,0.0,0.0,1,1,1,1.0,0.0
G050387,35.221919092927855,128.65540960944344,0.0,0.0,1,1,1,1.0,0.0
G050388,35.222820620063764,128.65542238895347,0.0,0.0,1,1,1,1.0,0.0
G050389,35.22372214706112,128.65543516903102,0.0,0.0,1,0,1,0.5384822384689838,0.0
G050390,35.22462367391988,128.65544794967605,0.0,0.0,1,0,1,0.5384822384689838,0.0
G050391,35.22552520064008,128.65546073088862,0.0,0.0,1,0,1,0.5384822384689838,0.0
G050392,35.22642672722171,128.65547351266875,0.0,0.0,1,0,1,0.5384822384689838,0.0
G050393,35.22732825366476,128.65548629501646,0.0,0.0,1,1,1,1.0,0.0
G050394,35.22822977996923,128.65549907793178,0.0,0.0,1,0,0,0.35491625289462136,0.0
G050395,35.22913130613512,128.65551186141474,0.0,0.0,1,0,1,0.5384822384689838,0.0
G050397,35.23093435805116,128.65553743008365,0.0,0.0,1,1,1,1.0,0.0
G050398,35.23183588380133,128.65555021526967,0.0,0.0,1,1,1,1.0,0.0
G050399,35.232737409412884,128.6555630010234,0.0,0.0,1,1,1,1.0,0.0
G050400,35.23363893488586,128.6555757873449,0.0,0.0,1,1,1,1.0,0.0
G050401,35.234540460220245,128.6555885742342,0.0,0.0,1,1,1,1.0,0.0
G050402,35.23544198541603,128.6556013616913,0.0,0.0,1,0,1,0.5384822384689838,0.0
G050403,35.236343510473226,128.65561414971623,0.0,0.0,1,1,1,1.0,0.0
G050406,35.23904808481326,128.65565251719832,1.28,0.0128,1,1,1,1.0,0.0128
G050407,35.23994960931608,128.65566530749484,4.17,0.0417,1,0,1,0.5384822384689838,0.022454709344156627
G050408,35.24085113368029,128.65567809835935,0.0,0.0,0,0,1,0.18356598557436246,0.0
G050409,35.24175265790589,128.65569088979183,0.0,0.0,0,1,1,0.6450837471053786,0.0
G050410,35.242654181992904,128.6557036817923,0.0,0.0,1,0,1,0.5384822384689838,0.0
G050411,35.2435557059413,128.65571647436082,0.0,0.0,1,0,1,0.5384822384689838,0.0
G050412,35.244457229751085,128.65572926749738,0.0,0.0,1,0,1,0.5384822384689838,0.0
G050413,35.24535875342225,128.65574206120206,7.69,0.07690000000000001,1,1,1,1.0,0.07690000000000001
G050414,35.246260276954814,128.65575485547484,2.78,0.0278,0,1,1,0.6450837471053786,0.017933328169529524
G050415,35.24716180034877,128.65576765031577,0.0,0.0,1,0,1,0.5384822384689838,0.0
G050416,35.24806332360412,128.65578044572484,0.0,0.0,1,0,1,0.5384822384689838,0.0
G050417,35.24896484672085,128.6557932417021,0.0,0.0,0,0,1,0.18356598557436246,0.0
G050572,35.14347524052808,128.65539752815727,0.0,0.0,1,1,1,1.0,0.0
G050573,35.14437677936535,128.65541027048994,0.0,0.0,1,1,1,1.0,0.0
G050574,35.14527831806418,128.65542301338849,0.0,0.0,1,1,1,1.0,0.0
G050575,35.146179856624585,128.6554357568529,0.0,0.0,1,1,1,1.0,0.0
G050576,35.14708139504656,128.6554485008832,0.0,0.0,1,1,1,1.0,0.0
G050577,35.14798293333009,128.65546124547944,0.0,0.0,1,1,1,1.0,0.0
G050578,35.1488844714752,128.6554739906416,0.0,0.0,1,1,1,1.0,0.0
G050579,35.14978600948187,128.65548673636977,0.0,0.0,1,0,1,0.5384822384689838,0.0
G050580,35.1506875473501,128.65549948266388,0.0,0.0,1,0,1,0.5384822384689838,0.0
G050581,35.1515890850799,128.65551222952405,0.0,0.0,1,0,1,0.5384822384689838,0.0
G050582,35.15249062267124,128.65552497695026,0.0,0.0,1,0,0,0.35491625289462136,0.0
G050583,35.153392160124135,128.65553772494252,0.0,0.0,1,0,1,0.5384822384689838,0.0
G050584,35.15429369743859,128.6555504735009,0.0,0.0,1,1,1,1.0,0.0
G050585,35.15519523461462,128.65556322262543,0.0,0.0,1,1,1,1.0,0.0
G050586,35.15609677165218,128.65557597231606,0.0,0.0,1,1,1,1.0,0.0
G050587,35.15699830855129,128.65558872257287,0.0,0.0,1,1,1,1.0,0.0
G050658,35.2210070744028,128.6564954394944,0.0,0.0,1,1,1,1.0,0.0
G050659,35.221908601329005,128.65650823058124,0.0,0.0,1,1,1,1.0,0.0
G050660,35.22281012811662,128.65652102223606,0.0,0.0,1,1,1,1.0,0.0
G050661,35.22371165476568,128.65653381445892,0.0,0.0,1,1,1,1.0,0.0
G050662,35.22461318127614,128.65654660724985,0.0,0.0,0,1,1,0.6450837471053786,0.0
G050663,35.22551470764802,128.6565594006088,0.0,0.0,1,0,1,0.5384822384689838,0.0
G050664,35.22641623388134,128.6565721945359,0.0,0.0,1,0,1,0.5384822384689838,0.0
G050665,35.22731775997606,128.6565849890311,0.0,0.0,1,1,1,1.0,0.0
G050666,35.228219285932184,128.6565977840945,0.0,0.0,1,0,1,0.5384822384689838,0.0
G050669,35.23092386296907,128.65663617269368,0.0,0.0,1,1,1,1.0,0.0
G050670,35.231825388370865,128.6566489700299,0.0,0.0,1,1,1,1.0,0.0
G050671,35.23272691363406,128.65666176793437,0.0,0.0,1,1,1,1.0,0.0
G050672,35.23362843875864,128.65667456640713,0.0,0.0,1,1,1,1.0,0.0
G050673,35.23452996374463,128.65668736544822,0.0,0.0,1,1,1,1.0,0.0
G050674,35.23543148859203,128.65670016505769,0.0,0.0,1,1,1,1.0,0.0
G050678,35.23903758659559,128.65675136917946,0.0,0.0,1,0,1,0.5384822384689838,0.0
G050679,35.23993911074998,128.65676417163104,0.0,0.0,0,0,1,0.18356598557436246,0.0
G050680,35.240840634765746,128.6567769746511,0.0,0.0,0,1,1,0.6450837471053786,0.0
G050681,35.2417421586429,128.6567897782397,0.0,0.0,0,1,1,0.6450837471053786,0.0
G050682,35.24264368238145,128.65680258239686,0.0,0.0,1,1,1,1.0,0.0
G050683,35.24354520598138,128.65681538712258,0.0,0.0,0,0,1,0.18356598557436246,0.0
G050684,35.24444672944269,128.6568281924169,0.0,0.0,0,0,1,0.18356598557436246,0.0
G050685,35.24534825276538,128.65684099827985,18.18,0.1818,0,1,1,0.6450837471053786,0.11727622522375783
G050686,35.24624977594947,128.65685380471143,4.22,0.042199999999999994,1,1,1,1.0,0.042199999999999994
G050687,35.24715129899493,128.6568666117117,0.0,0.0,1,0,1,0.5384822384689838,0.0
G050688,35.24805282190177,128.6568794192807,0.0,0.0,1,1,1,1.0,0.0
G050689,35.248954344669976,128.6568922274184,0.0,0.0,1,0,1,0.5384822384689838,0.0
G050845,35.14346476926321,128.65649509419276,0.0,0.0,1,1,1,1.0,0.0
G050846,35.144366307752506,128.6565078486234,0.0,0.0,1,1,1,1.0,0.0
G050847,35.14526784610337,128.65652060362044,0.0,0.0,1,1,1,1.0,0.0
G050848,35.1461693843158,128.6565333591839,0.0,0.0,1,1,1,1.0,0.0
G050849,35.14707092238978,128.65654611531377,0.0,0.0,1,1,1,1.0,0.0
G050850,35.147972460325335,128.65655887201012,0.0,0.0,1,0,1,0.5384822384689838,0.0
G050851,35.14887399812243,128.65657162927295,0.0,0.0,0,0,1,0.18356598557436246,0.0
G050852,35.14977553578109,128.65658438710227,0.0,0.0,1,0,1,0.5384822384689838,0.0
G050853,35.15067707330131,128.65659714549813,0.0,0.0,0,0,1,0.18356598557436246,0.0
G050854,35.15157861068307,128.65660990446057,0.0,0.0,0,0,1,0.18356598557436246,0.0
G050855,35.15248014792638,128.65662266398957,0.0,0.0,1,0,1,0.5384822384689838,0.0
G050856,35.153381685031235,128.65663542408518,0.0,0.0,1,0,1,0.5384822384689838,0.0
G050857,35.15428322199766,128.6566481847474,0.0,0.0,1,1,1,1.0,0.0
G050858,35.15518475882561,128.6566609459763,0.0,0.0,1,0,1,0.5384822384689838,0.0
G050859,35.15608629551512,128.6566737077719,0.0,0.0,1,1,1,1.0,0.0
G050860,35.15698783206616,128.65668647013422,0.0,0.0,1,1,1,1.0,0.0
G050861,35.15788936847874,128.65669923306325,0.0,0.0,0,1,1,0.6450837471053786,0.0
G050862,35.15879090475286,128.65671199655904,0.0,0.0,1,1,1,1.0,0.0
G050925,35.21558741080978,128.65751724047135,0.0,0.0,1,1,1,1.0,0.0
G050926,35.21648893821883,128.65753004029173,0.0,0.0,1,1,1,1.0,0.0
G050927,35.2173904654893,128.6575428406805,0.0,0.0,1,0,1,0.5384822384689838,0.0
G050928,35.2182919926212,128.65755564163769,0.0,0.0,1,0,1,0.5384822384689838,0.0
G050929,35.219193519614514,128.65756844316329,0.0,0.0,1,0,1,0.5384822384689838,0.0
G050930,35.220095046469254,128.65758124525738,0.0,0.0,1,1,1,1.0,0.0
G050931,35.22099657318543,128.65759404791993,0.0,0.0,1,1,1,1.0,0.0
G050932,35.221898099763,128.657606851151,0.0,0.0,1,1,1,1.0,0.0
G050933,35.222799626202004,128.65761965495062,0.0,0.0,1,1,1,1.0,0.0
G050934,35.22370115250243,128.6576324593188,0.0,0.0,1,1,1,1.0,0.0
G050935,35.224602678664255,128.65764526425556,0.0,0.0,1,0,1,0.5384822384689838,0.0
G050936,35.2255042046875,128.6576580697609,0.0,0.0,1,0,1,0.5384822384689838,0.0
G050937,35.226405730572154,128.65767087583495,0.0,0.0,1,0,1,0.5384822384689838,0.0
G050938,35.22730725631822,128.6576836824776,0.0,0.0,1,0,1,0.5384822384689838,0.0
G050939,35.22820878192569,128.65769648968896,0.0,0.0,0,0,1,0.18356598557436246,0.0
G050942,35.23091335791653,128.65773491473544,0.0,0.0,1,1,1,1.0,0.0
G050943,35.231814882969616,128.6577477242218,0.0,0.0,1,1,1,1.0,0.0
G050944,35.2327164078841,128.657760534277,0.0,0.0,1,1,1,1.0,0.0
G050945,35.233617932659975,128.65777334490102,0.0,0.0,1,1,1,1.0,0.0
G050946,35.234519457297246,128.6577861560939,0.0,0.0,1,1,1,1.0,0.0
G050947,35.23542098179591,128.65779896785565,0.0,0.0,1,1,1,1.0,0.0
G050951,35.23902707840449,128.65785022059214,0.0,0.0,1,0,1,0.5384822384689838,0.0
G050952,35.239928602210114,128.65786303519872,0.0,0.0,1,0,1,0.5384822384689838,0.0
G050953,35.2408301258771,128.65787585037435,0.0,0.0,1,1,1,1.0,0.0
G050954,35.24173164940548,128.65788866611905,0.0,0.0,0,1,1,0.6450837471053786,0.0
G050955,35.24263317279524,128.65790148243283,0.0,0.0,0,1,1,0.6450837471053786,0.0
G050956,35.243534696046375,128.65791429931573,0.0,0.0,0,1,0,0.4615177615310162,0.0
G050957,35.244436219158885,128.65792711676775,0.0,0.0,1,0,1,0.5384822384689838,0.0
G050958,35.245337742132776,128.65793993478897,0.0,0.0,1,0,1,0.5384822384689838,0.0
G050959,35.24623926496803,128.65795275337936,0.0,0.0,0,0,1,0.18356598557436246,0.0
G050960,35.24714078766467,128.65796557253898,0.0,0.0,1,0,1,0.5384822384689838,0.0
G050961,35.248042310222665,128.65797839226784,0.0,0.0,0,0,1,0.18356598557436246,0.0
G050962,35.24894383264204,128.65799121256597,0.0,0.0,1,1,1,1.0,0.0
G051119,35.143454288059964,128.65759265966187,0.0,0.0,1,1,1,1.0,0.0
G051120,35.14435582620097,128.65760542619049,0.0,0.0,1,1,1,1.0,0.0
G051121,35.145257364203516,128.657618193286,0.0,0.0,1,1,1,1.0,0.0
G051122,35.14615890206764,128.65763096094844,0.0,0.0,0,1,1,0.6450837471053786,0.0
G051123,35.147060439793314,128.6576437291779,0.0,0.0,1,0,1,0.5384822384689838,0.0
G051124,35.14796197738053,128.6576564979743,5.66,0.056600000000000004,0,0,1,0.18356598557436246,0.010389834783508916
G051125,35.1488635148293,128.65766926733775,21.48,0.2148,0,0,1,0.18356598557436246,0.03942997370137306
G051126,35.14976505213961,128.65768203726824,1.39,0.0139,0,0,1,0.18356598557436246,0.002551567199483638
G051127,35.150666589311484,128.6576948077658,0.0,0.0,1,0,1,0.5384822384689838,0.0
G051128,35.1515681263449,128.65770757883044,0.0,0.0,0,0,1,0.18356598557436246,0.0
G051129,35.15246966323985,128.65772035046226,5.56,0.0556,1,0,1,0.5384822384689838,0.029939612458875497
G051130,35.153371199996336,128.65773312266114,0.0,0.0,1,0,1,0.5384822384689838,0.0
G051131,35.15427273661437,128.65774589542727,0.0,0.0,1,1,1,1.0,0.0
G051133,35.156075809435066,128.65777144266104,0.0,0.0,1,1,1,1.0,0.0
G051134,35.156977345637706,128.6577842171288,0.0,0.0,0,1,1,0.6450837471053786,0.0
G051135,35.157878881701876,128.65779699216384,0.0,0.0,0,1,1,0.6450837471053786,0.0
G051136,35.15878041762758,128.65780976776617,0.0,0.0,1,1,1,1.0,0.0
G051137,35.15968195341481,128.65782254393582,0.0,0.0,1,1,1,1.0,0.0
G051138,35.160583489063576,128.65783532067277,0.0,0.0,1,1,1,1.0,0.0
G051139,35.16148502457388,128.65784809797714,0.0,0.0,1,1,1,1.0,0.0
G051199,35.215576901719125,128.65861577547446,0.0,0.0,1,1,1,1.0,0.0
G051200,35.21647842877926,128.6586285874358,0.0,0.0,1,1,1,1.0,0.0
G051201,35.21737995570082,128.65864139996611,0.0,0.0,1,0,1,0.5384822384689838,0.0
G051202,35.2182814824838,128.65865421306532,0.0,0.0,1,0,1,0.5384822384689838,0.0
G051203,35.2191830091282,128.65866702673353,0.0,0.0,1,1,1,1.0,0.0
G051204,35.22008453563401,128.65867984097073,0.0,0.0,1,1,1,1.0,0.0
G051205,35.22098606200124,128.65869265577697,0.0,0.0,1,1,1,1.0,0.0
G051206,35.221887588229876,128.65870547115227,0.0,0.0,1,1,1,1.0,0.0
G051207,35.22278911431993,128.6587182870966,0.0,0.0,1,1,1,1.0,0.0
G051208,35.22369064027139,128.65873110361008,0.0,0.0,0,0,1,0.18356598557436246,0.0
G051209,35.22459216608425,128.65874392069267,0.0,0.0,1,0,1,0.5384822384689838,0.0
G051210,35.22549369175852,128.6587567383444,0.0,0.0,1,1,1,1.0,0.0
G051211,35.2263952172942,128.65876955656532,0.0,0.0,1,0,1,0.5384822384689838,0.0
G051212,35.22729674269128,128.65878237535543,0.0,0.0,1,0,1,0.5384822384689838,0.0
G051225,35.23901656023998,128.65894907143579,0.0,0.0,0,0,1,0.18356598557436246,0.0
G051226,35.2399180836965,128.65896189819736,0.0,0.0,1,1,1,1.0,0.0
G051227,35.240819607014394,128.65897472552854,0.0,0.0,0,1,1,0.6450837471053786,0.0
G051228,35.24172113019366,128.65898755342928,0.0,0.0,1,1,1,1.0,0.0
G051229,35.2426226532343,128.6590003818997,0.0,0.0,1,1,1,1.0,0.0
G051230,35.24352417613631,128.65901321093975,0.0,0.0,1,1,1,1.0,0.0
G051231,35.244425698899676,128.6590260405495,0.0,0.0,0,0,0,0.0,0.0
G051232,35.24532722152443,128.65903887072892,0.0,0.0,0,0,0,0.0,0.0
G051233,35.24622874401054,128.6590517014781,0.0,0.0,0,1,1,0.6450837471053786,0.0
G051234,35.24713026635801,128.659064532797,0.0,0.0,0,1,1,0.6450837471053786,0.0
G051235,35.24803178856685,128.65907736468571,0.0,0.0,0,0,1,0.18356598557436246,0.0
G051395,35.14434533471073,128.65870300319062,0.0,0.0,1,0,1,0.5384822384689838,0.0
G051396,35.145246872364666,128.65871578238458,0.0,0.0,1,0,1,0.5384822384689838,0.0
G051397,35.146148409880134,128.65872856214605,0.0,0.0,1,0,1,0.5384822384689838,0.0
G051398,35.147049947257166,128.658741342475,0.0,0.0,0,0,1,0.18356598557436246,0.0
G051399,35.14795148449573,128.65875412337147,4.49,0.0449,1,0,1,0.5384822384689838,0.024177852507257375
G051400,35.14885302159583,128.65876690483552,50.0,0.5,1,0,1,0.5384822384689838,0.2692411192344919
G051401,35.14975455855749,128.65877968686715,1.39,0.0139,1,0,1,0.5384822384689838,0.007484903114718874
G051402,35.15065609538067,128.6587924694664,0.0,0.0,1,0,1,0.5384822384689838,0.0
G051403,35.15155763206539,128.65880525263327,17.33,0.17329999999999998,0,0,1,0.18356598557436246,0.03181198530003701
G051404,35.15245916861166,128.6588180363678,37.5,0.375,1,0,1,0.5384822384689838,0.20193083942586892
G051405,35.15336070501945,128.65883082067,0.0,0.0,0,0,1,0.18356598557436246,0.0
G051406,35.15426224128878,128.6588436055399,0.0,0.0,0,0,0,0.0,0.0
G051407,35.155163777419645,128.65885639097755,0.0,0.0,1,0,1,0.5384822384689838,0.0
G051408,35.15606531341203,128.65886917698296,0.0,0.0,1,1,1,1.0,0.0
G051409,35.156966849265935,128.65888196355615,0.0,0.0,1,1,1,1.0,0.0
G051410,35.15786838498137,128.65889475069716,0.0,0.0,1,1,1,1.0,0.0
G051411,35.15876992055833,128.65890753840597,0.0,0.0,0,1,0,0.4615177615310162,0.0
G051412,35.1596714559968,128.65892032668268,0.0,0.0,1,1,1,1.0,0.0
G051413,35.16057299129682,128.65893311552722,0.0,0.0,1,1,1,1.0,0.0
G051414,35.16147452645835,128.6589459049397,0.0,0.0,0,1,1,0.6450837471053786,0.0
G051415,35.16237606148138,128.65895869492013,0.0,0.0,1,1,1,1.0,0.0
G051473,35.214664855814156,128.6597014863758,0.0,0.0,1,1,1,1.0,0.0
G051474,35.21556638266365,128.65971430990868,0.0,0.0,1,1,1,1.0,0.0
G051475,35.21646790937457,128.65972713401098,0.0,0.0,1,0,1,0.5384822384689838,0.0
G051476,35.21736943594689,128.65973995868274,0.0,0.0,1,0,1,0.5384822384689838,0.0
G051477,35.21827096238063,128.659752783924,0.0,0.0,1,1,1,1.0,0.0
G051478,35.21917248867578,128.65976560973476,0.0,0.0,1,1,1,1.0,0.0
G051479,35.22007401483233,128.6597784361151,0.0,0.0,1,1,1,1.0,0.0
G051481,35.22187706672965,128.65980409058443,0.0,0.0,1,1,1,1.0,0.0
G051482,35.22277859247042,128.65981691867353,0.0,0.0,1,1,1,1.0,0.0
G051483,35.223680118072586,128.65982974733222,0.0,0.0,1,0,1,0.5384822384689838,0.0
G051484,35.224581643536155,128.6598425765606,0.0,0.0,1,1,1,1.0,0.0
G051485,35.22548316886111,128.6598554063587,0.0,0.0,1,0,1,0.5384822384689838,0.0
G051486,35.226384694047475,128.6598682367265,0.0,0.0,1,0,1,0.5384822384689838,0.0
G051499,35.23810450885637,128.66003508336343,0.0,0.0,1,0,1,0.5384822384689838,0.0
G051500,35.239006032102075,128.6600479217099,0.0,0.0,1,0,1,0.5384822384689838,0.0
G051501,35.239907555209165,128.66006076062644,0.0,0.0,0,0,1,0.18356598557436246,0.0
G051502,35.24080907817761,128.66007360011312,0.0,0.0,0,0,1,0.18356598557436246,0.0
G051503,35.24171060100745,128.66008644016995,0.0,0.0,0,1,1,0.6450837471053786,0.0
G051504,35.242612123698635,128.6600992807969,0.0,0.0,0,1,1,0.6450837471053786,0.0
G051505,35.24351364625118,128.6601121219941,0.0,0.0,1,0,1,0.5384822384689838,0.0
G051506,35.2444151686651,128.6601249637615,0.0,0.0,1,0,1,0.5384822384689838,0.0
G051507,35.24531669094037,128.66013780609913,0.0,0.0,1,0,1,0.5384822384689838,0.0
G051508,35.246218213077,128.66015064900705,0.0,0.0,1,1,1,1.0,0.0
G051509,35.24711973507498,128.66016349248525,0.0,0.0,1,1,1,1.0,0.0
G051677,35.14523637058679,128.6598133709157,0.0,0.0,0,1,1,0.6450837471053786,0.0
G051678,35.14613790775329,128.6598261627761,0.0,0.0,0,0,0,0.0,0.0
G051681,35.148842518422036,128.65986454176573,0.0,0.0,1,0,1,0.5384822384689838,0.0
G051682,35.14974405503468,128.65987733589844,0.0,0.0,1,0,1,0.5384822384689838,0.0
G051683,35.15064559150888,128.65989013059934,0.0,0.0,1,0,0,0.35491625289462136,0.0
G051684,35.15154712784457,128.65990292586838,0.0,0.0,0,0,1,0.18356598557436246,0.0
G051685,35.15244866404181,128.65991572170563,0.0,0.0,1,0,0,0.35491625289462136,0.0
G051686,35.153350200100576,128.6599285181111,0.0,0.0,1,0,1,0.5384822384689838,0.0
G051688,35.155153271802696,128.65995411262682,0.0,0.0,0,0,1,0.18356598557436246,0.0
G051689,35.156054807446026,128.65996691073707,0.0,0.0,0,0,1,0.18356598557436246,0.0
G051690,35.15695634295087,128.65997970941567,0.0,0.0,0,0,1,0.18356598557436246,0.0
G051691,35.15785787831723,128.6599925086626,0.0,0.0,0,0,1,0.18356598557436246,0.0
G051692,35.15875941354511,128.66000530847793,0.0,0.0,1,0,0,0.35491625289462136,0.0
G051693,35.159660948634524,128.66001810886164,0.0,0.0,0,0,1,0.18356598557436246,0.0
G051694,35.16056248358544,128.66003090981377,0.0,0.0,1,0,1,0.5384822384689838,0.0
G051695,35.16146401839786,128.66004371133434,0.0,0.0,1,0,1,0.5384822384689838,0.0
G051696,35.16236555307179,128.6600565134234,0.0,0.0,1,0,1,0.5384822384689838,0.0
G051697,35.163267087607224,128.66006931608092,0.0,0.0,1,0,1,0.5384822384689838,0.0
G051754,35.21465432714347,128.6608000081002,0.0,0.0,1,1,1,1.0,0.0
G051755,35.215555853643416,128.66081284377344,0.0,0.0,1,0,1,0.5384822384689838,0.0
G051756,35.216457380004776,128.66082568001667,0.0,0.0,1,0,1,0.5384822384689838,0.0
G051757,35.21735890622753,128.6608385168299,0.0,0.0,1,0,1,0.5384822384689838,0.0
G051758,35.21826043231169,128.66085135421318,0.0,0.0,1,1,1,1.0,0.0
G051759,35.21916195825725,128.66086419216649,0.0,0.0,1,1,1,1.0,0.0
G051760,35.22006348406421,128.66087703068987,0.0,0.0,1,1,1,1.0,0.0
G051763,35.22276806065348,128.66091554968077,0.0,0.0,0,0,1,0.18356598557436246,0.0
G051764,35.22366958590602,128.66092839048474,0.0,0.0,0,0,1,0.18356598557436246,0.0
G051765,35.22457111101996,128.66094123185889,0.0,0.0,1,1,1,1.0,0.0
G051766,35.22547263599528,128.66095407380328,0.0,0.0,1,0,1,0.5384822384689838,0.0
G051779,35.23719244806022,128.66112107098277,0.0,0.0,1,0,0,0.35491625289462136,0.0
G051780,35.23809397109483,128.66113392091304,0.0,0.0,1,0,1,0.5384822384689838,0.0
G051781,35.238995493990785,128.66114677141388,0.0,0.0,1,1,1,1.0,0.0
G051782,35.23989701674813,128.66115962248537,0.0,0.0,1,1,1,1.0,0.0
G051783,35.240798539366814,128.66117247412754,0.0,0.0,0,0,1,0.18356598557436246,0.0
G051784,35.241700061846856,128.66118532634036,0.0,0.0,0,0,1,0.18356598557436246,0.0
G051785,35.242601584188264,128.66119817912391,0.0,0.0,1,0,1,0.5384822384689838,0.0
G051786,35.24350310639103,128.6612110324782,0.0,0.0,0,0,1,0.18356598557436246,0.0
G051787,35.24440462845515,128.66122388640326,0.0,0.0,1,1,1,1.0,0.0
G051788,35.245306150380614,128.66123674089906,0.0,0.0,1,0,1,0.5384822384689838,0.0
G051789,35.24620767216743,128.6612495959657,0.0,0.0,0,1,1,0.6450837471053786,0.0
G051790,35.2471091938156,128.6612624516032,0.0,0.0,0,1,1,0.6450837471053786,0.0
G051791,35.248010715325115,128.6612753078115,0.0,0.0,0,1,1,0.6450837471053786,0.0
G051792,35.24891223669598,128.66128816459073,0.0,0.0,1,0,1,0.5384822384689838,0.0
G051793,35.24981375792819,128.66130102194083,0.0,0.0,1,0,1,0.5384822384689838,0.0
G051794,35.250715279021726,128.6613138798619,0.0,0.0,1,1,1,1.0,0.0
G051795,35.25161679997662,128.66132673835392,0.0,0.0,1,1,1,1.0,0.0
G051796,35.252518320792845,128.66133959741694,0.0,0.0,1,1,1,1.0,0.0
G051797,35.253419841470404,128.66135245705095,0.0,0.0,1,1,1,1.0,0.0
G051958,35.14432432191426,128.660898155488,0.0,0.0,0,0,0,0.0,0.0
G051959,35.14522585886994,128.66091095887882,0.0,0.0,1,0,1,0.5384822384689838,0.0
G051960,35.14612739568714,128.66092376283814,0.0,0.0,1,0,1,0.5384822384689838,0.0
G051965,35.15063507769611,128.66098779116413,0.0,0.0,1,0,1,0.5384822384689838,0.0
G051966,35.151536613682474,128.66100059853534,0.0,0.0,1,0,1,0.5384822384689838,0.0
G051967,35.152438149530354,128.66101340647526,0.0,0.0,1,0,0,0.35491625289462136,0.0
G051970,35.15514275624312,128.66105183370775,0.0,0.0,0,0,1,0.18356598557436246,0.0
G051971,35.15604429153707,128.66106464392288,0.0,0.0,1,1,1,1.0,0.0
G051972,35.156945826692535,128.66107745470686,0.0,0.0,0,1,1,0.6450837471053786,0.0
G051973,35.1578473617095,128.66109026605972,0.0,0.0,0,1,1,0.6450837471053786,0.0
G051974,35.15874889658798,128.6611030779815,0.0,0.0,0,1,1,0.6450837471053786,0.0
G051975,35.15965043132796,128.6611158904722,0.0,0.0,1,1,1,1.0,0.0
G051976,35.16055196592946,128.66112870353186,0.0,0.0,0,1,1,0.6450837471053786,0.0
G051977,35.161453500392454,128.6611415171605,0.0,0.0,0,1,1,0.6450837471053786,0.0
G051978,35.162355034716946,128.66115433135818,0.0,0.0,0,1,1,0.6450837471053786,0.0
G051979,35.16325656890294,128.66116714612485,0.0,0.0,1,1,1,1.0,0.0
G052037,35.21554531465842,128.66191137706826,0.0,0.0,1,0,1,0.5384822384689838,0.0
G052038,35.21644684066988,128.66192422545237,0.0,0.0,1,0,1,0.5384822384689838,0.0
G052039,35.21734836654273,128.66193707440704,0.0,0.0,1,1,1,1.0,0.0
G052040,35.218249892276994,128.66194992393227,0.0,0.0,1,1,1,1.0,0.0
G052041,35.21915141787264,128.66196277402813,0.0,0.0,1,1,1,1.0,0.0
G052042,35.22005294332968,128.66197562469455,0.0,0.0,1,1,1,1.0,0.0
G052061,35.23718190067573,128.6622198958079,0.0,0.0,1,0,1,0.5384822384689838,0.0
G052062,35.23808342336025,128.662232757892,0.0,0.0,1,0,1,0.5384822384689838,0.0
G052063,35.23898494590614,128.66224562054728,0.0,0.0,0,1,1,0.6450837471053786,0.0
G052064,35.23988646831338,128.66225848377368,0.0,0.0,0,1,1,0.6450837471053786,0.0
G052065,35.240787990581964,128.66227134757128,0.0,0.0,1,0,0,0.35491625289462136,0.0
G052066,35.241689512711915,128.66228421194012,0.0,0.0,1,0,1,0.5384822384689838,0.0
G052067,35.24259103470322,128.6622970768802,0.0,0.0,0,0,1,0.18356598557436246,0.0
G052068,35.24349255655586,128.66230994239157,0.0,0.0,0,1,1,0.6450837471053786,0.0
G052069,35.24439407826984,128.66232280847422,0.0,0.0,0,1,1,0.6450837471053786,0.0
G052070,35.24529559984518,128.66233567512822,0.0,0.0,1,0,1,0.5384822384689838,0.0
G052071,35.24619712128185,128.66234854235353,0.0,0.0,1,0,1,0.5384822384689838,0.0
G052072,35.24709864257988,128.66236141015025,0.0,0.0,1,0,1,0.5384822384689838,0.0
G052073,35.24800016373923,128.66237427851834,0.0,0.0,0,0,1,0.18356598557436246,0.0
G052074,35.24890168475993,128.66238714745788,0.0,0.0,1,1,1,1.0,0.0
G052075,35.24980320564195,128.66240001696886,1.39,0.0139,1,0,1,0.5384822384689838,0.007484903114718874
G052076,35.25070472638533,128.6624128870513,0.0,0.0,1,1,1,1.0,0.0
G052077,35.25160624699002,128.66242575770525,0.0,0.0,1,1,1,1.0,0.0
G052078,35.25250776745605,128.66243862893072,0.0,0.0,1,1,1,1.0,0.0
G052079,35.25340928778341,128.66245150072777,0.0,0.0,1,1,1,1.0,0.0
G052080,35.2543108079721,128.66246437309638,0.0,0.0,1,1,1,1.0,0.0
G052232,35.14251072698054,128.66197010151305,0.0,0.0,1,1,1,1.0,0.0
G052233,35.14341226386353,128.6619829158641,0.0,0.0,1,1,1,1.0,0.0
G052234,35.14431380060806,128.66199573078418,0.0,0.0,1,1,1,1.0,0.0
G052235,35.14521533721412,128.66200854627337,0.0,0.0,0,0,1,0.18356598557436246,0.0
G052236,35.146116873681684,128.66202136233161,0.0,0.0,1,0,0,0.35491625289462136,0.0
G052237,35.147018410010794,128.66203417895898,0.0,0.0,0,0,1,0.18356598557436246,0.0
G052246,35.15513223074095,128.66214955421987,0.0,0.0,0,0,1,0.18356598557436246,0.0
G052247,35.15603376568519,128.6621623765398,0.0,0.0,0,1,1,0.6450837471053786,0.0
G052248,35.15693530049092,128.66217519942916,0.0,0.0,0,0,1,0.18356598557436246,0.0
G052249,35.15783683515817,128.66218802288793,0.0,0.0,1,0,1,0.5384822384689838,0.0
G052250,35.15873836968691,128.66220084691614,0.0,0.0,1,0,1,0.5384822384689838,0.0
G052251,35.159639904077146,128.6622136715138,0.0,0.0,0,0,1,0.18356598557436246,0.0
G052252,35.16054143832888,128.66222649668097,0.0,0.0,1,0,1,0.5384822384689838,0.0
G052253,35.161442972442124,128.66223932241763,0.0,0.0,1,1,1,1.0,0.0
G052254,35.16234450641686,128.6622521487239,0.0,0.0,0,1,1,0.6450837471053786,0.0
G052255,35.16324604025308,128.66226497559973,0.0,0.0,1,0,1,0.5384822384689838,0.0
G052313,35.21553476570867,128.66300990979252,0.0,0.0,1,0,1,0.5384822384689838,0.0
G052314,35.21643629136991,128.66302277031753,0.0,0.0,1,0,1,0.5384822384689838,0.0
G052315,35.21733781689254,128.6630356314136,0.0,0.0,1,1,1,1.0,0.0
G052316,35.218239342276554,128.6630484930808,0.0,0.0,1,1,1,1.0,0.0
G052317,35.21914086752195,128.66306135531912,0.0,0.0,1,1,1,1.0,0.0
G052318,35.22004239262874,128.66307421812857,0.0,0.0,1,1,1,1.0,0.0
G052337,35.23717134331854,128.66331872006197,0.0,0.0,1,0,1,0.5384822384689838,0.0
G052338,35.23807286565267,128.66333159429988,0.0,0.0,1,1,1,1.0,0.0
G052339,35.238974387848145,128.66334446910946,0.0,0.0,0,1,1,0.6450837471053786,0.0
G052340,35.23987590990497,128.66335734449078,0.0,0.0,1,0,1,0.5384822384689838,0.0
G052341,35.240777431823126,128.66337022044382,20.83,0.20829999999999999,0,0,1,0.18356598557436246,0.038236794795139695
G052342,35.24167895360264,128.66338309696863,13.7,0.13699999999999998,1,1,1,1.0,0.13699999999999998
G052343,35.24258047524349,128.66339597406522,0.0,0.0,1,0,1,0.5384822384689838,0.0
G052344,35.243481996745686,128.6634088517336,0.0,0.0,1,1,1,1.0,0.0
G052345,35.24438351810922,128.66342172997386,0.0,0.0,1,1,1,1.0,0.0
G052346,35.245285039334085,128.663434608786,0.0,0.0,0,0,1,0.18356598557436246,0.0
G052347,35.24618656042028,128.66344748817,0.0,0.0,1,0,1,0.5384822384689838,0.0
G052348,35.247088081367814,128.6634603681259,0.0,0.0,1,0,1,0.5384822384689838,0.0
G052349,35.24798960217669,128.66347324865376,0.0,0.0,1,0,1,0.5384822384689838,0.0
G052350,35.24889112284689,128.66348612975355,1.26,0.0126,0,0,1,0.18356598557436246,0.002312931418236967
G052351,35.24979264337842,128.66349901142536,0.0,0.0,1,0,1,0.5384822384689838,0.0
G052352,35.25069416377128,128.6635118936692,0.0,0.0,0,0,1,0.18356598557436246,0.0
G052353,35.25159568402545,128.66352477648505,0.0,0.0,1,1,1,1.0,0.0
G052354,35.25249720414095,128.663537659873,0.0,0.0,1,1,1,1.0,0.0
G052355,35.25339872411779,128.66355054383303,0.0,0.0,1,1,1,1.0,0.0
G052356,35.254300243955925,128.66356342836514,0.0,0.0,1,1,1,1.0,0.0
G052516,35.14250019643559,128.66306765204504,0.0,0.0,1,1,1,1.0,0.0
G052517,35.143401732968655,128.66308047849336,0.0,0.0,1,1,1,1.0,0.0
G052518,35.144303269363235,128.6630933055113,0.0,0.0,1,1,1,1.0,0.0
G052519,35.145204805619336,128.66310613309878,0.0,0.0,0,0,1,0.18356598557436246,0.0
G052520,35.146106341736946,128.66311896125595,0.0,0.0,0,0,1,0.18356598557436246,0.0
G052521,35.14700787771609,128.66313178998274,0.0,0.0,0,1,1,0.6450837471053786,0.0
G052531,35.15602322989039,128.66326010858734,0.0,0.0,0,0,1,0.18356598557436246,0.0
G052532,35.15692476434607,128.66327294358203,0.0,0.0,0,0,1,0.18356598557436246,0.0
G052533,35.15782629866326,128.66328577914666,0.0,0.0,0,1,1,0.6450837471053786,0.0
G052534,35.15872783284193,128.6632986152813,0.0,0.0,0,1,1,0.6450837471053786,0.0
G052535,35.1596293668821,128.6633114519859,0.0,0.0,1,0,1,0.5384822384689838,0.0
G052536,35.16053090078376,128.66332428926057,0.0,0.0,1,0,1,0.5384822384689838,0.0
G052537,35.16143243454691,128.66333712710528,0.0,0.0,1,0,1,0.5384822384689838,0.0
G052538,35.16233396817154,128.66334996552007,0.0,0.0,1,0,1,0.5384822384689838,0.0
G052539,35.16323550165765,128.66336280450497,0.0,0.0,0,0,1,0.18356598557436246,0.0
G052599,35.21732725727695,128.66413418784904,0.0,0.0,1,0,1,0.5384822384689838,0.0
G052600,35.218228782310405,128.66414706165818,0.0,0.0,1,1,1,1.0,0.0
G052619,35.23535773160595,128.6643917726775,0.0,0.0,1,0,1,0.5384822384689838,0.0
G052620,35.23625925386665,128.66440465792482,0.0,0.0,1,0,1,0.5384822384689838,0.0
G052621,35.237160775988706,128.66441754374432,0.0,0.0,0,0,1,0.18356598557436246,0.0
G052622,35.23806229797209,128.66443043013604,0.0,0.0,1,0,1,0.5384822384689838,0.0
G052623,35.23896381981682,128.66444331709994,0.0,0.0,1,1,1,1.0,0.0
G052624,35.2398653415229,128.6644562046361,0.0,0.0,0,0,1,0.18356598557436246,0.0
G052625,35.24076686309029,128.66446909274455,11.72,0.11720000000000001,0,1,1,0.6450837471053786,0.07560381516075039
G052626,35.241668384519045,128.66448198142533,1.92,0.0192,0,1,1,0.6450837471053786,0.012385607944423269
G052627,35.24256990580912,128.66449487067842,0.0,0.0,0,0,1,0.18356598557436246,0.0
G052628,35.24347142696053,128.66450776050385,0.0,0.0,1,0,1,0.5384822384689838,0.0
G052629,35.24437294797327,128.66452065090166,0.0,0.0,1,1,1,1.0,0.0
G052630,35.24527446884734,128.6645335418719,0.0,0.0,0,1,1,0.6450837471053786,0.0
G052631,35.24617598958273,128.66454643341453,0.0,0.0,0,0,1,0.18356598557436246,0.0
G052632,35.24707751017945,128.6645593255296,0.0,0.0,1,1,1,1.0,0.0
G052633,35.24797903063751,128.6645722182172,0.0,0.0,0,1,1,0.6450837471053786,0.0
G052634,35.24888055095689,128.66458511147727,0.0,0.0,1,0,1,0.5384822384689838,0.0
G052635,35.249782071137574,128.6645980053099,0.0,0.0,1,0,1,0.5384822384689838,0.0
G052636,35.25068359117959,128.66461089971506,0.0,0.0,0,0,1,0.18356598557436246,0.0
G052637,35.25158511108292,128.6646237946928,0.0,0.0,1,0,1,0.5384822384689838,0.0
G052638,35.252486630847564,128.66463669024316,0.0,0.0,1,1,1,1.0,0.0
G052639,35.25338815047353,128.66464958636615,0.0,0.0,1,1,1,1.0,0.0
G052640,35.2542896699608,128.6646624830618,0.0,0.0,1,1,1,1.0,0.0
G052805,35.14248965595271,128.6641652020075,0.0,0.0,1,1,1,1.0,0.0
G052806,35.1433911921355,128.66417804055308,0.0,0.0,1,1,1,1.0,0.0
G052807,35.144292728179806,128.66419087966878,0.0,0.0,1,1,1,1.0,0.0
G052808,35.145194264085625,128.66420371935462,0.0,0.0,0,0,1,0.18356598557436246,0.0
G052809,35.14609579985295,128.66421655961062,0.0,0.0,0,0,1,0.18356598557436246,0.0
G052810,35.14699733548179,128.66422940043682,0.0,0.0,0,1,1,0.6450837471053786,0.0
G052811,35.14789887097213,128.66424224183325,0.0,0.0,1,1,1,1.0,0.0
G052821,35.156914218258,128.66437068716496,0.0,0.0,0,1,1,0.6450837471053786,0.0
G052822,35.157815752224785,128.66438353483542,0.0,0.0,1,1,1,1.0,0.0
G052823,35.158717286053076,128.66439638307642,0.0,0.0,1,1,1,1.0,0.0
G052824,35.15961881974283,128.664409231888,0.0,0.0,1,1,0,0.8164340144256376,0.0
G052825,35.160520353294075,128.6644220812701,0.0,0.0,1,1,1,1.0,0.0
G052826,35.161421886706805,128.6644349312228,0.0,0.0,1,0,1,0.5384822384689838,0.0
G052827,35.16232341998102,128.6644477817461,0.0,0.0,1,1,1,1.0,0.0
G052907,35.234445632957254,128.66547767465445,0.0,0.0,1,1,1,1.0,0.0
G052908,35.23534715500557,128.66549057148177,0.0,0.0,1,0,1,0.5384822384689838,0.0
G052909,35.23624867691522,128.66550346888178,0.0,0.0,1,0,1,0.5384822384689838,0.0
G052910,35.2371501986862,128.66551636685452,5.77,0.057699999999999994,1,0,1,0.5384822384689838,0.031070425159660364
G052911,35.23805172031852,128.66552926539995,54.86,0.5486,1,0,1,0.5384822384689838,0.2954113560240845
G052912,35.238953241812176,128.66554216451817,0.0,0.0,0,0,1,0.18356598557436246,0.0
G052913,35.239854763167166,128.6655550642092,0.0,0.0,0,0,1,0.18356598557436246,0.0
G052914,35.24075628438349,128.66556796447304,0.0,0.0,0,0,1,0.18356598557436246,0.0
G052915,35.24165780546113,128.66558086530972,0.0,0.0,1,0,1,0.5384822384689838,0.0
G052916,35.242559326400105,128.66559376671927,0.0,0.0,0,0,0,0.0,0.0
G052917,35.24346084720041,128.66560666870168,0.0,0.0,1,0,1,0.5384822384689838,0.0
G052918,35.24436236786202,128.66561957125705,0.0,0.0,0,0,1,0.18356598557436246,0.0
G052919,35.24526388838497,128.66563247438535,0.0,0.0,0,0,1,0.18356598557436246,0.0
G052920,35.24616540876924,128.6656453780866,0.0,0.0,1,0,1,0.5384822384689838,0.0
G052921,35.247066929014814,128.66565828236085,0.0,0.0,1,1,1,1.0,0.0
G052922,35.24796844912171,128.66567118720812,0.0,0.0,0,1,1,0.6450837471053786,0.0
G052923,35.24886996908993,128.66568409262845,0.0,0.0,1,0,1,0.5384822384689838,0.0
G052924,35.24977148891946,128.66569699862185,0.0,0.0,1,0,1,0.5384822384689838,0.0
G052925,35.25067300861029,128.66570990518832,0.0,0.0,1,0,1,0.5384822384689838,0.0
G052926,35.251574528162436,128.66572281232794,0.0,0.0,1,0,1,0.5384822384689838,0.0
G052927,35.2524760475759,128.6657357200407,0.0,0.0,1,1,1,1.0,0.0
G052928,35.253377566850666,128.6657486283266,0.0,0.0,1,1,1,1.0,0.0
G052929,35.25427908598673,128.66576153718572,0.0,0.0,1,1,1,1.0,0.0
G053095,35.14247910553189,128.66526275139984,0.0,0.0,1,1,1,1.0,0.0
G053096,35.1433806413641,128.66527560204264,0.0,0.0,1,1,1,1.0,0.0
G053097,35.14428217705779,128.66528845325612,0.0,0.0,0,1,1,0.6450837471053786,0.0
G053098,35.145183712613,128.66530130504026,0.0,0.0,0,0,1,0.18356598557436246,0.0
G053099,35.146085248029706,128.6653141573951,0.0,0.0,1,0,1,0.5384822384689838,0.0
G053100,35.146986783307916,128.66532701032068,0.0,0.0,1,1,1,1.0,0.0
G053101,35.14788831844761,128.665339863817,0.0,0.0,0,1,1,0.6450837471053786,0.0
G053177,35.216404583679726,128.66631840148435,0.0,0.0,1,1,1,1.0,0.0
G053178,35.217306108149685,128.66633129900453,0.0,0.0,1,1,1,1.0,0.0
G053179,35.218207632481,128.6663441970974,0.0,0.0,1,1,1,1.0,0.0
G053180,35.21910915667368,128.66635709576306,0.0,0.0,0,0,1,0.18356598557436246,0.0
G053197,35.23443504673627,128.66657646073392,0.0,0.0,1,0,1,0.5384822384689838,0.0
G053198,35.23533656843321,128.66658936971334,0.0,0.0,0,0,0,0.0,0.0
G053199,35.23623808999148,128.66660227926602,0.0,0.0,1,1,1,1.0,0.0
G053200,35.237139611411074,128.66661518939193,4.49,0.0449,1,1,1,1.0,0.0449
G053201,35.238041132692004,128.66662810009112,3.38,0.0338,1,0,1,0.5384822384689838,0.01820069966025165
G053202,35.23894265383424,128.66664101136362,0.0,0.0,1,0,1,0.5384822384689838,0.0
G053203,35.23984417483783,128.66665392320945,0.0,0.0,1,0,1,0.5384822384689838,0.0
G053204,35.24074569570272,128.66666683562866,0.0,0.0,1,0,1,0.5384822384689838,0.0
G053205,35.241647216428944,128.66667974862125,0.0,0.0,1,0,1,0.5384822384689838,0.0
G053206,35.24254873701648,128.66669266218722,0.0,0.0,1,1,1,1.0,0.0
G053207,35.243450257465334,128.66670557632662,0.0,0.0,0,1,1,0.6450837471053786,0.0
G053208,35.2443517777755,128.6667184910395,0.0,0.0,1,1,1,1.0,0.0
G053209,35.24525329794699,128.66673140632585,0.0,0.0,1,1,1,1.0,0.0
G053210,35.246154817979786,128.6667443221857,0.0,0.0,1,0,1,0.5384822384689838,0.0
G053211,35.247056337873886,128.66675723861908,0.0,0.0,0,1,1,0.6450837471053786,0.0
G053212,35.2479578576293,128.66677015562604,0.0,0.0,1,1,1,1.0,0.0
G053213,35.24885937724604,128.66678307320657,0.0,0.0,1,0,1,0.5384822384689838,0.0
G053214,35.24976089672406,128.66679599136071,0.0,0.0,1,0,1,0.5384822384689838,0.0
G053215,35.25066241606339,128.6668089100885,0.0,0.0,1,0,1,0.5384822384689838,0.0
G053216,35.25156393526403,128.66682182938993,0.0,0.0,1,0,1,0.5384822384689838,0.0
G053217,35.252465454325964,128.66683474926506,0.0,0.0,0,0,1,0.18356598557436246,0.0
G053218,35.2533669732492,128.6668476697139,0.0,0.0,1,0,1,0.5384822384689838,0.0
G053219,35.25426849203374,128.66686059073643,0.0,0.0,1,1,1,1.0,0.0
G053384,35.142468545173166,128.66636030022158,0.0,0.0,1,1,1,1.0,0.0
G053385,35.143370080654435,128.6663731629616,0.0,0.0,1,1,1,1.0,0.0
G053386,35.1442716159972,128.6663860262728,0.0,0.0,0,1,1,0.6450837471053786,0.0
G053387,35.14517315120147,128.6663988901552,0.0,0.0,0,0,1,0.18356598557436246,0.0
G053388,35.14607468626722,128.66641175460884,0.0,0.0,1,1,1,1.0,0.0
G053389,35.14697622119447,128.66642461963377,0.0,0.0,1,1,1,1.0,0.0
G053465,35.21549247026259,128.66740403497369,0.0,0.0,1,1,1,1.0,0.0
G053466,35.21639399451963,128.66741694406193,0.0,0.0,1,1,1,1.0,0.0
G053467,35.21729551863803,128.6674298537234,0.0,0.0,1,1,1,1.0,0.0
G053468,35.21819704261778,128.66744276395818,0.0,0.0,1,1,1,1.0,0.0
G053469,35.219098566458904,128.6674556747662,0.0,0.0,1,0,1,0.5384822384689838,0.0
G053470,35.22000009016137,128.66746858614752,0.0,0.0,1,0,1,0.5384822384689838,0.0
G053485,35.233522929059774,128.66766232568236,0.0,0.0,1,0,1,0.5384822384689838,0.0
G053486,35.23442445054366,128.66767524624015,0.0,0.0,1,0,1,0.5384822384689838,0.0
G053487,35.23532597188889,128.6676881673717,0.0,0.0,1,0,1,0.5384822384689838,0.0
G053488,35.23622749309545,128.66770108907698,0.0,0.0,1,1,1,1.0,0.0
G053489,35.23712901416333,128.66771401135608,0.0,0.0,1,1,1,1.0,0.0
G053490,35.23803053509252,128.66772693420899,0.0,0.0,0,0,1,0.18356598557436246,0.0
G053491,35.238932055883026,128.66773985763575,0.0,0.0,1,1,1,1.0,0.0
G053492,35.23983357653486,128.66775278163638,0.0,0.0,1,1,1,1.0,0.0
G053493,35.24073509704801,128.6677657062109,0.0,0.0,0,1,1,0.6450837471053786,0.0
G053494,35.24163661742247,128.66777863135934,0.0,0.0,1,1,1,1.0,0.0
G053495,35.24253813765824,128.66779155708173,0.0,0.0,1,1,1,1.0,0.0
G053496,35.243439657755324,128.6678044833781,0.0,0.0,1,1,1,1.0,0.0
G053497,35.24434117771371,128.66781741024846,0.0,0.0,0,1,1,0.6450837471053786,0.0
G053498,35.2452426975334,128.66783033769283,0.0,0.0,1,1,1,1.0,0.0
G053499,35.2461442172144,128.66784326571124,0.0,0.0,1,0,1,0.5384822384689838,0.0
G053500,35.247045736756704,128.66785619430377,0.0,0.0,0,1,1,0.6450837471053786,0.0
G053501,35.24794725616031,128.66786912347033,0.0,0.0,1,1,1,1.0,0.0
G053502,35.24884877542522,128.66788205321106,0.0,0.0,1,0,1,0.5384822384689838,0.0
G053503,35.249750294551426,128.66789498352594,0.0,0.0,1,0,1,0.5384822384689838,0.0
G053504,35.25065181353891,128.667907914415,0.0,0.0,1,0,1,0.5384822384689838,0.0
G053505,35.25155333238771,128.66792084587826,0.0,0.0,1,0,1,0.5384822384689838,0.0
G053506,35.25245485109779,128.6679337779157,0.0,0.0,0,1,1,0.6450837471053786,0.0
G053507,35.25335636966918,128.66794671052742,0.0,0.0,1,0,1,0.5384822384689838,0.0
G053674,35.14245797487655,128.66745784847214,0.0,0.0,1,1,1,1.0,0.0
G053675,35.14335951000655,128.66747072330935,0.0,0.0,1,1,1,1.0,0.0
G053676,35.14426104499806,128.66748359871823,0.0,0.0,1,1,1,1.0,0.0
G053677,35.145162579851046,128.66749647469888,0.0,0.0,0,0,1,0.18356598557436246,0.0
G053678,35.14606411456552,128.66750935125134,0.0,0.0,1,1,1,1.0,0.0
G053679,35.146965649141485,128.6675222283756,0.0,0.0,1,1,1,1.0,0.0
G053680,35.14786718357893,128.66753510607165,0.0,0.0,1,1,1,1.0,0.0
G053754,35.21458034744555,128.66848964418205,0.0,0.0,1,0,1,0.5384822384689838,0.0
G053755,35.215481871489374,128.6685025648373,0.0,0.0,1,1,1,1.0,0.0
G053756,35.21638339539453,128.6685154860663,0.0,0.0,1,1,1,1.0,0.0
G053757,35.21728491916105,128.66852840786905,0.0,0.0,1,1,1,1.0,0.0
G053758,35.21818644278892,128.66854133024563,0.0,0.0,1,0,1,0.5384822384689838,0.0
G053759,35.21908796627814,128.66855425319602,0.0,0.0,1,0,1,0.5384822384689838,0.0
G053760,35.219989489628695,128.66856717672027,0.0,0.0,1,1,1,1.0,0.0
G053775,35.23351232324759,128.66876109846336,0.0,0.0,1,0,1,0.5384822384689838,0.0
G053776,35.23441384437945,128.66877403117266,5.56,0.0556,1,0,1,0.5384822384689838,0.029939612458875497
G053777,35.23531536537264,128.66878696445625,3.07,0.030699999999999998,1,1,1,1.0,0.030699999999999998
G053778,35.23621688622715,128.66879989831418,0.0,0.0,1,1,1,1.0,0.0
G053779,35.237118406942976,128.6688128327464,0.0,0.0,1,0,1,0.5384822384689838,0.0
G053780,35.23801992752012,128.66882576775302,0.0,0.0,1,0,1,0.5384822384689838,0.0
G053781,35.23892144795855,128.668838703334,0.0,0.0,1,1,1,1.0,0.0
G053782,35.23982296825833,128.6688516394894,0.0,0.0,0,1,1,0.6450837471053786,0.0
G053783,35.24072448841938,128.66886457621922,0.0,0.0,1,1,1,1.0,0.0
G053784,35.241626008441756,128.6688775135235,0.0,0.0,1,1,1,1.0,0.0
G053785,35.242527528325425,128.6688904514023,0.0,0.0,1,1,1,1.0,0.0
G053786,35.243429048070404,128.66890338985556,0.0,0.0,1,1,1,1.0,0.0
G053787,35.24433056767667,128.66891632888337,0.0,0.0,1,1,1,1.0,0.0
G053788,35.245232087144245,128.66892926848575,0.0,0.0,1,1,1,1.0,0.0
G053789,35.24613360647312,128.66894220866274,0.0,0.0,1,0,1,0.5384822384689838,0.0
G053790,35.24703512566328,128.66895514941433,0.0,0.0,1,1,1,1.0,0.0
G053791,35.247936644714756,128.66896809074055,0.0,0.0,1,1,1,1.0,0.0
G053792,35.24883816362751,128.66898103264143,0.0,0.0,1,0,1,0.5384822384689838,0.0
G053793,35.24973968240154,128.668993975117,0.0,0.0,1,0,1,0.5384822384689838,0.0
G053794,35.25064120103687,128.66900691816727,0.0,0.0,1,1,1,1.0,0.0
G053795,35.25154271953349,128.66901986179232,0.0,0.0,1,0,1,0.5384822384689838,0.0
G053796,35.25244423789139,128.6690328059921,0.0,0.0,1,0,1,0.5384822384689838,0.0
G053965,35.14244739464205,128.66855539615102,0.0,0.0,1,1,1,1.0,0.0
G053966,35.14334892942046,128.66856828308534,0.0,0.0,1,1,1,1.0,0.0
G053967,35.14425046406037,128.66858117059192,0.0,0.0,0,1,1,0.6450837471053786,0.0
G053968,35.14515199856176,128.66859405867083,0.0,0.0,1,0,1,0.5384822384689838,0.0
G053969,35.14605353292462,128.66860694732202,0.0,0.0,0,1,1,0.6450837471053786,0.0
G053970,35.146955067148966,128.66861983654556,0.0,0.0,1,1,1,1.0,0.0
G053971,35.147856601234786,128.66863272634149,0.0,0.0,1,0,1,0.5384822384689838,0.0
G054045,35.21456973905989,128.66958816133175,0.0,0.0,1,0,1,0.5384822384689838,0.0
G054046,35.21547126275151,128.66960109412716,0.0,0.0,1,0,1,0.5384822384689838,0.0
G054047,35.21637278630447,128.66961402749686,0.0,0.0,1,1,1,1.0,0.0
G054048,35.21727430971877,128.6696269614409,0.0,0.0,0,0,0,0.0,0.0
G054049,35.21817583299442,128.66963989595925,0.0,0.0,1,0,1,0.5384822384689838,0.0
G054050,35.2190773561314,128.669652831052,0.0,0.0,1,1,1,1.0,0.0
G054051,35.21997887912973,128.66966576671913,0.0,0.0,1,1,1,1.0,0.0
G054065,35.23260018654594,128.66984692638405,0.0,0.0,1,0,1,0.5384822384689838,0.0
G054066,35.233501707464136,128.66985987067005,0.0,0.0,1,0,1,0.5384822384689838,0.0
G054067,35.23440322824365,128.6698728155309,22.44,0.22440000000000002,1,0,1,0.5384822384689838,0.12083541431243998
G054068,35.235304748884474,128.66988576096654,28.4,0.284,0,0,1,0.18356598557436246,0.05213273990311893
G054069,35.23620626938661,128.66989870697702,0.0,0.0,1,0,0,0.35491625289462136,0.0
G054070,35.237107789750056,128.66991165356237,0.0,0.0,1,0,1,0.5384822384689838,0.0
G054071,35.23800930997479,128.66992460072265,0.0,0.0,0,1,1,0.6450837471053786,0.0
G054072,35.238910830060846,128.66993754845782,0.0,0.0,1,1,1,1.0,0.0
G054073,35.2398123500082,128.66995049676794,0.0,0.0,1,1,1,1.0,0.0
G054074,35.240713869816844,128.66996344565308,0.0,0.0,1,1,1,1.0,0.0
G054075,35.241615389486796,128.66997639511317,0.0,0.0,1,1,1,1.0,0.0
G054076,35.242516909018036,128.6699893451483,0.0,0.0,1,1,1,1.0,0.0
G054077,35.243418428410585,128.6700022957585,0.0,0.0,1,1,1,1.0,0.0
G054078,35.24431994766441,128.67001524694376,0.0,0.0,1,1,1,1.0,0.0
G054079,35.245221466779526,128.6700281987041,0.0,0.0,1,1,1,1.0,0.0
G054080,35.24612298575594,128.6700411510396,0.0,0.0,0,0,1,0.18356598557436246,0.0
G054081,35.24702450459363,128.67005410395024,0.0,0.0,0,0,1,0.18356598557436246,0.0
G054082,35.247926023292635,128.67006705743606,0.0,0.0,1,0,1,0.5384822384689838,0.0
G054083,35.248827541852904,128.67008001149708,0.0,0.0,0,0,1,0.18356598557436246,0.0
G054084,35.249729060274454,128.67009296613332,0.0,0.0,1,0,1,0.5384822384689838,0.0
G054085,35.25063057855728,128.67010592134483,0.0,0.0,1,1,1,1.0,0.0
G054086,35.251532096701396,128.67011887713164,0.0,0.0,0,0,1,0.18356598557436246,0.0
G054087,35.25243361470679,128.6701318334937,0.0,0.0,1,1,1,1.0,0.0
G054258,35.14243680446969,128.66965294325763,0.0,0.0,0,0,1,0.18356598557436246,0.0
G054259,35.14333833889619,128.66966584228908,0.0,0.0,0,0,1,0.18356598557436246,0.0
G054260,35.14423987318417,128.66967874189334,0.0,0.0,0,0,0,0.0,0.0
G054261,35.14514140733362,128.6696916420704,0.0,0.0,1,0,1,0.5384822384689838,0.0
G054262,35.14604294134455,128.66970454282037,0.0,0.0,1,1,1,1.0,0.0
G054263,35.146944475216934,128.66971744414317,0.0,0.0,1,1,1,1.0,0.0
G054264,35.147846008950786,128.6697303460389,0.0,0.0,0,0,1,0.18356598557436246,0.0
G054338,35.21455912070993,128.67068667790716,0.0,0.0,1,1,1,1.0,0.0
G054339,35.215460644049024,128.67069962284273,0.0,0.0,1,0,1,0.5384822384689838,0.0
G054340,35.21636216724944,128.67071256835314,0.0,0.0,1,0,1,0.5384822384689838,0.0
G054341,35.2172636903112,128.6707255144384,0.0,0.0,1,0,1,0.5384822384689838,0.0
G054342,35.21816521323429,128.67073846109855,0.0,0.0,1,0,1,0.5384822384689838,0.0
G054343,35.21906673601872,128.67075140833362,0.0,0.0,1,1,1,1.0,0.0
G054344,35.21996825866447,128.6707643561436,0.0,0.0,1,0,1,0.5384822384689838,0.0
G054357,35.23168804043971,128.67093273000336,0.0,0.0,1,1,1,1.0,0.0
G054358,35.232589561143925,128.67094568586504,0.0,0.0,1,0,1,0.5384822384689838,0.0
G054359,35.233491081709445,128.670958642302,0.0,0.0,1,0,1,0.5384822384689838,0.0
G054360,35.234392602136275,128.6709715993143,0.0,0.0,1,1,1,1.0,0.0
G054361,35.2352941224244,128.67098455690194,2.78,0.0278,1,0,0,0.35491625289462136,0.009866671830470474
G054362,35.23619564257383,128.67099751506498,41.67,0.4167,0,0,0,0.0,0.0
G054363,35.237097162584554,128.67101047380345,0.0,0.0,1,1,1,1.0,0.0
G054364,35.23799868245657,128.67102343311737,0.0,0.0,1,1,1,1.0,0.0
G054365,35.238900202189896,128.67103639300672,0.0,0.0,1,1,1,1.0,0.0
G054366,35.23980172178452,128.67104935347157,0.0,0.0,1,1,1,1.0,0.0
G054367,35.24070324124041,128.67106231451194,0.0,0.0,1,1,1,1.0,0.0
G054368,35.24160476055761,128.67107527612782,0.0,0.0,1,1,1,1.0,0.0
G054369,35.242506279736105,128.6710882383193,0.0,0.0,1,1,1,1.0,0.0
G054370,35.24340779877587,128.67110120108637,0.0,0.0,1,1,1,1.0,0.0
G054371,35.24430931767692,128.671114164429,0.0,0.0,1,1,1,1.0,0.0
G054372,35.24521083643926,128.67112712834734,0.0,0.0,1,0,0,0.35491625289462136,0.0
G054373,35.246112355062884,128.6711400928413,0.0,0.0,0,0,0,0.0,0.0
G054374,35.24701387354778,128.671153057911,0.0,0.0,1,1,1,1.0,0.0
G054375,35.24791539189397,128.67116602355637,0.0,0.0,1,1,1,1.0,0.0
G054376,35.24881691010143,128.6711789897775,0.0,0.0,0,1,1,0.6450837471053786,0.0
G054377,35.249718428170155,128.67119195657443,0.0,0.0,0,0,1,0.18356598557436246,0.0
G054378,35.25061994610016,128.67120492394713,0.0,0.0,1,0,1,0.5384822384689838,0.0
G054379,35.25152146389144,128.67121789189562,0.0,0.0,1,0,1,0.5384822384689838,0.0
G054553,35.14242620435948,128.67075048979146,0.0,0.0,1,0,1,0.5384822384689838,0.0
G054554,35.14332773843373,128.67076340092,0.0,0.0,0,0,1,0.18356598557436246,0.0
G054555,35.144229272369465,128.6707763126219,5.77,0.057699999999999994,1,1,1,1.0,0.057699999999999994
G054556,35.14513080616665,128.67078922489716,0.0,0.0,1,1,1,1.0,0.0
G054557,35.1460323398253,128.67080213774582,0.0,0.0,1,1,1,1.0,0.0
G054558,35.14693387334542,128.6708150511679,0.0,0.0,1,1,1,1.0,0.0
G054569,35.15685073292266,128.67095713666328,0.0,0.0,1,0,1,0.5384822384689838,0.0
G054570,35.15775226478019,128.6709700569683,0.0,0.0,1,0,1,0.5384822384689838,0.0
G054571,35.15865379649915,128.67098297784705,0.0,0.0,1,1,1,1.0,0.0
G054634,35.215450015381926,128.67179815098348,0.0,0.0,1,1,1,1.0,0.0
G054635,35.21635153822948,128.67181110863456,0.0,0.0,1,0,1,0.5384822384689838,0.0
G054636,35.21725306093836,128.67182406686103,0.0,0.0,0,0,1,0.18356598557436246,0.0
G054637,35.21815458350858,128.67183702566294,0.0,0.0,1,0,1,0.5384822384689838,0.0
G054638,35.219056105940105,128.67184998504024,0.0,0.0,1,1,1,1.0,0.0
G054639,35.21995762823296,128.67186294499308,0.0,0.0,1,1,1,1.0,0.0
G054651,35.2307758849299,128.67201850932247,0.0,0.0,1,0,1,0.5384822384689838,0.0
G054652,35.231677405419816,128.67203147675866,0.0,0.0,1,0,1,0.5384822384689838,0.0
G054653,35.23257892577102,128.6720444447707,0.0,0.0,1,0,1,0.5384822384689838,0.0
G054654,35.23348044598353,128.67205741335857,0.0,0.0,1,1,1,1.0,0.0
G054655,35.234381966057335,128.67207038252235,0.0,0.0,1,1,1,1.0,0.0
G054656,35.23528348599243,128.67208335226198,5.56,0.0556,1,1,1,1.0,0.0556
G054657,35.23618500578881,128.67209632257757,14.74,0.1474,1,0,0,0.35491625289462136,0.05231465567666719
G054658,35.237086525446514,128.6721092934691,0.0,0.0,0,1,1,0.6450837471053786,0.0
G054659,35.237988044965476,128.6721222649366,0.0,0.0,1,1,1,1.0,0.0
G054660,35.23888956434574,128.6721352369801,0.0,0.0,0,1,1,0.6450837471053786,0.0
G054661,35.239791083587285,128.67214820959964,0.0,0.0,1,1,1,1.0,0.0
G054662,35.240692602690125,128.67216118279524,0.0,0.0,1,1,1,1.0,0.0
G054663,35.24159412165423,128.6721741565669,0.0,0.0,1,1,1,1.0,0.0
G054664,35.24249564047963,128.6721871309147,0.0,0.0,1,1,1,1.0,0.0
G054665,35.2433971591663,128.67220010583858,0.0,0.0,1,1,1,1.0,0.0
G054666,35.24429867771425,128.67221308133864,0.0,0.0,1,1,1,1.0,0.0
G054667,35.24520019612347,128.6722260574149,0.0,0.0,1,0,1,0.5384822384689838,0.0
G054668,35.246101714393966,128.67223903406733,0.0,0.0,0,0,1,0.18356598557436246,0.0
G054669,35.24700323252574,128.67225201129602,0.0,0.0,0,1,1,0.6450837471053786,0.0
G054671,35.24880626837311,128.6722779674822,0.0,0.0,1,1,1,1.0,0.0
G054672,35.24970778608869,128.67229094643972,0.0,0.0,1,1,1,1.0,0.0
G054673,35.250609303665534,128.67230392597358,0.0,0.0,1,1,1,1.0,0.0
G054719,35.29207896219909,128.67290160798882,0.0,0.0,1,1,1,1.0,0.0
G054720,35.29298047325349,128.67291461463913,0.0,0.0,1,1,1,1.0,0.0
G054721,35.29388198416909,128.67292762186696,0.0,0.0,1,1,1,1.0,0.0
G054722,35.29478349494586,128.67294062967244,0.0,0.0,1,1,1,1.0,0.0
G054723,35.29568500558381,128.67295363805547,0.0,0.0,1,1,1,1.0,0.0
G054846,35.143317128033125,128.67186095897762,0.0,0.0,1,0,1,0.5384822384689838,0.0
G054847,35.144218661616264,128.67187388277713,19.44,0.19440000000000002,1,1,1,1.0,0.19440000000000002
G054848,35.14512019506086,128.67188680715054,0.69,0.0069,1,1,1,1.0,0.0069
G054849,35.146021728366904,128.67189973209787,0.0,0.0,1,1,1,1.0,0.0
G054859,35.15503705380713,128.6720290131428,0.0,0.0,1,1,1,1.0,0.0
G054860,35.15593858558908,128.672041944405,0.0,0.0,1,1,1,1.0,0.0
G054861,35.156840117232456,128.67205487624145,0.0,0.0,1,0,1,0.5384822384689838,0.0
G054862,35.15774164873728,128.67206780865214,0.0,0.0,1,0,1,0.5384822384689838,0.0
G054863,35.15864318010354,128.67208074163713,0.0,0.0,1,1,1,1.0,0.0
G054864,35.15954471133122,128.67209367519638,0.0,0.0,1,1,1,1.0,0.0
G054922,35.21183328538604,128.67284480514076,0.0,0.0,1,1,1,1.0,0.0
G054923,35.21273480843511,128.67285777262902,0.0,0.0,1,1,1,1.0,0.0
G054924,35.213636331345484,128.6728707406931,0.0,0.0,1,1,1,1.0,0.0
G054925,35.2145378541172,128.67288370933304,0.0,0.0,1,1,1,1.0,0.0
G054927,35.21634089924459,128.67290964834058,0.0,0.0,1,0,1,0.5384822384689838,0.0
G054928,35.21724242160027,128.67292261870824,0.0,0.0,1,0,1,0.5384822384689838,0.0
G054929,35.21814394381726,128.67293558965184,0.0,0.0,1,0,1,0.5384822384689838,0.0
G054930,35.219045465895576,128.67294856117147,0.0,0.0,1,0,1,0.5384822384689838,0.0
G054938,35.22625763752932,128.6730523540666,0.0,0.0,1,0,1,0.5384822384689838,0.0
G054939,35.22715915835942,128.67306533077118,0.0,0.0,0,0,1,0.18356598557436246,0.0
G054942,35.22986372001749,128.67310426434247,0.0,0.0,1,1,1,1.0,0.0
G054943,35.23076524029279,128.67311724335212,0.0,0.0,0,0,1,0.18356598557436246,0.0
G054944,35.23166676042938,128.67313022293814,0.0,0.0,1,0,1,0.5384822384689838,0.0
G054945,35.232568280427245,128.67314320310052,0.0,0.0,1,0,1,0.5384822384689838,0.0
G054946,35.23346980028641,128.6731561838393,18.06,0.18059999999999998,1,1,1,1.0,0.18059999999999998
G054947,35.23437132000686,128.67316916515446,0.0,0.0,1,1,1,1.0,0.0
G054948,35.235272839588596,128.6731821470461,0.0,0.0,1,1,1,1.0,0.0
G054949,35.23617435903162,128.67319512951417,0.0,0.0,1,0,1,0.5384822384689838,0.0
G054950,35.237075878335936,128.67320811255877,0.0,0.0,0,1,1,0.6450837471053786,0.0
G054951,35.23797739750152,128.67322109617984,0.0,0.0,1,1,1,1.0,0.0
G054952,35.238878916528385,128.67323408037748,0.0,0.0,0,1,0,0.4615177615310162,0.0
G054953,35.239780435416534,128.67324706515168,0.0,0.0,1,1,1,1.0,0.0
G054954,35.240681954165964,128.67326005050248,0.0,0.0,1,1,1,1.0,0.0
G054955,35.24158347277666,128.6732730364299,0.0,0.0,1,1,1,1.0,0.0
G054956,35.24248499124863,128.67328602293395,0.0,0.0,1,1,1,1.0,0.0
G054957,35.243386509581875,128.6732990100147,0.0,0.0,1,1,1,1.0,0.0
G054958,35.244288027776385,128.67331199767213,0.0,0.0,0,1,1,0.6450837471053786,0.0
G054959,35.24518954583217,128.67332498590625,0.0,0.0,1,0,1,0.5384822384689838,0.0
G054960,35.24609106374922,128.67333797471713,0.0,0.0,0,1,1,0.6450837471053786,0.0
G054961,35.246992581527536,128.6733509641048,0.0,0.0,0,1,1,0.6450837471053786,0.0
G055010,35.29116678267869,128.67398815117647,0.0,0.0,1,1,1,1.0,0.0
G055011,35.292068293518064,128.67400116943526,0.0,0.0,1,1,1,1.0,0.0
G055012,35.29296980421862,128.6740141882721,0.0,0.0,1,1,1,1.0,0.0
G055013,35.293871314780354,128.67402720768703,0.0,0.0,1,1,1,1.0,0.0
G055014,35.29477282520326,128.6740402276801,0.0,0.0,1,1,1,1.0,0.0
G055015,35.295674335487334,128.67405324825134,0.0,0.0,1,1,1,1.0,0.0
G055016,35.296575845632596,128.67406626940075,0.0,0.0,1,1,1,1.0,0.0
G055145,35.155026428879864,128.67312672793705,0.0,0.0,0,0,1,0.18356598557436246,0.0
G055146,35.15592796030879,128.67313967130383,0.0,0.0,1,0,1,0.5384822384689838,0.0
G055147,35.15682949159917,128.67315261524536,0.0,0.0,1,0,1,0.5384822384689838,0.0
G055148,35.15773102275095,128.6731655597617,0.0,0.0,1,1,1,1.0,0.0
G055149,35.158632553764164,128.67317850485287,0.0,0.0,1,1,1,1.0,0.0
G055150,35.159534084638814,128.67319145051886,0.0,0.0,1,1,1,1.0,0.0
G055151,35.160435615374865,128.67320439675973,0.0,0.0,1,1,1,1.0,0.0
G055207,35.21092111536959,128.67393030452274,0.0,0.0,1,1,1,1.0,0.0
G055208,35.21182263820383,128.67394328357315,0.0,0.0,1,1,1,1.0,0.0
G055209,35.212724160899384,128.67395626319987,0.0,0.0,1,1,1,1.0,0.0
G055210,35.21362568345625,128.67396924340295,0.0,0.0,1,1,1,1.0,0.0
G055211,35.21452720587446,128.67398222418242,0.0,0.0,1,1,1,1.0,0.0
G055212,35.21542872815397,128.67399520553835,0.0,0.0,1,0,1,0.5384822384689838,0.0
G055213,35.2163302502948,128.6740081874707,0.0,0.0,1,0,1,0.5384822384689838,0.0
G055223,35.22534546407502,128.6741380385042,0.0,0.0,0,0,1,0.18356598557436246,0.0
G055224,35.2262469846902,128.6741510267791,0.0,0.0,1,0,1,0.5384822384689838,0.0
G055225,35.22714850516667,128.6741640156308,0.0,0.0,1,1,1,1.0,0.0
G055226,35.22805002550444,128.67417700505922,0.0,0.0,0,1,1,0.6450837471053786,0.0
G055227,35.228951545703495,128.67418999506447,0.0,0.0,1,1,1,1.0,0.0
G055228,35.22985306576384,128.67420298564653,0.0,0.0,0,1,0,0.4615177615310162,0.0
G055229,35.230754585685474,128.67421597680544,0.0,0.0,1,0,1,0.5384822384689838,0.0
G055230,35.23165610546841,128.67422896854126,0.0,0.0,1,0,1,0.5384822384689838,0.0
G055231,35.23255762511261,128.67424196085395,6.25,0.0625,1,0,1,0.5384822384689838,0.03365513990431149
G055232,35.233459144618095,128.67425495374357,22.22,0.22219999999999998,0,0,1,0.18356598557436246,0.04078836199462334
G055233,35.234360663984866,128.67426794721015,0.0,0.0,1,1,1,1.0,0.0
G055234,35.2352621832129,128.67428094125373,0.0,0.0,1,1,1,1.0,0.0
G055235,35.236163702302235,128.6742939358743,0.0,0.0,1,0,0,0.35491625289462136,0.0
G055236,35.237065221252834,128.6743069310719,0.0,0.0,1,1,1,1.0,0.0
G055237,35.23796674006471,128.67431992684655,0.0,0.0,1,1,1,1.0,0.0
G055238,35.23886825873786,128.67433292319828,0.0,0.0,1,1,1,1.0,0.0
G055239,35.239769777272286,128.67434592012714,0.0,0.0,1,1,1,1.0,0.0
G055240,35.24067129566796,128.6743589176331,0.0,0.0,1,1,1,1.0,0.0
G055242,35.242474332043145,128.67438491437656,0.0,0.0,1,1,1,1.0,0.0
G055243,35.24337585002262,128.67439791361406,0.0,0.0,0,1,1,0.6450837471053786,0.0
G055244,35.244277367863376,128.67441091342883,0.0,0.0,1,0,1,0.5384822384689838,0.0
G055245,35.24517888556537,128.67442391382085,0.0,0.0,1,0,1,0.5384822384689838,0.0
G055246,35.24608040312864,128.67443691479016,0.0,0.0,0,1,1,0.6450837471053786,0.0
G055296,35.29115610435914,128.6750876998589,0.0,0.0,1,1,1,1.0,0.0
G055297,35.29205761484433,128.67510073030365,0.0,0.0,1,1,1,1.0,0.0
G055298,35.2929591251907,128.675113761327,0.0,0.0,1,1,1,1.0,0.0
G055299,35.29386063539825,128.675126792929,0.0,0.0,0,1,1,0.6450837471053786,0.0
G055300,35.29476214546695,128.67513982510965,0.0,0.0,1,1,1,1.0,0.0
G055301,35.29566365539682,128.675152857869,0.0,0.0,1,1,1,1.0,0.0
G055302,35.296565165187864,128.67516589120706,0.0,0.0,1,1,1,1.0,0.0
G055418,35.155015794010176,128.67422444215657,0.0,0.0,1,1,1,1.0,0.0
G055419,35.15591732508577,128.67423739762788,0.0,0.0,0,0,1,0.18356598557436246,0.0
G055420,35.15681885602278,128.6742503536745,0.0,0.0,0,0,1,0.18356598557436246,0.0
G055421,35.15772038682122,128.67426331029645,0.0,0.0,1,0,1,0.5384822384689838,0.0
G055422,35.15862191748106,128.67427626749375,0.0,0.0,1,1,1,1.0,0.0
G055423,35.15952344800231,128.67428922526645,0.0,0.0,1,1,1,1.0,0.0
G055424,35.16042497838499,128.67430218361454,0.0,0.0,1,1,1,1.0,0.0
G055479,35.210008935958854,128.67501577962946,0.0,0.0,1,1,1,1.0,0.0
G055480,35.21091045857795,128.6750287702409,0.0,0.0,1,1,1,1.0,0.0
G055481,35.21181198105836,128.67504176142916,0.0,0.0,1,1,1,1.0,0.0
G055482,35.21271350340009,128.67505475319433,0.0,0.0,1,1,1,1.0,0.0
G055483,35.213615025603126,128.67506774553638,0.0,0.0,1,1,1,1.0,0.0
G055484,35.214516547667486,128.67508073845542,0.0,0.0,1,0,1,0.5384822384689838,0.0
G055485,35.21541806959315,128.67509373195136,0.0,0.0,1,0,1,0.5384822384689838,0.0
G055486,35.21631959138011,128.6751067260243,0.0,0.0,1,1,1,1.0,0.0
G055487,35.21722111302839,128.67511972067425,0.0,0.0,1,0,1,0.5384822384689838,0.0
G055488,35.21812263453796,128.67513271590124,0.0,0.0,1,0,1,0.5384822384689838,0.0
G055489,35.21902415590884,128.67514571170528,0.0,0.0,1,0,1,0.5384822384689838,0.0
G055495,35.22443328122136,128.67522369864923,0.0,0.0,0,1,1,0.6450837471053786,0.0
G055496,35.2253348016213,128.6752366984934,0.0,0.0,0,0,1,0.18356598557436246,0.0
G055497,35.226236321882546,128.67524969891485,0.0,0.0,0,1,1,0.6450837471053786,0.0
G055498,35.22713784200507,128.6752626999136,0.0,0.0,0,1,1,0.6450837471053786,0.0
G055499,35.22803936198887,128.67527570148962,0.0,0.0,1,1,1,1.0,0.0
G055500,35.228940881833964,128.675288703643,0.0,0.0,0,1,1,0.6450837471053786,0.0
G055501,35.229842401540324,128.67530170637374,0.0,0.0,0,0,1,0.18356598557436246,0.0
G055502,35.23074392110797,128.6753147096819,0.0,0.0,1,0,1,0.5384822384689838,0.0
G055503,35.231645440536916,128.67532771356744,0.0,0.0,1,1,1,1.0,0.0
G055504,35.232546959827125,128.67534071803044,0.0,0.0,0,0,1,0.18356598557436246,0.0
G055505,35.2334484789786,128.6753537230709,0.0,0.0,1,0,1,0.5384822384689838,0.0
G055506,35.23434999799136,128.67536672868889,0.0,0.0,1,0,1,0.5384822384689838,0.0
G055507,35.23525151686539,128.67537973488436,0.0,0.0,1,0,1,0.5384822384689838,0.0
G055508,35.23615303560068,128.6753927416574,0.0,0.0,0,0,1,0.18356598557436246,0.0
G055509,35.23705455419725,128.67540574900798,0.0,0.0,1,1,1,1.0,0.0
G055510,35.237956072655074,128.67541875693618,0.0,0.0,1,1,1,1.0,0.0
G055511,35.23885759097417,128.675431765442,0.0,0.0,1,1,1,1.0,0.0
G055512,35.23975910915453,128.67544477452543,0.0,0.0,1,1,1,1.0,0.0
G055513,35.24066062719615,128.67545778418656,0.0,0.0,1,1,1,1.0,0.0
G055514,35.24156214509902,128.6754707944254,0.0,0.0,1,1,1,1.0,0.0
G055517,35.2442666979752,128.6755098286083,0.0,0.0,1,0,1,0.5384822384689838,0.0
G055520,35.24697124960265,128.67554886799144,0.0,0.0,0,0,1,0.18356598557436246,0.0
G055521,35.2478727665343,128.67556188227485,0.0,0.0,1,1,1,1.0,0.0
G055522,35.24877428332721,128.6755748971362,0.0,0.0,0,1,1,0.6450837471053786,0.0
G055569,35.29114541604721,128.67618724796273,1.39,0.0139,1,1,1,1.0,0.0139
G055570,35.2920469261779,128.6762002905934,40.28,0.4028,0,1,1,0.6450837471053786,0.25983973333404653
G055571,35.29294843616976,128.67621333380325,2.03,0.0203,1,1,1,1.0,0.0203
G055572,35.293849946022775,128.67622637759226,0.0,0.0,1,1,1,1.0,0.0
G055573,35.29475145573696,128.6762394219605,0.0,0.0,1,1,1,1.0,0.0
G055574,35.295652965312286,128.67625246690798,0.0,0.0,1,1,1,1.0,0.0
G055575,35.296554474748774,128.6762655124347,0.0,0.0,1,1,1,1.0,0.0
G055688,35.1550051491981,128.67532215580079,0.0,0.0,1,1,1,1.0,0.0
G055689,35.155906679920015,128.6753351233766,0.0,0.0,1,0,1,0.5384822384689838,0.0
G055690,35.15680821050334,128.6753480915283,0.0,0.0,1,0,1,0.5384822384689838,0.0
G055691,35.15770974094808,128.67536106025582,0.0,0.0,1,0,1,0.5384822384689838,0.0
G055692,35.15861127125423,128.67537402955926,0.0,0.0,1,1,1,1.0,0.0
G055693,35.159512801421776,128.67538699943864,0.0,0.0,1,1,1,1.0,0.0
G055694,35.16041433145074,128.67539996989393,0.0,0.0,1,0,1,0.5384822384689838,0.0
G055749,35.209998269558476,128.6761142326334,0.0,0.0,1,1,1,1.0,0.0
G055750,35.21089979182343,128.67612723538218,0.0,0.0,1,1,1,1.0,0.0
G055751,35.21180131394968,128.67614023870834,0.0,0.0,1,1,1,1.0,0.0
G055752,35.21270283593725,128.67615324261192,0.0,0.0,1,1,1,1.0,0.0
G055753,35.213604357786124,128.67616624709294,0.0,0.0,1,1,1,1.0,0.0
G055754,35.2145058794963,128.67617925215143,0.0,0.0,1,0,1,0.5384822384689838,0.0
G055755,35.215407401067786,128.67619225778742,0.0,0.0,1,0,1,0.5384822384689838,0.0
G055756,35.21630892250056,128.6762052640009,0.0,0.0,1,0,1,0.5384822384689838,0.0
G055757,35.21721044379462,128.676218270792,0.0,0.0,1,0,1,0.5384822384689838,0.0
G055758,35.21811196494999,128.67623127816063,0.0,0.0,1,0,1,0.5384822384689838,0.0
G055759,35.21901348596666,128.67624428610685,0.0,0.0,1,0,1,0.5384822384689838,0.0
G055760,35.219915006844616,128.67625729463072,0.0,0.0,0,0,1,0.18356598557436246,0.0
G055765,35.224422609153734,128.67632234591522,0.0,0.0,1,0,1,0.5384822384689838,0.0
G055766,35.22532412919942,128.67633535790534,0.0,0.0,0,0,1,0.18356598557436246,0.0
G055767,35.22622564910638,128.6763483704733,0.0,0.0,1,1,0,0.8164340144256376,0.0
G055768,35.22712716887462,128.67636138361905,0.0,0.0,0,1,1,0.6450837471053786,0.0
G055769,35.22802868850413,128.67637439734267,0.0,0.0,0,1,1,0.6450837471053786,0.0
G055770,35.22893020799493,128.67638741164419,0.0,0.0,0,0,1,0.18356598557436246,0.0
G055771,35.22983172734698,128.6764004265236,0.0,0.0,1,0,1,0.5384822384689838,0.0
G055772,35.23073324656032,128.6764134419809,0.0,0.0,1,0,1,0.5384822384689838,0.0
G055773,35.231634765634944,128.6764264580162,0.0,0.0,1,1,1,1.0,0.0
G055774,35.232536284570806,128.6764394746295,0.0,0.0,1,0,1,0.5384822384689838,0.0
G055775,35.23343780336796,128.67645249182078,0.0,0.0,1,1,1,1.0,0.0
G055776,35.23433932202636,128.6764655095901,0.0,0.0,0,0,1,0.18356598557436246,0.0
G055777,35.23524084054603,128.67647852793746,32.69,0.32689999999999997,1,0,1,0.5384822384689838,0.17602984375551078
G055778,35.23614235892696,128.67649154686293,20.14,0.2014,1,0,1,0.5384822384689838,0.10845032282765334
G055779,35.23704387716917,128.67650456636648,0.0,0.0,1,1,1,1.0,0.0
G055780,35.237945395272625,128.67651758644817,0.0,0.0,1,1,1,1.0,0.0
G055781,35.23884691323734,128.67653060710802,0.0,0.0,1,1,1,1.0,0.0
G055782,35.239748431063305,128.67654362834608,0.0,0.0,1,1,1,1.0,0.0
G055783,35.24064994875053,128.67655665016233,0.0,0.0,1,1,1,1.0,0.0
G055784,35.241551466298986,128.6765696725568,0.0,0.0,1,1,1,1.0,0.0
G055789,35.24605905196007,128.67663479320373,0.0,0.0,0,1,1,0.6450837471053786,0.0
G055790,35.24696056867601,128.6766478190682,0.0,0.0,1,0,1,0.5384822384689838,0.0
G055791,35.2478620852532,128.67666084551107,0.0,0.0,0,1,1,0.6450837471053786,0.0
G055792,35.248763601691635,128.67667387253238,0.0,0.0,1,1,1,1.0,0.0
G055793,35.2496651179913,128.67668690013215,0.0,0.0,1,1,1,1.0,0.0
G055794,35.250566634152186,128.67669992831043,0.0,0.0,1,1,1,1.0,0.0
G055839,35.291134717742935,128.6772867954874,0.0,0.0,1,0,1,0.5384822384689838,0.0
G055840,35.29203622751879,128.677299850304,2.78,0.0278,1,1,1,1.0,0.0278
G055841,35.2929377371558,128.67731290570032,0.0,0.0,1,1,1,1.0,0.0
G055842,35.29383924665396,128.67732596167636,0.0,0.0,1,1,1,1.0,0.0
G055843,35.294740756013276,128.67733901823212,0.0,0.0,1,1,1,1.0,0.0
G055844,35.29564226523373,128.67735207536768,0.0,0.0,1,1,1,1.0,0.0
G055845,35.29654377431535,128.67736513308301,0.0,0.0,1,1,1,1.0,0.0
G055956,35.15499449444364,128.67641986886917,0.0,0.0,0,0,1,0.18356598557436246,0.0
G055957,35.155896024811554,128.6764328485495,0.0,0.0,1,0,1,0.5384822384689838,0.0
G055958,35.15679755504086,128.6764458288062,0.0,0.0,1,0,1,0.5384822384689838,0.0
G055959,35.157699085131576,128.67645880963934,0.0,0.0,1,0,1,0.5384822384689838,0.0
G055960,35.15860061508369,128.67647179104887,0.0,0.0,1,1,1,1.0,0.0
G055961,35.15950214489721,128.67648477303487,0.0,0.0,1,0,1,0.5384822384689838,0.0
G055962,35.16040367457212,128.67649775559735,0.0,0.0,1,1,1,1.0,0.0
G056017,35.20998759319555,128.67721268505997,0.0,0.0,1,1,1,1.0,0.0
G056018,35.21088911510603,128.67722569994604,0.0,0.0,1,1,1,1.0,0.0
G056019,35.21179063687781,128.67723871541006,0.0,0.0,1,1,1,1.0,0.0
G056020,35.212692158510876,128.67725173145203,0.0,0.0,1,1,1,1.0,0.0
G056021,35.21359368000525,128.67726474807196,0.0,0.0,1,0,1,0.5384822384689838,0.0
G056022,35.21449520136092,128.67727776526993,0.0,0.0,1,0,1,0.5384822384689838,0.0
G056023,35.21539672257789,128.67729078304592,0.0,0.0,1,1,1,1.0,0.0
G056024,35.21629824365615,128.6773038014,0.0,0.0,1,0,1,0.5384822384689838,0.0
G056025,35.217199764595684,128.67731682033212,0.0,0.0,1,0,1,0.5384822384689838,0.0
G056026,35.218101285396514,128.67732983984237,0.0,0.0,1,0,1,0.5384822384689838,0.0
G056027,35.21900280605863,128.67734285993077,0.0,0.0,1,1,1,1.0,0.0
G056028,35.219904326582046,128.67735588059733,0.0,0.0,1,0,1,0.5384822384689838,0.0
G056033,35.22441192711828,128.67742099260346,0.0,0.0,1,0,0,0.35491625289462136,0.0
G056034,35.22531344680936,128.6774340167395,0.0,0.0,0,0,1,0.18356598557436246,0.0
G056035,35.22621496636172,128.67744704145392,0.0,0.0,0,1,0,0.4615177615310162,0.0
G056036,35.22711648577534,128.6774600667467,0.0,0.0,1,1,1,1.0,0.0
G056037,35.22801800505024,128.67747309261787,0.0,0.0,1,1,1,1.0,0.0
G056038,35.22891952418639,128.67748611906748,10.32,0.1032,0,0,1,0.18356598557436246,0.018944009711274207
G056039,35.229821043183826,128.6774991460955,0.0,0.0,1,0,1,0.5384822384689838,0.0
G056040,35.23072256204251,128.67751217370198,0.0,0.0,1,1,1,1.0,0.0
G056041,35.23162408076248,128.677525201887,0.0,0.0,0,0,1,0.18356598557436246,0.0
G056042,35.232525599343695,128.67753823065053,0.0,0.0,1,0,1,0.5384822384689838,0.0
G056043,35.233427117786164,128.67755125999258,0.0,0.0,1,0,1,0.5384822384689838,0.0
G056044,35.2343286360899,128.67756428991322,0.0,0.0,1,1,1,1.0,0.0
G056045,35.23523015425489,128.67757732041247,18.06,0.18059999999999998,1,1,1,1.0,0.18059999999999998
G056046,35.23613167228113,128.67759035149032,3.97,0.0397,1,0,1,0.5384822384689838,0.021377744867218655
G056047,35.23703319016864,128.67760338314685,0.0,0.0,1,0,1,0.5384822384689838,0.0
G056048,35.23793470791738,128.677616415382,0.0,0.0,1,0,1,0.5384822384689838,0.0
G056049,35.23883622552737,128.67762944819592,0.0,0.0,1,1,0,0.8164340144256376,0.0
G056050,35.239737742998614,128.6776424815885,0.0,0.0,1,1,1,1.0,0.0
G056051,35.240639260331115,128.67765551555988,0.0,0.0,1,1,1,1.0,0.0
G056052,35.24154077752485,128.67766855010998,0.0,0.0,1,1,1,1.0,0.0
G056053,35.242442294579824,128.67768158523893,0.0,0.0,1,1,1,1.0,0.0
G056054,35.24334381149605,128.67769462094668,0.0,0.0,1,0,1,0.5384822384689838,0.0
G056055,35.2442453282735,128.6777076572333,0.0,0.0,0,0,1,0.18356598557436246,0.0
G056056,35.2451468449122,128.6777206940988,0.0,0.0,0,1,1,0.6450837471053786,0.0
G056057,35.24604836141212,128.6777337315432,0.0,0.0,1,1,1,1.0,0.0
G056058,35.24694987777329,128.67774676956657,0.0,0.0,0,0,1,0.18356598557436246,0.0
G056059,35.24785139399568,128.67775980816882,0.0,0.0,1,1,1,1.0,0.0
G056060,35.24875291007932,128.6777728473501,0.0,0.0,0,1,1,0.6450837471053786,0.0
G056061,35.249654426024165,128.67778588711036,0.0,0.0,1,1,1,1.0,0.0
G056062,35.25055594183024,128.6777989274497,0.0,0.0,1,1,1,1.0,0.0
G056098,35.28301041841205,128.67826876551638,0.0,0.0,1,1,1,1.0,0.0
G056099,35.283911929082336,128.67828182729792,0.0,0.0,1,1,1,1.0,0.0
G056108,35.29202551886702,128.67839940943495,0.0,0.0,1,1,1,1.0,0.0
G056109,35.29292702814885,128.67841247701767,0.0,0.0,1,1,1,1.0,0.0
G056110,35.29382853729183,128.6784255451807,0.0,0.0,1,1,1,1.0,0.0
G056111,35.294730046295946,128.67843861392396,0.0,0.0,1,1,1,1.0,0.0
G056112,35.29563155516121,128.67845168324757,0.0,0.0,1,1,1,1.0,0.0
G056221,35.155885359760376,128.67753057314602,0.0,0.0,1,0,1,0.5384822384689838,0.0
G056222,35.15678688963534,128.67754356550773,0.0,0.0,1,0,1,0.5384822384689838,0.0
G056223,35.157688419371716,128.67755655844638,0.0,0.0,1,0,1,0.5384822384689838,0.0
G056224,35.15858994896947,128.67756955196202,0.0,0.0,1,0,1,0.5384822384689838,0.0
G056225,35.15949147842863,128.67758254605465,0.0,0.0,1,0,1,0.5384822384689838,0.0
G056280,35.20907538517573,128.67829811046374,0.0,0.0,1,1,1,1.0,0.0
G056281,35.209976906870104,128.67831113690866,0.0,0.0,1,1,1,1.0,0.0
G056282,35.21087842842577,128.678324163932,0.0,0.0,1,1,1,1.0,0.0
G056283,35.211779949842736,128.67833719153384,0.0,0.0,1,1,1,1.0,0.0
G056284,35.212681471120995,128.67835021971416,0.0,0.0,1,0,1,0.5384822384689838,0.0
G056285,35.21358299226053,128.67836324847303,0.0,0.0,1,0,1,0.5384822384689838,0.0
G056286,35.21448451326137,128.6783762778104,0.0,0.0,1,1,1,1.0,0.0
G056287,35.21538603412349,128.6783893077264,0.0,0.0,1,0,1,0.5384822384689838,0.0
G056288,35.21628755484689,128.67840233822096,0.0,0.0,1,1,1,1.0,0.0
G056289,35.21718907543157,128.67841536929416,0.0,0.0,1,1,1,1.0,0.0
G056290,35.21809059587754,128.67842840094602,0.0,0.0,1,0,1,0.5384822384689838,0.0
G056291,35.218992116184786,128.67844143317654,0.0,0.0,1,0,1,0.5384822384689838,0.0
G056292,35.2198936363533,128.67845446598577,0.0,0.0,1,1,1,1.0,0.0
G056297,35.22440123511501,128.67851963871334,6.25,0.0625,1,0,1,0.5384822384689838,0.03365513990431149
G056298,35.22530275445116,128.67853267499532,0.0,0.0,1,0,1,0.5384822384689838,0.0
G056299,35.22620427364858,128.67854571185617,0.0,0.0,0,0,1,0.18356598557436246,0.0
G056300,35.227105792707256,128.67855874929595,0.0,0.0,0,1,1,0.6450837471053786,0.0
G056301,35.2280073116272,128.67857178731464,0.0,0.0,0,0,1,0.18356598557436246,0.0
G056302,35.2289088304084,128.6785848259123,26.28,0.26280000000000003,1,0,1,0.5384822384689838,0.14151313226964896
G056303,35.22981034905086,128.67859786508893,2.44,0.024399999999999998,1,1,1,1.0,0.024399999999999998
G056304,35.230711867554575,128.6786109048446,0.0,0.0,1,1,1,1.0,0.0
G056305,35.23161338591955,128.67862394517925,0.0,0.0,1,0,1,0.5384822384689838,0.0
G056306,35.23251490414578,128.678636986093,0.0,0.0,1,1,1,1.0,0.0
G056307,35.23341642223325,128.67865002758583,0.0,0.0,0,0,0,0.0,0.0
G056308,35.23431794018198,128.67866306965777,0.0,0.0,1,0,1,0.5384822384689838,0.0
G056309,35.23521945799195,128.67867611230884,0.0,0.0,1,1,1,1.0,0.0
G056310,35.23612097566318,128.6786891555391,57.67,0.5767,0,1,1,0.6450837471053786,0.37201979695567183
G056311,35.237022493195646,128.67870219934852,2.78,0.0278,1,1,1,1.0,0.0278
G056312,35.23792401058935,128.67871524373714,0.0,0.0,1,0,1,0.5384822384689838,0.0
G056313,35.238825527844305,128.67872828870503,0.0,0.0,1,0,1,0.5384822384689838,0.0
G056314,35.239727044960496,128.67874133425218,0.0,0.0,1,1,1,1.0,0.0
G056315,35.24062856193793,128.67875438037862,0.0,0.0,1,1,1,1.0,0.0
G056316,35.24153007877659,128.67876742708438,0.0,0.0,1,1,1,1.0,0.0
G056317,35.242431595476496,128.67878047436946,0.0,0.0,1,1,1,1.0,0.0
G056318,35.24333311203763,128.67879352223392,0.0,0.0,1,0,1,0.5384822384689838,0.0
G056319,35.24423462845999,128.67880657067775,0.0,0.0,1,1,1,1.0,0.0
G056320,35.24513614474359,128.67881961970104,0.0,0.0,1,1,1,1.0,0.0
G056321,35.24603766088841,128.67883266930377,0.0,0.0,0,1,1,0.6450837471053786,0.0
G056322,35.24693917689446,128.67884571948593,0.0,0.0,0,0,1,0.18356598557436246,0.0
G056323,35.247840692761734,128.67885877024761,0.0,0.0,1,1,1,1.0,0.0
G056324,35.248742208490235,128.6788718215888,0.0,0.0,0,1,1,0.6450837471053786,0.0
G056325,35.24964372407995,128.67888487350956,0.0,0.0,0,1,1,0.6450837471053786,0.0
G056326,35.25054523953089,128.6788979260099,0.0,0.0,1,1,0,0.8164340144256376,0.0
G056360,35.28119668227606,128.67934205604925,0.0,0.0,1,1,1,1.0,0.0
G056361,35.2820981928686,128.67935512885074,0.0,0.0,1,1,1,1.0,0.0
G056362,35.282999703322304,128.67936820223275,0.0,0.0,0,1,1,0.6450837471053786,0.0
G056363,35.28390121363716,128.67938127619524,0.0,0.0,1,1,1,1.0,0.0
G056364,35.28480272381316,128.6793943507383,0.0,0.0,1,1,1,1.0,0.0
G056365,35.28570423385033,128.67940742586197,0.0,0.0,1,1,1,1.0,0.0
G056373,35.29291630914892,128.67951204775474,0.0,0.0,1,1,1,1.0,0.0
G056374,35.29381781793637,128.6795251281047,0.0,0.0,1,1,1,1.0,0.0
G056375,35.29471932658498,128.67953820903548,0.0,0.0,1,1,1,1.0,0.0
G056484,35.159480802016034,128.67868031849736,0.0,0.0,1,1,1,1.0,0.0
G056485,35.16038233098187,128.67869332527414,0.0,0.0,1,1,1,1.0,0.0
G056486,35.16128385980909,128.6787063326285,0.0,0.0,1,1,1,1.0,0.0
G056487,35.16218538849769,128.67871934056043,0.0,0.0,1,1,1,1.0,0.0
G056488,35.163086917047664,128.67873234907003,0.0,0.0,1,1,1,1.0,0.0
G056539,35.20906468924291,128.67939654959724,0.0,0.0,1,1,1,1.0,0.0
G056540,35.20996621058215,128.67940958817888,0.0,0.0,1,1,1,1.0,0.0
G056541,35.21086773178268,128.67942262733948,0.0,0.0,1,1,1,1.0,0.0
G056542,35.2117692528445,128.67943566707913,0.0,0.0,1,0,1,0.5384822384689838,0.0
G056543,35.212670773767606,128.6794487073978,0.0,0.0,1,0,1,0.5384822384689838,0.0
G056544,35.21357229455198,128.6794617482955,0.0,0.0,1,1,1,1.0,0.0
G056545,35.21447381519765,128.67947478977234,0.0,0.0,1,0,1,0.5384822384689838,0.0
G056546,35.2153753357046,128.67948783182825,0.0,0.0,1,0,1,0.5384822384689838,0.0
G056547,35.21627685607281,128.67950087446332,0.0,0.0,1,1,1,1.0,0.0
G056548,35.217178376302314,128.67951391767755,0.0,0.0,0,0,1,0.18356598557436246,0.0
G056549,35.21807989639307,128.67952696147097,0.0,0.0,1,1,1,1.0,0.0
G056550,35.2189814163451,128.6795400058436,0.0,0.0,0,0,1,0.18356598557436246,0.0
G056551,35.21988293615842,128.6795530507955,0.0,0.0,1,0,1,0.5384822384689838,0.0
G056552,35.22078445583299,128.67956609632662,0.0,0.0,1,0,1,0.5384822384689838,0.0
G056557,35.22529205212483,128.67963133267224,0.0,0.0,1,1,1,1.0,0.0
G056558,35.226193570966984,128.6796443816795,0.0,0.0,1,0,1,0.5384822384689838,0.0
G056559,35.227095089670385,128.67965743126624,0.0,0.0,0,0,0,0.0,0.0
G056560,35.22799660823504,128.67967048143245,0.0,0.0,0,0,0,0.0,0.0
G056561,35.22889812666095,128.67968353217816,11.81,0.11810000000000001,1,1,1,1.0,0.11810000000000001
G056562,35.22979964494811,128.67969658350336,46.1,0.461,1,1,1,1.0,0.461
G056563,35.23070116309651,128.6797096354081,4.11,0.041100000000000005,1,1,1,1.0,0.041100000000000005
G056564,35.23160268110619,128.67972268789245,0.0,0.0,0,0,1,0.18356598557436246,0.0
G056566,35.233405716709235,128.67974879459996,0.0,0.0,1,1,1,1.0,0.0
G056567,35.23430723430262,128.67976184882318,0.0,0.0,0,0,1,0.18356598557436246,0.0
G056568,35.23520875175725,128.67977490362608,0.0,0.0,1,1,1,1.0,0.0
G056569,35.23611026907313,128.67978795900868,10.39,0.1039,1,1,1,1.0,0.1039
G056570,35.23701178625023,128.679801014971,0.0,0.0,1,1,1,1.0,0.0
G056571,35.23791330328857,128.67981407151305,0.0,0.0,1,1,1,1.0,0.0
G056572,35.23881482018814,128.6798271286349,0.0,0.0,1,0,1,0.5384822384689838,0.0
G056573,35.23971633694896,128.67984018633658,0.0,0.0,1,0,1,0.5384822384689838,0.0
G056574,35.240617853570996,128.67985324461804,0.0,0.0,1,1,1,1.0,0.0
G056575,35.241519370054256,128.67986630347937,0.0,0.0,1,1,1,1.0,0.0
G056576,35.242420886398754,128.67987936292062,0.0,0.0,1,0,1,0.5384822384689838,0.0
G056577,35.24332240260448,128.67989242294175,0.0,0.0,1,0,1,0.5384822384689838,0.0
G056578,35.244223918671416,128.6799054835428,0.0,0.0,0,1,1,0.6450837471053786,0.0
G056579,35.24512543459957,128.67991854472382,0.0,0.0,0,1,1,0.6450837471053786,0.0
G056580,35.24602695038896,128.6799316064848,0.0,0.0,1,0,1,0.5384822384689838,0.0
G056581,35.24692846603956,128.67994466882584,0.0,0.0,1,0,1,0.5384822384689838,0.0
G056582,35.24782998155139,128.6799577317469,0.0,0.0,1,1,1,1.0,0.0
G056583,35.24873149692443,128.679970795248,0.0,0.0,0,1,1,0.6450837471053786,0.0
G056584,35.249633012158675,128.6799838593292,0.0,0.0,1,1,1,1.0,0.0
G056585,35.25053452725413,128.6799969239905,0.0,0.0,1,1,1,1.0,0.0
G056619,35.281185957908505,128.68044146782472,0.0,0.0,1,1,1,1.0,0.0
G056620,35.28208746814529,128.68045455280614,0.0,0.0,1,1,1,1.0,0.0
G056621,35.28298897824323,128.68046763836858,0.0,0.0,1,1,1,1.0,0.0
G056622,35.28389048820231,128.68048072451205,0.0,0.0,1,1,1,1.0,0.0
G056623,35.28479199802256,128.68049381123663,0.0,0.0,1,1,1,1.0,0.0
G056624,35.28569350770395,128.68050689854232,0.0,0.0,1,1,1,1.0,0.0
G056738,35.15496247052613,128.67971300461411,0.0,0.0,0,1,1,0.6450837471053786,0.0
G056739,35.15586399983003,128.67972602060775,0.0,0.0,1,1,1,1.0,0.0
G056740,35.15676552899532,128.67973903717942,0.0,0.0,1,0,1,0.5384822384689838,0.0
G056741,35.15766705802199,128.67975205432907,0.0,0.0,1,0,1,0.5384822384689838,0.0
G056742,35.158568586910036,128.6797650720568,0.0,0.0,1,0,1,0.5384822384689838,0.0
G056743,35.15947011565947,128.67977809036256,0.0,0.0,0,0,1,0.18356598557436246,0.0
G056744,35.16037164427026,128.67979110924642,0.0,0.0,1,0,1,0.5384822384689838,0.0
G056745,35.16127317274244,128.6798041287084,0.0,0.0,1,1,1,1.0,0.0
G056746,35.16217470107599,128.67981714874853,0.0,0.0,1,1,1,1.0,0.0
G056747,35.1630762292709,128.67983016936685,0.0,0.0,1,1,1,1.0,0.0
G056748,35.16397775732719,128.67984319056333,0.0,0.0,1,1,1,1.0,0.0
G056797,35.20815246222541,128.68048193801292,0.0,0.0,1,1,1,1.0,0.0
G056798,35.20905398334792,128.6804949881518,0.0,0.0,1,1,1,1.0,0.0
G056799,35.2099555043317,128.6805080388701,0.0,0.0,1,1,1,1.0,0.0
G056800,35.210857025176765,128.68052109016796,0.0,0.0,1,1,1,1.0,0.0
G056801,35.21175854588311,128.68053414204536,0.0,0.0,1,0,1,0.5384822384689838,0.0
G056802,35.212660066450724,128.68054719450234,0.0,0.0,1,0,1,0.5384822384689838,0.0
G056803,35.21356158687962,128.68056024753892,0.0,0.0,1,1,1,1.0,0.0
G056804,35.21446310716979,128.6805733011551,16.56,0.1656,1,0,1,0.5384822384689838,0.08917265869046372
G056805,35.215364627321236,128.68058635535098,0.0,0.0,1,1,1,1.0,0.0
G056806,35.21626614733393,128.68059941012652,0.0,0.0,0,0,1,0.18356598557436246,0.0
G056807,35.2171676672079,128.68061246548174,0.0,0.0,1,1,1,1.0,0.0
G056808,35.21806918694315,128.68062552141672,0.0,0.0,0,0,1,0.18356598557436246,0.0
G056809,35.21897070653964,128.68063857793143,0.0,0.0,1,0,1,0.5384822384689838,0.0
G056810,35.219872225997406,128.68065163502592,0.0,0.0,1,1,1,1.0,0.0
G056811,35.22077374531643,128.68066469270025,0.0,0.0,1,0,1,0.5384822384689838,0.0
G056817,35.226182858316946,128.68074305092344,0.0,0.0,1,0,1,0.5384822384689838,0.0
G056818,35.22708437666474,128.68075611265706,0.0,0.0,1,0,1,0.5384822384689838,0.0
G056819,35.227985894873775,128.68076917497075,0.0,0.0,1,0,1,0.5384822384689838,0.0
G056820,35.22888741294406,128.68078223786446,10.42,0.1042,1,0,1,0.5384822384689838,0.05610984924846811
G056821,35.22978893087559,128.68079530133824,11.81,0.11810000000000001,1,1,1,1.0,0.11810000000000001
G056822,35.23069044866836,128.6808083653921,0.0,0.0,1,0,1,0.5384822384689838,0.0
G056823,35.231591966322384,128.68082143002604,0.0,0.0,1,0,1,0.5384822384689838,0.0
G056827,35.2351980355508,128.68087369436358,0.0,0.0,0,0,1,0.18356598557436246,0.0
G056828,35.23609955251098,128.6808867618985,0.0,0.0,1,1,1,1.0,0.0
G056829,35.2370010693324,128.68089983001371,0.0,0.0,0,1,1,0.6450837471053786,0.0
G056830,35.23790258601504,128.68091289870918,0.0,0.0,1,0,1,0.5384822384689838,0.0
G056831,35.23880410255891,128.680925967985,0.0,0.0,1,0,1,0.5384822384689838,0.0
G056832,35.239705618964,128.68093903784114,0.0,0.0,1,0,1,0.5384822384689838,0.0
G056833,35.24060713523031,128.68095210827764,0.0,0.0,1,0,1,0.5384822384689838,0.0
G056834,35.24150865135786,128.68096517929453,0.0,0.0,1,0,1,0.5384822384689838,0.0
G056835,35.24241016734662,128.68097825089185,0.0,0.0,1,0,0,0.35491625289462136,0.0
G056836,35.24331168319658,128.68099132306963,0.0,0.0,0,0,1,0.18356598557436246,0.0
G056837,35.24421319890777,128.68100439582787,0.0,0.0,0,1,1,0.6450837471053786,0.0
G056838,35.245114714480174,128.68101746916665,0.0,0.0,0,1,1,0.6450837471053786,0.0
G056839,35.24601622991379,128.68103054308588,0.0,0.0,1,0,1,0.5384822384689838,0.0
G056840,35.24691774520862,128.68104361758571,0.0,0.0,0,1,1,0.6450837471053786,0.0
G056841,35.24781926036466,128.6810566926661,0.0,0.0,0,1,1,0.6450837471053786,0.0
G056842,35.248720775381905,128.6810697683271,0.0,0.0,1,1,1,1.0,0.0
G056843,35.249622290260355,128.6810828445687,0.0,0.0,1,1,1,1.0,0.0
G056844,35.250523805,128.68109592139098,0.0,0.0,1,1,1,1.0,0.0
G056878,35.281175223552296,128.68154087901922,0.0,0.0,1,1,1,1.0,0.0
G056879,35.28207673343301,128.68155397618048,0.0,0.0,1,1,1,1.0,0.0
G056880,35.28297824317486,128.6815670739233,0.0,0.0,1,1,1,1.0,0.0
G056881,35.283879752777864,128.68158017224775,0.0,0.0,1,1,1,1.0,0.0
G056882,35.28478126224199,128.68159327115382,0.0,0.0,1,1,1,1.0,0.0
G056883,35.28568277156728,128.68160637064153,0.0,0.0,0,1,1,0.6450837471053786,0.0
G056884,35.28658428075367,128.68161947071096,0.0,0.0,1,1,1,1.0,0.0
G056997,35.15495177600231,128.68081071537387,0.0,0.0,1,1,1,1.0,0.0
G056998,35.15585330495089,128.6808237434719,0.0,0.0,1,1,1,1.0,0.0
G056999,35.15675483376083,128.6808367721485,0.0,0.0,0,0,1,0.18356598557436246,0.0
G057000,35.157656362432164,128.6808498014036,0.0,0.0,0,0,1,0.18356598557436246,0.0
G057001,35.15855789096486,128.68086283123733,0.0,0.0,0,0,1,0.18356598557436246,0.0
G057002,35.15945941935892,128.68087586164964,0.0,0.0,1,1,1,1.0,0.0
G057003,35.16036094761436,128.68088889264058,0.0,0.0,0,0,1,0.18356598557436246,0.0
G057004,35.16126247573116,128.6809019242102,0.0,0.0,0,0,1,0.18356598557436246,0.0
G057005,35.16216400370932,128.6809149563585,0.0,0.0,1,1,1,1.0,0.0
G057006,35.16306553154885,128.68092798908546,0.0,0.0,1,1,1,1.0,0.0
G057007,35.16396705924974,128.6809410223912,0.0,0.0,1,1,1,1.0,0.0
G057054,35.206338704774446,128.68155424104194,0.0,0.0,1,1,1,1.0,0.0
G057055,35.20724022581862,128.68156730215688,0.0,0.0,1,0,1,0.5384822384689838,0.0
G057056,35.208141746724074,128.68158036385185,0.0,0.0,1,0,1,0.5384822384689838,0.0
G057057,35.20904326749079,128.68159342612682,0.0,0.0,1,1,1,1.0,0.0
G057058,35.2099447881188,128.6816064889818,0.0,0.0,0,1,1,0.6450837471053786,0.0
G057059,35.210846308608055,128.6816195524169,0.0,0.0,1,0,1,0.5384822384689838,0.0
G057060,35.211747828958586,128.68163261643204,0.0,0.0,1,0,1,0.5384822384689838,0.0
G057061,35.21264934917039,128.68164568102728,0.0,0.0,1,0,1,0.5384822384689838,0.0
G057062,35.21355086924346,128.6816587462027,0.69,0.0069,1,0,1,0.5384822384689838,0.003715527445435988
G057063,35.21445238917781,128.68167181195827,25.69,0.2569,1,0,1,0.5384822384689838,0.13833608706268194
G057064,35.215353908973405,128.68168487829402,0.0,0.0,1,0,1,0.5384822384689838,0.0
G057065,35.21625542863027,128.68169794521,0.0,0.0,1,0,1,0.5384822384689838,0.0
G057066,35.21715694814838,128.68171101270622,0.0,0.0,0,0,1,0.18356598557436246,0.0
G057067,35.21805846752776,128.6817240807827,0.0,0.0,1,0,1,0.5384822384689838,0.0
G057068,35.2189599867684,128.6817371494395,0.0,0.0,1,0,1,0.5384822384689838,0.0
G057069,35.21986150587028,128.68175021867657,0.0,0.0,1,0,1,0.5384822384689838,0.0
G057070,35.220763024833424,128.68176328849404,0.0,0.0,1,0,1,0.5384822384689838,0.0
G057071,35.22166454365781,128.68177635889185,0.0,0.0,1,0,1,0.5384822384689838,0.0
G057076,35.22617213569848,128.68184171958734,0.0,0.0,1,1,1,1.0,0.0
G057077,35.22707365369034,128.6818547934679,0.0,0.0,1,0,1,0.5384822384689838,0.0
G057078,35.227975171543434,128.68186786792904,0.0,0.0,1,1,0,0.8164340144256376,0.0
G057079,35.22887668925775,128.68188094297074,0.0,0.0,1,0,1,0.5384822384689838,0.0
G057080,35.22977820683333,128.68189401859303,0.0,0.0,1,0,1,0.5384822384689838,0.0
G057081,35.23067972427013,128.68190709479595,0.0,0.0,1,0,1,0.5384822384689838,0.0
G057082,35.23158124156818,128.68192017157952,0.0,0.0,1,1,0,0.8164340144256376,0.0
G057085,35.234285792629656,128.68195940541443,0.0,0.0,1,0,1,0.5384822384689838,0.0
G057086,35.235187309372606,128.68197248452086,0.0,0.0,1,0,1,0.5384822384689838,0.0
G057087,35.23608882597677,128.68198556420808,0.0,0.0,1,0,1,0.5384822384689838,0.0
G057088,35.236990342442176,128.68199864447612,0.0,0.0,1,0,1,0.5384822384689838,0.0
G057089,35.23789185876878,128.682011725325,0.0,0.0,1,0,1,0.5384822384689838,0.0
G057090,35.23879337495661,128.6820248067547,0.0,0.0,1,1,1,1.0,0.0
G057091,35.23969489100566,128.6820378887653,0.0,0.0,0,1,1,0.6450837471053786,0.0
G057092,35.24059640691593,128.68205097135683,0.0,0.0,0,1,1,0.6450837471053786,0.0
G057093,35.2414979226874,128.68206405452926,0.0,0.0,1,0,1,0.5384822384689838,0.0
G057094,35.242399438320085,128.68207713828266,0.0,0.0,1,0,0,0.35491625289462136,0.0
G057095,35.243300953813986,128.68209022261706,0.0,0.0,0,1,1,0.6450837471053786,0.0
G057096,35.24420246916909,128.68210330753246,0.0,0.0,1,1,1,1.0,0.0
G057097,35.24510398438539,128.6821163930289,0.0,0.0,0,0,1,0.18356598557436246,0.0
G057098,35.24600549946291,128.6821294791064,0.0,0.0,1,1,1,1.0,0.0
G057099,35.246907014401636,128.682142565765,0.0,0.0,0,1,1,0.6450837471053786,0.0
G057100,35.247808529201556,128.6821556530047,0.0,0.0,1,1,1,1.0,0.0
G057101,35.24871004386268,128.68216874082555,0.0,0.0,0,1,1,0.6450837471053786,0.0
G057102,35.24961155838499,128.68218182922755,0.0,0.0,1,1,1,1.0,0.0
G057137,35.281164479207476,128.68264028963213,0.0,0.0,1,0,1,0.5384822384689838,0.0
G057138,35.28206598873177,128.68265339897326,0.0,0.0,1,1,1,1.0,0.0
G057139,35.282967498117216,128.6826665088965,0.0,0.0,1,1,1,1.0,0.0
G057140,35.28386900736378,128.68267961940182,0.0,0.0,1,1,1,1.0,0.0
G057141,35.28477051647148,128.68269273048935,0.0,0.0,1,1,0,0.8164340144256376,0.0
G057142,35.28567202544032,128.6827058421591,0.0,0.0,1,1,1,1.0,0.0
G057143,35.28657353427028,128.68271895441106,0.0,0.0,1,1,1,1.0,0.0
G057254,35.154039542804604,128.68189538593177,0.0,0.0,0,1,1,0.6450837471053786,0.0
G057255,35.154941071536186,128.68190842555512,0.0,0.0,0,1,1,0.6450837471053786,0.0
G057256,35.155842600129105,128.6819214657575,0.0,0.0,1,1,1,1.0,0.0
G057257,35.156744128583384,128.681934506539,0.0,0.0,0,1,1,0.6450837471053786,0.0
G057258,35.15764565689904,128.68194754789957,0.0,0.0,1,0,1,0.5384822384689838,0.0
G057259,35.15854718507606,128.6819605898393,0.0,0.0,0,0,1,0.18356598557436246,0.0
G057260,35.15944871311443,128.6819736323581,0.0,0.0,1,0,1,0.5384822384689838,0.0
G057261,35.16035024101418,128.6819866754561,0.0,0.0,1,1,1,1.0,0.0
G057262,35.16125176877527,128.6819997191333,0.0,0.0,0,0,1,0.18356598557436246,0.0
G057263,35.16215329639772,128.6820127633897,0.0,0.0,1,0,1,0.5384822384689838,0.0
G057264,35.163054823881524,128.68202580822535,0.0,0.0,1,1,1,1.0,0.0
G057265,35.163956351226695,128.6820388536403,0.0,0.0,1,1,1,1.0,0.0
G057312,35.20632798002351,128.68265264203023,0.0,0.0,1,1,1,1.0,0.0
G057313,35.20722950071159,128.68266571528022,0.0,0.0,1,1,1,1.0,0.0
G057314,35.20813102126093,128.68267878911075,0.0,0.0,1,0,1,0.5384822384689838,0.0
G057315,35.20903254167154,128.6826918635218,0.0,0.0,1,0,1,0.5384822384689838,0.0
G057316,35.209934061943414,128.68270493851347,0.0,0.0,0,1,1,0.6450837471053786,0.0
G057317,35.21083558207655,128.6827180140857,0.0,0.0,1,0,1,0.5384822384689838,0.0
G057318,35.21173710207095,128.68273109023858,0.0,0.0,1,1,1,1.0,0.0
G057319,35.212638621926615,128.6827441669721,0.0,0.0,1,1,1,1.0,0.0
G057320,35.21354014164353,128.6827572442863,0.0,0.0,1,1,1,1.0,0.0
G057321,35.21444166122171,128.6827703221812,0.0,0.0,1,1,1,1.0,0.0
G057322,35.21534318066115,128.68278340065683,0.0,0.0,1,1,1,1.0,0.0
G057323,35.216244699961834,128.68279647971323,0.0,0.0,0,1,1,0.6450837471053786,0.0
G057324,35.21714621912376,128.6828095593504,0.0,0.0,0,0,1,0.18356598557436246,0.0
G057325,35.21804773814695,128.6828226395684,0.0,0.0,0,0,1,0.18356598557436246,0.0
G057326,35.21894925703138,128.68283572036722,0.0,0.0,1,0,0,0.35491625289462136,0.0
G057327,35.21985077577707,128.68284880174687,0.0,0.0,1,0,1,0.5384822384689838,0.0
G057328,35.220752294383985,128.68286188370743,0.0,0.0,0,0,0,0.0,0.0
G057329,35.22165381285217,128.6828749662489,0.0,0.0,1,0,1,0.5384822384689838,0.0
G057331,35.22345684937222,128.68290113307464,0.0,0.0,1,0,1,0.5384822384689838,0.0
G057332,35.22435836742411,128.68291421735898,0.0,0.0,1,0,1,0.5384822384689838,0.0
G057333,35.22525988533723,128.68292730222433,0.0,0.0,1,0,1,0.5384822384689838,0.0
G057334,35.2261614031116,128.68294038767075,0.0,0.0,1,1,1,1.0,0.0
G057335,35.22706292074718,128.68295347369818,0.0,0.0,1,0,1,0.5384822384689838,0.0
G057336,35.22796443824401,128.68296656030674,0.0,0.0,1,0,1,0.5384822384689838,0.0
G057337,35.22886595560205,128.68297964749638,0.0,0.0,1,0,1,0.5384822384689838,0.0
G057338,35.22976747282134,128.6829927352672,0.0,0.0,1,0,1,0.5384822384689838,0.0
G057339,35.23066898990184,128.68300582361914,0.0,0.0,1,0,1,0.5384822384689838,0.0
G057340,35.23157050684358,128.6830189125523,0.0,0.0,1,0,1,0.5384822384689838,0.0
G057342,35.233373540310694,128.6830450921623,0.0,0.0,1,0,1,0.5384822384689838,0.0
G057343,35.23427505683609,128.68305818283918,0.0,0.0,1,0,1,0.5384822384689838,0.0
G057344,35.235176573222695,128.68307127409736,0.0,0.0,1,1,1,1.0,0.0
G057345,35.23607808947052,128.68308436593688,0.0,0.0,1,1,1,1.0,0.0
G057346,35.23697960557957,128.6830974583577,0.0,0.0,1,0,1,0.5384822384689838,0.0
G057347,35.23788112154982,128.68311055135993,0.0,0.0,0,0,1,0.18356598557436246,0.0
G057348,35.23878263738128,128.68312364494352,0.0,0.0,1,1,1,1.0,0.0
G057352,35.24238869931919,128.68317602509248,0.0,0.0,0,1,1,0.6450837471053786,0.0
G057353,35.243290214456685,128.68318912158347,0.0,0.0,1,1,1,1.0,0.0
G057354,35.24419172945537,128.68320221865602,0.0,0.0,0,1,1,0.6450837471053786,0.0
G057355,35.24509324431526,128.6832153163101,0.0,0.0,1,0,1,0.5384822384689838,0.0
G057356,35.24599475903634,128.68322841454585,0.0,0.0,0,1,1,0.6450837471053786,0.0
G057357,35.246896273618624,128.68324151336319,0.0,0.0,1,1,1,1.0,0.0
G057395,35.28115372487405,128.683739699663,0.0,0.0,1,0,1,0.5384822384689838,0.0
G057396,35.282055234041614,128.6837528211839,0.0,0.0,1,1,1,1.0,0.0
G057397,35.2829567430703,128.68376594328748,0.0,0.0,1,1,1,1.0,0.0
G057398,35.28385825196012,128.68377906597377,0.0,0.0,1,1,1,1.0,0.0
G057399,35.284759760711054,128.68379218924272,0.0,0.0,1,1,1,1.0,0.0
G057400,35.285661269323114,128.6838053130944,0.0,0.0,1,1,1,1.0,0.0
G057512,35.154028828752196,128.68299308343015,0.0,0.0,0,1,1,0.6450837471053786,0.0
G057513,35.15493035712778,128.68300613515734,0.0,0.0,1,1,1,1.0,0.0
G057514,35.15583188536471,128.68301918746408,0.0,0.0,0,1,1,0.6450837471053786,0.0
G057515,35.156733413463,128.68303224035046,0.0,0.0,0,1,1,0.6450837471053786,0.0
G057516,35.15763494142266,128.68304529381643,0.0,0.0,1,0,1,0.5384822384689838,0.0
G057517,35.15853646924366,128.68305834786207,0.0,0.0,1,0,1,0.5384822384689838,0.0
G057518,35.15943799692601,128.6830714024874,0.0,0.0,0,0,1,0.18356598557436246,0.0
G057519,35.16033952446973,128.68308445769242,0.0,0.0,1,1,1,1.0,0.0
G057520,35.16124105187479,128.68309751347718,0.0,0.0,1,0,1,0.5384822384689838,0.0
G057521,35.162142579141204,128.68311056984172,0.0,0.0,0,1,1,0.6450837471053786,0.0
G057522,35.16304410626895,128.683123626786,0.0,0.0,1,1,1,1.0,0.0
G057523,35.16394563325806,128.68313668431009,0.0,0.0,1,1,1,1.0,0.0
G057560,35.19730203436472,128.68362022054092,0.0,0.0,1,1,1,1.0,0.0
G057561,35.19820355608368,128.68363330011667,0.0,0.0,1,1,1,1.0,0.0
G057562,35.19910507766389,128.68364638027327,0.0,0.0,1,1,1,1.0,0.0
G057563,35.20000659910539,128.68365946101068,0.0,0.0,1,1,1,1.0,0.0
G057564,35.20090812040815,128.68367254232896,0.0,0.0,1,1,1,1.0,0.0
G057570,35.20631724531146,128.68375104243805,0.0,0.0,1,1,1,1.0,0.0
G057571,35.2072187656431,128.68376412782305,0.0,0.0,1,1,1,1.0,0.0
G057572,35.20812028583601,128.6837772137891,0.0,0.0,1,1,1,1.0,0.0
G057573,35.20902180589018,128.68379030033626,0.0,0.0,1,0,1,0.5384822384689838,0.0
G057574,35.209923325805605,128.6838033874645,0.0,0.0,1,0,1,0.5384822384689838,0.0
G057575,35.21082484558227,128.68381647517393,0.0,0.0,1,0,1,0.5384822384689838,0.0
G057576,35.21172636522021,128.68382956346449,0.0,0.0,1,1,1,1.0,0.0
G057581,35.21623396132865,128.68389501363572,0.0,0.0,0,0,1,0.18356598557436246,0.0
G057582,35.21713548013406,128.6839081054138,0.0,0.0,0,0,1,0.18356598557436246,0.0
G057583,35.21803699880073,128.68392119777323,0.0,0.0,0,0,1,0.18356598557436246,0.0
G057584,35.218938517328624,128.68393429071406,0.0,0.0,0,0,1,0.18356598557436246,0.0
G057585,35.21984003571777,128.6839473842363,0.0,0.0,1,0,1,0.5384822384689838,0.0
G057586,35.22074155396815,128.6839604783399,0.0,0.0,0,0,1,0.18356598557436246,0.0
G057587,35.22164307207977,128.683973573025,0.0,0.0,1,0,1,0.5384822384689838,0.0
G057588,35.222544590052614,128.68398666829157,0.0,0.0,0,0,1,0.18356598557436246,0.0
G057589,35.2234461078867,128.68399976413963,0.0,0.0,1,1,1,1.0,0.0
G057590,35.22434762558202,128.68401286056923,0.0,0.0,1,0,1,0.5384822384689838,0.0
G057591,35.225249143138555,128.68402595758036,0.0,0.0,1,0,1,0.5384822384689838,0.0
G057592,35.22615066055633,128.68403905517306,0.0,0.0,1,0,1,0.5384822384689838,0.0
G057593,35.22705217783531,128.68405215334738,0.0,0.0,1,0,1,0.5384822384689838,0.0
G057594,35.227953694975525,128.68406525210332,0.0,0.0,1,0,1,0.5384822384689838,0.0
G057595,35.22885521197696,128.68407835144092,0.0,0.0,1,0,1,0.5384822384689838,0.0
G057596,35.22975672883962,128.68409145136022,0.0,0.0,1,0,1,0.5384822384689838,0.0
G057597,35.2306582455635,128.68410455186117,0.0,0.0,1,0,1,0.5384822384689838,0.0
G057600,35.233362794902426,128.6841438568546,0.0,0.0,1,0,1,0.5384822384689838,0.0
G057601,35.23426431107116,128.68415695968267,0.0,0.0,1,1,1,1.0,0.0
G057602,35.23516582710109,128.68417006309255,0.0,0.0,1,1,1,1.0,0.0
G057603,35.23606734299224,128.68418316708429,0.0,0.0,1,0,0,0.35491625289462136,0.0
G057604,35.236968858744596,128.68419627165792,0.0,0.0,0,0,1,0.18356598557436246,0.0
G057605,35.23787037435815,128.68420937681347,0.0,0.0,0,1,1,0.6450837471053786,0.0
G057606,35.23877188983292,128.68422248255098,0.0,0.0,1,0,1,0.5384822384689838,0.0
G057611,35.24327946512471,128.68428801996833,0.0,0.0,0,1,1,0.6450837471053786,0.0
G057612,35.24418097976665,128.68430112919796,0.0,0.0,1,0,1,0.5384822384689838,0.0
G057613,35.24508249426979,128.68431423900972,0.0,0.0,0,1,1,0.6450837471053786,0.0
G057651,35.279339942514426,128.68481284345927,0.0,0.0,1,0,1,0.5384822384689838,0.0
G057652,35.28024145160268,128.68482597599365,0.0,0.0,1,0,1,0.5384822384689838,0.0
G057653,35.281142960552046,128.68483910911118,0.0,0.0,1,0,1,0.5384822384689838,0.0
G057654,35.28204446936254,128.6848522428119,0.0,0.0,1,1,1,1.0,0.0
G057655,35.28294597803415,128.6848653770958,0.0,0.0,1,1,1,1.0,0.0
G057656,35.28384748656687,128.68487851196292,0.0,0.0,1,1,1,1.0,0.0
G057657,35.28474899496071,128.6848916474133,0.0,0.0,1,1,1,1.0,0.0
G057658,35.28565050321567,128.684904783447,0.0,0.0,1,1,1,1.0,0.0
G057770,35.15401810475784,128.684090780349,0.0,0.0,1,1,1,1.0,0.0
G057771,35.15491963277711,128.68410384418,0.0,0.0,1,1,1,1.0,0.0
G057772,35.15582116065773,128.68411690859105,0.0,0.0,1,1,1,1.0,0.0
G057773,35.1567226883997,128.68412997358226,0.0,0.0,1,1,1,1.0,0.0
G057774,35.15762421600301,128.68414303915364,0.0,0.0,0,1,1,0.6450837471053786,0.0
G057775,35.15852574346766,128.6841561053052,0.0,0.0,1,0,0,0.35491625289462136,0.0
G057776,35.15942727079368,128.68416917203697,0.0,0.0,1,0,1,0.5384822384689838,0.0
G057777,35.16032879798104,128.684182239349,0.0,0.0,1,1,1,1.0,0.0
G057778,35.161230325029734,128.6841953072413,0.0,0.0,1,0,1,0.5384822384689838,0.0
G057779,35.16213185193977,128.6842083757139,0.0,0.0,1,1,1,1.0,0.0
G057780,35.16303337871114,128.68422144476682,0.0,0.0,1,1,1,1.0,0.0
G057803,35.18376845617845,128.68452219321094,0.0,0.0,1,1,1,1.0,0.0
G057804,35.184669979621454,128.68453527619923,0.0,0.0,1,1,1,1.0,0.0
G057805,35.18557150292574,128.68454835976846,0.0,0.0,1,1,1,1.0,0.0
G057806,35.18647302609133,128.68456144391868,0.0,0.0,1,1,1,1.0,0.0
G057807,35.18737454911821,128.6845745286499,0.0,0.0,1,1,1,1.0,0.0
G057817,35.19638977175775,128.68470540792347,0.0,0.0,1,0,1,0.5384822384689838,0.0
G057818,35.197291293258736,128.6847184990475,0.0,0.0,1,0,1,0.5384822384689838,0.0
G057819,35.198192814621,128.68473159075288,0.0,0.0,1,0,1,0.5384822384689838,0.0
G057820,35.19909433584454,128.6847446830396,0.0,0.0,1,1,1,1.0,0.0
G057821,35.199995856929334,128.68475777590768,0.0,0.0,1,1,1,1.0,0.0
G057822,35.20089737787539,128.68477086935715,0.0,0.0,1,1,1,1.0,0.0
G057823,35.20179889868273,128.68478396338807,0.0,0.0,1,0,1,0.5384822384689838,0.0
G057828,35.20630650063831,128.6848494422648,0.0,0.0,1,1,1,1.0,0.0
G057829,35.20720802061319,128.68486253978477,0.0,0.0,1,1,1,1.0,0.0
G057830,35.20810954044933,128.68487563788634,0.0,0.0,1,1,1,1.0,0.0
G057831,35.20901106014672,128.68488873656958,0.0,0.0,1,0,1,0.5384822384689838,0.0
G057832,35.20991257970537,128.6849018358344,0.0,0.0,1,0,1,0.5384822384689838,0.0
G057833,35.21081409912526,128.68491493568095,0.0,0.0,1,0,1,0.5384822384689838,0.0
G057834,35.21171561840639,128.6849280361092,0.0,0.0,0,0,1,0.18356598557436246,0.0
G057839,35.21622321273071,128.68499354697684,0.0,0.0,0,0,1,0.18356598557436246,0.0
G057840,35.21712473117929,128.68500665089587,0.0,0.0,1,1,1,1.0,0.0
G057841,35.2180262494891,128.68501975539675,0.0,0.0,0,1,1,0.6450837471053786,0.0
G057842,35.21892776766015,128.68503286047954,0.0,0.0,0,0,1,0.18356598557436246,0.0
G057843,35.21982928569242,128.6850459661443,0.0,0.0,0,0,1,0.18356598557436246,0.0
G057844,35.22073080358593,128.68505907239097,0.0,0.0,0,0,1,0.18356598557436246,0.0
G057845,35.221632321340664,128.68507217921967,0.0,0.0,1,0,1,0.5384822384689838,0.0
G057846,35.222533838956615,128.68508528663037,0.0,0.0,1,0,1,0.5384822384689838,0.0
G057847,35.223435356433804,128.68509839462308,0.0,0.0,1,0,1,0.5384822384689838,0.0
G057848,35.2243368737722,128.6851115031979,0.0,0.0,0,0,0,0.0,0.0
G057849,35.22523839097183,128.68512461235477,0.0,0.0,1,0,1,0.5384822384689838,0.0
G057850,35.22613990803268,128.6851377220938,0.0,0.0,1,0,1,0.5384822384689838,0.0
G057851,35.22704142495474,128.68515083241493,0.0,0.0,1,0,1,0.5384822384689838,0.0
G057852,35.22794294173802,128.68516394331826,0.0,0.0,1,1,0,0.8164340144256376,0.0
G057853,35.228844458382504,128.68517705480375,0.0,0.0,1,0,1,0.5384822384689838,0.0
G057854,35.22974597488822,128.68519016687148,0.0,0.0,1,0,1,0.5384822384689838,0.0
G057855,35.23064749125512,128.68520327952143,0.0,0.0,1,0,1,0.5384822384689838,0.0
G057858,35.233352039523126,128.68524262096508,0.0,0.0,1,0,1,0.5384822384689838,0.0
G057859,35.234253555334845,128.6852557359443,0.0,0.0,1,0,1,0.5384822384689838,0.0
G057860,35.2351550710078,128.68526885150587,0.0,0.0,1,0,1,0.5384822384689838,0.0
G057861,35.23605658654194,128.68528196764984,0.0,0.0,0,0,1,0.18356598557436246,0.0
G057862,35.23695810193728,128.68529508437626,0.0,0.0,0,1,1,0.6450837471053786,0.0
G057863,35.237859617193806,128.68530820168507,0.0,0.0,1,1,1,1.0,0.0
G057864,35.238761132311545,128.68532131957642,0.0,0.0,0,0,1,0.18356598557436246,0.0
G057906,35.27662464189278,128.68587279732904,0.0,0.0,1,1,1,1.0,0.0
G057907,35.27752615104028,128.6858859402912,0.0,0.0,1,0,1,0.5384822384689838,0.0
G057908,35.27842766004889,128.68589908383697,0.0,0.0,1,0,1,0.5384822384689838,0.0
G057909,35.27932916891864,128.68591222796638,0.0,0.0,1,1,1,1.0,0.0
G057910,35.2802306776495,128.68592537267946,0.0,0.0,1,0,1,0.5384822384689838,0.0
G057911,35.28113218624147,128.6859385179762,0.0,0.0,1,0,1,0.5384822384689838,0.0
G057912,35.282033694694555,128.6859516638567,0.0,0.0,1,1,1,1.0,0.0
G058029,35.154908898484194,128.68520155262252,0.0,0.0,1,1,1,1.0,0.0
G058030,35.155810426008166,128.68521462913785,0.0,0.0,1,1,1,1.0,0.0
G058031,35.156711953393476,128.6852277062339,0.0,0.0,1,0,1,0.5384822384689838,0.0
G058032,35.15761348064012,128.68524078391064,0.0,0.0,1,0,1,0.5384822384689838,0.0
G058033,35.158515007748115,128.68525386216808,0.0,0.0,1,0,1,0.5384822384689838,0.0
G058034,35.159416534717444,128.68526694100632,0.0,0.0,1,0,0,0.35491625289462136,0.0
G058035,35.16031806154812,128.68528002042532,0.0,0.0,1,0,1,0.5384822384689838,0.0
G058036,35.16121958824012,128.68529310042516,0.0,0.0,1,0,1,0.5384822384689838,0.0
G058037,35.16212111479346,128.68530618100579,0.0,0.0,1,1,1,1.0,0.0
G058038,35.16302264120811,128.68531926216727,0.0,0.0,1,1,1,1.0,0.0
G058060,35.18285618724413,128.68560719472904,0.0,0.0,1,1,1,1.0,0.0
G058061,35.18375771046894,128.68562028925732,0.0,0.0,1,1,1,1.0,0.0
G058062,35.184659233555045,128.6856333843671,0.0,0.0,1,1,1,1.0,0.0
G058063,35.18556075650243,128.68564648005835,0.0,0.0,1,1,1,1.0,0.0
G058064,35.186462279311115,128.68565957633115,0.0,0.0,1,1,1,1.0,0.0
G058065,35.18736380198108,128.68567267318548,0.0,0.0,1,1,1,1.0,0.0
G058066,35.18826532451232,128.6856857706214,0.0,0.0,1,1,1,1.0,0.0
G058075,35.196379021050994,128.68580367371973,0.0,0.0,1,1,1,1.0,0.0
G058076,35.197280542194974,128.68581677697279,0.0,0.0,1,1,1,1.0,0.0
G058077,35.198182063200235,128.68582988080774,0.0,0.0,1,0,1,0.5384822384689838,0.0
G058078,35.19908358406674,128.68584298522455,0.0,0.0,1,0,1,0.5384822384689838,0.0
G058079,35.199985104794514,128.6858560902233,0.0,0.0,1,1,1,1.0,0.0
G058080,35.20088662538354,128.68586919580395,0.0,0.0,1,0,1,0.5384822384689838,0.0
G058081,35.201788145833824,128.6858823019666,0.0,0.0,1,0,1,0.5384822384689838,0.0
G058086,35.20629574600407,128.68594784151,0.0,0.0,1,1,1,1.0,0.0
G058087,35.20719726562188,128.68596095116493,0.0,0.0,1,1,1,1.0,0.0
G058088,35.208098785100916,128.68597406140196,0.0,0.0,1,0,1,0.5384822384689838,0.0
G058089,35.2090003044412,128.68598717222122,0.0,0.0,1,0,1,0.5384822384689838,0.0
G058090,35.209901823642724,128.68600028362266,0.0,0.0,1,1,0,0.8164340144256376,0.0
G058091,35.210803342705496,128.6860133956063,0.0,0.0,0,0,1,0.18356598557436246,0.0
G058092,35.21170486162949,128.68602650817218,0.0,0.0,1,1,1,1.0,0.0
G058097,35.216212454168065,128.6860920797361,0.0,0.0,0,1,1,0.6450837471053786,0.0
G058098,35.21711397225946,128.68610519579602,0.0,0.0,0,1,1,0.6450837471053786,0.0
G058099,35.21801549021209,128.68611831243834,0.0,0.0,0,0,1,0.18356598557436246,0.0
G058100,35.21891700802594,128.68613142966308,0.0,0.0,0,0,1,0.18356598557436246,0.0
G058101,35.219818525701015,128.68614454747032,0.0,0.0,0,0,1,0.18356598557436246,0.0
G058102,35.22072004323733,128.68615766586004,0.0,0.0,1,0,1,0.5384822384689838,0.0
G058103,35.221621560634844,128.6861707848323,0.0,0.0,1,0,1,0.5384822384689838,0.0
G058104,35.22252307789358,128.68618390438712,0.0,0.0,1,1,1,1.0,0.0
G058105,35.22342459501354,128.68619702452452,0.0,0.0,0,0,1,0.18356598557436246,0.0
G058106,35.224326111994706,128.6862101452445,0.0,0.0,1,0,1,0.5384822384689838,0.0
G058107,35.22522762883708,128.6862232665471,0.0,0.0,1,1,1,1.0,0.0
G058108,35.226129145540675,128.68623638843238,0.0,0.0,1,1,1,1.0,0.0
G058109,35.22703066210548,128.68624951090032,0.0,0.0,1,0,1,0.5384822384689838,0.0
G058110,35.22793217853149,128.686262633951,0.0,0.0,1,0,1,0.5384822384689838,0.0
G058111,35.2288336948187,128.68627575758438,0.0,0.0,1,0,1,0.5384822384689838,0.0
G058112,35.22973521096712,128.68628888180052,0.0,0.0,0,0,1,0.18356598557436246,0.0
G058116,35.233341274172815,128.68634138449323,0.0,0.0,1,1,1,1.0,0.0
G058117,35.23424278962723,128.68635451162356,0.0,0.0,1,0,1,0.5384822384689838,0.0
G058118,35.235144304942835,128.68636763933677,0.0,0.0,1,0,1,0.5384822384689838,0.0
G058119,35.236045820119635,128.68638076763298,0.0,0.0,1,1,1,1.0,0.0
G058120,35.23694733515763,128.6863938965121,0.0,0.0,1,1,1,1.0,0.0
G058121,35.23784885005682,128.68640702597423,0.0,0.0,0,0,1,0.18356598557436246,0.0
G058122,35.238750364817186,128.68642015601938,0.0,0.0,1,0,1,0.5384822384689838,0.0
G058124,35.24055339392149,128.6864464178588,0.0,0.0,0,1,1,0.6450837471053786,0.0
G058125,35.2414549082654,128.68645954965316,0.0,0.0,1,0,1,0.5384822384689838,0.0
G058126,35.24235642247051,128.68647268203063,0.0,0.0,1,1,1,1.0,0.0
G058163,35.27571235045351,128.68695899016467,0.0,0.0,1,1,1,1.0,0.0
G058164,35.27661385938221,128.68697214471976,0.0,0.0,1,1,1,1.0,0.0
G058165,35.27751536817202,128.68698529985897,0.0,0.0,1,1,1,1.0,0.0
G058166,35.278416876822924,128.6869984555823,0.0,0.0,1,0,1,0.5384822384689838,0.0
G058167,35.27931838533496,128.68701161188983,0.0,0.0,1,0,1,0.5384822384689838,0.0
G058168,35.2802198937081,128.68702476878158,0.0,0.0,1,1,1,1.0,0.0
G058169,35.28112140194234,128.68703792625755,0.0,0.0,1,1,1,1.0,0.0
G058170,35.2820229100377,128.68705108431774,0.0,0.0,1,1,1,1.0,0.0
G058285,35.15399662694339,128.68628617244593,0.0,0.0,1,0,1,0.5384822384689838,0.0
G058286,35.154898154249054,128.6862992604844,0.0,0.0,1,0,1,0.5384822384689838,0.0
G058287,35.155799681416035,128.68631234910399,0.0,0.0,0,0,1,0.18356598557436246,0.0
G058288,35.15670120844436,128.6863254383048,0.0,0.0,0,0,1,0.18356598557436246,0.0
G058289,35.15760273533402,128.6863385280869,0.0,0.0,0,0,1,0.18356598557436246,0.0
G058290,35.15850426208501,128.68635161845023,0.0,0.0,1,0,1,0.5384822384689838,0.0
G058291,35.15940578869733,128.6863647093949,0.0,0.0,0,1,1,0.6450837471053786,0.0
G058292,35.160307315170975,128.68637780092084,0.0,0.0,1,1,1,1.0,0.0
G058293,35.16120884150596,128.68639089302815,0.0,0.0,1,0,1,0.5384822384689838,0.0
G058294,35.16211036770226,128.6864039857168,0.0,0.0,1,1,1,1.0,0.0
G058295,35.16301189375989,128.68641707898686,0.0,0.0,1,1,1,1.0,0.0
G058317,35.18284543193905,128.686705278073,0.0,0.0,1,1,1,1.0,0.0
G058318,35.183746954806644,128.68671838472224,0.0,0.0,1,1,1,1.0,0.0
G058319,35.18464847753552,128.68673149195348,0.0,0.0,1,1,1,1.0,0.0
G058320,35.185550000125666,128.68674459976674,0.0,0.0,1,1,1,1.0,0.0
G058321,35.1864515225771,128.68675770816208,0.0,0.0,1,0,1,0.5384822384689838,0.0
G058322,35.187353044889825,128.6867708171395,0.0,0.0,1,0,1,0.5384822384689838,0.0
G058323,35.18825456706381,128.686783926699,0.0,0.0,1,0,1,0.5384822384689838,0.0
G058324,35.18915608909907,128.6867970368407,0.0,0.0,1,0,1,0.5384822384689838,0.0
G058325,35.19005761099561,128.68681014756453,0.0,0.0,1,0,1,0.5384822384689838,0.0
G058332,35.196368260386805,128.68690193893417,0.0,0.0,1,1,1,1.0,0.0
G058333,35.19726978117346,128.68691505431624,0.0,0.0,1,1,1,1.0,0.0
G058334,35.198171301821375,128.6869281702807,0.0,0.0,1,1,1,1.0,0.0
G058335,35.19907282233053,128.68694128682762,0.0,0.0,1,0,1,0.5384822384689838,0.0
G058336,35.19997434270094,128.68695440395695,0.0,0.0,1,0,1,0.5384822384689838,0.0
G058337,35.20087586293261,128.68696752166878,0.0,0.0,1,0,1,0.5384822384689838,0.0
G058338,35.201777383025515,128.6869806399631,0.0,0.0,1,0,1,0.5384822384689838,0.0
G058344,35.20718650066915,128.68705936196292,0.0,0.0,0,1,1,0.6450837471053786,0.0
G058345,35.20808801979077,128.68707248433546,0.0,0.0,1,0,1,0.5384822384689838,0.0
G058346,35.208989538773615,128.6870856072907,0.0,0.0,1,1,1,1.0,0.0
G058347,35.20989105761771,128.68709873082867,0.0,0.0,0,0,1,0.18356598557436246,0.0
G058348,35.21079257632302,128.68711185494936,0.0,0.0,0,0,1,0.18356598557436246,0.0
G058349,35.21169409488956,128.68712497965288,0.0,0.0,1,1,1,1.0,0.0
G058354,35.21620168564071,128.68719061191302,0.0,0.0,1,0,0,0.35491625289462136,0.0
G058355,35.2171032033746,128.68720374011377,36.25,0.3625,0,0,1,0.18356598557436246,0.06654266977070639
G058356,35.21800472096972,128.68721686889745,6.88,0.0688,1,0,1,0.5384822384689838,0.03704757800666608
G058357,35.21890623842606,128.68722999826414,0.0,0.0,1,1,1,1.0,0.0
G058358,35.2198077557436,128.68724312821382,0.0,0.0,1,0,1,0.5384822384689838,0.0
G058359,35.22070927292237,128.68725625874657,0.0,0.0,0,0,1,0.18356598557436246,0.0
G058360,35.221610789962334,128.6872693898624,0.0,0.0,1,1,1,1.0,0.0
G058361,35.222512306863514,128.6872825215613,0.0,0.0,1,0,1,0.5384822384689838,0.0
G058362,35.22341382362592,128.6872956538433,0.0,0.0,1,0,1,0.5384822384689838,0.0
G058363,35.22431534024951,128.68730878670846,0.0,0.0,1,0,1,0.5384822384689838,0.0
G058364,35.22521685673432,128.68732192015676,0.0,0.0,1,1,1,1.0,0.0
G058365,35.22611837308034,128.68733505418828,0.0,0.0,1,0,1,0.5384822384689838,0.0
G058366,35.22701988928754,128.687348188803,0.0,0.0,1,0,1,0.5384822384689838,0.0
G058367,35.22792140535595,128.687361324001,0.0,0.0,0,0,1,0.18356598557436246,0.0
G058368,35.228822921285555,128.68737445978223,0.0,0.0,1,0,1,0.5384822384689838,0.0
G058369,35.229724437076364,128.6873875961468,0.0,0.0,1,0,0,0.35491625289462136,0.0
G058370,35.23062595272837,128.68740073309465,0.0,0.0,1,1,1,1.0,0.0
G058372,35.23242898361595,128.68742700874049,0.0,0.0,1,0,1,0.5384822384689838,0.0
G058373,35.23333049885152,128.68744014743848,0.0,0.0,1,0,1,0.5384822384689838,0.0
G058374,35.23423201394829,128.6874532867199,0.0,0.0,1,1,1,1.0,0.0
G058375,35.23513352890624,128.68746642658476,0.0,0.0,1,1,1,1.0,0.0
G058376,35.23603504372536,128.6874795670331,0.0,0.0,1,0,1,0.5384822384689838,0.0
G058377,35.23693655840568,128.68749270806498,0.0,0.0,1,0,1,0.5384822384689838,0.0
G058378,35.237838072947184,128.68750584968038,0.0,0.0,1,0,1,0.5384822384689838,0.0
G058380,35.23964110161372,128.6875321346618,0.0,0.0,0,1,1,0.6450837471053786,0.0
G058381,35.24054261573874,128.68754527802793,0.0,0.0,0,1,1,0.6450837471053786,0.0
G058382,35.241444129724954,128.6875584219777,0.0,0.0,0,0,1,0.18356598557436246,0.0
G058383,35.242345643572335,128.6875715665111,0.0,0.0,0,1,1,0.6450837471053786,0.0
G058384,35.243247157280884,128.6875847116282,0.0,0.0,1,0,1,0.5384822384689838,0.0
G058385,35.24414867085059,128.687597857329,0.0,0.0,1,1,1,1.0,0.0
G058420,35.2757015583141,128.68805832479484,0.0,0.0,1,1,1,1.0,0.0
G058421,35.276603066884775,128.68807149152636,0.0,0.0,1,1,1,1.0,0.0
G058422,35.27750457531655,128.68808465884257,0.0,0.0,1,1,1,1.0,0.0
G058423,35.278406083609426,128.68809782674347,0.0,0.0,0,0,1,0.18356598557436246,0.0
G058424,35.279307591763406,128.68811099522912,0.0,0.0,0,0,0,0.0,0.0
G058425,35.280209099778496,128.68812416429947,0.0,0.0,1,1,1,1.0,0.0
G058426,35.28111060765468,128.68813733395461,0.0,0.0,1,1,1,1.0,0.0
G058427,35.28201211539197,128.68815050419454,0.0,0.0,1,1,1,1.0,0.0
G058428,35.28291362299036,128.68816367501927,0.0,0.0,1,1,1,1.0,0.0
G058542,35.15398587312333,128.6873838676229,0.0,0.0,0,0,0,0.0,0.0
G058543,35.15488740007169,128.68739696776504,0.0,0.0,1,1,1,1.0,0.0
G058544,35.15578892688138,128.68741006848893,0.0,0.0,1,1,1,1.0,0.0
G058545,35.15669045355238,128.68742316979453,0.0,0.0,0,1,1,0.6450837471053786,0.0
G058546,35.15759198008472,128.68743627168192,0.0,0.0,0,0,1,0.18356598557436246,0.0
G058547,35.158493506478365,128.6874493741511,0.0,0.0,0,0,1,0.18356598557436246,0.0
G058548,35.15939503273335,128.68746247720213,0.0,0.0,1,0,0,0.35491625289462136,0.0
G058549,35.160296558849645,128.687475580835,0.0,0.0,0,1,1,0.6450837471053786,0.0
G058550,35.16119808482727,128.68748868504977,0.0,0.0,0,0,1,0.18356598557436246,0.0
G058551,35.16209961066621,128.68750178984644,0.0,0.0,1,1,1,1.0,0.0
G058552,35.16300113636647,128.68751489522504,0.0,0.0,1,1,1,1.0,0.0
G058574,35.1828346666815,128.687803360835,0.0,0.0,1,1,1,1.0,0.0
G058575,35.18373618919154,128.68781647960512,0.0,0.0,1,1,1,1.0,0.0
G058576,35.184637711562864,128.68782959895782,0.0,0.0,1,1,1,1.0,0.0
G058577,35.18553923379545,128.68784271889308,0.0,0.0,1,1,1,1.0,0.0
G058578,35.186440755889315,128.6878558394109,0.0,0.0,1,0,1,0.5384822384689838,0.0
G058579,35.18734227784445,128.6878689605114,0.0,0.0,1,0,1,0.5384822384689838,0.0
G058580,35.188243799660846,128.68788208219453,0.0,0.0,0,0,1,0.18356598557436246,0.0
G058581,35.18914532133852,128.68789520446032,0.0,0.0,1,1,1,1.0,0.0
G058582,35.19004684287744,128.68790832730883,0.0,0.0,1,0,1,0.5384822384689838,0.0
G058589,35.19635748976521,128.68800020356622,0.0,0.0,1,1,1,1.0,0.0
G058590,35.1972590101942,128.6880133310773,0.0,0.0,1,1,1,1.0,0.0
G058591,35.19816053048444,128.68802645917128,0.0,0.0,1,1,1,1.0,0.0
G058592,35.19906205063591,128.68803958784824,0.0,0.0,1,1,1,1.0,0.0
G058593,35.199963570648634,128.68805271710815,0.0,0.0,1,0,1,0.5384822384689838,0.0
G058594,35.2008650905226,128.68806584695113,0.0,0.0,1,0,1,0.5384822384689838,0.0
G058595,35.201766610257806,128.6880789773771,0.0,0.0,1,0,1,0.5384822384689838,0.0
G058597,35.203569649311945,128.68810523997828,0.0,0.0,1,1,1,1.0,0.0
G058598,35.204471168630874,128.68811837215355,0.0,0.0,1,1,1,1.0,0.0
G058599,35.205372687811035,128.68813150491192,0.0,0.0,1,1,1,1.0,0.0
G058601,35.20717572575504,128.68815777217824,0.0,0.0,1,0,1,0.5384822384689838,0.0
G058602,35.20807724451891,128.68817090668622,0.0,0.0,1,0,1,0.5384822384689838,0.0
G058603,35.20897876314399,128.68818404177742,0.0,0.0,0,0,0,0.0,0.0
G058604,35.2098802816303,128.6881971774519,0.0,0.0,1,0,1,0.5384822384689838,0.0
G058605,35.21078179997784,128.6882103137097,0.0,0.0,1,0,1,0.5384822384689838,0.0
G058606,35.211683318186594,128.68822345055077,0.0,0.0,1,1,1,1.0,0.0
G058607,35.212584836256575,128.68823658797524,0.0,0.0,1,1,1,1.0,0.0
G058611,35.21619090714868,128.68828914350698,0.0,0.0,1,0,1,0.5384822384689838,0.0
G058612,35.21709242452473,128.68830228384854,8.72,0.0872,1,0,1,0.5384822384689838,0.046955651194495386
G058613,35.217993941762,128.6883154247736,0.0,0.0,1,1,1,1.0,0.0
G058614,35.21889545886048,128.6883285662822,0.0,0.0,1,1,1,1.0,0.0
G058615,35.219796975820174,128.68834170837434,0.0,0.0,1,1,1,1.0,0.0
G058616,35.22069849264107,128.68835485105006,0.0,0.0,1,0,1,0.5384822384689838,0.0
G058618,35.22250152586647,128.68838113815232,31.41,0.3141,1,0,0,0.35491625289462136,0.11147919503420056
G058619,35.223403042270974,128.68839428257894,23.13,0.23129999999999998,1,0,1,0.5384822384689838,0.12455094175787594
G058620,35.224304558536666,128.68840742758923,0.0,0.0,1,1,1,1.0,0.0
G058621,35.225206074663554,128.68842057318324,0.0,0.0,1,1,1,1.0,0.0
G058622,35.226107590651665,128.68843371936097,0.0,0.0,1,0,1,0.5384822384689838,0.0
G058623,35.22700910650095,128.68844686612246,0.0,0.0,1,1,1,1.0,0.0
G058624,35.22791062221144,128.68846001346773,0.0,0.0,0,1,1,0.6450837471053786,0.0
G058625,35.2288121377831,128.68847316139681,0.0,0.0,1,1,1,1.0,0.0
G058626,35.22971365321596,128.68848630990973,0.0,0.0,1,0,1,0.5384822384689838,0.0
G058627,35.230615168510006,128.68849945900655,0.0,0.0,0,0,1,0.18356598557436246,0.0
G058628,35.23151668366525,128.6885126086872,0.0,0.0,1,1,1,1.0,0.0
G058629,35.23241819868167,128.68852575895178,0.0,0.0,1,0,1,0.5384822384689838,0.0
G058630,35.23331971355926,128.68853890980031,0.0,0.0,1,0,1,0.5384822384689838,0.0
G058631,35.23422122829803,128.6885520612328,0.0,0.0,1,0,1,0.5384822384689838,0.0
G058632,35.235122742898,128.6885652132493,0.0,0.0,1,0,1,0.5384822384689838,0.0
G058633,35.23602425735912,128.68857836584976,0.0,0.0,1,1,1,1.0,0.0
G058634,35.23692577168144,128.68859151903433,0.0,0.0,1,0,1,0.5384822384689838,0.0
G058636,35.23872879990957,128.6886178271556,0.0,0.0,0,1,1,0.6450837471053786,0.0
G058637,35.239630313815404,128.68863098209246,0.0,0.0,1,1,1,1.0,0.0
G058638,35.240531827582394,128.6886441376134,0.0,0.0,1,1,1,1.0,0.0
G058639,35.241433341210545,128.68865729371856,5.88,0.0588,1,0,1,0.5384822384689838,0.03166275562197625
G058640,35.24233485469988,128.68867045040787,18.75,0.1875,1,0,1,0.5384822384689838,0.10096541971293446
G058641,35.243236368050354,128.68868360768144,0.0,0.0,1,0,1,0.5384822384689838,0.0
G058642,35.24413788126201,128.68869676553928,0.0,0.0,1,1,1,1.0,0.0
G058677,35.27569075618814,128.68915765884034,0.0,0.0,1,1,1,1.0,0.0
G058678,35.27659226440046,128.68917083774832,0.0,0.0,1,1,1,1.0,0.0
G058679,35.27749377247388,128.68918401724153,0.0,0.0,1,1,1,1.0,0.0
G058680,35.2783952804084,128.68919719731994,0.0,0.0,0,1,1,0.6450837471053786,0.0
G058681,35.27929678820401,128.6892103779836,0.0,0.0,1,0,1,0.5384822384689838,0.0
G058682,35.28019829586072,128.6892235592326,0.0,0.0,0,1,1,0.6450837471053786,0.0
G058683,35.28109980337851,128.68923674106688,0.0,0.0,1,1,1,1.0,0.0
G058684,35.2820013107574,128.6892499234865,0.0,0.0,1,1,1,1.0,0.0
G058685,35.28290281799738,128.68926310649147,0.0,0.0,1,1,1,1.0,0.0
G058803,35.15397510936141,128.68848156221821,0.0,0.0,0,0,1,0.18356598557436246,0.0
G058804,35.15487663595214,128.688494674464,0.0,0.0,0,1,1,0.6450837471053786,0.0
G058805,35.15577816240418,128.68850778729208,0.0,0.0,0,1,1,0.6450837471053786,0.0
G058806,35.15667968871754,128.68852090070243,0.0,0.0,1,1,1,1.0,0.0
G058807,35.15758121489222,128.6885340146951,0.0,0.0,1,1,1,1.0,0.0
G058808,35.158482740928214,128.68854712927012,0.0,0.0,1,0,1,0.5384822384689838,0.0
G058809,35.15938426682552,128.68856024442752,0.0,0.0,1,0,1,0.5384822384689838,0.0
G058810,35.16028579258415,128.6885733601673,0.0,0.0,0,0,1,0.18356598557436246,0.0
G058811,35.16118731820409,128.6885864764895,0.0,0.0,1,0,1,0.5384822384689838,0.0
G058812,35.162088843685325,128.68859959339412,0.0,0.0,1,1,1,1.0,0.0
G058813,35.16299036902788,128.68861271088124,0.0,0.0,1,1,1,1.0,0.0
G058835,35.18282389147153,128.6889014430145,0.0,0.0,1,1,1,1.0,0.0
G058836,35.18372541362369,128.6889145739055,0.0,0.0,1,1,1,1.0,0.0
G058837,35.18462693563712,128.68892770537957,0.0,0.0,1,1,1,1.0,0.0
G058838,35.185528457511815,128.68894083743677,0.0,0.0,1,0,1,0.5384822384689838,0.0
G058839,35.18642997924777,128.68895397007714,0.0,0.0,0,0,1,0.18356598557436246,0.0
G058840,35.187331500845,128.68896710330063,0.0,0.0,0,0,1,0.18356598557436246,0.0
G058841,35.188233022303486,128.68898023710733,0.0,0.0,1,0,1,0.5384822384689838,0.0
G058842,35.18913454362322,128.68899337149722,0.0,0.0,1,0,1,0.5384822384689838,0.0
G058843,35.190036064804225,128.68900650647038,0.0,0.0,1,1,1,1.0,0.0
G058844,35.19093758584647,128.6890196420268,0.0,0.0,1,1,1,1.0,0.0
G058851,35.19724822925721,128.68911160725537,0.0,0.0,1,1,1,1.0,0.0
G058852,35.19814974918945,128.68912474747884,0.0,0.0,1,1,1,1.0,0.0
G058853,35.19905126898291,128.68913788828584,0.0,0.0,1,0,1,0.5384822384689838,0.0
G058854,35.19995278863762,128.68915102967634,0.0,0.0,1,0,1,0.5384822384689838,0.0
G058855,35.20085430815356,128.6891641716504,0.0,0.0,1,1,1,1.0,0.0
G058856,35.201755827530725,128.68917731420802,0.0,0.0,1,0,1,0.5384822384689838,0.0
G058857,35.20265734676913,128.68919045734927,0.0,0.0,1,0,1,0.5384822384689838,0.0
G058858,35.20355886586877,128.68920360107413,0.0,0.0,1,1,1,1.0,0.0
G058859,35.20446038482964,128.68921674538262,0.0,0.0,1,1,1,1.0,0.0
G058860,35.20536190365173,128.68922989027482,0.0,0.0,1,1,1,1.0,0.0
G058861,35.20626342233505,128.68924303575074,0.0,0.0,1,0,1,0.5384822384689838,0.0
G058862,35.20716494087959,128.68925618181035,0.0,0.0,1,0,1,0.5384822384689838,0.0
G058863,35.208066459285355,128.68926932845375,0.0,0.0,1,1,1,1.0,0.0
G058864,35.20896797755235,128.6892824756809,0.0,0.0,1,0,1,0.5384822384689838,0.0
G058865,35.20986949568056,128.68929562349186,0.0,0.0,1,0,1,0.5384822384689838,0.0
G058866,35.21077101366998,128.6893087718867,0.0,0.0,1,0,1,0.5384822384689838,0.0
G058867,35.21167253152061,128.68932192086532,0.0,0.0,1,0,1,0.5384822384689838,0.0
G058868,35.212574049232465,128.6893350704279,0.0,0.0,1,1,1,1.0,0.0
G058871,35.21527860153528,128.68937452261912,0.0,0.0,0,0,1,0.18356598557436246,0.0
G058872,35.216180118691966,128.68938767451746,0.0,0.0,1,0,1,0.5384822384689838,0.0
G058873,35.21708163570986,128.68940082699982,0.0,0.0,1,0,1,0.5384822384689838,0.0
G058874,35.21798315258896,128.68941398006623,0.0,0.0,0,0,1,0.18356598557436246,0.0
G058875,35.218884669329256,128.6894271337167,0.0,0.0,1,0,1,0.5384822384689838,0.0
G058876,35.21978618593075,128.68944028795124,0.0,0.0,1,1,1,1.0,0.0
G058877,35.220687702393455,128.68945344276992,0.0,0.0,0,1,1,0.6450837471053786,0.0
G058880,35.22339225094871,128.68949291073093,2.78,0.0278,1,0,1,0.5384822384689838,0.014969806229437749
G058881,35.22429376685617,128.6895060678863,0.0,0.0,1,1,1,1.0,0.0
G058882,35.22519528262483,128.68951922562596,0.0,0.0,1,0,1,0.5384822384689838,0.0
G058883,35.22609679825469,128.68953238394988,0.0,0.0,0,0,1,0.18356598557436246,0.0
G058884,35.226998313745725,128.6895455428581,0.0,0.0,1,1,1,1.0,0.0
G058885,35.22789982909794,128.68955870235067,0.0,0.0,0,1,1,0.6450837471053786,0.0
G058886,35.22880134431134,128.68957186242756,0.0,0.0,1,1,1,1.0,0.0
G058887,35.22970285938593,128.68958502308882,0.0,0.0,0,1,1,0.6450837471053786,0.0
G058888,35.230604374321686,128.6895981843345,0.0,0.0,0,0,1,0.18356598557436246,0.0
G058889,35.231505889118644,128.6896113461646,0.0,0.0,1,0,1,0.5384822384689838,0.0
G058890,35.23240740377676,128.68962450857913,0.0,0.0,1,0,1,0.5384822384689838,0.0
G058891,35.233308918296046,128.68963767157817,0.0,0.0,1,0,1,0.5384822384689838,0.0
G058892,35.2342104326765,128.6896508351617,0.0,0.0,1,0,1,0.5384822384689838,0.0
G058893,35.23511194691814,128.68966399932978,0.0,0.0,1,0,1,0.5384822384689838,0.0
G058894,35.236013461020946,128.68967716408238,0.0,0.0,1,0,1,0.5384822384689838,0.0
G058895,35.23691497498491,128.6896903294196,0.0,0.0,1,0,1,0.5384822384689838,0.0
G058897,35.23871800249635,128.68971666184783,0.0,0.0,1,0,1,0.5384822384689838,0.0
G058898,35.23961951604381,128.68972982893894,0.0,0.0,1,0,1,0.5384822384689838,0.0
G058899,35.24052102945243,128.68974299661474,0.0,0.0,0,0,1,0.18356598557436246,0.0
G058900,35.24142254272222,128.68975616487523,2.08,0.0208,1,1,1,1.0,0.0208
G058901,35.242324055853146,128.68976933372048,29.17,0.2917,1,0,0,0.35491625289462136,0.10352907096936105
G058902,35.24322556884525,128.68978250315047,0.0,0.0,1,1,1,1.0,0.0
G058903,35.244127081698494,128.68979567316526,0.0,0.0,1,1,1,1.0,0.0
G058904,35.24502859441289,128.68980884376487,0.0,0.0,1,1,1,1.0,0.0
G058905,35.24593010698843,128.6898220149493,0.0,0.0,1,1,1,1.0,0.0
G058938,35.27567994407568,128.69025699230065,0.0,0.0,1,1,1,1.0,0.0
G058939,35.276581451929324,128.69027018338505,0.0,0.0,1,1,1,1.0,0.0
G058940,35.27748295964405,128.6902833750552,0.0,0.0,1,1,1,1.0,0.0
G058941,35.278384467219865,128.69029656731115,0.0,0.0,1,1,1,1.0,0.0
G058942,35.279285974656766,128.69030976015287,0.0,0.0,0,0,1,0.18356598557436246,0.0
G058943,35.280187481954755,128.6903229535804,0.0,0.0,0,1,1,0.6450837471053786,0.0
G058944,35.28108898911384,128.6903361475938,0.0,0.0,0,1,1,0.6450837471053786,0.0
G058945,35.28199049613401,128.6903493421931,0.0,0.0,0,1,1,0.6450837471053786,0.0
G058946,35.282892003015235,128.69036253737826,0.0,0.0,1,1,1,1.0,0.0
G058947,35.28379350975755,128.69037573314938,0.0,0.0,1,1,1,1.0,0.0
G059073,35.15396433565764,128.68957925623124,0.0,0.0,0,0,0,0.0,0.0
G059074,35.15486586189041,128.6895923805807,0.0,0.0,1,1,0,0.8164340144256376,0.0
G059075,35.15576738798448,128.68960550551296,0.0,0.0,0,1,1,0.6450837471053786,0.0
G059076,35.15666891393986,128.68961863102803,0.0,0.0,1,0,1,0.5384822384689838,0.0
G059077,35.157570439756554,128.689631757126,0.0,0.0,0,1,1,0.6450837471053786,0.0
G059078,35.15847196543456,128.68964488380678,0.0,0.0,1,1,1,1.0,0.0
G059079,35.15937349097386,128.6896580110705,0.0,0.0,1,0,0,0.35491625289462136,0.0
G059080,35.160275016374484,128.68967113891716,0.0,0.0,1,1,1,1.0,0.0
G059081,35.1611765416364,128.68968426734676,0.0,0.0,1,1,1,1.0,0.0
G059082,35.16207806675962,128.68969739635935,0.0,0.0,1,1,1,1.0,0.0
G059083,35.16297959174415,128.68971052595495,0.0,0.0,1,1,1,1.0,0.0
G059084,35.16388111658996,128.6897236561336,0.0,0.0,1,1,1,1.0,0.0
G059105,35.18281310630912,128.6899995246109,0.0,0.0,1,1,1,1.0,0.0
G059106,35.18371462810308,128.69001266762277,0.0,0.0,1,1,1,1.0,0.0
G059107,35.1846161497583,128.69002581121825,0.0,0.0,1,0,1,0.5384822384689838,0.0
G059108,35.185517671274766,128.69003895539737,0.0,0.0,0,0,1,0.18356598557436246,0.0
G059109,35.18641919265249,128.6900521001602,0.0,0.0,0,0,1,0.18356598557436246,0.0
G059110,35.18732071389148,128.6900652455067,0.0,0.0,0,0,1,0.18356598557436246,0.0
G059111,35.188222234991706,128.69007839143694,0.0,0.0,1,0,1,0.5384822384689838,0.0
G059112,35.18912375595318,128.6900915379509,0.0,0.0,1,0,1,0.5384822384689838,0.0
G059113,35.19002527677592,128.6901046850487,0.0,0.0,1,1,1,1.0,0.0
G059114,35.190926797459895,128.69011783273027,0.0,0.0,1,1,1,1.0,0.0
G059122,35.198138957936415,128.69022303520296,0.0,0.0,1,0,1,0.5384822384689838,0.0
G059123,35.19904047737155,128.69023618813995,0.0,0.0,1,1,1,1.0,0.0
G059124,35.19994199666789,128.690249341661,0.0,0.0,1,0,1,0.5384822384689838,0.0
G059126,35.201745034844286,128.69027565045536,0.0,0.0,1,1,1,1.0,0.0
G059127,35.20264655372432,128.69028880572876,0.0,0.0,1,0,1,0.5384822384689838,0.0
G059128,35.203548072465566,128.6903019615863,0.0,0.0,1,0,1,0.5384822384689838,0.0
G059129,35.20444959106804,128.69031511802805,0.0,0.0,1,0,1,0.5384822384689838,0.0
G059130,35.20535110953175,128.69032827505401,0.0,0.0,1,1,1,1.0,0.0
G059131,35.20625262785666,128.6903414326642,0.0,0.0,1,0,1,0.5384822384689838,0.0
G059132,35.20715414604279,128.6903545908587,0.0,0.0,1,1,0,0.8164340144256376,0.0
G059133,35.20805566409014,128.69036774963746,26.0,0.26,1,0,1,0.5384822384689838,0.1400053820019358
G059134,35.20895718199869,128.69038090900057,11.76,0.1176,1,1,1,1.0,0.1176
G059135,35.20985869976847,128.69039406894797,0.0,0.0,1,1,1,1.0,0.0
G059136,35.21076021739945,128.6904072294798,0.0,0.0,0,0,1,0.18356598557436246,0.0
G059137,35.21166173489163,128.690420390596,0.0,0.0,1,0,1,0.5384822384689838,0.0
G059138,35.21256325224502,128.69043355229664,0.0,0.0,1,1,1,1.0,0.0
G059139,35.21346476945961,128.69044671458173,0.0,0.0,1,0,1,0.5384822384689838,0.0
G059140,35.21436628653541,128.69045987745127,0.0,0.0,0,0,1,0.18356598557436246,0.0
G059141,35.21526780347241,128.69047304090535,0.0,0.0,1,0,1,0.5384822384689838,0.0
G059142,35.216169320270616,128.69048620494394,0.0,0.0,1,0,1,0.5384822384689838,0.0
G059143,35.21707083693001,128.69049936956705,0.0,0.0,1,1,1,1.0,0.0
G059144,35.2179723534506,128.69051253477477,0.0,0.0,1,1,1,1.0,0.0
G059145,35.21887386983238,128.6905257005671,0.0,0.0,1,0,1,0.5384822384689838,0.0
G059146,35.21977538607535,128.69053886694405,0.0,0.0,1,0,1,0.5384822384689838,0.0
G059147,35.22067690217953,128.69055203390565,0.0,0.0,1,0,1,0.5384822384689838,0.0
G059148,35.22157841814488,128.69056520145193,0.0,0.0,1,0,1,0.5384822384689838,0.0
G059149,35.22247993397142,128.69057836958294,0.0,0.0,1,1,1,1.0,0.0
G059150,35.22338144965914,128.69059153829866,0.0,0.0,1,1,1,1.0,0.0
G059151,35.22428296520806,128.69060470759916,0.0,0.0,1,1,1,1.0,0.0
G059152,35.225184480618154,128.69061787748444,0.0,0.0,0,0,1,0.18356598557436246,0.0
G059153,35.22608599588943,128.69063104795453,0.0,0.0,1,0,1,0.5384822384689838,0.0
G059154,35.226987511021875,128.69064421900944,0.0,0.0,0,1,1,0.6450837471053786,0.0
G059155,35.227889026015504,128.69065739064922,0.0,0.0,1,1,1,1.0,0.0
G059156,35.228790540870314,128.69067056287392,0.0,0.0,1,1,1,1.0,0.0
G059157,35.22969205558628,128.6906837356835,0.0,0.0,1,0,1,0.5384822384689838,0.0
G059158,35.23059357016342,128.69069690907804,0.0,0.0,0,0,1,0.18356598557436246,0.0
G059159,35.23149508460175,128.69071008305752,0.0,0.0,1,1,1,1.0,0.0
G059160,35.23239659890124,128.690723257622,0.0,0.0,1,0,1,0.5384822384689838,0.0
G059161,35.23329811306189,128.69073643277153,0.0,0.0,1,0,1,0.5384822384689838,0.0
G059162,35.2341996270837,128.69074960850608,0.0,0.0,1,0,1,0.5384822384689838,0.0
G059163,35.235101140966684,128.6907627848257,0.0,0.0,1,0,1,0.5384822384689838,0.0
G059164,35.23600265471083,128.69077596173042,0.0,0.0,1,0,1,0.5384822384689838,0.0
G059165,35.23690416831612,128.69078913922027,0.0,0.0,1,1,1,1.0,0.0
G059167,35.238707195110194,128.6908154959554,0.0,0.0,1,1,1,1.0,0.0
G059168,35.23960870829898,128.69082867520075,0.0,0.0,1,1,1,1.0,0.0
G059169,35.24051022134889,128.69084185503135,0.0,0.0,1,0,1,0.5384822384689838,0.0
G059170,35.24141173425997,128.69085503544716,0.0,0.0,1,0,1,0.5384822384689838,0.0
G059171,35.24231324703219,128.69086821644828,0.0,0.0,1,1,1,1.0,0.0
G059172,35.243214759665555,128.6908813980347,0.0,0.0,1,1,1,1.0,0.0
G059173,35.24411627216007,128.69089458020642,0.0,0.0,1,1,1,1.0,0.0
G059174,35.24501778451572,128.69090776296352,0.0,0.0,1,1,1,1.0,0.0
G059175,35.245919296732524,128.690920946306,0.0,0.0,1,1,1,1.0,0.0
G059176,35.246820808810476,128.69093413023387,0.0,0.0,1,1,1,1.0,0.0
G059209,35.27657062947134,128.69136952843604,0.0,0.0,1,1,1,1.0,0.0
G059210,35.27747213682705,128.69138273228313,0.0,0.0,1,1,1,1.0,0.0
G059211,35.27837364404384,128.69139593671653,0.0,0.0,1,1,1,1.0,0.0
G059212,35.27927515112171,128.69140914173627,0.0,0.0,1,0,1,0.5384822384689838,0.0
G059213,35.28017665806066,128.69142234734238,0.0,0.0,1,1,1,1.0,0.0
G059214,35.28107816486069,128.69143555353486,0.0,0.0,1,1,1,1.0,0.0
G059215,35.28197967152178,128.69144876031376,0.0,0.0,1,1,1,1.0,0.0
G059216,35.28288117804396,128.69146196767912,0.0,0.0,1,1,1,1.0,0.0
G059340,35.14944592055938,128.6906112761453,0.0,0.0,1,0,1,0.5384822384689838,0.0
G059341,35.15034744712728,128.69062440968207,0.0,0.0,1,0,1,0.5384822384689838,0.0
G059342,35.151248973556505,128.69063754380204,0.0,0.0,1,0,1,0.5384822384689838,0.0
G059343,35.15215049984704,128.69065067850528,0.0,0.0,1,1,1,1.0,0.0
G059344,35.15305202599889,128.69066381379173,0.0,0.0,0,1,1,0.6450837471053786,0.0
G059345,35.15395355201204,128.6906769496615,0.0,0.0,0,0,1,0.18356598557436246,0.0
G059346,35.154855077886516,128.69069008611459,0.0,0.0,1,1,1,1.0,0.0
G059347,35.15575660362229,128.69070322315102,0.0,0.0,0,1,1,0.6450837471053786,0.0
G059348,35.15665812921936,128.69071636077078,0.0,0.0,0,0,1,0.18356598557436246,0.0
G059349,35.15755965467774,128.69072949897395,0.0,0.0,1,0,1,0.5384822384689838,0.0
G059350,35.158461179997424,128.69074263776054,0.0,0.0,0,0,1,0.18356598557436246,0.0
G059351,35.159362705178395,128.69075577713056,0.0,0.0,1,0,1,0.5384822384689838,0.0
G059352,35.160264230220676,128.69076891708409,0.0,0.0,0,0,1,0.18356598557436246,0.0
G059353,35.161165755124244,128.69078205762108,0.0,0.0,1,1,1,1.0,0.0
G059354,35.16206727988911,128.69079519874157,0.0,0.0,1,1,1,1.0,0.0
G059355,35.16296880451527,128.69080834044564,0.0,0.0,1,1,1,1.0,0.0
G059356,35.16387032900273,128.69082148273324,0.0,0.0,1,1,1,1.0,0.0
G059377,35.18280231119433,128.6910976056237,0.0,0.0,1,1,1,1.0,0.0
G059378,35.183703832629746,128.6911107607564,0.0,0.0,1,1,1,1.0,0.0
G059379,35.18460535392639,128.69112391647323,0.0,0.0,1,0,1,0.5384822384689838,0.0
G059380,35.18550687508432,128.69113707277427,0.0,0.0,1,1,1,1.0,0.0
G059381,35.186408396103474,128.6911502296595,0.0,0.0,1,0,1,0.5384822384689838,0.0
G059382,35.18730991698389,128.691163387129,0.0,0.0,0,1,1,0.6450837471053786,0.0
G059383,35.18821143772555,128.69117654518277,0.0,0.0,0,0,1,0.18356598557436246,0.0
G059384,35.18911295832844,128.69118970382084,0.0,0.0,1,1,1,1.0,0.0
G059385,35.19001447879258,128.69120286304317,0.0,0.0,1,1,1,1.0,0.0
G059386,35.19091599911795,128.69121602284991,0.0,0.0,1,0,1,0.5384822384689838,0.0
G059398,35.20173423219848,128.69137398611855,0.0,0.0,1,1,1,1.0,0.0
G059399,35.202635750719814,128.69138715352406,0.0,0.0,1,1,1,1.0,0.0
G059400,35.203537269102355,128.6914003215143,0.0,0.0,1,1,1,1.0,0.0
G059401,35.20443878734612,128.69141349008925,0.0,0.0,1,0,1,0.5384822384689838,0.0
G059402,35.20534030545109,128.69142665924898,0.0,0.0,1,0,1,0.5384822384689838,0.0
G059403,35.20624182341727,128.69143982899342,0.0,0.0,1,0,1,0.5384822384689838,0.0
G059404,35.20714334124466,128.69145299932276,0.0,0.0,0,0,1,0.18356598557436246,0.0
G059405,35.208044858933256,128.69146617023688,34.03,0.3403,1,0,1,0.5384822384689838,0.18324550575099519
G059406,35.208946376483055,128.69147934173589,9.72,0.09720000000000001,1,0,1,0.5384822384689838,0.05234047357918523
G059407,35.20984789389406,128.69149251381972,0.0,0.0,1,0,1,0.5384822384689838,0.0
G059408,35.21074941116626,128.69150568648854,0.0,0.0,1,0,1,0.5384822384689838,0.0
G059409,35.21165092829966,128.69151885974225,0.0,0.0,1,1,1,1.0,0.0
G059410,35.21255244529426,128.69153203358096,0.0,0.0,1,1,1,1.0,0.0
G059411,35.21345396215006,128.6915452080046,0.0,0.0,0,0,0,0.0,0.0
G059412,35.21435547886706,128.6915583830133,0.0,0.0,1,1,1,1.0,0.0
G059413,35.215256995445245,128.69157155860705,24.31,0.24309999999999998,1,1,1,1.0,0.24309999999999998
G059414,35.21615851188462,128.69158473478583,12.82,0.1282,1,1,1,1.0,0.1282
G059415,35.21706002818518,128.6915979115497,0.0,0.0,1,1,1,1.0,0.0
G059416,35.21796154434694,128.69161108889872,0.0,0.0,1,1,1,1.0,0.0
G059417,35.21886306036988,128.69162426683286,0.0,0.0,1,1,1,1.0,0.0
G059418,35.219764576254,128.69163744535217,0.0,0.0,1,0,0,0.35491625289462136,0.0
G059419,35.22066609199932,128.69165062445668,0.0,0.0,1,0,1,0.5384822384689838,0.0
G059420,35.2215676076058,128.69166380414643,0.0,0.0,1,1,1,1.0,0.0
G059421,35.22246912307346,128.6916769844214,0.0,0.0,1,1,1,1.0,0.0
G059422,35.223370638402315,128.69169016528167,0.0,0.0,1,1,1,1.0,0.0
G059423,35.22427215359233,128.6917033467272,0.0,0.0,1,0,1,0.5384822384689838,0.0
G059424,35.22517366864352,128.6917165287581,0.0,0.0,1,1,1,1.0,0.0
G059425,35.22607518355589,128.6917297113743,0.0,0.0,0,0,1,0.18356598557436246,0.0
G059426,35.22697669832942,128.69174289457592,0.0,0.0,0,0,1,0.18356598557436246,0.0
G059427,35.22787821296413,128.6917560783629,0.0,0.0,0,0,0,0.0,0.0
G059428,35.22877972746,128.69176926273536,0.0,0.0,0,0,1,0.18356598557436246,0.0
G059429,35.22968124181704,128.69178244769324,0.0,0.0,1,1,1,1.0,0.0
G059430,35.23058275603523,128.6917956332366,0.0,0.0,1,1,1,1.0,0.0
G059431,35.23148427011461,128.69180881936546,0.0,0.0,1,1,1,1.0,0.0
G059432,35.23238578405515,128.6918220060799,0.0,0.0,0,1,1,0.6450837471053786,0.0
G059433,35.233287297856826,128.69183519337986,0.0,0.0,1,0,1,0.5384822384689838,0.0
G059434,35.23418881151966,128.6918483812654,0.0,0.0,1,0,1,0.5384822384689838,0.0
G059435,35.23509032504365,128.69186156973655,0.0,0.0,1,0,1,0.5384822384689838,0.0
G059436,35.235991838428795,128.69187475879332,0.0,0.0,1,0,0,0.35491625289462136,0.0
G059437,35.23689335167509,128.69188794843578,0.0,0.0,1,1,1,1.0,0.0
G059439,35.23869637775115,128.69191432947775,0.0,0.0,1,1,1,1.0,0.0
G059440,35.239597890580896,128.69192752087733,0.0,0.0,1,1,1,1.0,0.0
G059441,35.240499403271784,128.69194071286267,0.0,0.0,1,1,1,1.0,0.0
G059442,35.24140091582381,128.69195390543382,0.0,0.0,1,0,1,0.5384822384689838,0.0
G059443,35.242302428237004,128.6919670985908,0.0,0.0,1,1,1,1.0,0.0
G059444,35.2432039405113,128.6919802923336,0.0,0.0,1,1,1,1.0,0.0
G059445,35.24410545264676,128.69199348666226,0.0,0.0,1,1,1,1.0,0.0
G059446,35.245006964643345,128.6920066815768,0.0,0.0,1,1,1,1.0,0.0
G059447,35.245908476501064,128.69201987707726,0.0,0.0,1,1,1,1.0,0.0
G059448,35.24680998821992,128.6920330731637,0.0,0.0,1,1,1,1.0,0.0
G059482,35.27746130402292,128.69248208892475,0.0,0.0,1,1,1,1.0,0.0
G059483,35.27836281088035,128.69249530553557,0.0,0.0,1,1,1,1.0,0.0
G059484,35.27926431759885,128.69250852273333,0.0,0.0,1,0,1,0.5384822384689838,0.0
G059485,35.28016582417843,128.69252174051795,0.0,0.0,1,1,1,1.0,0.0
G059486,35.28106733061906,128.6925349588895,0.0,0.0,1,1,1,1.0,0.0
G059487,35.28196883692078,128.69254817784804,0.0,0.0,1,1,1,1.0,0.0
G059488,35.282870343083545,128.69256139739352,0.0,0.0,1,1,1,1.0,0.0
G059611,35.14943512876496,128.69170890848233,0.0,0.0,0,0,1,0.18356598557436246,0.0
G059612,35.15033665497428,128.69172205412,0.0,0.0,1,0,1,0.5384822384689838,0.0
G059613,35.15123818104492,128.69173520034144,0.0,0.0,0,0,1,0.18356598557436246,0.0
G059614,35.15213970697685,128.69174834714664,0.0,0.0,1,0,1,0.5384822384689838,0.0
G059615,35.15304123277009,128.69176149453563,0.0,0.0,0,1,1,0.6450837471053786,0.0
G059616,35.15394275842462,128.69177464250845,0.0,0.0,1,0,1,0.5384822384689838,0.0
G059617,35.154844283940484,128.69178779106514,0.0,0.0,1,1,1,1.0,0.0
G059618,35.155745809317615,128.69180094020567,0.0,0.0,1,1,1,1.0,0.0
G059619,35.156647334556055,128.69181408993015,0.0,0.0,0,1,1,0.6450837471053786,0.0
G059620,35.15754885965579,128.69182724023852,0.0,0.0,1,0,1,0.5384822384689838,0.0
G059621,35.15845038461682,128.69184039113085,0.0,0.0,1,0,1,0.5384822384689838,0.0
G059622,35.15935190943913,128.69185354260716,0.0,0.0,1,0,1,0.5384822384689838,0.0
G059623,35.16025343412274,128.6918666946675,0.0,0.0,0,0,1,0.18356598557436246,0.0
G059624,35.161154958667645,128.69187984731184,0.0,0.0,0,1,1,0.6450837471053786,0.0
G059625,35.162056483073826,128.69189300054026,0.0,0.0,1,1,1,1.0,0.0
G059626,35.16295800734129,128.69190615435275,0.0,0.0,1,1,1,1.0,0.0
G059627,35.163859531470045,128.69191930874933,0.0,0.0,1,1,1,1.0,0.0
G059648,35.182791506127145,128.69219568605237,0.0,0.0,1,1,1,1.0,0.0
G059649,35.18369302720368,128.69220885330586,0.0,0.0,0,1,1,0.6450837471053786,0.0
G059650,35.184594548141476,128.69222202114403,0.0,0.0,1,0,1,0.5384822384689838,0.0
G059651,35.185496068940495,128.69223518956696,0.0,0.0,1,1,1,1.0,0.0
G059652,35.186397589600766,128.69224835857463,0.0,0.0,0,1,1,0.6450837471053786,0.0
G059653,35.187299110122275,128.69226152816708,0.0,0.0,0,1,1,0.6450837471053786,0.0
G059654,35.188200630505015,128.6922746983443,0.0,0.0,1,1,1,1.0,0.0
G059655,35.189102150748994,128.6922878691064,0.0,0.0,1,1,1,1.0,0.0
G059656,35.19000367085421,128.69230104045332,0.0,0.0,1,0,1,0.5384822384689838,0.0
G059669,35.20172341959338,128.69247232119707,0.0,0.0,1,1,1,1.0,0.0
G059670,35.20262493775567,128.69248550073468,0.0,0.0,1,1,1,1.0,0.0
G059671,35.203526455779176,128.69249868085757,1.27,0.0127,1,1,1,1.0,0.0127
G059672,35.20442797366388,128.6925118615657,9.49,0.0949,0,0,1,0.18356598557436246,0.017420412031007
G059673,35.20532949140979,128.6925250428591,0.0,0.0,1,0,1,0.5384822384689838,0.0
G059674,35.20623100901691,128.69253822473786,0.0,0.0,1,0,1,0.5384822384689838,0.0
G059675,35.20713252648522,128.69255140720196,0.0,0.0,1,0,1,0.5384822384689838,0.0
G059676,35.208034043814735,128.69256459025144,0.0,0.0,1,1,1,1.0,0.0
G059677,35.20893556100545,128.6925777738863,0.0,0.0,1,0,1,0.5384822384689838,0.0
G059678,35.20983707805735,128.69259095810656,0.0,0.0,0,0,1,0.18356598557436246,0.0
G059679,35.21073859497045,128.69260414291233,0.0,0.0,1,1,1,1.0,0.0
G059680,35.211640111744735,128.69261732830356,0.0,0.0,1,1,1,1.0,0.0
G059682,35.213443144876884,128.6926437008425,0.0,0.0,1,0,1,0.5384822384689838,0.0
G059683,35.21434466123475,128.6926568879903,0.0,0.0,1,0,1,0.5384822384689838,0.0
G059684,35.21524617745379,128.69267007572367,0.69,0.0069,1,1,1,1.0,0.0069
G059685,35.21614769353402,128.69268326404264,2.53,0.0253,1,1,1,1.0,0.0253
G059686,35.21704920947542,128.69269645294725,0.0,0.0,1,1,1,1.0,0.0
G059687,35.21795072527801,128.69270964243753,0.0,0.0,1,0,1,0.5384822384689838,0.0
G059688,35.218852240941764,128.69272283251348,0.0,0.0,1,0,1,0.5384822384689838,0.0
G059689,35.219753756466716,128.69273602317514,0.0,0.0,1,0,0,0.35491625289462136,0.0
G059690,35.220655271852834,128.69274921442252,0.0,0.0,1,0,1,0.5384822384689838,0.0
G059691,35.22155678710011,128.69276240625567,0.0,0.0,1,0,1,0.5384822384689838,0.0
G059692,35.22245830220857,128.69277559867461,0.0,0.0,1,1,1,1.0,0.0
G059693,35.22335981717821,128.69278879167936,0.0,0.0,1,0,1,0.5384822384689838,0.0
G059694,35.224261332009,128.69280198526994,0.0,0.0,0,0,1,0.18356598557436246,0.0
G059695,35.225162846700975,128.69281517944637,0.0,0.0,1,1,1,1.0,0.0
G059696,35.226064361254096,128.69282837420874,0.0,0.0,1,1,1,1.0,0.0
G059697,35.226965875668384,128.69284156955698,0.0,0.0,1,0,1,0.5384822384689838,0.0
G059698,35.22786738994384,128.6928547654912,0.0,0.0,1,0,1,0.5384822384689838,0.0
G059699,35.228768904080454,128.69286796201135,0.0,0.0,1,1,1,1.0,0.0
G059700,35.229670418078214,128.6928811591175,0.0,0.0,1,1,1,1.0,0.0
G059701,35.230571931937135,128.69289435680966,0.0,0.0,0,1,1,0.6450837471053786,0.0
G059703,35.23237495923846,128.6929207539522,0.0,0.0,1,1,1,1.0,0.0
G059704,35.23327647268085,128.69293395340256,0.0,0.0,1,0,1,0.5384822384689838,0.0
G059705,35.234177985984374,128.69294715343906,0.0,0.0,1,0,1,0.5384822384689838,0.0
G059706,35.23507949914905,128.69296035406174,0.0,0.0,1,0,1,0.5384822384689838,0.0
G059707,35.235981012174875,128.69297355527056,0.0,0.0,1,0,1,0.5384822384689838,0.0
G059708,35.236882525061844,128.6929867570656,0.0,0.0,1,1,1,1.0,0.0
G059709,35.237784037809966,128.69299995944684,0.0,0.0,1,1,1,1.0,0.0
G059710,35.238685550419206,128.6930131624144,0.0,0.0,1,1,1,1.0,0.0
G059711,35.239587062889605,128.69302636596814,0.0,0.0,1,1,1,1.0,0.0
G059712,35.24048857522113,128.69303957010823,0.0,0.0,1,1,1,1.0,0.0
G059713,35.24139008741379,128.69305277483465,0.0,0.0,1,0,1,0.5384822384689838,0.0
G059714,35.24229159946759,128.69306598014742,0.0,0.0,1,1,1,1.0,0.0
G059715,35.24319311138251,128.6930791860466,0.0,0.0,1,1,1,1.0,0.0
G059716,35.244094623158574,128.69309239253218,0.0,0.0,1,1,1,1.0,0.0
G059717,35.24499613479576,128.69310559960417,0.0,0.0,1,1,1,1.0,0.0
G059718,35.245897646294075,128.6931188072626,0.0,0.0,1,1,1,1.0,0.0
G059719,35.24679915765351,128.6931320155076,0.0,0.0,1,1,1,1.0,0.0
G059755,35.27925347408821,128.69360790314346,0.0,0.0,1,0,1,0.5384822384689838,0.0
G059756,35.280154980308076,128.6936211331066,0.0,0.0,1,0,1,0.5384822384689838,0.0
G059757,35.281056486389,128.6936343636572,0.0,0.0,1,1,1,1.0,0.0
G059758,35.28195799233099,128.6936475947953,0.0,0.0,1,1,1,1.0,0.0
G059882,35.14852280104128,128.6927933830813,0.0,0.0,1,0,1,0.5384822384689838,0.0
G059883,35.14942432703038,128.6928065402356,0.0,0.0,1,1,1,1.0,0.0
G059884,35.1503258528808,128.6928196979742,0.0,0.0,1,1,1,1.0,0.0
G059885,35.15122737859251,128.69283285629703,0.0,0.0,1,0,1,0.5384822384689838,0.0
G059886,35.152128904165515,128.6928460152042,0.0,0.0,1,0,1,0.5384822384689838,0.0
G059887,35.15303042959982,128.69285917469568,0.0,0.0,1,1,1,1.0,0.0
G059888,35.15393195489541,128.69287233477158,0.0,0.0,1,0,1,0.5384822384689838,0.0
G059889,35.15483348005231,128.69288549543182,0.0,0.0,1,0,1,0.5384822384689838,0.0
G059890,35.15573500507049,128.69289865667648,0.0,0.0,0,0,1,0.18356598557436246,0.0
G059891,35.15663652994996,128.69291181850556,0.0,0.0,1,0,1,0.5384822384689838,0.0
G059892,35.15753805469072,128.69292498091914,0.0,0.0,1,0,1,0.5384822384689838,0.0
G059893,35.158439579292754,128.6929381439172,0.0,0.0,1,0,1,0.5384822384689838,0.0
G059894,35.159341103756084,128.69295130749975,0.0,0.0,1,0,1,0.5384822384689838,0.0
G059895,35.16024262808069,128.6929644716669,0.0,0.0,1,0,1,0.5384822384689838,0.0
G059896,35.16114415226659,128.69297763641856,0.0,0.0,1,1,1,1.0,0.0
G059897,35.16204567631375,128.69299080175483,0.0,0.0,1,1,1,1.0,0.0
G059898,35.1629472002222,128.69300396767574,0.0,0.0,1,1,1,1.0,0.0
G059899,35.16384872399192,128.69301713418128,0.0,0.0,1,1,1,1.0,0.0
G059920,35.1827806911076,128.69329376589639,0.0,0.0,1,1,1,1.0,0.0
G059921,35.18368221182493,128.69330694527062,0.0,0.0,1,1,1,1.0,0.0
G059922,35.18458373240351,128.69332012523012,0.0,0.0,0,0,1,0.18356598557436246,0.0
G059923,35.18548525284332,128.6933333057749,0.0,0.0,1,0,1,0.5384822384689838,0.0
G059924,35.18638677314436,128.69334648690497,0.0,0.0,1,1,1,1.0,0.0
G059925,35.187288293306636,128.69335966862033,0.0,0.0,1,1,1,1.0,0.0
G059926,35.18818981333013,128.69337285092107,0.0,0.0,0,1,1,0.6450837471053786,0.0
G059927,35.18909133321486,128.69338603380712,0.0,0.0,1,0,1,0.5384822384689838,0.0
G059928,35.18999285296082,128.6933992172786,0.0,0.0,1,0,1,0.5384822384689838,0.0
G059941,35.20171259702895,128.69357065569037,0.0,0.0,1,1,1,1.0,0.0
G059942,35.202614114831874,128.6935838473601,0.0,0.0,1,1,1,1.0,0.0
G059943,35.203515632496014,128.69359703961555,8.44,0.08439999999999999,1,1,1,1.0,0.08439999999999999
G059944,35.20441715002134,128.69361023245685,31.41,0.3141,1,0,1,0.5384822384689838,0.1691372711031078
G059945,35.205318667407866,128.69362342588397,0.0,0.0,1,0,1,0.5384822384689838,0.0
G059946,35.20622018465558,128.69363661989695,0.0,0.0,1,0,1,0.5384822384689838,0.0
G059947,35.207121701764486,128.6936498144958,0.0,0.0,1,0,1,0.5384822384689838,0.0
G059948,35.20802321873458,128.6936630096806,0.0,0.0,1,0,1,0.5384822384689838,0.0
G059949,35.20892473556588,128.6936762054513,0.0,0.0,1,0,1,0.5384822384689838,0.0
G059950,35.20982625225837,128.693689401808,0.0,0.0,1,0,1,0.5384822384689838,0.0
G059951,35.21072776881201,128.69370259875063,0.0,0.0,1,1,1,1.0,0.0
G059952,35.21162928522686,128.69371579627932,0.0,0.0,0,1,1,0.6450837471053786,0.0
G059954,35.2134323176401,128.69374219309483,0.0,0.0,0,0,1,0.18356598557436246,0.0
G059955,35.2143338336385,128.6937553923817,0.0,0.0,0,0,1,0.18356598557436246,0.0
G059956,35.21523534949807,128.69376859225468,0.0,0.0,1,1,1,1.0,0.0
G059957,35.216136865218814,128.69378179271385,0.0,0.0,1,0,1,0.5384822384689838,0.0
G059958,35.21703838080072,128.69379499375916,0.0,0.0,1,0,1,0.5384822384689838,0.0
G059959,35.21793989624381,128.69380819539063,0.0,0.0,1,0,1,0.5384822384689838,0.0
G059960,35.21884141154806,128.69382139760836,0.0,0.0,1,0,1,0.5384822384689838,0.0
G059961,35.219742926713494,128.69383460041234,0.0,0.0,1,1,1,1.0,0.0
G059962,35.2206444417401,128.69384780380258,0.0,0.0,1,1,1,1.0,0.0
G059963,35.22154595662786,128.6938610077791,0.0,0.0,0,1,1,0.6450837471053786,0.0
G059964,35.222447471376775,128.693874212342,0.0,0.0,1,0,1,0.5384822384689838,0.0
G059965,35.22334898598687,128.69388741749123,0.0,0.0,1,0,1,0.5384822384689838,0.0
G059966,35.224250500458105,128.6939006232268,0.0,0.0,1,1,1,1.0,0.0
G059967,35.22515201479051,128.6939138295488,0.0,0.0,0,1,1,0.6450837471053786,0.0
G059968,35.226053528984075,128.69392703645724,8.67,0.0867,0,0,1,0.18356598557436246,0.015915170949297227
G059969,35.226955043038785,128.6939402439521,5.1,0.051,0,0,1,0.18356598557436246,0.009361865264292484
G059970,35.22785655695464,128.69395345203347,0.0,0.0,0,1,1,0.6450837471053786,0.0
G059971,35.22875807073167,128.69396666070134,0.0,0.0,1,1,1,1.0,0.0
G059972,35.22965958436984,128.69397986995574,0.0,0.0,1,1,1,1.0,0.0
G059973,35.230561097869156,128.6939930797967,0.0,0.0,0,1,1,0.6450837471053786,0.0
G059979,35.235970175949085,128.69407235116162,0.0,0.0,1,0,1,0.5384822384689838,0.0
G059980,35.23687168847639,128.69408556510922,0.0,0.0,1,0,1,0.5384822384689838,0.0
G059981,35.23777320086484,128.69409877964355,0.0,0.0,1,0,1,0.5384822384689838,0.0
G059982,35.23867471311439,128.6941119947647,0.0,0.0,1,1,1,1.0,0.0
G059983,35.239576225225115,128.6941252104727,0.0,0.0,1,1,1,1.0,0.0
G059984,35.24047773719695,128.69413842676747,0.0,0.0,1,1,1,1.0,0.0
G059985,35.241379249029904,128.69415164364915,0.0,0.0,1,0,1,0.5384822384689838,0.0
G059986,35.24228076072399,128.6941648611177,0.0,0.0,1,1,1,1.0,0.0
G059987,35.243182272279206,128.6941780791732,0.0,0.0,1,1,1,1.0,0.0
G059988,35.24408378369553,128.69419129781565,0.0,0.0,1,1,1,1.0,0.0
G059989,35.24498529497298,128.69420451704505,0.0,0.0,1,1,1,1.0,0.0
G059990,35.24588680611156,128.69421773686148,0.0,0.0,1,1,1,1.0,0.0
G059991,35.246788317111246,128.69423095726492,0.0,0.0,1,1,1,1.0,0.0
G060152,35.14851198972582,128.69389100215,0.0,0.0,0,0,1,0.18356598557436246,0.0
G060153,35.14941351535568,128.69390417140465,0.0,0.0,0,1,1,0.6450837471053786,0.0
G060154,35.15031504084686,128.6939173412441,0.0,0.0,1,1,1,1.0,0.0
G060155,35.15121656619932,128.69393051166833,0.0,0.0,0,0,1,0.18356598557436246,0.0
G060156,35.152118091413065,128.69394368267743,0.0,0.0,1,0,1,0.5384822384689838,0.0
G060157,35.153019616488095,128.6939568542714,0.0,0.0,1,0,1,0.5384822384689838,0.0
G060158,35.15392114142442,128.69397002645027,0.0,0.0,1,0,1,0.5384822384689838,0.0
G060159,35.15482266622203,128.69398319921407,0.0,0.0,1,0,1,0.5384822384689838,0.0
G060160,35.155724190880925,128.6939963725628,0.0,0.0,1,0,1,0.5384822384689838,0.0
G060161,35.156625715401105,128.69400954649652,0.0,0.0,1,0,1,0.5384822384689838,0.0
G060162,35.157527239782546,128.69402272101527,0.0,0.0,0,0,1,0.18356598557436246,0.0
G060163,35.15842876402527,128.694035896119,0.0,0.0,1,1,1,1.0,0.0
G060164,35.15933028812928,128.69404907180783,0.0,0.0,1,0,1,0.5384822384689838,0.0
G060165,35.16023181209456,128.6940622480817,0.0,0.0,1,0,0,0.35491625289462136,0.0
G060166,35.161133335921114,128.6940754249407,0.0,0.0,1,1,1,1.0,0.0
G060167,35.16203485960894,128.69408860238482,0.0,0.0,1,1,1,1.0,0.0
G060168,35.16293638315802,128.6941017804141,0.0,0.0,1,1,1,1.0,0.0
G060191,35.1836713864935,128.69440503665015,0.0,0.0,1,1,1,1.0,0.0
G060192,35.18457290671253,128.69441822873097,0.0,0.0,1,1,1,1.0,0.0
G060193,35.185474426792794,128.69443142139755,0.0,0.0,1,0,1,0.5384822384689838,0.0
G060194,35.18637594673428,128.69444461464997,0.0,0.0,0,0,1,0.18356598557436246,0.0
G060195,35.18727746653699,128.69445780848824,0.0,0.0,1,1,1,1.0,0.0
G060196,35.188178986200924,128.6944710029124,0.0,0.0,1,0,1,0.5384822384689838,0.0
G060197,35.189080505726075,128.69448419792246,0.0,0.0,0,0,0,0.0,0.0
G060198,35.18998202511244,128.69449739351845,0.0,0.0,1,0,1,0.5384822384689838,0.0
G060212,35.20260328194848,128.69468219339964,0.0,0.0,0,1,1,0.6450837471053786,0.0
G060213,35.20350479925289,128.69469539778774,0.0,0.0,0,0,1,0.18356598557436246,0.0
G060214,35.20440631641851,128.69470860276215,0.0,0.0,1,0,1,0.5384822384689838,0.0
G060215,35.20530783344531,128.69472180832292,0.0,0.0,1,0,1,0.5384822384689838,0.0
G060216,35.20620935033331,128.69473501447013,0.0,0.0,1,0,1,0.5384822384689838,0.0
G060217,35.20711086708248,128.69474822120375,0.0,0.0,1,1,0,0.8164340144256376,0.0
G060218,35.20801238369283,128.6947614285238,0.0,0.0,1,0,1,0.5384822384689838,0.0
G060219,35.208913900164376,128.69477463643034,0.0,0.0,1,0,1,0.5384822384689838,0.0
G060220,35.2098154164971,128.69478784492338,0.0,0.0,1,0,1,0.5384822384689838,0.0
G060221,35.210716932690985,128.69480105400297,0.0,0.0,1,1,1,1.0,0.0
G060222,35.211618448746066,128.69481426366906,0.0,0.0,1,1,0,0.8164340144256376,0.0
G060223,35.212519964662306,128.69482747392178,0.0,0.0,1,1,1,1.0,0.0
G060224,35.213421480439735,128.69484068476106,0.0,0.0,1,1,1,1.0,0.0
G060225,35.21432299607832,128.694853896187,0.0,0.0,1,0,1,0.5384822384689838,0.0
G060226,35.2152245115781,128.6948671081996,0.0,0.0,1,0,1,0.5384822384689838,0.0
G060227,35.21612602693902,128.69488032079886,0.0,0.0,1,0,1,0.5384822384689838,0.0
G060228,35.21702754216111,128.6948935339848,0.0,0.0,1,0,1,0.5384822384689838,0.0
G060229,35.21792905724437,128.69490674775753,0.0,0.0,1,0,1,0.5384822384689838,0.0
G060230,35.218830572188786,128.694919962117,0.0,0.0,1,1,0,0.8164340144256376,0.0
G060231,35.21973208699437,128.6949331770633,0.0,0.0,1,1,1,1.0,0.0
G060232,35.22063360166112,128.69494639259634,0.0,0.0,1,1,1,1.0,0.0
G060233,35.22153511618901,128.69495960871626,0.0,0.0,1,0,1,0.5384822384689838,0.0
G060234,35.22243663057807,128.69497282542304,0.0,0.0,0,0,1,0.18356598557436246,0.0
G060235,35.22333814482829,128.6949860427167,0.0,0.0,0,0,1,0.18356598557436246,0.0
G060236,35.224239658939645,128.69499926059729,0.0,0.0,1,0,1,0.5384822384689838,0.0
G060237,35.22514117291215,128.6950124790648,0.0,0.0,1,1,1,1.0,0.0
G060238,35.226042686745814,128.69502569811925,32.69,0.32689999999999997,1,0,1,0.5384822384689838,0.17602984375551078
G060239,35.22694420044062,128.69503891776077,4.32,0.0432,0,1,1,0.6450837471053786,0.027867617874952358
G060240,35.22784571399657,128.69505213798928,0.0,0.0,1,1,1,1.0,0.0
G060241,35.22874722741368,128.6950653588048,0.0,0.0,0,1,1,0.6450837471053786,0.0
G060242,35.229648740691914,128.69507858020742,0.0,0.0,0,0,1,0.18356598557436246,0.0
G060249,35.23595932975142,128.69517114646592,0.0,0.0,1,0,1,0.5384822384689838,0.0
G060250,35.236860841918734,128.69518437256605,0.0,0.0,1,1,1,1.0,0.0
G060251,35.237762353947176,128.69519759925348,0.0,0.0,1,0,1,0.5384822384689838,0.0
G060252,35.23866386583674,128.69521082652824,0.0,0.0,0,0,1,0.18356598557436246,0.0
G060253,35.23956537758743,128.69522405439034,0.0,0.0,1,0,1,0.5384822384689838,0.0
G060254,35.24046688919924,128.69523728283983,0.0,0.0,1,0,1,0.5384822384689838,0.0
G060255,35.241368400672165,128.69525051187674,0.0,0.0,1,1,1,1.0,0.0
G060256,35.24226991200622,128.6952637415011,0.0,0.0,1,1,1,1.0,0.0
G060257,35.243171423201375,128.6952769717129,0.0,0.0,1,1,1,1.0,0.0
G060258,35.24407293425766,128.69529020251215,0.0,0.0,1,1,1,1.0,0.0
G060259,35.24497444517505,128.69530343389897,0.0,0.0,1,1,1,1.0,0.0
G060260,35.245875955953544,128.69531666587332,0.0,0.0,1,1,1,1.0,0.0
G060261,35.246777466593144,128.6953298984352,0.0,0.0,1,1,1,1.0,0.0
G060424,35.149402693740875,128.6950018019889,0.0,0.0,1,1,1,1.0,0.0
G060425,35.15030421887247,128.69501498392916,0.0,0.0,0,1,1,0.6450837471053786,0.0
G060426,35.151205743865354,128.6950281664548,0.0,0.0,0,0,1,0.18356598557436246,0.0
G060427,35.152107268719504,128.6950413495658,0.0,0.0,1,0,0,0.35491625289462136,0.0
G060428,35.15300879343496,128.6950545332622,0.0,0.0,1,0,1,0.5384822384689838,0.0
G060429,35.15391031801166,128.69506771754408,0.0,0.0,1,0,1,0.5384822384689838,0.0
G060430,35.154811842449675,128.69508090241138,0.0,0.0,1,0,1,0.5384822384689838,0.0
G060431,35.155713366748934,128.69509408786416,0.0,0.0,1,1,1,1.0,0.0
G060432,35.15661489090948,128.6951072739025,0.0,0.0,1,1,1,1.0,0.0
G060433,35.157516414931294,128.69512046052637,0.0,0.0,1,0,1,0.5384822384689838,0.0
G060434,35.158417938814374,128.6951336477358,0.0,0.0,0,0,1,0.18356598557436246,0.0
G060435,35.159319462558734,128.6951468355308,0.0,0.0,1,0,0,0.35491625289462136,0.0
G060436,35.16022098616435,128.69516002391143,0.0,0.0,1,1,1,1.0,0.0
G060437,35.16112250963124,128.69517321287768,0.0,0.0,0,1,1,0.6450837471053786,0.0
G060438,35.16202403295939,128.69518640242964,0.0,0.0,1,1,1,1.0,0.0
G060439,35.16292555614879,128.69519959256726,0.0,0.0,1,1,1,1.0,0.0
G060463,35.184562071068555,128.695516331646,0.0,0.0,1,1,1,1.0,0.0
G060464,35.18546359078894,128.69552953643438,0.0,0.0,1,1,1,1.0,0.0
G060465,35.186365110370545,128.69554274180913,0.0,0.0,1,0,1,0.5384822384689838,0.0
G060466,35.187266629813365,128.6955559477703,0.0,0.0,1,0,1,0.5384822384689838,0.0
G060467,35.188168149117395,128.69556915431784,0.0,0.0,1,0,1,0.5384822384689838,0.0
G060468,35.189069668282634,128.69558236145187,0.0,0.0,1,1,1,1.0,0.0
G060485,35.204395472855424,128.6958069724811,0.0,0.0,1,1,1,1.0,0.0
G060486,35.20529698952217,128.69582019017554,0.0,0.0,1,0,1,0.5384822384689838,0.0
G060487,35.20619850605011,128.6958334084569,0.0,0.0,1,1,1,1.0,0.0
G060488,35.207100022439214,128.6958466273252,0.0,0.0,1,1,1,1.0,0.0
G060489,35.208001538689494,128.69585984678054,0.0,0.0,1,1,1,1.0,0.0
G060490,35.208903054800956,128.69587306682288,0.0,0.0,1,0,1,0.5384822384689838,0.0
G060491,35.209804570773585,128.69588628745225,0.0,0.0,1,0,1,0.5384822384689838,0.0
G060492,35.21070608660739,128.6958995086687,0.0,0.0,1,0,1,0.5384822384689838,0.0
G060493,35.21160760230235,128.69591273047223,0.0,0.0,1,1,1,1.0,0.0
G060494,35.21250911785848,128.69592595286286,0.0,0.0,1,1,1,1.0,0.0
G060495,35.21341063327578,128.69593917584066,0.0,0.0,1,0,0,0.35491625289462136,0.0
G060496,35.21431214855425,128.69595239940563,0.0,0.0,1,0,1,0.5384822384689838,0.0
G060497,35.21521366369388,128.69596562355778,0.0,0.0,0,0,1,0.18356598557436246,0.0
G060498,35.216115178694665,128.69597884829716,0.0,0.0,1,1,1,1.0,0.0
G060499,35.21701669355661,128.69599207362378,0.0,0.0,1,1,1,1.0,0.0
G060500,35.217918208279706,128.6960052995377,0.0,0.0,1,0,1,0.5384822384689838,0.0
G060501,35.21881972286396,128.69601852603887,0.0,0.0,0,0,1,0.18356598557436246,0.0
G060502,35.219721237309365,128.69603175312741,0.0,0.0,1,1,0,0.8164340144256376,0.0
G060503,35.22062275161593,128.69604498080326,0.0,0.0,1,1,1,1.0,0.0
G060504,35.221524265783636,128.69605820906654,0.0,0.0,0,0,1,0.18356598557436246,0.0
G060505,35.22242577981249,128.6960714379172,0.0,0.0,0,1,1,0.6450837471053786,0.0
G060506,35.223327293702496,128.69608466735525,0.0,0.0,1,1,1,1.0,0.0
G060507,35.22422880745364,128.6960978973808,0.0,0.0,1,0,1,0.5384822384689838,0.0
G060508,35.22513032106593,128.69611112799382,0.0,0.0,0,0,1,0.18356598557436246,0.0
G060509,35.22603183453936,128.69612435919433,0.0,0.0,0,0,1,0.18356598557436246,0.0
G060510,35.22693334787394,128.69613759098237,0.0,0.0,1,1,1,1.0,0.0
G060511,35.227834861069645,128.696150823358,0.0,0.0,0,0,1,0.18356598557436246,0.0
G060512,35.228736374126484,128.69616405632118,0.0,0.0,1,0,1,0.5384822384689838,0.0
G060520,35.23594847358192,128.69626994118298,0.0,0.0,1,0,1,0.5384822384689838,0.0
G060521,35.23684998538891,128.69628317943557,0.0,0.0,1,0,1,0.5384822384689838,0.0
G060522,35.23775149705702,128.69629641827606,0.0,0.0,1,1,1,1.0,0.0
G060523,35.23865300858625,128.6963096577044,0.0,0.0,1,0,1,0.5384822384689838,0.0
G060524,35.239554519976586,128.69632289772065,0.0,0.0,1,0,1,0.5384822384689838,0.0
G060525,35.24045603122804,128.6963361383248,0.0,0.0,1,1,1,1.0,0.0
G060526,35.24135754234061,128.6963493795169,0.0,0.0,1,1,1,1.0,0.0
G060527,35.242259053314285,128.69636262129697,0.0,0.0,1,1,1,1.0,0.0
G060528,35.243160564149065,128.69637586366508,0.0,0.0,1,1,1,1.0,0.0
G060529,35.244062074844955,128.69638910662118,0.0,0.0,1,1,1,1.0,0.0
G060530,35.244963585401955,128.69640235016533,0.0,0.0,1,1,1,1.0,0.0
G060531,35.24586509582005,128.69641559429758,0.0,0.0,1,1,1,1.0,0.0
G060698,35.149391862185986,128.6960994319878,0.0,0.0,1,0,1,0.5384822384689838,0.0
G060699,35.15029338695767,128.69611262602888,0.0,0.0,1,1,1,1.0,0.0
G060700,35.151194911590636,128.69612582065585,0.0,0.0,1,0,1,0.5384822384689838,0.0
G060701,35.152096436084875,128.69613901586874,0.0,0.0,1,0,1,0.5384822384689838,0.0
G060702,35.15299796044038,128.69615221166757,0.0,0.0,0,1,1,0.6450837471053786,0.0
G060703,35.15389948465717,128.69616540805237,0.0,0.0,1,0,1,0.5384822384689838,0.0
G060704,35.15480100873523,128.6961786050232,0.0,0.0,1,0,1,0.5384822384689838,0.0
G060705,35.155702532674546,128.69619180258005,0.0,0.0,1,1,1,1.0,0.0
G060706,35.156604056475125,128.69620500072293,0.0,0.0,1,1,1,1.0,0.0
G060707,35.15750558013697,128.6962181994519,0.0,0.0,1,1,1,1.0,0.0
G060708,35.15840710366008,128.69623139876694,0.0,0.0,1,1,1,1.0,0.0
G060709,35.159308627044446,128.69624459866813,0.0,0.0,1,0,1,0.5384822384689838,0.0
G060710,35.160210150290084,128.6962577991555,0.0,0.0,1,1,1,1.0,0.0
G060711,35.16111167339697,128.69627100022902,0.0,0.0,1,1,1,1.0,0.0
G060712,35.162013196365116,128.69628420188877,0.0,0.0,1,1,1,1.0,0.0
G060713,35.162914719194504,128.69629740413473,0.0,0.0,1,1,1,1.0,0.0
G060758,35.20348310288687,128.69689211237255,0.0,0.0,1,0,1,0.5384822384689838,0.0
G060759,35.204384619332075,128.69690534161313,0.0,0.0,1,0,1,0.5384822384689838,0.0
G060760,35.20528613563844,128.6969185714412,0.0,0.0,1,0,1,0.5384822384689838,0.0
G060761,35.20618765180599,128.6969318018567,0.0,0.0,0,0,1,0.18356598557436246,0.0
G060762,35.2070891678347,128.69694503285973,0.0,0.0,1,0,1,0.5384822384689838,0.0
G060763,35.207990683724574,128.6969582644503,0.0,0.0,0,1,1,0.6450837471053786,0.0
G060764,35.20889219947563,128.69697149662838,0.0,0.0,0,0,0,0.0,0.0
G060765,35.20979371508784,128.69698472939407,0.0,0.0,1,0,1,0.5384822384689838,0.0
G060766,35.21069523056122,128.69699796274736,0.0,0.0,1,0,1,0.5384822384689838,0.0
G060767,35.21159674589575,128.69701119668827,0.0,0.0,1,0,1,0.5384822384689838,0.0
G060768,35.21249826109143,128.69702443121685,0.0,0.0,1,0,1,0.5384822384689838,0.0
G060769,35.21339977614828,128.6970376663331,0.0,0.0,1,0,1,0.5384822384689838,0.0
G060770,35.21430129106629,128.69705090203706,0.0,0.0,1,0,1,0.5384822384689838,0.0
G060775,35.218808863573585,128.69711708937342,0.0,0.0,1,0,1,0.5384822384689838,0.0
G060776,35.21971037765849,128.69713032860417,0.0,0.0,1,0,1,0.5384822384689838,0.0
G060777,35.220611891604534,128.6971435684228,0.0,0.0,1,0,1,0.5384822384689838,0.0
G060778,35.22151340541173,128.6971568088294,0.0,0.0,1,0,1,0.5384822384689838,0.0
G060779,35.22241491908004,128.69717004982388,0.0,0.0,0,1,0,0.4615177615310162,0.0
G060780,35.223316432609515,128.69718329140636,0.0,0.0,0,1,1,0.6450837471053786,0.0
G060781,35.224217946000124,128.69719653357683,0.0,0.0,1,1,1,1.0,0.0
G060782,35.22511945925185,128.6972097763353,0.0,0.0,1,1,1,1.0,0.0
G060783,35.226020972364736,128.69722301968184,0.0,0.0,1,0,1,0.5384822384689838,0.0
G060784,35.226922485338726,128.69723626361645,0.0,0.0,0,0,1,0.18356598557436246,0.0
G060794,35.2359376074406,128.69736873531215,0.0,0.0,1,0,1,0.5384822384689838,0.0
G060795,35.23683911888693,128.69738198571727,0.0,0.0,1,0,1,0.5384822384689838,0.0
G060796,35.237740630194374,128.69739523671075,0.0,0.0,0,0,1,0.18356598557436246,0.0
G060797,35.23864214136293,128.69740848829267,0.0,0.0,1,0,1,0.5384822384689838,0.0
G060798,35.23954365239259,128.697421740463,0.0,0.0,1,0,1,0.5384822384689838,0.0
G060799,35.24044516328336,128.6974349932218,0.0,0.0,1,1,1,1.0,0.0
G060978,35.15118406937518,128.697223474271,0.0,0.0,1,0,1,0.5384822384689838,0.0
G060979,35.15208559350916,128.69723668158574,0.0,0.0,1,1,1,1.0,0.0
G060980,35.15298711750442,128.69724988948698,0.0,0.0,0,1,1,0.6450837471053786,0.0
G060981,35.15388864136093,128.6972630979747,0.0,0.0,0,0,1,0.18356598557436246,0.0
G060982,35.15479016507872,128.697276307049,0.0,0.0,1,0,1,0.5384822384689838,0.0
G060983,35.15569168865776,128.69728951670984,0.0,0.0,1,0,1,0.5384822384689838,0.0
G060984,35.15659321209805,128.69730272695728,0.0,0.0,1,0,1,0.5384822384689838,0.0
G060985,35.15749473539961,128.6973159377913,0.0,0.0,1,0,1,0.5384822384689838,0.0
G060986,35.15839625856241,128.69732914921198,0.0,0.0,1,0,1,0.5384822384689838,0.0
G060987,35.15929778158646,128.69734236121934,0.0,0.0,1,0,1,0.5384822384689838,0.0
G060988,35.160199304471774,128.69735557381338,0.0,0.0,1,0,1,0.5384822384689838,0.0
G060989,35.161100827218334,128.69736878699413,0.0,0.0,1,0,1,0.5384822384689838,0.0
G060990,35.162002349826146,128.69738200076165,0.0,0.0,1,1,1,1.0,0.0
G061035,35.202570723540674,128.69797722799836,0.0,0.0,1,0,1,0.5384822384689838,0.0
G061036,35.203472239764,128.69799046878407,0.0,0.0,1,0,1,0.5384822384689838,0.0
G061037,35.2043737558485,128.6980037101577,0.0,0.0,0,0,1,0.18356598557436246,0.0
G061038,35.20527527179416,128.69801695211936,0.0,0.0,1,1,1,1.0,0.0
G061039,35.20617678760099,128.698030194669,0.0,0.0,1,0,1,0.5384822384689838,0.0
G061040,35.20707830326897,128.69804343780672,0.0,0.0,0,0,1,0.18356598557436246,0.0
G061041,35.207979818798115,128.69805668153248,0.0,0.0,1,0,1,0.5384822384689838,0.0
G061042,35.208881334188426,128.6980699258463,0.0,0.0,1,0,1,0.5384822384689838,0.0
G061043,35.20978284943989,128.69808317074828,0.0,0.0,1,0,1,0.5384822384689838,0.0
G061044,35.2106843645525,128.6980964162384,0.0,0.0,0,0,1,0.18356598557436246,0.0
G061045,35.211585879526254,128.69810966231665,0.0,0.0,1,0,1,0.5384822384689838,0.0
G061046,35.21248739436117,128.69812290898312,0.0,0.0,1,1,1,1.0,0.0
G061047,35.21338890905724,128.6981361562378,0.0,0.0,1,0,0,0.35491625289462136,0.0
G061048,35.21429042361446,128.69814940408077,0.0,0.0,0,0,1,0.18356598557436246,0.0
G061049,35.215191938032824,128.69816265251197,0.0,0.0,1,1,1,1.0,0.0
G061050,35.21609345231233,128.6981759015315,0.0,0.0,1,1,1,1.0,0.0
G061056,35.22150253507329,128.69825540800431,0.0,0.0,0,1,0,0.4615177615310162,0.0
G061057,35.22240404838076,128.69826866114263,0.0,0.0,0,0,1,0.18356598557436246,0.0
G061058,35.22330556154937,128.69828191486948,0.0,0.0,1,1,1,1.0,0.0
G061059,35.224207074579084,128.69829516918486,0.0,0.0,0,1,1,0.6450837471053786,0.0
G061060,35.225108587469926,128.6983084240888,0.0,0.0,1,0,1,0.5384822384689838,0.0
G061061,35.22601010022191,128.69832167958128,0.0,0.0,1,0,1,0.5384822384689838,0.0
G061062,35.226911612835025,128.69833493566244,0.0,0.0,0,0,1,0.18356598557436246,0.0
G061072,35.23592673132746,128.69846752885303,0.0,0.0,1,1,1,1.0,0.0
G061073,35.236828242412805,128.6984807914106,0.0,0.0,1,0,1,0.5384822384689838,0.0
G061074,35.23772975335927,128.69849405455705,0.0,0.0,1,0,1,0.5384822384689838,0.0
G061075,35.23863126416682,128.69850731829249,0.0,0.0,1,0,1,0.5384822384689838,0.0
G061076,35.23953277483547,128.6985205826169,0.0,0.0,1,0,1,0.5384822384689838,0.0
G061077,35.240434285365225,128.69853384753034,0.0,0.0,1,1,1,1.0,0.0
G061117,35.27649459263586,128.69906492734668,0.0,0.0,1,1,1,1.0,0.0
G061118,35.27739609746916,128.6990782164316,0.0,0.0,1,1,1,1.0,0.0
G061119,35.27829760216348,128.69909150610656,0.0,0.0,1,0,1,0.5384822384689838,0.0
G061257,35.15297626462708,128.69834756671986,0.0,0.0,0,1,1,0.6450837471053786,0.0
G061258,35.153877788123,128.6983607873105,0.0,0.0,1,0,1,0.5384822384689838,0.0
G061259,35.154779311480176,128.69837400848823,0.0,0.0,0,0,1,0.18356598557436246,0.0
G061260,35.15568083469861,128.69838723025308,0.0,0.0,1,0,1,0.5384822384689838,0.0
G061261,35.15658235777828,128.698400452605,0.0,0.0,1,0,1,0.5384822384689838,0.0
G061262,35.1574838807192,128.69841367554412,0.0,0.0,1,0,1,0.5384822384689838,0.0
G061263,35.15838540352137,128.6984268990704,0.0,0.0,1,0,1,0.5384822384689838,0.0
G061264,35.159286926184784,128.69844012318384,0.0,0.0,1,0,1,0.5384822384689838,0.0
G061265,35.160188448709434,128.69845334788457,0.0,0.0,1,0,1,0.5384822384689838,0.0
G061266,35.16108997109534,128.6984665731725,0.0,0.0,1,0,1,0.5384822384689838,0.0
G061303,35.19444620181064,128.69895632190403,0.0,0.0,1,0,1,0.5384822384689838,0.0
G061304,35.195347718922434,128.6989695695269,0.0,0.0,1,0,1,0.5384822384689838,0.0
G061305,35.1962492358954,128.69898281773803,0.0,0.0,1,0,1,0.5384822384689838,0.0
G061306,35.19715075272956,128.6989960665374,0.0,0.0,1,1,1,1.0,0.0
G061307,35.19805226942487,128.69900931592514,0.0,0.0,1,0,1,0.5384822384689838,0.0
G061312,35.202559850818936,128.69907557168946,0.0,0.0,0,1,1,0.6450837471053786,0.0
G061313,35.203461366681246,128.69908882460766,0.0,0.0,1,0,1,0.5384822384689838,0.0
G061314,35.20436288240471,128.69910207811432,0.0,0.0,1,1,1,1.0,0.0
G061315,35.205264397989325,128.69911533220952,0.0,0.0,1,0,1,0.5384822384689838,0.0
G061316,35.20616591343511,128.69912858689327,0.0,0.0,1,0,0,0.35491625289462136,0.0
G061317,35.20706742874203,128.6991418421656,0.0,0.0,1,0,1,0.5384822384689838,0.0
G061318,35.20796894391011,128.69915509802655,0.0,0.0,1,0,1,0.5384822384689838,0.0
G061319,35.20887045893935,128.69916835447614,0.0,0.0,1,0,1,0.5384822384689838,0.0
G061320,35.20977197382973,128.69918161151435,0.0,0.0,1,0,1,0.5384822384689838,0.0
G061321,35.210673488581236,128.69919486914125,0.0,0.0,1,0,1,0.5384822384689838,0.0
G061322,35.211575003193914,128.69920812735685,0.0,0.0,0,1,1,0.6450837471053786,0.0
G061323,35.212476517667724,128.6992213861612,0.0,0.0,1,1,1,1.0,0.0
G061324,35.21337803200268,128.69923464555433,1.31,0.0131,1,1,1,1.0,0.0131
G061325,35.21427954619878,128.69924790553623,0.0,0.0,1,0,1,0.5384822384689838,0.0
G061326,35.215181060256015,128.6992611661069,0.0,0.0,1,1,1,1.0,0.0
G061327,35.21608257417438,128.69927442726643,0.0,0.0,1,1,1,1.0,0.0
G061329,35.21788560159451,128.69930095135214,0.0,0.0,1,1,1,1.0,0.0
G061330,35.21878711509629,128.69931421427836,0.0,0.0,1,0,1,0.5384822384689838,0.0
G061331,35.21968862845919,128.6993274777935,0.0,0.0,1,0,1,0.5384822384689838,0.0
G061332,35.22059014168321,128.69934074189763,0.0,0.0,0,1,1,0.6450837471053786,0.0
G061333,35.22149165476836,128.69935400659074,0.0,0.0,1,1,1,1.0,0.0
G061334,35.222393167714635,128.69936727187286,0.0,0.0,1,0,1,0.5384822384689838,0.0
G061335,35.22329468052204,128.69938053774408,0.0,0.0,0,0,1,0.18356598557436246,0.0
G061336,35.22419619319056,128.69939380420433,0.0,0.0,1,0,1,0.5384822384689838,0.0
G061337,35.225097705720195,128.69940707125366,0.0,0.0,1,0,1,0.5384822384689838,0.0
G061338,35.22599921811096,128.69942033889214,0.0,0.0,0,1,1,0.6450837471053786,0.0
G061339,35.22690073036282,128.69943360711974,0.0,0.0,0,1,1,0.6450837471053786,0.0
G061340,35.22780224247582,128.69944687593656,0.0,0.0,1,1,1,1.0,0.0
G061341,35.2287037544499,128.69946014534256,0.0,0.0,0,1,1,0.6450837471053786,0.0
G061342,35.22960526628511,128.6994734153378,0.0,0.0,1,0,1,0.5384822384689838,0.0
G061343,35.230506777981425,128.69948668592227,0.0,0.0,0,0,1,0.18356598557436246,0.0
G061351,35.2377188665517,128.69959287181442,0.0,0.0,1,0,1,0.5384822384689838,0.0
G061352,35.238620376997915,128.69960614770335,0.0,0.0,1,0,1,0.5384822384689838,0.0
G061353,35.23952188730523,128.6996194241818,0.0,0.0,0,0,1,0.18356598557436246,0.0
G061393,35.27558218567332,128.70015096702124,0.0,0.0,1,1,1,1.0,0.0
G061394,35.27648369028392,128.70016426769226,0.0,0.0,1,1,1,1.0,0.0
G061395,35.27738519475553,128.70017756895385,0.0,0.0,1,1,0,0.8164340144256376,0.0
G061396,35.27828669908817,128.7001908708061,0.0,0.0,1,0,1,0.5384822384689838,0.0
G061397,35.27918820328182,128.700204173249,0.0,0.0,1,1,1,1.0,0.0
G061517,35.138541012779264,128.69923360016315,0.0,0.0,1,1,1,1.0,0.0
G061518,35.1394425381341,128.69924682345842,0.0,0.0,1,1,1,1.0,0.0
G061519,35.140344063350206,128.6992600473409,0.0,0.0,1,1,1,1.0,0.0
G061520,35.141245588427566,128.69927327181063,0.0,0.0,1,1,1,1.0,0.0
G061521,35.142147113366214,128.69928649686756,0.0,0.0,1,1,1,1.0,0.0
G061522,35.14304863816613,128.6992997225118,0.0,0.0,1,1,1,1.0,0.0
G061533,35.15296540180836,128.6994452433657,0.0,0.0,1,0,1,0.5384822384689838,0.0
G061534,35.153866924943365,128.69945847605922,0.0,0.0,1,0,1,0.5384822384689838,0.0
G061535,35.15476844793962,128.69947170934037,0.0,0.0,1,0,1,0.5384822384689838,0.0
G061536,35.15566997079709,128.69948494320914,0.0,0.0,1,0,1,0.5384822384689838,0.0
G061537,35.15657149351582,128.6994981776656,0.0,0.0,1,1,1,1.0,0.0
G061538,35.15747301609579,128.6995114127097,0.0,0.0,1,0,1,0.5384822384689838,0.0
G061539,35.15837453853699,128.69952464834157,0.0,0.0,0,0,1,0.18356598557436246,0.0
G061579,35.19443532238123,128.70005455583873,0.0,0.0,1,1,1,1.0,0.0
G061580,35.19533683913174,128.7000678155892,0.0,0.0,1,1,1,1.0,0.0
G061581,35.19623835574342,128.70008107592847,0.0,0.0,1,0,1,0.5384822384689838,0.0
G061582,35.19713987221626,128.70009433685658,0.0,0.0,1,0,1,0.5384822384689838,0.0
G061583,35.19804138855027,128.70010759837353,0.0,0.0,1,0,1,0.5384822384689838,0.0
G061584,35.19894290474544,128.7001208604794,0.0,0.0,1,1,1,1.0,0.0
G061588,35.20254896813768,128.70017391479206,0.0,0.0,0,0,1,0.18356598557436246,0.0
G061589,35.20345048363862,128.70018717984271,0.0,0.0,1,1,1,1.0,0.0
G061590,35.20435199900073,128.70020044548238,0.0,0.0,0,1,1,0.6450837471053786,0.0
G061591,35.20525351422397,128.70021371171114,0.0,0.0,1,1,1,1.0,0.0
G061592,35.20615502930837,128.70022697852895,0.0,0.0,0,0,1,0.18356598557436246,0.0
G061593,35.2070565442539,128.70024024593593,0.0,0.0,0,0,1,0.18356598557436246,0.0
G061594,35.20795805906059,128.700253513932,0.0,0.0,1,0,1,0.5384822384689838,0.0
G061595,35.20885957372842,128.70026678251728,0.0,0.0,1,0,1,0.5384822384689838,0.0
G061596,35.20976108825739,128.70028005169172,0.0,0.0,0,0,1,0.18356598557436246,0.0
G061597,35.21066260264748,128.7002933214554,0.0,0.0,1,1,1,1.0,0.0
G061598,35.21156411689873,128.70030659180833,0.0,0.0,1,1,0,0.8164340144256376,0.0
G061599,35.2124656310111,128.70031986275052,0.0,0.0,0,1,1,0.6450837471053786,0.0
G061600,35.21336714498461,128.700333134282,17.37,0.17370000000000002,0,1,0,0.4615177615310162,0.08016563517793752
G061601,35.214268658819265,128.70034640640284,13.19,0.1319,1,0,1,0.5384822384689838,0.07102580725405895
G061602,35.21517017251504,128.70035967911298,0.0,0.0,1,1,1,1.0,0.0
G061603,35.21607168607194,128.70037295241255,0.0,0.0,1,1,1,1.0,0.0
G061604,35.21697319948997,128.70038622630148,0.0,0.0,1,1,1,1.0,0.0
G061605,35.21787471276912,128.70039950077987,0.0,0.0,1,1,1,1.0,0.0
G061606,35.218776225909394,128.7004127758477,30.32,0.3032,1,0,1,0.5384822384689838,0.1632678147037959
G061607,35.219677738910804,128.700426051505,0.0,0.0,0,1,1,0.6450837471053786,0.0
G061608,35.220579251773316,128.70043932775184,0.0,0.0,1,0,1,0.5384822384689838,0.0
G061609,35.22148076449695,128.70045260458818,0.0,0.0,0,0,1,0.18356598557436246,0.0
G061610,35.22238227708171,128.7004658820141,0.0,0.0,1,0,1,0.5384822384689838,0.0
G061611,35.223283789527585,128.70047916002957,0.0,0.0,1,0,1,0.5384822384689838,0.0
G061612,35.22418530183456,128.70049243863465,0.0,0.0,1,0,1,0.5384822384689838,0.0
G061613,35.22508681400266,128.7005057178294,0.0,0.0,1,1,1,1.0,0.0
G061614,35.22598832603186,128.7005189976138,0.0,0.0,1,1,1,1.0,0.0
G061615,35.22688983792217,128.70053227798792,0.0,0.0,0,1,1,0.6450837471053786,0.0
G061616,35.22779134967358,128.70054555895172,0.0,0.0,0,0,1,0.18356598557436246,0.0
G061617,35.2286928612861,128.7005588405053,0.0,0.0,0,0,1,0.18356598557436246,0.0
G061618,35.22959437275973,128.7005721226486,0.0,0.0,1,1,1,1.0,0.0
G061619,35.23049588409445,128.7005854053817,0.0,0.0,1,0,1,0.5384822384689838,0.0
G061668,35.27466976930909,128.701236982344,0.0,0.0,1,1,1,1.0,0.0
G061669,35.27557127369668,128.70125029460004,0.0,0.0,0,1,1,0.6450837471053786,0.0
G061670,35.276472777945294,128.7012636074472,0.0,0.0,1,1,1,1.0,0.0
G061671,35.2773742820549,128.7012769208855,0.0,0.0,1,1,1,1.0,0.0
G061672,35.27827578602553,128.701290234915,0.0,0.0,1,0,1,0.5384822384689838,0.0
G061673,35.27917728985717,128.7013035495357,0.0,0.0,1,1,1,1.0,0.0
G061674,35.28007879354981,128.70131686474764,0.0,0.0,1,1,1,1.0,0.0
G061710,35.32875978650034,128.70203676489245,0.0,0.0,1,1,1,1.0,0.0
G061711,35.32966128254573,128.7020501126623,0.0,0.0,0,1,1,0.6450837471053786,0.0
G061712,35.33056277845203,128.70206346102486,0.0,0.0,1,0,1,0.5384822384689838,0.0
G061796,35.13853014579824,128.7003310826488,0.0,0.0,1,1,1,1.0,0.0
G061797,35.139431670791936,128.70034431803833,0.0,0.0,1,1,1,1.0,0.0
G061798,35.1403331956469,128.7003575540156,0.0,0.0,1,1,1,1.0,0.0
G061799,35.14123472036313,128.70037079058062,0.0,0.0,1,1,1,1.0,0.0
G061800,35.14213624494062,128.70038402773343,0.0,0.0,1,1,1,1.0,0.0
G061801,35.14303776937937,128.7003972654741,0.0,0.0,1,1,1,1.0,0.0
G061812,35.152954529048294,128.70054291942395,0.0,0.0,0,0,1,0.18356598557436246,0.0
G061813,35.153856051822046,128.70055616422033,0.0,0.0,0,0,1,0.18356598557436246,0.0
G061814,35.15475757445703,128.70056940960487,0.0,0.0,1,1,1,1.0,0.0
G061815,35.15565909695325,128.7005826555776,0.0,0.0,1,1,1,1.0,0.0
G061816,35.15656061931069,128.70059590213847,0.0,0.0,1,0,1,0.5384822384689838,0.0
G061817,35.15746214152937,128.7006091492876,0.0,0.0,0,0,0,0.0,0.0
G061818,35.158363663609286,128.700622397025,0.0,0.0,1,0,0,0.35491625289462136,0.0
G061819,35.15926518555041,128.70063564535064,0.0,0.0,0,0,1,0.18356598557436246,0.0
G061820,35.16016670735278,128.7006488942646,0.0,0.0,1,0,1,0.5384822384689838,0.0
G061821,35.16106822901638,128.7006621437669,0.0,0.0,1,1,1,1.0,0.0
G061857,35.19352291646755,128.7011395178959,0.0,0.0,1,1,1,1.0,0.0
G061858,35.194424432995284,128.70115278918465,0.0,0.0,1,1,1,1.0,0.0
G061859,35.19532594938418,128.7011660610627,0.0,0.0,1,1,1,1.0,0.0
G061860,35.19622746563422,128.7011793335301,0.0,0.0,1,1,1,1.0,0.0
G061861,35.19712898174544,128.7011926065869,0.0,0.0,1,0,1,0.5384822384689838,0.0
G061862,35.19803049771781,128.70120588023303,11.54,0.11539999999999999,1,0,1,0.5384822384689838,0.06214085031932073
G061863,35.19893201355132,128.70121915446862,47.71,0.4771,0,0,1,0.18356598557436246,0.08757933171752834
G061867,35.20253807549689,128.70127225730567,0.0,0.0,0,0,1,0.18356598557436246,0.0
G061868,35.20343959063614,128.70128553448876,0.0,0.0,0,0,1,0.18356598557436246,0.0
G061869,35.20434110563656,128.7012988122614,0.0,0.0,0,1,1,0.6450837471053786,0.0
G061870,35.2052426204981,128.70131209062365,0.0,0.0,0,1,1,0.6450837471053786,0.0
G061871,35.20614413522078,128.70132536957553,0.0,0.0,0,1,1,0.6450837471053786,0.0
G061872,35.2070456498046,128.70133864911708,0.0,0.0,1,1,1,1.0,0.0
G061873,35.20794716424957,128.7013519292483,0.0,0.0,0,0,1,0.18356598557436246,0.0
G061874,35.20884867855566,128.70136520996923,0.0,0.0,1,0,1,0.5384822384689838,0.0
G061875,35.20975019272288,128.70137849127988,0.0,0.0,1,0,1,0.5384822384689838,0.0
G061876,35.21065170675123,128.70139177318032,0.0,0.0,1,0,1,0.5384822384689838,0.0
G061877,35.21155322064072,128.7014050556705,0.0,0.0,1,1,1,1.0,0.0
G061878,35.21245473439132,128.70141833875053,0.0,0.0,0,1,1,0.6450837471053786,0.0
G061879,35.21335624800306,128.70143162242036,5.41,0.0541,1,1,1,1.0,0.0541
G061880,35.21425776147592,128.7014449066801,1.97,0.0197,1,0,1,0.5384822384689838,0.01060810009783898
G061881,35.21515927480991,128.7014581915297,0.0,0.0,1,1,1,1.0,0.0
G061882,35.216060788005024,128.7014714769692,0.0,0.0,1,1,1,1.0,0.0
G061883,35.21696230106124,128.7014847629987,0.0,0.0,1,1,1,1.0,0.0
G061884,35.21786381397858,128.7014980496181,0.0,0.0,1,1,1,1.0,0.0
G061885,35.21876532675703,128.70151133682754,2.07,0.0207,0,0,1,0.18356598557436246,0.003799815901389303
G061886,35.2196668393966,128.70152462462698,0.0,0.0,1,0,1,0.5384822384689838,0.0
G061887,35.22056835189729,128.70153791301647,0.0,0.0,1,0,1,0.5384822384689838,0.0
G061888,35.22146986425908,128.701551201996,0.0,0.0,0,0,1,0.18356598557436246,0.0
G061889,35.22237137648198,128.70156449156568,0.0,0.0,0,0,1,0.18356598557436246,0.0
G061890,35.223272888565994,128.70157778172546,0.0,0.0,1,0,1,0.5384822384689838,0.0
G061891,35.22417440051111,128.70159107247542,0.0,0.0,1,0,1,0.5384822384689838,0.0
G061892,35.22507591231733,128.70160436381553,0.0,0.0,0,1,0,0.4615177615310162,0.0
G061893,35.225977423984645,128.70161765574582,0.0,0.0,1,0,1,0.5384822384689838,0.0
G061894,35.226878935513064,128.70163094826637,0.0,0.0,0,0,1,0.18356598557436246,0.0
G061895,35.227780446902585,128.70164424137715,0.0,0.0,1,0,1,0.5384822384689838,0.0
G061896,35.228681958153196,128.70165753507823,0.0,0.0,0,1,1,0.6450837471053786,0.0
G061897,35.229583469264895,128.7016708293696,0.0,0.0,0,1,1,0.6450837471053786,0.0
G061898,35.230484980237705,128.70168412425133,0.0,0.0,0,0,1,0.18356598557436246,0.0
G061899,35.23138649107161,128.7016974197234,0.0,0.0,1,1,1,1.0,0.0
G061944,35.27195433479868,128.70229632741092,0.0,0.0,1,1,1,1.0,0.0
G061945,35.27285583924092,128.70230965006772,0.0,0.0,1,1,1,1.0,0.0
G061946,35.27375734354419,128.7023229733161,0.0,0.0,0,1,1,0.6450837471053786,0.0
G061947,35.27465884770846,128.70233629715608,0.0,0.0,1,1,1,1.0,0.0
G061948,35.27556035173374,128.70234962158773,0.0,0.0,1,1,1,1.0,0.0
G061949,35.27646185562001,128.702362946611,0.0,0.0,0,1,1,0.6450837471053786,0.0
G061950,35.2773633593673,128.702376272226,0.0,0.0,1,1,1,1.0,0.0
G061951,35.27826486297558,128.7023895984327,0.0,0.0,1,0,1,0.5384822384689838,0.0
G061952,35.27916636644487,128.70240292523113,0.0,0.0,1,1,1,1.0,0.0
G061953,35.28006786977515,128.70241625262136,0.0,0.0,1,1,1,1.0,0.0
G061987,35.327847347325005,128.70312345181267,0.0,0.0,1,1,1,1.0,0.0
G061988,35.328748843146705,128.70313681119737,0.0,0.0,1,1,1,1.0,0.0
G061989,35.329650338829296,128.70315017117528,0.0,0.0,1,1,1,1.0,0.0
G061990,35.3305518343728,128.70316353174644,0.0,0.0,1,0,1,0.5384822384689838,0.0
G061991,35.33145332977719,128.70317689291085,0.0,0.0,1,0,1,0.5384822384689838,0.0
G062069,35.13040554094791,128.70130936366058,0.0,0.0,1,1,1,1.0,0.0
G062070,35.13130706682876,128.70132260585112,0.0,0.0,1,1,1,1.0,0.0
G062071,35.13220859257087,128.70133584862964,0.0,0.0,1,1,1,1.0,0.0
G062072,35.133110118174265,128.70134909199626,0.0,0.0,1,1,1,1.0,0.0
G062073,35.134011643638914,128.70136233595096,0.0,0.0,1,1,1,1.0,0.0
G062077,35.137617744110194,128.70141531765117,6.67,0.0667,1,0,1,0.5384822384689838,0.03591676530588122
G062078,35.138519268881176,128.70142856454672,2.78,0.0278,1,0,1,0.5384822384689838,0.014969806229437749
G062079,35.13942079351341,128.70144181203048,0.0,0.0,0,0,0,0.0,0.0
G062080,35.1403223180069,128.70145506010252,0.0,0.0,0,0,1,0.18356598557436246,0.0
G062081,35.14122384236166,128.70146830876286,0.0,0.0,1,0,1,0.5384822384689838,0.0
G062082,35.14212536657766,128.70148155801155,0.0,0.0,1,0,1,0.5384822384689838,0.0
G062083,35.143026890654916,128.70149480784858,0.0,0.0,1,0,1,0.5384822384689838,0.0
G062096,35.154746691032464,128.7016671092812,0.0,0.0,1,1,1,1.0,0.0
G062097,35.15564821316707,128.7016803673578,0.0,0.0,0,0,1,0.18356598557436246,0.0
G062098,35.15654973516292,128.70169362602314,0.0,0.0,0,0,1,0.18356598557436246,0.0
G062099,35.15745125701997,128.70170688527725,0.0,0.0,1,0,1,0.5384822384689838,0.0
G062100,35.158352778738255,128.70172014512016,0.0,0.0,0,1,1,0.6450837471053786,0.0
G062101,35.15925430031776,128.70173340555186,0.0,0.0,0,0,1,0.18356598557436246,0.0
G062102,35.16015582175849,128.70174666657243,0.0,0.0,1,0,1,0.5384822384689838,0.0
G062103,35.16105734306043,128.70175992818181,0.0,0.0,1,1,1,1.0,0.0
G062104,35.1619588642236,128.70177319038015,0.0,0.0,1,1,1,1.0,0.0
G062139,35.19351201748701,128.7022377385255,0.0,0.0,1,1,1,1.0,0.0
G062140,35.1944135336528,128.70225102194127,0.0,0.0,1,1,1,1.0,0.0
G062141,35.195315049679756,128.70226430594684,0.0,0.0,1,1,1,1.0,0.0
G062142,35.196216565567845,128.70227759054237,0.0,0.0,1,1,1,1.0,0.0
G062143,35.1971180813171,128.70229087572778,0.0,0.0,1,1,1,1.0,0.0
G062144,35.198019596927494,128.7023041615031,0.61,0.0060999999999999995,1,1,0,0.8164340144256376,0.004980247487996389
G062145,35.198921112399034,128.7023174478684,13.25,0.1325,1,0,1,0.5384822384689838,0.07134889659714036
G062149,35.20252717289661,128.70237059922974,0.0,0.0,1,1,1,1.0,0.0
G062150,35.20342868767384,128.7023838885452,0.0,0.0,1,0,1,0.5384822384689838,0.0
G062151,35.20433020231223,128.70239717845078,0.0,0.0,1,0,1,0.5384822384689838,0.0
G062152,35.20523171681173,128.70241046894654,0.0,0.0,0,0,1,0.18356598557436246,0.0
G062153,35.20613323117238,128.70242376003245,0.0,0.0,1,0,1,0.5384822384689838,0.0
G062154,35.20703474539415,128.70243705170856,0.0,0.0,0,0,1,0.18356598557436246,0.0
G062155,35.20793625947704,128.70245034397487,0.0,0.0,0,0,1,0.18356598557436246,0.0
G062156,35.20883777342108,128.70246363683145,0.0,0.0,1,0,1,0.5384822384689838,0.0
G062157,35.20973928722623,128.70247693027827,0.0,0.0,1,1,1,1.0,0.0
G062158,35.210640800892484,128.70249022431543,0.63,0.0063,1,0,1,0.5384822384689838,0.003392438102354598
G062159,35.211542314419894,128.7025035189429,29.61,0.2961,0,0,1,0.18356598557436246,0.05435388832856872
G062160,35.21244382780841,128.70251681416067,0.0,0.0,1,1,1,1.0,0.0
G062161,35.21334534105804,128.70253010996888,0.0,0.0,1,1,1,1.0,0.0
G062162,35.21424685416879,128.70254340636748,0.0,0.0,1,0,1,0.5384822384689838,0.0
G062163,35.21514836714066,128.7025567033565,0.0,0.0,1,0,1,0.5384822384689838,0.0
G062164,35.21604987997364,128.70257000093596,0.0,0.0,1,1,1,1.0,0.0
G062165,35.216951392667724,128.70258329910592,0.0,0.0,1,0,1,0.5384822384689838,0.0
G062166,35.21785290522292,128.70259659786637,0.0,0.0,1,0,1,0.5384822384689838,0.0
G062167,35.218754417639225,128.70260989721737,0.0,0.0,1,0,1,0.5384822384689838,0.0
G062168,35.21965592991663,128.7026231971589,0.0,0.0,1,1,1,1.0,0.0
G062169,35.220557442055146,128.70263649769106,0.0,0.0,0,1,1,0.6450837471053786,0.0
G062170,35.221458954054775,128.70264979881378,0.0,0.0,0,1,1,0.6450837471053786,0.0
G062171,35.222360465915486,128.7026631005272,0.0,0.0,0,1,1,0.6450837471053786,0.0
G062172,35.223261977637314,128.70267640283123,0.0,0.0,1,1,1,1.0,0.0
G062173,35.22416348922022,128.70268970572596,0.0,0.0,1,0,1,0.5384822384689838,0.0
G062174,35.22506500066422,128.7027030092114,0.0,0.0,0,0,1,0.18356598557436246,0.0
G062175,35.22596651196934,128.7027163132876,0.0,0.0,0,0,1,0.18356598557436246,0.0
G062176,35.22686802313552,128.70272961795456,0.0,0.0,1,1,1,1.0,0.0
G062177,35.227769534162825,128.7027429232123,0.0,0.0,1,1,1,1.0,0.0
G062178,35.22867104505119,128.70275622906087,0.0,0.0,1,1,1,1.0,0.0
G062179,35.22957255580066,128.7027695355003,0.0,0.0,1,1,1,1.0,0.0
G062180,35.2304740664112,128.70278284253058,0.0,0.0,1,1,1,1.0,0.0
G062181,35.23137557688284,128.70279615015176,0.0,0.0,1,0,1,0.5384822384689838,0.0
G062225,35.27104190008135,128.7033822708693,0.0,0.0,1,1,1,1.0,0.0
G062226,35.27194340429997,128.70339560510791,0.0,0.0,1,1,1,1.0,0.0
G062227,35.27284490837959,128.70340893993864,0.0,0.0,1,1,1,1.0,0.0
G062228,35.27374641232022,128.7034222753615,0.0,0.0,1,1,1,1.0,0.0
G062229,35.27464791612185,128.70343561137653,0.0,0.0,1,1,1,1.0,0.0
G062230,35.27554941978448,128.70344894798373,0.0,0.0,0,1,1,0.6450837471053786,0.0
G062231,35.27645092330809,128.70346228518312,0.0,0.0,1,1,1,1.0,0.0
G062232,35.277352426692715,128.70347562297474,0.0,0.0,1,1,1,1.0,0.0
G062233,35.27825392993832,128.70348896135863,0.0,0.0,1,1,1,1.0,0.0
G062234,35.279155433044934,128.7035023003348,0.0,0.0,1,1,1,1.0,0.0
G062235,35.28005693601254,128.7035156399033,0.0,0.0,1,1,1,1.0,0.0
G062267,35.32693489873094,128.7042101143184,0.0,0.0,1,1,1,1.0,0.0
G062268,35.327836394328614,128.70422348531687,0.0,0.0,1,1,1,1.0,0.0
G062269,35.32873788978719,128.70423685690906,0.0,0.0,1,1,1,1.0,0.0
G062270,35.32963938510667,128.704250229095,0.0,0.0,1,0,1,0.5384822384689838,0.0
G062271,35.33054088028704,128.70426360187474,0.0,0.0,1,1,1,1.0,0.0
G062272,35.33144237532831,128.7042769752483,0.0,0.0,1,0,1,0.5384822384689838,0.0
G062273,35.33234387023045,128.70429034921568,0.0,0.0,1,0,1,0.5384822384689838,0.0
G062345,35.12859160589615,128.70238022935234,0.0,0.0,1,0,1,0.5384822384689838,0.0
G062346,35.12949313169274,128.7023934824552,0.0,0.0,1,1,1,1.0,0.0
G062347,35.130394657350585,128.70240673614654,0.0,0.0,1,1,1,1.0,0.0
G062348,35.131296182869704,128.70241999042642,0.0,0.0,1,1,1,1.0,0.0
G062349,35.13219770825008,128.70243324529488,0.0,0.0,1,1,1,1.0,0.0
G062350,35.13309923349174,128.70244650075196,0.0,0.0,1,0,1,0.5384822384689838,0.0
G062351,35.13400075859465,128.70245975679762,0.0,0.0,1,0,1,0.5384822384689838,0.0
G062352,35.13490228355882,128.70247301343198,0.0,0.0,1,0,1,0.5384822384689838,0.0
G062353,35.13580380838425,128.702486270655,0.0,0.0,1,0,1,0.5384822384689838,0.0
G062354,35.136705333070935,128.70249952846675,0.0,0.0,1,0,1,0.5384822384689838,0.0
G062355,35.137606857618884,128.70251278686717,23.61,0.2361,1,0,1,0.5384822384689838,0.1271356565025271
G062356,35.13850838202808,128.7025260458564,28.47,0.2847,0,1,1,0.6450837471053786,0.18365534280090132
G062357,35.139409906298525,128.70253930543436,0.0,0.0,1,0,1,0.5384822384689838,0.0
G062358,35.140311430430216,128.70255256560117,0.0,0.0,1,0,1,0.5384822384689838,0.0
G062359,35.14121295442316,128.70256582635682,0.0,0.0,1,0,1,0.5384822384689838,0.0
G062360,35.14211447827736,128.70257908770128,0.0,0.0,1,1,1,1.0,0.0
G062361,35.143016001992784,128.70259234963464,0.0,0.0,1,0,1,0.5384822384689838,0.0
G062371,35.15203123151522,128.70272500136275,0.0,0.0,0,0,1,0.18356598557436246,0.0
G062372,35.15293275370422,128.70273826977555,0.0,0.0,0,0,1,0.18356598557436246,0.0
G062373,35.153834275754456,128.70275153877756,0.0,0.0,1,0,1,0.5384822384689838,0.0
G062374,35.154735797665914,128.7027648083688,0.0,0.0,1,0,1,0.5384822384689838,0.0
G062375,35.15563731943861,128.7027780785493,0.0,0.0,0,0,1,0.18356598557436246,0.0
G062376,35.156538841072496,128.70279134931906,0.0,0.0,0,0,1,0.18356598557436246,0.0
G062377,35.15744036256762,128.7028046206781,0.0,0.0,0,0,1,0.18356598557436246,0.0
G062378,35.15834188392394,128.70281789262648,4.86,0.048600000000000004,1,0,1,0.5384822384689838,0.026170236789592616
G062379,35.15924340514148,128.70283116516424,0.0,0.0,1,0,1,0.5384822384689838,0.0
G062380,35.160144926220234,128.70284443829135,0.0,0.0,0,0,1,0.18356598557436246,0.0
G062381,35.1610464471602,128.70285771200787,0.0,0.0,1,1,1,1.0,0.0
G062382,35.161947967961375,128.7028709863138,0.0,0.0,1,1,1,1.0,0.0
G062417,35.193501108550294,128.7033359585652,0.0,0.0,1,1,1,1.0,0.0
G062418,35.19440262435381,128.70334925410796,0.0,0.0,1,1,1,1.0,0.0
G062419,35.195304140018486,128.7033625502411,0.0,0.0,1,1,1,1.0,0.0
G062420,35.1962056555443,128.70337584696472,0.0,0.0,1,1,1,1.0,0.0
G062421,35.197107170931254,128.70338914427873,0.0,0.0,1,1,1,1.0,0.0
G062422,35.19800868617935,128.70340244218323,0.0,0.0,1,0,1,0.5384822384689838,0.0
G062423,35.19891020128858,128.70341574067822,0.0,0.0,1,0,1,0.5384822384689838,0.0
G062427,35.202516260336836,128.70346894056365,0.0,0.0,1,1,1,1.0,0.0
G062428,35.20341777475172,128.70348224201155,0.0,0.0,1,0,1,0.5384822384689838,0.0
G062429,35.20431928902775,128.70349554405007,0.0,0.0,1,0,1,0.5384822384689838,0.0
G062430,35.20522080316489,128.70350884667926,0.0,0.0,1,0,1,0.5384822384689838,0.0
G062431,35.206122317163164,128.7035221498992,0.0,0.0,0,0,1,0.18356598557436246,0.0
G062432,35.207023831022546,128.7035354537098,0.0,0.0,0,1,1,0.6450837471053786,0.0
G062433,35.20792534474306,128.7035487581112,0.0,0.0,1,1,1,1.0,0.0
G062434,35.2088268583247,128.7035620631034,0.0,0.0,0,0,1,0.18356598557436246,0.0
G062435,35.209728371767454,128.7035753686864,0.0,0.0,1,1,1,1.0,0.0
G062436,35.210629885071306,128.7035886748602,0.0,0.0,1,1,1,1.0,0.0
G062437,35.21153139823628,128.70360198162493,25.0,0.25,0,0,1,0.18356598557436246,0.045891496393590615
G062438,35.21243291126237,128.7036152889805,0.0,0.0,1,1,1,1.0,0.0
G062439,35.213334424149565,128.703628596927,0.0,0.0,1,1,1,1.0,0.0
G062440,35.21423593689788,128.70364190546442,0.0,0.0,1,1,1,1.0,0.0
G062441,35.215137449507296,128.70365521459283,0.0,0.0,1,0,1,0.5384822384689838,0.0
G062442,35.216038961977816,128.70366852431223,0.0,0.0,1,0,1,0.5384822384689838,0.0
G062443,35.21694047430943,128.70368183462264,0.0,0.0,1,0,1,0.5384822384689838,0.0
G062444,35.21784198650216,128.7036951455241,0.0,0.0,1,1,1,1.0,0.0
G062445,35.218743498555966,128.70370845701663,0.0,0.0,1,1,1,1.0,0.0
G062446,35.21964501047089,128.70372176910027,0.0,0.0,0,1,1,0.6450837471053786,0.0
G062447,35.220546522246906,128.70373508177502,0.0,0.0,1,1,1,1.0,0.0
G062448,35.221448033884016,128.70374839504092,0.0,0.0,0,1,1,0.6450837471053786,0.0
G062449,35.222349545382215,128.703761708898,0.0,0.0,1,0,1,0.5384822384689838,0.0
G062450,35.22325105674152,128.70377502334628,0.0,0.0,0,0,1,0.18356598557436246,0.0
G062451,35.224152567961916,128.7037883383858,0.0,0.0,1,0,1,0.5384822384689838,0.0
G062452,35.225054079043375,128.70380165401653,0.0,0.0,1,1,1,1.0,0.0
G062453,35.225955589985944,128.7038149702386,0.0,0.0,1,1,1,1.0,0.0
G062454,35.22685710078959,128.70382828705195,0.0,0.0,1,1,1,1.0,0.0
G062455,35.227758611454306,128.70384160445664,0.0,0.0,0,1,1,0.6450837471053786,0.0
G062456,35.228660121980106,128.70385492245268,0.0,0.0,1,1,1,1.0,0.0
G062457,35.229561632366995,128.7038682410401,0.0,0.0,1,1,1,1.0,0.0
G062458,35.23046314261496,128.70388156021892,0.0,0.0,0,1,1,0.6450837471053786,0.0
G062459,35.231364652724004,128.70389487998918,0.0,0.0,1,0,1,0.5384822384689838,0.0
G062502,35.27012945596596,128.70446818998138,0.0,0.0,1,1,1,1.0,0.0
G062503,35.27103095996062,128.7044815358008,0.0,0.0,1,1,1,1.0,0.0
G062504,35.27193246381629,128.7044948822128,0.0,0.0,0,1,1,0.6450837471053786,0.0
G062505,35.27283396753296,128.70450822921745,0.0,0.0,1,1,1,1.0,0.0
G062506,35.273735471110626,128.70452157681478,0.0,0.0,0,1,1,0.6450837471053786,0.0
G062507,35.27463697454929,128.7045349250048,0.0,0.0,1,1,1,1.0,0.0
G062508,35.27553847784893,128.7045482737875,0.0,0.0,1,1,1,1.0,0.0
G062509,35.27643998100956,128.70456162316302,0.0,0.0,0,1,1,0.6450837471053786,0.0
G062510,35.27734148403119,128.70457497313123,0.0,0.0,1,1,1,1.0,0.0
G062511,35.278242986913796,128.7045883236923,0.0,0.0,1,1,1,1.0,0.0
G062512,35.27914448965739,128.70460167484615,0.0,0.0,1,1,1,1.0,0.0
G062513,35.28004599226198,128.70461502659288,0.0,0.0,1,1,1,1.0,0.0
G062542,35.326923936092484,128.70531013502196,0.0,0.0,1,1,1,1.0,0.0
G062543,35.32782543132672,128.70532351822735,0.0,0.0,1,1,1,1.0,0.0
G062544,35.32872692642186,128.705336902027,0.0,0.0,1,0,1,0.5384822384689838,0.0
G062545,35.32962842137787,128.70535028642098,0.0,0.0,1,0,1,0.5384822384689838,0.0
G062546,35.33052991619478,128.70536367140923,0.0,0.0,1,0,1,0.5384822384689838,0.0
G062547,35.33143141087257,128.70537705699186,0.0,0.0,1,0,1,0.5384822384689838,0.0
G062548,35.33233290541124,128.70539044316888,0.0,0.0,1,1,1,1.0,0.0
G062616,35.12767918751656,128.70346431247057,0.0,0.0,1,1,1,1.0,0.0
G062617,35.128580713089846,128.70347757707265,0.0,0.0,1,1,1,1.0,0.0
G062618,35.12948223852441,128.70349084226373,0.0,0.0,1,0,1,0.5384822384689838,0.0
G062619,35.13038376382022,128.70350410804392,22.37,0.2237,1,1,1,1.0,0.2237
G062620,35.13128528897728,128.70351737441317,12.84,0.1284,1,0,1,0.5384822384689838,0.06914111941941752
G062621,35.13218681399561,128.70353064137151,0.0,0.0,0,0,1,0.18356598557436246,0.0
G062622,35.1330883388752,128.70354390891902,0.0,0.0,1,0,0,0.35491625289462136,0.0
G062623,35.13398986361603,128.70355717705564,3.59,0.0359,1,1,1,1.0,0.0359
G062624,35.13489138821813,128.7035704457815,3.97,0.0397,1,0,1,0.5384822384689838,0.021377744867218655
G062625,35.13579291268146,128.70358371509656,0.0,0.0,0,0,1,0.18356598557436246,0.0
G062626,35.13669443700605,128.70359698500087,0.0,0.0,1,0,1,0.5384822384689838,0.0
G062627,35.13759596119188,128.70361025549443,1.28,0.0128,1,0,1,0.5384822384689838,0.006892572652402993
G062628,35.13849748523896,128.70362352657727,4.86,0.048600000000000004,1,1,1,1.0,0.048600000000000004
G062629,35.1393990091473,128.70363679824945,0.0,0.0,0,0,1,0.18356598557436246,0.0
G062630,35.140300532916854,128.70365007051097,0.0,0.0,1,0,1,0.5384822384689838,0.0
G062631,35.14120205654767,128.70366334336185,0.0,0.0,0,0,1,0.18356598557436246,0.0
G062632,35.14210358003971,128.70367661680214,0.0,0.0,1,0,1,0.5384822384689838,0.0
G062633,35.14300510339299,128.70368989083184,0.0,0.0,1,0,0,0.35491625289462136,0.0
G062641,35.15021728522357,128.70379610429177,0.0,0.0,1,1,1,1.0,0.0
G062642,35.151118807327904,128.70380938362743,0.0,0.0,1,1,1,1.0,0.0
G062643,35.15202032929347,128.70382266355276,0.0,0.0,0,0,1,0.18356598557436246,0.0
G062644,35.15292185112023,128.70383594406783,0.0,0.0,0,0,1,0.18356598557436246,0.0
G062645,35.15382337280821,128.70384922517263,0.0,0.0,1,1,1,1.0,0.0
G062646,35.154724894357436,128.70386250686718,11.81,0.11810000000000001,1,0,0,0.35491625289462136,0.041915609466854784
G062647,35.15562641576785,128.7038757891515,0.0,0.0,1,0,1,0.5384822384689838,0.0
G062648,35.15652793703947,128.70388907202567,0.0,0.0,1,0,1,0.5384822384689838,0.0
G062649,35.1574294581723,128.70390235548965,9.74,0.0974,1,0,1,0.5384822384689838,0.05244817002687902
G062650,35.15833097916635,128.70391563954348,38.96,0.3896,1,0,1,0.5384822384689838,0.2097926801075161
G062651,35.159232500021595,128.70392892418724,0.0,0.0,1,0,1,0.5384822384689838,0.0
G062652,35.16013402073805,128.7039422094209,0.0,0.0,1,0,1,0.5384822384689838,0.0
G062653,35.16103554131571,128.7039554952445,0.0,0.0,1,1,1,1.0,0.0
G062654,35.161937061754564,128.70396878165803,0.0,0.0,1,1,1,1.0,0.0
G062689,35.19349018965741,128.7044341780146,0.0,0.0,1,1,1,1.0,0.0
G062690,35.19439170509833,128.7044474856843,0.0,0.0,1,1,1,1.0,0.0
G062691,35.1952932204004,128.70446079394497,0.0,0.0,1,1,1,1.0,0.0
G062692,35.19619473556359,128.7044741027966,0.0,0.0,1,1,1,1.0,0.0
G062693,35.197096250587926,128.70448741223922,0.0,0.0,1,1,1,1.0,0.0
G062694,35.197997765473396,128.70450072227285,0.0,0.0,1,0,1,0.5384822384689838,0.0
G062695,35.19889928021998,128.7045140328975,0.0,0.0,1,0,1,0.5384822384689838,0.0
G062698,35.201603823626506,128.70455396831792,0.0,0.0,1,0,1,0.5384822384689838,0.0
G062699,35.202505337817605,128.70456728130702,0.0,0.0,1,0,1,0.5384822384689838,0.0
G062700,35.20340685186981,128.70458059488723,0.0,0.0,1,0,1,0.5384822384689838,0.0
G062701,35.20430836578315,128.70459390905867,0.0,0.0,0,0,1,0.18356598557436246,0.0
G062702,35.2052098795576,128.70460722382128,0.0,0.0,0,1,1,0.6450837471053786,0.0
G062703,35.20611139319316,128.70462053917518,0.0,0.0,0,1,1,0.6450837471053786,0.0
G062704,35.20701290668984,128.70463385512033,0.0,0.0,0,1,1,0.6450837471053786,0.0
G062705,35.20791442004763,128.70464717165677,0.0,0.0,0,1,1,0.6450837471053786,0.0
G062706,35.20881593326654,128.70466048878455,0.0,0.0,1,0,1,0.5384822384689838,0.0
G062707,35.20971744634656,128.70467380650368,0.0,0.0,1,1,1,1.0,0.0
G062708,35.21061895928767,128.70468712481417,0.0,0.0,1,1,1,1.0,0.0
G062709,35.211520472089894,128.70470044371604,0.0,0.0,1,0,1,0.5384822384689838,0.0
G062710,35.21242198475322,128.70471376320938,0.0,0.0,1,0,1,0.5384822384689838,0.0
G062711,35.21332349727765,128.70472708329416,0.0,0.0,1,0,1,0.5384822384689838,0.0
G062712,35.214225009663195,128.70474040397042,0.0,0.0,1,0,1,0.5384822384689838,0.0
G062713,35.21512652190983,128.70475372523816,0.0,0.0,1,0,1,0.5384822384689838,0.0
G062714,35.216028034017555,128.70476704709748,0.0,0.0,1,1,1,1.0,0.0
G062715,35.21692954598637,128.70478036954833,0.0,0.0,1,1,0,0.8164340144256376,0.0
G062716,35.2178310578163,128.70479369259078,0.0,0.0,1,1,1,1.0,0.0
G062717,35.218732569507296,128.7048070162248,10.13,0.1013,1,1,1,1.0,0.1013
G062718,35.219634081059404,128.7048203404505,3.21,0.0321,1,1,1,1.0,0.0321
G062719,35.22053559247259,128.70483366526784,0.0,0.0,1,1,1,1.0,0.0
G062720,35.221437103746865,128.70484699067686,0.0,0.0,1,0,1,0.5384822384689838,0.0
G062721,35.22233861488222,128.7048603166776,0.0,0.0,0,0,1,0.18356598557436246,0.0
G062725,35.225944658034486,128.7049136265983,0.0,0.0,1,1,1,1.0,0.0
G062726,35.22684616847524,128.70492695555802,0.0,0.0,1,1,1,1.0,0.0
G062727,35.22774767877707,128.70494028510961,0.0,0.0,1,1,1,1.0,0.0
G062728,35.22864918893997,128.7049536152531,0.0,0.0,1,1,1,1.0,0.0
G062729,35.22955069896395,128.70496694598847,0.0,0.0,1,1,1,1.0,0.0
G062730,35.230452208849,128.70498027731585,0.0,0.0,1,1,1,1.0,0.0
G062774,35.270118506223895,128.70556744214747,0.0,0.0,1,1,1,1.0,0.0
G062775,35.27102000985528,128.70558080013967,0.0,0.0,1,1,1,1.0,0.0
G062776,35.271921513347664,128.70559415872503,0.0,0.0,1,1,1,1.0,0.0
G062777,35.27282301670105,128.70560751790362,0.0,0.0,1,1,1,1.0,0.0
G062778,35.273724519915426,128.70562087767536,0.0,0.0,0,1,1,0.6450837471053786,0.0
G062779,35.27462602299079,128.70563423804032,0.0,0.0,0,1,1,0.6450837471053786,0.0
G062780,35.2755275259271,128.70564759899858,0.0,0.0,1,1,1,1.0,0.0
G062781,35.27642902872442,128.70566096055012,0.0,0.0,1,1,1,1.0,0.0
G062782,35.27733053138273,128.70567432269496,0.0,0.0,1,1,1,1.0,0.0
G062783,35.27823203390201,128.70568768543313,0.0,0.0,0,1,1,0.6450837471053786,0.0
G062784,35.27913353628226,128.70570104876467,0.0,0.0,1,1,1,1.0,0.0
G062804,35.32691296344887,128.7064101551313,0.0,0.0,1,1,1,1.0,0.0
G062805,35.32781445831933,128.70642355054358,0.0,0.0,1,1,1,1.0,0.0
G062806,35.32871595305069,128.70643694655067,0.0,0.0,1,0,1,0.5384822384689838,0.0
G062807,35.32961744764293,128.7064503431526,0.0,0.0,1,1,1,1.0,0.0
G062808,35.330518942096035,128.70646374034942,0.0,0.0,1,0,1,0.5384822384689838,0.0
G062809,35.33142043641003,128.70647713814108,0.0,0.0,1,0,1,0.5384822384689838,0.0
G062810,35.3323219305849,128.7064905365277,0.0,0.0,0,0,1,0.18356598557436246,0.0
G062816,35.3377308927124,128.70657093934207,0.0,0.0,1,1,1,1.0,0.0
G062817,35.33863238591336,128.70658434189383,0.0,0.0,1,1,1,1.0,0.0
G062818,35.33953387897518,128.70659774504074,0.0,0.0,1,1,1,1.0,0.0
G062819,35.34043537189784,128.70661114878277,0.0,0.0,1,1,1,1.0,0.0
G062876,35.1267667597906,128.7045483714139,0.0,0.0,1,1,1,1.0,0.0
G062877,35.12766828514027,128.7045616475141,0.0,0.0,1,0,1,0.5384822384689838,0.0
G062878,35.1285698103512,128.7045749242039,0.0,0.0,1,0,1,0.5384822384689838,0.0
G062879,35.12947133542339,128.70458820148326,0.0,0.0,0,0,1,0.18356598557436246,0.0
G062880,35.13037286035683,128.70460147935222,6.94,0.0694,1,0,1,0.5384822384689838,0.03737066734974748
G062881,35.131274385151514,128.7046147578108,15.38,0.15380000000000002,1,0,1,0.5384822384689838,0.08281856827652972
G062882,35.13217590980744,128.70462803685902,0.0,0.0,1,0,1,0.5384822384689838,0.0
G062883,35.13307743432464,128.70464131649692,0.0,0.0,1,0,1,0.5384822384689838,0.0
G062884,35.13397895870307,128.7046545967245,15.44,0.15439999999999998,1,0,1,0.5384822384689838,0.08314165761961109
G062885,35.13488048294274,128.70466787754182,26.8,0.268,1,0,1,0.5384822384689838,0.14431323990968767
G062886,35.13578200704366,128.70468115894892,0.0,0.0,0,0,1,0.18356598557436246,0.0
G062887,35.136683531005815,128.70469444094573,0.0,0.0,1,1,1,1.0,0.0
G062888,35.13758505482922,128.70470772353238,0.0,0.0,1,1,1,1.0,0.0
G062889,35.13848657851386,128.70472100670887,0.0,0.0,1,1,1,1.0,0.0
G062890,35.13938810205974,128.7047342904752,0.0,0.0,1,0,1,0.5384822384689838,0.0
G062891,35.14028962546684,128.7047475748314,0.0,0.0,1,0,1,0.5384822384689838,0.0
G062892,35.14119114873518,128.7047608597775,0.0,0.0,1,0,1,0.5384822384689838,0.0
G062893,35.14209267186475,128.70477414531356,0.0,0.0,0,0,1,0.18356598557436246,0.0
G062894,35.14299419485556,128.70478743143957,22.92,0.22920000000000001,0,0,1,0.18356598557436246,0.04207332389364388
G062895,35.14389571770758,128.70480071815555,10.2,0.102,0,0,1,0.18356598557436246,0.01872373052858497
G062896,35.14479724042083,128.70481400546157,0.0,0.0,0,0,1,0.18356598557436246,0.0
G062897,35.1456987629953,128.7048272933576,0.0,0.0,1,0,1,0.5384822384689838,0.0
G062898,35.14660028543101,128.7048405818437,0.0,0.0,1,1,1,1.0,0.0
G062902,35.15020637378599,128.70489374168926,0.0,0.0,1,1,1,1.0,0.0
G062903,35.151107895527765,128.7049070331261,0.0,0.0,1,1,1,1.0,0.0
G062904,35.15200941713076,128.70492032515313,3.36,0.0336,0,0,1,0.18356598557436246,0.006167817115298578
G062905,35.15291093859496,128.7049336177704,37.5,0.375,0,0,1,0.18356598557436246,0.06883724459038593
G062906,35.15381245992037,128.7049469109779,16.89,0.1689,0,0,0,0.0,0.0
G062907,35.154713981107,128.70496020477574,9.87,0.0987,1,0,1,0.5384822384689838,0.0531481969368887
G062908,35.15561550215482,128.7049734991639,0.0,0.0,0,0,0,0.0,0.0
G062909,35.15651702306385,128.70498679414243,5.44,0.054400000000000004,0,0,1,0.18356598557436246,0.009985989615245319
G062910,35.15741854383407,128.7050000897113,0.6,0.006,0,0,1,0.18356598557436246,0.0011013959134461748
G062911,35.1583200644655,128.7050133858706,2.72,0.027200000000000002,1,0,1,0.5384822384689838,0.01464671688635636
G062912,35.15922158495812,128.70502668262029,0.0,0.0,1,1,1,1.0,0.0
G062913,35.16012310531195,128.70503997996045,0.0,0.0,1,1,1,1.0,0.0
G062914,35.16102462552696,128.7050532778911,0.0,0.0,1,1,1,1.0,0.0
G062915,35.16192614560317,128.70506657641224,0.0,0.0,1,1,1,1.0,0.0
G062950,35.193479260808395,128.70553239687305,0.0,0.0,1,0,1,0.5384822384689838,0.0
G062951,35.19438077588638,128.70554571666972,0.0,0.0,1,1,1,1.0,0.0
G062952,35.1952822908255,128.7055590370579,0.0,0.0,1,1,1,1.0,0.0
G062953,35.19618380562576,128.70557235803753,0.0,0.0,1,1,1,1.0,0.0
G062954,35.19708532028713,128.70558567960873,0.0,0.0,1,0,1,0.5384822384689838,0.0
G062955,35.19798683480963,128.70559900177142,0.0,0.0,1,0,1,0.5384822384689838,0.0
G062957,35.19978986343799,128.7056256478716,0.0,0.0,1,1,1,1.0,0.0
G062958,35.200691377543855,128.70563897180912,0.0,0.0,1,1,1,1.0,0.0
G062959,35.20159289151082,128.70565229633831,0.0,0.0,1,1,1,1.0,0.0
G062960,35.20249440533891,128.70566562145916,0.0,0.0,1,0,1,0.5384822384689838,0.0
G062961,35.20339591902811,128.70567894717172,0.0,0.0,0,0,1,0.18356598557436246,0.0
G062962,35.20429743257842,128.70569227347602,0.0,0.0,1,0,1,0.5384822384689838,0.0
G062963,35.20519894598985,128.70570560037206,0.0,0.0,0,1,1,0.6450837471053786,0.0
G062964,35.206100459262395,128.7057189278599,0.0,0.0,1,1,1,1.0,0.0
G062965,35.20700197239603,128.70573225593952,0.0,0.0,1,1,1,1.0,0.0
G062966,35.20790348539076,128.70574558461098,0.0,0.0,1,0,1,0.5384822384689838,0.0
G062967,35.20880499824662,128.70575891387432,0.0,0.0,0,0,1,0.18356598557436246,0.0
G062968,35.20970651096357,128.70577224372954,10.46,0.10460000000000001,1,0,1,0.5384822384689838,0.05632524214385571
G062969,35.2106080235416,128.7057855741767,40.97,0.4097,1,0,1,0.5384822384689838,0.22061617310074266
G062970,35.21150953598076,128.70579890521577,0.0,0.0,0,0,1,0.18356598557436246,0.0
G062971,35.21241104828099,128.7058122368468,0.0,0.0,1,0,1,0.5384822384689838,0.0
G062972,35.213312560442326,128.70582556906984,0.0,0.0,0,0,1,0.18356598557436246,0.0
G062973,35.21421407246476,128.7058389018849,0.0,0.0,1,1,1,1.0,0.0
G062974,35.21511558434828,128.70585223529199,12.33,0.1233,1,0,1,0.5384822384689838,0.06639486000322571
G062975,35.21601709609289,128.70586556929118,0.0,0.0,0,0,1,0.18356598557436246,0.0
G062976,35.21691860769858,128.70587890388242,0.0,0.0,1,0,1,0.5384822384689838,0.0
G062977,35.21782011916536,128.7058922390658,0.0,0.0,1,1,1,1.0,0.0
G062978,35.21872163049323,128.70590557484135,3.03,0.030299999999999997,1,1,1,1.0,0.030299999999999997
G062979,35.21962314168217,128.70591891120907,0.0,0.0,1,0,1,0.5384822384689838,0.0
G062980,35.22052465273221,128.70593224816898,0.0,0.0,1,0,1,0.5384822384689838,0.0
G062981,35.221426163643315,128.7059455857211,0.0,0.0,1,1,1,1.0,0.0
G062982,35.22232767441549,128.7059589238655,0.0,0.0,1,1,1,1.0,0.0
G062988,35.22773673613113,128.70603896517065,0.0,0.0,1,1,1,1.0,0.0
G062989,35.228638245930796,128.70605230746156,0.0,0.0,1,1,1,1.0,0.0
G062990,35.22953975559154,128.70606565034493,0.0,0.0,1,1,1,1.0,0.0
G063035,35.270107546497556,128.70666669372042,0.0,0.0,1,1,1,1.0,0.0
G063036,35.271009049765354,128.70668006388541,0.0,0.0,1,1,1,1.0,0.0
G063037,35.27191055289413,128.7066934346441,0.0,0.0,1,1,1,1.0,0.0
G063038,35.27281205588389,128.7067068059965,0.0,0.0,1,1,1,1.0,0.0
G063039,35.273713558734634,128.70672017794269,0.0,0.0,0,1,1,0.6450837471053786,0.0
G063040,35.27461506144636,128.7067335504826,0.0,0.0,1,1,1,1.0,0.0
G063041,35.27551656401906,128.70674692361635,0.0,0.0,1,1,1,1.0,0.0
G063042,35.27641806645271,128.7067602973439,0.0,0.0,1,1,1,1.0,0.0
G063062,35.326901980800116,128.70751017464582,0.0,0.0,1,1,1,1.0,0.0
G063063,35.32780347530648,128.70752358226497,0.0,0.0,1,1,1,1.0,0.0
G063064,35.32870496967373,128.70753699047947,0.0,0.0,1,0,1,0.5384822384689838,0.0
G063065,35.32960646390185,128.70755039928937,0.0,0.0,1,0,1,0.5384822384689838,0.0
G063066,35.33050795799083,128.70756380869466,0.0,0.0,1,0,1,0.5384822384689838,0.0
G063067,35.33140945194069,128.7075772186954,0.0,0.0,0,0,1,0.18356598557436246,0.0
G063068,35.3323109457514,128.70759062929156,0.0,0.0,1,0,1,0.5384822384689838,0.0
G063073,35.336818412718,128.70765769120533,0.0,0.0,1,1,1,1.0,0.0
G063074,35.3377199056939,128.70767110537483,0.0,0.0,1,1,1,1.0,0.0
G063075,35.338621398530655,128.70768452013996,0.0,0.0,1,1,1,1.0,0.0
G063076,35.33952289122827,128.70769793550076,0.0,0.0,1,1,1,1.0,0.0
G063077,35.34042438378673,128.70771135145725,0.0,0.0,1,1,1,1.0,0.0
G063078,35.34132587620606,128.70772476800948,0.0,0.0,1,1,1,1.0,0.0
G063134,35.126755847844954,128.70564569378072,0.0,0.0,1,0,1,0.5384822384689838,0.0
G063135,35.12765737283194,128.7056589819681,0.0,0.0,1,0,1,0.5384822384689838,0.0
G063136,35.128558897680186,128.7056722707456,0.0,0.0,1,1,1,1.0,0.0
G063137,35.12946042238969,128.70568556011318,0.0,0.0,1,0,1,0.5384822384689838,0.0
G063138,35.13036194696042,128.70569885007092,0.0,0.0,0,0,1,0.18356598557436246,0.0
G063139,35.131263471392394,128.70571214061877,0.0,0.0,1,0,1,0.5384822384689838,0.0
G063140,35.13216499568561,128.70572543175683,0.0,0.0,1,0,1,0.5384822384689838,0.0
G063141,35.13306651984008,128.70573872348513,0.0,0.0,1,1,1,1.0,0.0
G063142,35.13396804385578,128.70575201580363,0.69,0.0069,1,1,1,1.0,0.0069
G063143,35.13486956773271,128.7057653087124,0.64,0.0064,1,0,1,0.5384822384689838,0.0034462863262014966
G063144,35.13577109147087,128.70577860221144,0.0,0.0,1,1,1,1.0,0.0
G063145,35.13667261507028,128.7057918963008,0.0,0.0,1,1,1,1.0,0.0
G063146,35.137574138530915,128.70580519098053,0.0,0.0,1,1,1,1.0,0.0
G063147,35.13847566185278,128.7058184862506,0.0,0.0,1,1,1,1.0,0.0
G063148,35.139377185035876,128.70583178211106,0.0,0.0,1,0,1,0.5384822384689838,0.0
G063149,35.14027870808019,128.70584507856194,0.0,0.0,1,0,1,0.5384822384689838,0.0
G063150,35.141180230985725,128.70585837560324,0.0,0.0,0,0,1,0.18356598557436246,0.0
G063151,35.1420817537525,128.70587167323504,0.0,0.0,1,1,1,1.0,0.0
G063152,35.14298327638048,128.70588497145732,14.29,0.1429,1,0,1,0.5384822384689838,0.07694911187721779
G063153,35.143884798869685,128.70589827027015,0.0,0.0,1,1,1,1.0,0.0
G063154,35.14478632122012,128.7059115696735,0.0,0.0,1,1,1,1.0,0.0
G063155,35.14568784343175,128.70592486966743,0.0,0.0,0,1,1,0.6450837471053786,0.0
G063156,35.14658936550461,128.70593817025195,0.0,0.0,0,1,0,0.4615177615310162,0.0
G063157,35.14749088743867,128.7059514714271,0.0,0.0,0,1,0,0.4615177615310162,0.0
G063158,35.148392409233956,128.70596477319293,0.0,0.0,0,1,1,0.6450837471053786,0.0
G063159,35.14929393089044,128.7059780755494,0.0,0.0,0,1,1,0.6450837471053786,0.0
G063160,35.150195452408134,128.7059913784966,0.0,0.0,0,1,1,0.6450837471053786,0.0
G063161,35.15109697378703,128.70600468203452,0.0,0.0,0,0,0,0.0,0.0
G063162,35.15199849502714,128.7060179861632,0.0,0.0,1,0,1,0.5384822384689838,0.0
G063163,35.15290001612843,128.70603129088266,18.06,0.18059999999999998,1,0,1,0.5384822384689838,0.09724989226749846
G063164,35.153801537090935,128.7060445961929,0.0,0.0,1,1,1,1.0,0.0
G063165,35.154703057914645,128.706057902094,0.0,0.0,1,1,1,1.0,0.0
G063166,35.15560457859955,128.70607120858597,5.84,0.0584,1,0,1,0.5384822384689838,0.03144736272658866
G063167,35.156506099145645,128.70608451566883,58.17,0.5817,0,0,1,0.18356598557436246,0.10678033380860665
G063168,35.157407619552934,128.7060978233426,0.69,0.0069,0,0,1,0.18356598557436246,0.0012666053004631009
G063169,35.158309139821405,128.70611113160726,0.0,0.0,0,0,1,0.18356598557436246,0.0
G063170,35.15921065995108,128.70612444046293,0.0,0.0,1,1,1,1.0,0.0
G063171,35.16011217994193,128.70613774990957,0.0,0.0,1,1,1,1.0,0.0
G063172,35.16101369979398,128.70615105994722,0.0,0.0,1,1,1,1.0,0.0
G063173,35.161915219507215,128.70616437057595,0.0,0.0,1,1,1,1.0,0.0
G063207,35.19256680714963,128.70661728380844,0.0,0.0,1,1,1,1.0,0.0
G063208,35.19346832200325,128.70663061514006,0.0,0.0,1,0,1,0.5384822384689838,0.0
G063209,35.194369836717975,128.7066439470637,0.0,0.0,1,0,1,0.5384822384689838,0.0
G063210,35.195271351293826,128.70665727957928,0.0,0.0,1,1,1,1.0,0.0
G063211,35.196172865730794,128.70667061268693,0.0,0.0,1,0,1,0.5384822384689838,0.0
G063212,35.19707438002889,128.70668394638665,0.0,0.0,1,0,1,0.5384822384689838,0.0
G063213,35.197975894188104,128.70669728067844,0.0,0.0,1,0,1,0.5384822384689838,0.0
G063214,35.19887740820842,128.70671061556234,0.0,0.0,1,0,1,0.5384822384689838,0.0
G063215,35.19977892208985,128.70672395103838,0.0,0.0,1,1,1,1.0,0.0
G063216,35.20068043583238,128.70673728710662,0.0,0.0,1,1,1,1.0,0.0
G063217,35.20158194943603,128.70675062376702,0.0,0.0,1,1,1,1.0,0.0
G063218,35.202483462900794,128.70676396101962,0.0,0.0,0,1,1,0.6450837471053786,0.0
G063219,35.20338497622665,128.7067772988645,0.0,0.0,1,0,1,0.5384822384689838,0.0
G063220,35.20428648941362,128.70679063730162,0.0,0.0,1,0,1,0.5384822384689838,0.0
G063221,35.20518800246169,128.70680397633103,0.0,0.0,1,0,1,0.5384822384689838,0.0
G063222,35.20608951537085,128.7068173159528,5.44,0.054400000000000004,1,0,1,0.5384822384689838,0.02929343377271272
G063223,35.206991028141125,128.7068306561669,0.0,0.0,0,0,1,0.18356598557436246,0.0
G063224,35.20789254077249,128.70684399697336,0.0,0.0,1,0,0,0.35491625289462136,0.0
G063225,35.20879405326495,128.70685733837223,0.0,0.0,1,0,1,0.5384822384689838,0.0
G063226,35.209695565618496,128.70687068036355,0.0,0.0,1,0,1,0.5384822384689838,0.0
G063227,35.21059707783315,128.70688402294726,2.56,0.0256,1,1,1,1.0,0.0256
G063228,35.21149858990888,128.7068973661235,0.0,0.0,1,0,1,0.5384822384689838,0.0
G063229,35.212400101845695,128.70691070989224,0.0,0.0,0,0,1,0.18356598557436246,0.0
G063230,35.2133016136436,128.7069240542535,0.0,0.0,1,1,0,0.8164340144256376,0.0
G063231,35.2142031253026,128.70693739920733,0.69,0.0069,1,1,1,1.0,0.0069
G063232,35.21510463682267,128.70695074475373,0.0,0.0,1,1,1,1.0,0.0
G063233,35.21600614820384,128.70696409089277,0.0,0.0,1,0,1,0.5384822384689838,0.0
G063234,35.216907659446065,128.7069774376244,0.0,0.0,0,1,1,0.6450837471053786,0.0
G063235,35.21780917054938,128.7069907849487,0.0,0.0,1,1,1,1.0,0.0
G063236,35.21871068151378,128.7070041328657,0.0,0.0,1,0,1,0.5384822384689838,0.0
G063237,35.21961219233924,128.70701748137543,0.0,0.0,0,0,1,0.18356598557436246,0.0
G063238,35.22051370302577,128.7070308304779,0.0,0.0,1,1,1,1.0,0.0
G063239,35.22141521357338,128.7070441801731,0.0,0.0,1,1,1,1.0,0.0
G063294,35.270998079690834,128.70777932703746,0.0,0.0,1,1,1,1.0,0.0
G063295,35.271899582455674,128.70779270996945,0.0,0.0,1,1,1,1.0,0.0
G063296,35.27280108508149,128.7078060934957,0.0,0.0,1,1,1,1.0,0.0
G063297,35.27370258756827,128.70781947761625,0.0,0.0,1,1,1,1.0,0.0
G063298,35.27460408991603,128.7078328623311,0.0,0.0,1,1,1,1.0,0.0
G063319,35.32779248228817,128.708623613391,0.0,0.0,1,1,1,1.0,0.0
G063320,35.32869397629098,128.7086370338129,0.0,0.0,1,1,1,1.0,0.0
G063321,35.329595470154636,128.70865045483075,0.0,0.0,1,1,1,1.0,0.0
G063322,35.33049696387917,128.7086638764445,0.0,0.0,1,0,1,0.5384822384689838,0.0
G063323,35.33139845746455,128.70867729865424,0.0,0.0,1,0,0,0.35491625289462136,0.0
G063328,35.3359059233044,128.70874441864348,0.0,0.0,1,0,1,0.5384822384689838,0.0
G063329,35.33680741605492,128.70875784442958,0.0,0.0,1,1,1,1.0,0.0
G063330,35.33770890866629,128.7087712708119,0.0,0.0,0,0,1,0.18356598557436246,0.0
G063331,35.338610401138524,128.70878469779038,0.0,0.0,0,0,1,0.18356598557436246,0.0
G063332,35.3395118934716,128.7087981253651,0.0,0.0,0,0,1,0.18356598557436246,0.0
G063333,35.34041338566552,128.708811553536,0.0,0.0,1,1,1,1.0,0.0
G063334,35.341314877720286,128.7088249823032,0.0,0.0,1,1,1,1.0,0.0
G063389,35.12674492596764,128.7067430155575,11.11,0.11109999999999999,1,1,1,1.0,0.11109999999999999
G063390,35.12764645059163,128.70675631583202,0.0,0.0,1,1,1,1.0,0.0
G063391,35.128547975076856,128.7067696166972,0.0,0.0,1,1,1,1.0,0.0
G063392,35.12944949942332,128.70678291815298,0.0,0.0,1,1,1,1.0,0.0
G063393,35.13035102363103,128.70679622019944,0.0,0.0,1,0,1,0.5384822384689838,0.0
G063394,35.131252547699965,128.70680952283658,0.0,0.0,1,0,1,0.5384822384689838,0.0
G063395,35.132154071630126,128.70682282606447,0.0,0.0,1,1,1,1.0,0.0
G063396,35.13305559542154,128.70683612988307,0.0,0.0,1,1,1,1.0,0.0
G063397,35.133957119074175,128.70684943429248,0.0,0.0,1,1,1,1.0,0.0
G063398,35.134858642588036,128.70686273929266,0.0,0.0,1,0,1,0.5384822384689838,0.0
G063399,35.13576016596312,128.70687604488367,0.0,0.0,1,1,1,1.0,0.0
G063400,35.13666168919943,128.7068893510655,0.0,0.0,0,1,1,0.6450837471053786,0.0
G063401,35.137563212296975,128.70690265783827,0.0,0.0,1,1,0,0.8164340144256376,0.0
G063402,35.13846473525573,128.70691596520192,0.0,0.0,1,1,1,1.0,0.0
G063403,35.13936625807572,128.70692927315648,0.0,0.0,1,0,1,0.5384822384689838,0.0
G063404,35.140267780756915,128.706942581702,0.0,0.0,1,0,1,0.5384822384689838,0.0
G063405,35.14116930329933,128.70695589083851,0.0,0.0,1,0,1,0.5384822384689838,0.0
G063406,35.14207082570296,128.70696920056602,0.0,0.0,0,0,1,0.18356598557436246,0.0
G063407,35.14297234796779,128.70698251088456,0.0,0.0,1,0,1,0.5384822384689838,0.0
G063408,35.143873870093856,128.70699582179418,0.0,0.0,1,0,1,0.5384822384689838,0.0
G063409,35.14477539208112,128.70700913329486,0.0,0.0,1,0,1,0.5384822384689838,0.0
G063410,35.1456769139296,128.70702244538666,0.0,0.0,1,0,1,0.5384822384689838,0.0
G063411,35.146578435639285,128.70703575806957,0.0,0.0,1,0,1,0.5384822384689838,0.0
G063412,35.147479957210166,128.70704907134368,0.0,0.0,1,0,0,0.35491625289462136,0.0
G063413,35.14838147864224,128.70706238520896,0.0,0.0,1,0,1,0.5384822384689838,0.0
G063414,35.149282999935544,128.70707569966547,0.0,0.0,1,0,1,0.5384822384689838,0.0
G063415,35.150184521090026,128.7070890147132,0.0,0.0,0,0,1,0.18356598557436246,0.0
G063416,35.15108604210571,128.7071023303522,0.0,0.0,1,0,1,0.5384822384689838,0.0
G063417,35.15198756298259,128.70711564658248,0.0,0.0,1,1,1,1.0,0.0
G063418,35.15288908372066,128.7071289634041,0.0,0.0,1,0,1,0.5384822384689838,0.0
G063419,35.15379060431992,128.7071422808171,0.0,0.0,1,0,1,0.5384822384689838,0.0
G063420,35.154692124780404,128.7071555988214,0.0,0.0,1,1,1,1.0,0.0
G063421,35.15559364510204,128.70716891741714,0.0,0.0,1,0,1,0.5384822384689838,0.0
G063422,35.15649516528487,128.7071822366043,0.69,0.0069,1,0,1,0.5384822384689838,0.003715527445435988
G063423,35.15739668532889,128.70719555638289,0.0,0.0,0,0,1,0.18356598557436246,0.0
G063424,35.15829820523409,128.70720887675296,0.0,0.0,1,1,1,1.0,0.0
G063425,35.15919972500048,128.70722219771454,0.0,0.0,1,1,1,1.0,0.0
G063426,35.160101244628045,128.70723551926764,0.0,0.0,1,1,1,1.0,0.0
G063427,35.161002764116795,128.70724884141234,0.0,0.0,1,1,1,1.0,0.0
G063462,35.19255585875196,128.70771548935713,0.0,0.0,1,1,1,1.0,0.0
G063463,35.193457373242,128.7077288328151,0.0,0.0,1,1,1,1.0,0.0
G063464,35.19435888759313,128.7077421768656,0.0,0.0,1,0,1,0.5384822384689838,0.0
G063465,35.19526040180537,128.70775552150863,0.0,0.0,1,0,1,0.5384822384689838,0.0
G063466,35.19616191587875,128.70776886674426,0.0,0.0,1,0,1,0.5384822384689838,0.0
G063467,35.19706342981321,128.70778221257248,0.0,0.0,1,0,1,0.5384822384689838,0.0
G063468,35.197964943608795,128.70779555899335,0.0,0.0,1,0,1,0.5384822384689838,0.0
G063469,35.19886645726548,128.70780890600682,0.0,0.0,1,1,1,1.0,0.0
G063470,35.19976797078328,128.707822253613,0.0,0.0,1,1,1,1.0,0.0
G063471,35.20066948416217,128.7078356018119,0.0,0.0,1,1,1,1.0,0.0
G063472,35.20157099740216,128.7078489506035,0.0,0.0,0,0,1,0.18356598557436246,0.0
G063473,35.20247251050325,128.70786229998782,0.0,0.0,1,0,0,0.35491625289462136,0.0
G063474,35.20337402346544,128.707875649965,0.0,0.0,1,0,1,0.5384822384689838,0.0
G063475,35.20427553628873,128.70788900053492,0.0,0.0,1,1,1,1.0,0.0
G063476,35.20517704897311,128.70790235169773,0.0,0.0,1,0,0,0.35491625289462136,0.0
G063477,35.20607856151859,128.70791570345335,0.0,0.0,1,1,1,1.0,0.0
G063478,35.206980073925145,128.7079290558019,0.0,0.0,1,0,0,0.35491625289462136,0.0
G063479,35.207881586192805,128.70794240874332,0.0,0.0,1,1,1,1.0,0.0
G063480,35.208783098321554,128.7079557622777,0.0,0.0,1,1,1,1.0,0.0
G063481,35.20968461031137,128.70796911640505,0.0,0.0,0,0,1,0.18356598557436246,0.0
G063482,35.21058612216228,128.7079824711254,0.0,0.0,1,1,1,1.0,0.0
G063483,35.21148763387427,128.70799582643875,0.0,0.0,1,1,0,0.8164340144256376,0.0
G063484,35.21238914544734,128.70800918234514,0.0,0.0,0,0,1,0.18356598557436246,0.0
G063485,35.21329065688149,128.7080225388446,0.0,0.0,1,1,0,0.8164340144256376,0.0
G063486,35.21419216817673,128.7080358959372,0.0,0.0,1,1,1,1.0,0.0
G063487,35.21509367933303,128.70804925362287,0.0,0.0,0,0,0,0.0,0.0
G063488,35.21599519035041,128.7080626119017,0.0,0.0,1,0,1,0.5384822384689838,0.0
G063489,35.21689670122885,128.7080759707737,0.0,0.0,1,1,1,1.0,0.0
G063490,35.217798211968365,128.70808933023892,0.0,0.0,0,0,1,0.18356598557436246,0.0
G063491,35.21869972256894,128.70810269029735,0.0,0.0,1,0,1,0.5384822384689838,0.0
G063492,35.2196012330306,128.70811605094903,0.0,0.0,1,1,1,1.0,0.0
G063493,35.22050274335332,128.708129412194,0.0,0.0,1,1,1,1.0,0.0
G063550,35.27188860203233,128.70889198470056,0.0,0.0,1,1,1,1.0,0.0
G063551,35.272790104293854,128.7089053804006,0.0,0.0,1,1,1,1.0,0.0
G063552,35.27369160641636,128.70891877669547,0.0,0.0,1,1,1,1.0,0.0
G063583,35.3358949169974,128.70984455905935,0.0,0.0,1,1,1,1.0,0.0
G063584,35.33679640938308,128.70985799705772,0.0,0.0,1,1,1,1.0,0.0
G063585,35.33769790162961,128.7098714356528,0.0,0.0,1,1,1,1.0,0.0
G063586,35.33859939373698,128.7098848748446,0.0,0.0,1,1,1,1.0,0.0
G063587,35.33950088570518,128.70989831463316,0.0,0.0,1,1,1,1.0,0.0
G063588,35.340402377534225,128.7099117550185,0.0,0.0,1,1,1,1.0,0.0
G063589,35.3413038692241,128.70992519600065,0.0,0.0,1,1,1,1.0,0.0
G063642,35.12583246975928,128.7078270249732,7.69,0.07690000000000001,0,0,1,0.18356598557436246,0.014116224290668476
G063643,35.126733994158684,128.70784033674371,2.08,0.0208,0,1,1,0.6450837471053786,0.013417741939791875
G063644,35.127635518419325,128.70785364910535,0.0,0.0,1,1,1,1.0,0.0
G063645,35.12853704254121,128.70786696205815,0.0,0.0,1,1,1,1.0,0.0
G063646,35.12943856652432,128.70788027560212,0.0,0.0,1,1,1,1.0,0.0
G063647,35.13034009036866,128.70789358973727,0.0,0.0,1,0,1,0.5384822384689838,0.0
G063648,35.13124161407422,128.70790690446367,0.0,0.0,1,0,1,0.5384822384689838,0.0
G063649,35.132143137641016,128.70792021978136,0.0,0.0,1,1,1,1.0,0.0
G063650,35.133044661069036,128.70793353569027,0.0,0.0,1,1,1,1.0,0.0
G063651,35.13394618435828,128.70794685219053,0.0,0.0,1,1,1,1.0,0.0
G063652,35.13484770750873,128.7079601692821,0.0,0.0,1,0,1,0.5384822384689838,0.0
G063653,35.13574923052041,128.70797348696507,0.0,0.0,1,0,1,0.5384822384689838,0.0
G063654,35.13665075339331,128.7079868052394,0.0,0.0,1,0,1,0.5384822384689838,0.0
G063655,35.13755227612742,128.70800012410513,0.0,0.0,1,0,1,0.5384822384689838,0.0
G063656,35.13845379872275,128.7080134435623,0.0,0.0,1,0,1,0.5384822384689838,0.0
G063657,35.13935532117929,128.70802676361097,0.0,0.0,1,0,1,0.5384822384689838,0.0
G063658,35.14025684349704,128.7080400842511,0.0,0.0,1,0,0,0.35491625289462136,0.0
G063659,35.14115836567599,128.70805340548276,0.0,0.0,1,0,1,0.5384822384689838,0.0
G063660,35.14205988771615,128.70806672730595,0.0,0.0,0,0,1,0.18356598557436246,0.0
G063661,35.14296140961753,128.70808004972073,0.0,0.0,1,0,0,0.35491625289462136,0.0
G063662,35.143862931380106,128.7080933727271,0.0,0.0,0,0,1,0.18356598557436246,0.0
G063663,35.14476445300388,128.7081066963251,0.0,0.0,1,1,1,1.0,0.0
G063664,35.14566597448885,128.7081200205147,0.0,0.0,1,1,1,1.0,0.0
G063665,35.146567495835036,128.70813334529603,0.0,0.0,1,1,1,1.0,0.0
G063666,35.147469017042404,128.70814667066904,0.0,0.0,1,0,1,0.5384822384689838,0.0
G063667,35.148370538110974,128.70815999663375,0.0,0.0,0,1,1,0.6450837471053786,0.0
G063668,35.14927205904073,128.70817332319024,0.0,0.0,1,1,1,1.0,0.0
G063669,35.15017357983168,128.70818665033852,0.0,0.0,1,1,1,1.0,0.0
G063670,35.15107510048382,128.7081999780786,0.0,0.0,0,1,1,0.6450837471053786,0.0
G063671,35.151976620997154,128.70821330641047,0.0,0.0,1,1,1,1.0,0.0
G063672,35.152878141371666,128.70822663533423,0.0,0.0,1,1,1,1.0,0.0
G063673,35.153779661607366,128.70823996484987,0.0,0.0,1,0,1,0.5384822384689838,0.0
G063674,35.154681181704255,128.70825329495742,0.0,0.0,1,0,1,0.5384822384689838,0.0
G063675,35.15558270166232,128.70826662565688,0.0,0.0,1,0,1,0.5384822384689838,0.0
G063676,35.15648422148156,128.70827995694833,0.0,0.0,1,1,1,1.0,0.0
G063677,35.157385741161974,128.70829328883175,0.0,0.0,1,1,1,1.0,0.0
G063678,35.158287260703574,128.70830662130717,0.0,0.0,1,1,1,1.0,0.0
G063679,35.15918878010634,128.70831995437467,0.0,0.0,1,1,1,1.0,0.0
G063716,35.19254490039852,128.7088136943133,0.0,0.0,1,1,1,1.0,0.0
G063717,35.193446414524644,128.70882704989762,0.0,0.0,1,1,1,1.0,0.0
G063718,35.19434792851186,128.70884040607498,0.0,0.0,1,1,1,1.0,0.0
G063719,35.19524944236018,128.70885376284545,0.0,0.0,1,0,1,0.5384822384689838,0.0
G063720,35.196150956069594,128.70886712020902,0.0,0.0,1,0,1,0.5384822384689838,0.0
G063721,35.19705246964013,128.70888047816572,0.0,0.0,0,0,1,0.18356598557436246,0.0
G063722,35.19795398307176,128.7088938367156,0.0,0.0,1,0,1,0.5384822384689838,0.0
G063723,35.19885549636448,128.70890719585864,0.0,0.0,0,0,1,0.18356598557436246,0.0
G063724,35.19975700951831,128.70892055559491,0.0,0.0,0,0,1,0.18356598557436246,0.0
G063725,35.20065852253321,128.70893391592443,0.0,0.0,1,0,1,0.5384822384689838,0.0
G063726,35.20156003540923,128.7089472768472,0.0,0.0,1,0,1,0.5384822384689838,0.0
G063727,35.20246154814632,128.70896063836327,0.0,0.0,1,1,1,1.0,0.0
G063728,35.203363060744515,128.70897400047267,0.0,0.0,1,0,1,0.5384822384689838,0.0
G063729,35.204264573203794,128.7089873631754,0.0,0.0,1,0,0,0.35491625289462136,0.0
G063730,35.20516608552416,128.70900072647154,0.0,0.0,0,0,1,0.18356598557436246,0.0
G063731,35.206067597705605,128.70901409036105,0.0,0.0,1,1,1,1.0,0.0
G063732,35.20696910974814,128.70902745484398,0.0,0.0,1,0,1,0.5384822384689838,0.0
G063733,35.20787062165174,128.70904081992038,0.0,0.0,1,1,1,1.0,0.0
G063734,35.20877213341644,128.70905418559025,0.0,0.0,0,1,1,0.6450837471053786,0.0
G063735,35.20967364504221,128.7090675518536,0.0,0.0,0,0,1,0.18356598557436246,0.0
G063736,35.21057515652906,128.7090809187105,0.0,0.0,1,1,1,1.0,0.0
G063737,35.21147666787697,128.70909428616096,0.0,0.0,1,1,1,1.0,0.0
G063738,35.21237817908596,128.709107654205,0.0,0.0,1,0,1,0.5384822384689838,0.0
G063739,35.21327969015602,128.70912102284262,0.0,0.0,1,0,1,0.5384822384689838,0.0
G063740,35.21418120108715,128.7091343920739,0.0,0.0,1,0,1,0.5384822384689838,0.0
G063741,35.21508271187936,128.70914776189886,0.0,0.0,1,0,1,0.5384822384689838,0.0
G063742,35.21598422253261,128.7091611323175,0.0,0.0,0,0,0,0.0,0.0
G063743,35.21688573304694,128.70917450332982,0.0,0.0,1,0,1,0.5384822384689838,0.0
G063744,35.217787243422336,128.7091878749359,0.0,0.0,1,0,1,0.5384822384689838,0.0
G063745,35.21868875365878,128.70920124713575,0.0,0.0,1,1,1,1.0,0.0
G063746,35.21959026375628,128.7092146199294,0.0,0.0,1,1,1,1.0,0.0
G063747,35.220491773714855,128.70922799331686,0.0,0.0,1,1,1,1.0,0.0
G063834,35.335883900682,128.71094469887856,0.0,0.0,1,1,1,1.0,0.0
G063835,35.33678539270252,128.71095814908915,0.0,0.0,1,1,1,1.0,0.0
G063836,35.337686884583846,128.71097159989696,0.0,0.0,1,1,1,1.0,0.0
G063837,35.33858837632603,128.7109850513021,0.0,0.0,1,1,1,1.0,0.0
G063838,35.33948986792903,128.71099850330447,0.0,0.0,1,1,1,1.0,0.0
G063839,35.34039135939287,128.71101195590418,0.0,0.0,1,1,1,1.0,0.0
G063840,35.34129285071753,128.71102540910127,0.0,0.0,1,1,1,1.0,0.0
G063894,35.12582152838234,128.70892433348172,0.0,0.0,1,1,1,1.0,0.0
G063895,35.126723052418086,128.70893765733877,0.0,0.0,1,1,1,1.0,0.0
G063896,35.12762457631507,128.7089509817875,0.0,0.0,1,1,1,1.0,0.0
G063897,35.128526100073266,128.70896430682788,0.0,0.0,1,1,1,1.0,0.0
G063898,35.1294276236927,128.70897763246003,0.0,0.0,1,1,1,1.0,0.0
G063899,35.13032914717334,128.70899095868387,0.0,0.0,1,0,1,0.5384822384689838,0.0
G063900,35.13123067051521,128.7090042854995,0.0,0.0,1,0,1,0.5384822384689838,0.0
G063901,35.13213219371829,128.70901761290693,0.0,0.0,1,0,1,0.5384822384689838,0.0
G063902,35.133033716782585,128.70903094090616,0.0,0.0,1,0,1,0.5384822384689838,0.0
G063903,35.133935239708094,128.70904426949724,0.0,0.0,1,0,1,0.5384822384689838,0.0
G063904,35.13483676249483,128.7090575986802,0.0,0.0,1,0,1,0.5384822384689838,0.0
G063905,35.13573828514276,128.70907092845505,0.0,0.0,1,0,1,0.5384822384689838,0.0
G063906,35.13663980765192,128.70908425882183,0.0,0.0,1,1,1,1.0,0.0
G063907,35.13754133002227,128.70909758978055,0.0,0.0,1,1,1,1.0,0.0
G063908,35.138442852253846,128.70911092133124,0.0,0.0,1,1,1,1.0,0.0
G063909,35.139344374346614,128.70912425347396,0.0,0.0,1,1,1,1.0,0.0
G063910,35.14024589630058,128.7091375862087,0.0,0.0,0,0,1,0.18356598557436246,0.0
G063911,35.14114741811574,128.7091509195355,0.0,0.0,1,1,1,1.0,0.0
G063912,35.14204893979211,128.70916425345433,0.0,0.0,1,0,1,0.5384822384689838,0.0
G063913,35.142950461329676,128.7091775879653,0.0,0.0,1,0,1,0.5384822384689838,0.0
G063914,35.14385198272846,128.70919092306843,0.0,0.0,1,0,1,0.5384822384689838,0.0
G063915,35.144753503988404,128.7092042587637,0.0,0.0,1,0,1,0.5384822384689838,0.0
G063916,35.14565502510955,128.70921759505111,0.0,0.0,1,1,1,1.0,0.0
G063917,35.146556546091894,128.7092309319308,0.0,0.0,1,1,1,1.0,0.0
G063918,35.14745806693542,128.70924426940266,0.0,0.0,1,0,1,0.5384822384689838,0.0
G063919,35.14835958764014,128.70925760746684,0.0,0.0,0,1,1,0.6450837471053786,0.0
G063920,35.14926110820604,128.70927094612327,0.0,0.0,0,0,1,0.18356598557436246,0.0
G063921,35.15016262863312,128.70928428537204,0.0,0.0,0,0,1,0.18356598557436246,0.0
G063922,35.15106414892139,128.70929762521314,0.0,0.0,0,0,1,0.18356598557436246,0.0
G063923,35.15196566907084,128.7093109656466,0.0,0.0,1,1,1,1.0,0.0
G063924,35.15286718908146,128.70932430667247,0.0,0.0,0,1,1,0.6450837471053786,0.0
G063925,35.15376870895326,128.70933764829073,0.0,0.0,1,0,1,0.5384822384689838,0.0
G063926,35.15467022868624,128.7093509905015,0.0,0.0,1,0,1,0.5384822384689838,0.0
G063927,35.155571748280394,128.70936433330468,0.0,0.0,0,1,1,0.6450837471053786,0.0
G063928,35.15647326773572,128.70937767670037,0.0,0.0,1,1,1,1.0,0.0
G063929,35.1573747870522,128.70939102068857,0.0,0.0,1,1,1,1.0,0.0
G063930,35.158276306229865,128.70940436526934,0.0,0.0,1,1,1,1.0,0.0
G063931,35.159177825268685,128.7094177104427,0.0,0.0,1,1,1,1.0,0.0
G063969,35.193435445851215,128.70992526638707,0.0,0.0,1,0,1,0.5384822384689838,0.0
G063970,35.19433695947417,128.7099386346913,0.0,0.0,1,0,1,0.5384822384689838,0.0
G063971,35.19523847295824,128.70995200358914,0.0,0.0,1,0,1,0.5384822384689838,0.0
G063972,35.196139986303386,128.70996537308062,0.0,0.0,1,0,1,0.5384822384689838,0.0
G063973,35.19704149950964,128.70997874316578,0.0,0.0,1,0,1,0.5384822384689838,0.0
G063974,35.19794301257699,128.70999211384466,0.0,0.0,1,0,1,0.5384822384689838,0.0
G063975,35.19884452550542,128.71000548511722,0.0,0.0,0,1,1,0.6450837471053786,0.0
G063976,35.19974603829494,128.71001885698357,0.0,0.0,0,0,1,0.18356598557436246,0.0
G063977,35.20064755094555,128.7100322294437,0.0,0.0,0,0,1,0.18356598557436246,0.0
G063978,35.20154906345724,128.71004560249762,0.0,0.0,0,0,1,0.18356598557436246,0.0
G063979,35.20245057583001,128.7100589761454,0.0,0.0,1,1,1,1.0,0.0
G063980,35.203352088063866,128.710072350387,0.0,0.0,1,0,1,0.5384822384689838,0.0
G063981,35.20425360015881,128.7100857252225,0.0,0.0,1,0,1,0.5384822384689838,0.0
G063982,35.205155112114824,128.71009910065192,0.0,0.0,0,0,1,0.18356598557436246,0.0
G063983,35.20605662393193,128.7101124766753,0.0,0.0,1,0,1,0.5384822384689838,0.0
G063984,35.20695813561009,128.71012585329262,0.0,0.0,1,0,1,0.5384822384689838,0.0
G063985,35.20785964714933,128.7101392305039,0.0,0.0,1,0,1,0.5384822384689838,0.0
G063986,35.208761158549635,128.71015260830924,0.0,0.0,1,0,1,0.5384822384689838,0.0
G063987,35.20966266981102,128.7101659867086,0.0,0.0,0,0,1,0.18356598557436246,0.0
G063988,35.21056418093346,128.71017936570203,0.0,0.0,1,0,1,0.5384822384689838,0.0
G063989,35.211465691916985,128.71019274528956,0.0,0.0,1,0,1,0.5384822384689838,0.0
G063990,35.212367202761556,128.71020612547122,0.0,0.0,1,0,1,0.5384822384689838,0.0
G063991,35.2132687134672,128.71021950624703,0.0,0.0,1,0,1,0.5384822384689838,0.0
G063992,35.2141702240339,128.71023288761697,0.0,0.0,1,1,1,1.0,0.0
G063993,35.215071734461674,128.71024626958115,0.0,0.0,1,1,1,1.0,0.0
G063994,35.21597324475049,128.71025965213954,0.0,0.0,1,0,1,0.5384822384689838,0.0
G063995,35.21687475490036,128.7102730352922,0.0,0.0,1,0,1,0.5384822384689838,0.0
G063996,35.21777626491129,128.7102864190391,0.0,0.0,1,1,1,1.0,0.0
G063997,35.21867777478327,128.71029980338034,0.0,0.0,1,1,1,1.0,0.0
G063998,35.2195792845163,128.71031318831592,0.0,0.0,1,1,1,1.0,0.0
G063999,35.220480794110394,128.71032657384583,0.0,0.0,1,1,1,1.0,0.0
G064083,35.33677436601322,128.71205830052335,0.0,0.0,1,1,1,1.0,0.0
G064084,35.33767585752904,128.7120717635439,0.0,0.0,1,1,1,1.0,0.0
G064085,35.338577348905694,128.71208522716225,0.0,0.0,1,1,1,1.0,0.0
G064086,35.33947884014317,128.71209869137846,0.0,0.0,1,1,1,1.0,0.0
G064087,35.34038033124146,128.71211215619252,0.0,0.0,1,1,1,1.0,0.0
G064088,35.341281822200585,128.71212562160446,0.0,0.0,1,1,1,1.0,0.0
G064144,35.12581057707412,128.71002164139864,0.0,0.0,1,1,1,1.0,0.0
G064145,35.126712100745884,128.7100349773422,0.0,0.0,1,1,1,1.0,0.0
G064146,35.12761362427885,128.71004831387796,0.0,0.0,1,1,1,1.0,0.0
G064147,35.12851514767305,128.71006165100596,0.0,0.0,1,0,1,0.5384822384689838,0.0
G064148,35.12941667092846,128.7100749887262,0.0,0.0,1,0,1,0.5384822384689838,0.0
G064149,35.13031819404508,128.7100883270387,0.0,0.0,1,0,1,0.5384822384689838,0.0
G064150,35.13121971702292,128.71010166594354,0.0,0.0,1,1,1,1.0,0.0
G064151,35.13212123986196,128.71011500544068,0.0,0.0,1,1,1,1.0,0.0
G064152,35.13302276256221,128.7101283455302,0.0,0.0,1,1,1,1.0,0.0
G064153,35.13392428512366,128.7101416862121,0.0,0.0,1,1,0,0.8164340144256376,0.0
G064154,35.13482580754634,128.7101550274864,0.0,0.0,0,0,1,0.18356598557436246,0.0
G064155,35.13572732983021,128.7101683693531,0.0,0.0,1,1,1,1.0,0.0
G064156,35.136628851975274,128.7101817118123,0.0,0.0,1,1,1,1.0,0.0
G064157,35.13753037398155,128.710195054864,0.0,0.0,1,1,1,1.0,0.0
G064158,35.13843189584902,128.7102083985082,0.0,0.0,1,1,1,1.0,0.0
G064160,35.14023493916754,128.71023508757423,1.28,0.0128,1,0,1,0.5384822384689838,0.006892572652402993
G064161,35.1411364606186,128.7102484329961,0.0,0.0,1,0,1,0.5384822384689838,0.0
G064162,35.14203798193084,128.7102617790106,0.0,0.0,1,1,1,1.0,0.0
G064163,35.142939503104266,128.71027512561776,0.0,0.0,1,0,1,0.5384822384689838,0.0
G064164,35.1438410241389,128.71028847281758,0.0,0.0,1,1,1,1.0,0.0
G064165,35.1447425450347,128.71030182061008,26.28,0.26280000000000003,1,0,1,0.5384822384689838,0.14151313226964896
G064166,35.1456440657917,128.71031516899532,1.38,0.0138,1,1,1,1.0,0.0138
G064167,35.14654558640988,128.7103285179733,0.0,0.0,1,1,1,1.0,0.0
G064168,35.14744710688923,128.71034186754406,0.0,0.0,1,0,1,0.5384822384689838,0.0
G064169,35.14834862722976,128.71035521770762,0.0,0.0,0,0,1,0.18356598557436246,0.0
G064170,35.149250147431474,128.710368568464,0.0,0.0,0,0,1,0.18356598557436246,0.0
G064171,35.15015166749437,128.71038191981322,0.0,0.0,1,0,1,0.5384822384689838,0.0
G064172,35.15105318741843,128.71039527175532,0.0,0.0,1,0,1,0.5384822384689838,0.0
G064173,35.15195470720366,128.71040862429032,0.0,0.0,1,0,1,0.5384822384689838,0.0
G064174,35.15285622685006,128.7104219774183,0.0,0.0,1,0,1,0.5384822384689838,0.0
G064175,35.15375774635763,128.71043533113917,0.0,0.0,1,0,1,0.5384822384689838,0.0
G064176,35.15465926572638,128.71044868545306,0.0,0.0,1,0,1,0.5384822384689838,0.0
G064177,35.1555607849563,128.71046204035997,0.0,0.0,0,1,1,0.6450837471053786,0.0
G064178,35.15646230404736,128.71047539585987,0.0,0.0,1,1,1,1.0,0.0
G064179,35.157363822999585,128.71048875195288,0.0,0.0,1,1,1,1.0,0.0
G064180,35.15826534181298,128.71050210863896,0.0,0.0,1,1,1,1.0,0.0
G064181,35.159166860487524,128.71051546591815,0.0,0.0,1,1,1,1.0,0.0
G064220,35.19432598048011,128.71103686271397,0.0,0.0,1,0,1,0.5384822384689838,0.0
G064221,35.19522749359958,128.71105024373918,0.0,0.0,1,0,1,0.5384822384689838,0.0
G064222,35.19612900658013,128.71106362535855,0.0,0.0,0,0,1,0.18356598557436246,0.0
G064223,35.19703051942178,128.71107700757213,0.0,0.0,1,1,1,1.0,0.0
G064225,35.19883354468832,128.71110377378207,0.0,0.0,0,0,1,0.18356598557436246,0.0
G064226,35.1997350571132,128.71111715777846,0.0,0.0,0,0,0,0.0,0.0
G064227,35.20063656939918,128.71113054236918,0.0,0.0,0,1,1,0.6450837471053786,0.0
G064228,35.20153808154622,128.71114392755422,12.24,0.12240000000000001,1,0,1,0.5384822384689838,0.06591022598860362
G064229,35.20243959355434,128.71115731333364,0.0,0.0,1,1,1,1.0,0.0
G064230,35.203341105423526,128.71117069970748,0.0,0.0,1,1,1,1.0,0.0
G064231,35.2042426171538,128.71118408667573,0.0,0.0,0,0,1,0.18356598557436246,0.0
G064232,35.20514412874514,128.7111974742384,0.0,0.0,1,0,0,0.35491625289462136,0.0
G064233,35.206045640197544,128.71121086239557,0.0,0.0,0,0,1,0.18356598557436246,0.0
G064234,35.206947151511024,128.71122425114726,0.0,0.0,0,0,1,0.18356598557436246,0.0
G064235,35.20784866268555,128.71123764049344,0.0,0.0,1,1,1,1.0,0.0
G064236,35.20875017372116,128.71125103043423,0.0,0.0,1,0,1,0.5384822384689838,0.0
G064237,35.209651684617825,128.71126442096954,0.0,0.0,1,0,1,0.5384822384689838,0.0
G064238,35.21055319537554,128.7112778120995,0.0,0.0,0,0,1,0.18356598557436246,0.0
G064239,35.21145470599432,128.71129120382406,0.0,0.0,1,1,1,1.0,0.0
G064240,35.212356216474156,128.7113045961433,0.0,0.0,1,1,1,1.0,0.0
G064241,35.21325772681505,128.71131798905722,0.0,0.0,1,1,1,1.0,0.0
G064242,35.21415923701699,128.71133138256585,0.0,0.0,0,1,1,0.6450837471053786,0.0
G064243,35.215060747079995,128.71134477666922,0.0,0.0,1,0,1,0.5384822384689838,0.0
G064244,35.21596225700404,128.71135817136735,0.0,0.0,0,0,1,0.18356598557436246,0.0
G064245,35.21686376678913,128.7113715666603,0.0,0.0,1,1,1,1.0,0.0
G064246,35.21776527643528,128.71138496254804,0.0,0.0,1,1,1,1.0,0.0
G064247,35.218666785942446,128.71139835903062,0.0,0.0,1,1,1,1.0,0.0
G064248,35.21956829531068,128.71141175610808,0.0,0.0,1,1,1,1.0,0.0
G064249,35.220469804539945,128.71142515378043,0.0,0.0,1,1,1,1.0,0.0
G064319,35.336763329315225,128.71315845135973,0.0,0.0,1,1,1,1.0,0.0
G064320,35.3376648204652,128.713171926593,0.0,0.0,1,1,1,1.0,0.0
G064321,35.338566311475994,128.71318540242459,0.0,0.0,1,1,1,1.0,0.0
G064322,35.33946780234761,128.71319887885457,0.0,0.0,1,1,1,1.0,0.0
G064323,35.34036929308003,128.71321235588297,0.0,0.0,1,1,1,1.0,0.0
G064378,35.126701139142064,128.71113229675342,0.0,0.0,1,1,1,1.0,0.0
G064379,35.12760266231071,128.7111456453762,0.0,0.0,1,1,1,1.0,0.0
G064380,35.12850418534057,128.71115899459176,0.0,0.0,1,1,1,1.0,0.0
G064381,35.12940570823163,128.7111723444001,0.0,0.0,1,1,1,1.0,0.0
G064382,35.1303072309839,128.71118569480123,0.0,0.0,1,1,1,1.0,0.0
G064383,35.13120875359737,128.71119904579524,0.0,0.0,1,1,1,1.0,0.0
G064384,35.13211027607205,128.7112123973821,0.0,0.0,1,1,1,1.0,0.0
G064385,35.13301179840793,128.71122574956186,0.0,0.0,1,1,1,1.0,0.0
G064386,35.133913320605,128.71123910233456,0.0,0.0,1,1,1,1.0,0.0
G064387,35.134814842663275,128.71125245570016,0.0,0.0,0,1,1,0.6450837471053786,0.0
G064388,35.13571636458274,128.71126580965873,0.0,0.0,1,1,1,1.0,0.0
G064389,35.1366178863634,128.71127916421034,0.0,0.0,0,0,1,0.18356598557436246,0.0
G064390,35.13751940800526,128.71129251935494,0.0,0.0,1,0,1,0.5384822384689838,0.0
G064391,35.13842092950831,128.7113058750926,0.0,0.0,1,0,1,0.5384822384689838,0.0
G064393,35.14022397209796,128.71133258834715,0.68,0.0068000000000000005,0,1,1,0.6450837471053786,0.0043865694803165755
G064394,35.14112549318457,128.7113459458641,0.0,0.0,1,1,1,1.0,0.0
G064395,35.14202701413236,128.71135930397426,0.0,0.0,1,1,1,1.0,0.0
G064396,35.142928534941326,128.71137266267755,0.0,0.0,1,1,1,1.0,0.0
G064397,35.143830055611474,128.71138602197405,0.0,0.0,1,1,1,1.0,0.0
G064398,35.1447315761428,128.71139938186377,7.59,0.0759,1,1,1,1.0,0.0759
G064399,35.145633096535306,128.71141274234677,0.0,0.0,1,1,1,1.0,0.0
G064400,35.14653461678899,128.71142610342304,0.0,0.0,1,1,1,1.0,0.0
G064401,35.14743613690384,128.71143946509264,0.0,0.0,1,1,1,1.0,0.0
G064402,35.14833765687987,128.71145282735554,0.0,0.0,1,0,1,0.5384822384689838,0.0
G064403,35.14923917671706,128.71146619021184,0.0,0.0,1,1,1,1.0,0.0
G064404,35.15014069641542,128.71147955366152,0.0,0.0,1,0,1,0.5384822384689838,0.0
G064405,35.15104221597495,128.71149291770462,0.0,0.0,1,1,1,1.0,0.0
G064406,35.15194373539564,128.71150628234113,0.0,0.0,0,0,1,0.18356598557436246,0.0
G064407,35.152845254677494,128.71151964757115,0.0,0.0,0,1,1,0.6450837471053786,0.0
G064408,35.15374677382051,128.71153301339461,0.0,0.0,1,1,1,1.0,0.0
G064409,35.154648292824696,128.71154637981167,0.0,0.0,1,0,1,0.5384822384689838,0.0
G064410,35.15554981169002,128.71155974682222,0.0,0.0,0,0,1,0.18356598557436246,0.0
G064411,35.15645133041651,128.71157311442636,0.0,0.0,1,1,1,1.0,0.0
G064412,35.15735284900415,128.71158648262409,0.0,0.0,1,1,1,1.0,0.0
G064413,35.15825436745294,128.71159985141543,0.0,0.0,1,1,1,1.0,0.0
G064414,35.159155885762885,128.71161322080044,0.0,0.0,1,1,1,1.0,0.0
G064454,35.19521650428422,128.712148483295,0.0,0.0,1,0,1,0.5384822384689838,0.0
G064455,35.19611801689985,128.71216187704226,0.0,0.0,0,0,1,0.18356598557436246,0.0
G064456,35.19701952937656,128.71217527138427,0.0,0.0,0,0,1,0.18356598557436246,0.0
G064457,35.19792104171434,128.71218866632103,0.0,0.0,1,0,1,0.5384822384689838,0.0
G064458,35.198822553913196,128.71220206185262,0.0,0.0,0,1,1,0.6450837471053786,0.0
G064459,35.19972406597312,128.71221545797903,0.0,0.0,0,0,1,0.18356598557436246,0.0
G064460,35.20062557789411,128.7122288547003,0.0,0.0,0,1,1,0.6450837471053786,0.0
G064461,35.20152708967618,128.71224225201644,20.14,0.2014,1,0,1,0.5384822384689838,0.10845032282765334
G064462,35.20242860131932,128.71225564992753,0.0,0.0,1,0,1,0.5384822384689838,0.0
G064463,35.20333011282352,128.7122690484335,0.0,0.0,1,0,1,0.5384822384689838,0.0
G064464,35.204231624188786,128.71228244753445,0.0,0.0,1,0,1,0.5384822384689838,0.0
G064465,35.20513313541511,128.7122958472304,0.0,0.0,1,0,1,0.5384822384689838,0.0
G064466,35.2060346465025,128.71230924752135,0.0,0.0,1,0,1,0.5384822384689838,0.0
G064467,35.20693615745095,128.71232264840737,0.0,0.0,1,0,1,0.5384822384689838,0.0
G064468,35.20783766826045,128.71233604988842,0.0,0.0,1,1,1,1.0,0.0
G064469,35.20873917893102,128.7123494519646,0.0,0.0,1,1,1,1.0,0.0
G064470,35.209640689462624,128.71236285463587,0.0,0.0,1,1,1,1.0,0.0
G064471,35.2105421998553,128.7123762579023,0.0,0.0,1,1,1,1.0,0.0
G064472,35.211443710109016,128.7123896617639,0.0,0.0,1,1,1,1.0,0.0
G064473,35.212345220223774,128.7124030662207,0.0,0.0,1,1,1,1.0,0.0
G064474,35.213246730199586,128.71241647127272,0.0,0.0,1,1,1,1.0,0.0
G064475,35.21414824003644,128.71242987692,0.0,0.0,1,1,1,1.0,0.0
G064477,35.21595125929329,128.7124566900004,0.0,0.0,1,1,1,1.0,0.0
G064478,35.21685276871327,128.71247009743357,0.0,0.0,1,1,1,1.0,0.0
G064479,35.21775427799428,128.7124835054621,0.0,0.0,1,1,1,1.0,0.0
G064480,35.21865578713634,128.71249691408602,0.0,0.0,1,1,1,1.0,0.0
G064481,35.21955729613943,128.71251032330537,0.0,0.0,1,1,1,1.0,0.0
G064482,35.22045880500356,128.71252373312012,0.0,0.0,1,1,1,1.0,0.0
G064599,35.127591690410654,128.7122429762817,0.0,0.0,1,1,1,1.0,0.0
G064600,35.12849321307585,128.71225633758476,0.0,0.0,1,1,1,1.0,0.0
G064601,35.129394735602226,128.71226969948117,0.0,0.0,1,1,1,1.0,0.0
G064602,35.130296257989826,128.71228306197094,0.0,0.0,1,1,1,1.0,0.0
G064603,35.1311977802386,128.7122964250541,0.0,0.0,1,1,1,1.0,0.0
G064604,35.13209930234857,128.7123097887306,0.0,0.0,1,1,1,1.0,0.0
G064605,35.13300082431975,128.7123231530006,0.0,0.0,1,1,1,1.0,0.0
G064606,35.13390234615211,128.71233651786403,0.0,0.0,1,1,1,1.0,0.0
G064607,35.13480386784566,128.71234988332094,0.0,0.0,1,1,1,1.0,0.0
G064608,35.13570538940039,128.71236324937135,0.0,0.0,0,1,1,0.6450837471053786,0.0
G064609,35.13660691081632,128.71237661601532,0.0,0.0,1,1,1,1.0,0.0
G064610,35.13750843209343,128.71238998325282,0.0,0.0,1,1,1,1.0,0.0
G064614,35.14111451581367,128.71244345813898,0.0,0.0,1,1,1,1.0,0.0
G064615,35.14201603639667,128.71245682834467,0.0,0.0,1,1,1,1.0,0.0
G064616,35.14291755684085,128.7124701991441,0.0,0.0,1,1,1,1.0,0.0
G064617,35.1438190771462,128.71248357053727,0.0,0.0,1,1,1,1.0,0.0
G064618,35.14472059731272,128.7124969425242,0.0,0.0,1,1,1,1.0,0.0
G064619,35.1456221173404,128.7125103151049,0.0,0.0,1,1,1,1.0,0.0
G064620,35.146523637229265,128.71252368827948,0.0,0.0,1,1,1,1.0,0.0
G064621,35.14742515697928,128.7125370620479,0.0,0.0,1,1,1,1.0,0.0
G064622,35.14832667659046,128.71255043641014,0.0,0.0,1,1,1,1.0,0.0
G064623,35.1492281960628,128.71256381136632,0.0,0.0,1,1,1,1.0,0.0
G064624,35.15012971539632,128.7125771869164,0.0,0.0,1,1,1,1.0,0.0
G064625,35.15103123459098,128.71259056306047,0.0,0.0,1,0,1,0.5384822384689838,0.0
G064626,35.1519327536468,128.7126039397985,0.0,0.0,1,0,1,0.5384822384689838,0.0
G064627,35.15283427256377,128.7126173171305,0.0,0.0,0,0,1,0.18356598557436246,0.0
G064628,35.15373579134189,128.71263069505656,0.0,0.0,0,0,1,0.18356598557436246,0.0
G064629,35.15463730998118,128.71264407357668,0.0,0.0,1,0,1,0.5384822384689838,0.0
G064630,35.1555388284816,128.7126574526909,0.0,0.0,1,0,1,0.5384822384689838,0.0
G064631,35.15644034684318,128.7126708323992,0.0,0.0,1,1,1,1.0,0.0
G064632,35.1573418650659,128.71268421270165,0.0,0.0,0,1,1,0.6450837471053786,0.0
G064633,35.158243383149774,128.71269759359825,0.0,0.0,1,1,1,1.0,0.0
G064673,35.19430399262289,128.7132333169763,0.0,0.0,1,0,1,0.5384822384689838,0.0
G064674,35.19520550501219,128.71324672225612,0.0,0.0,0,0,1,0.18356598557436246,0.0
G064675,35.19610701726254,128.71326012813122,0.0,0.0,1,0,1,0.5384822384689838,0.0
G064676,35.19700852937399,128.7132735346016,0.0,0.0,1,0,1,0.5384822384689838,0.0
G064677,35.19791004134649,128.71328694166732,0.0,0.0,0,0,1,0.18356598557436246,0.0
G064678,35.198811553180064,128.71330034932834,0.0,0.0,1,0,1,0.5384822384689838,0.0
G064679,35.19971306487469,128.71331375758476,0.0,0.0,1,0,1,0.5384822384689838,0.0
G064680,35.2006145764304,128.71332716643653,0.0,0.0,1,0,1,0.5384822384689838,0.0
G064681,35.20151608784715,128.71334057588376,0.0,0.0,0,0,1,0.18356598557436246,0.0
G064682,35.20241759912496,128.7133539859264,0.0,0.0,0,0,1,0.18356598557436246,0.0
G064683,35.20331911026384,128.71336739656456,0.0,0.0,1,0,1,0.5384822384689838,0.0
G064684,35.20422062126379,128.71338080779822,0.0,0.0,1,0,1,0.5384822384689838,0.0
G064685,35.20512213212477,128.7133942196274,0.0,0.0,1,0,1,0.5384822384689838,0.0
G064686,35.20602364284681,128.7134076320521,0.0,0.0,1,0,1,0.5384822384689838,0.0
G064687,35.2069251534299,128.7134210450724,0.0,0.0,1,0,1,0.5384822384689838,0.0
G064688,35.20782666387404,128.7134344586883,0.0,0.0,1,0,1,0.5384822384689838,0.0
G064817,35.13028527506285,128.71338042854725,0.0,0.0,1,1,1,1.0,0.0
G064818,35.13118679694661,128.71339380371953,0.0,0.0,1,1,1,1.0,0.0
G064819,35.132088318691565,128.71340717948573,0.0,0.0,1,1,1,1.0,0.0
G064822,35.13479288309352,128.71344731034822,0.0,0.0,1,1,1,1.0,0.0
G064823,35.135694404283186,128.71346068849044,0.0,0.0,1,1,1,1.0,0.0
G064830,35.14200504872382,128.7135543521214,0.0,0.0,1,1,1,1.0,0.0
G064831,35.142906568802864,128.71356773501694,0.0,0.0,1,1,1,1.0,0.0
G064832,35.143808088743086,128.71358111850674,0.0,0.0,1,1,1,1.0,0.0
G064837,35.14831568636158,128.7136480448708,0.0,0.0,1,1,1,1.0,0.0
G064838,35.14921720546874,128.71366143192685,0.0,0.0,1,1,1,1.0,0.0
G064839,35.150118724437064,128.71367481957734,0.0,0.0,1,1,1,1.0,0.0
G064840,35.15102024326654,128.71368820782232,0.0,0.0,1,0,1,0.5384822384689838,0.0
G064841,35.15192176195714,128.71370159666182,0.0,0.0,1,0,1,0.5384822384689838,0.0
G064842,35.152823280508905,128.71371498609585,0.0,0.0,1,0,1,0.5384822384689838,0.0
G064843,35.15372479892181,128.71372837612444,0.0,0.0,1,0,1,0.5384822384689838,0.0
G064844,35.15462631719587,128.71374176674766,0.0,0.0,1,0,1,0.5384822384689838,0.0
G064845,35.155527835331064,128.71375515796544,0.0,0.0,1,0,1,0.5384822384689838,0.0
G064846,35.15642935332739,128.71376854977794,0.0,0.0,1,0,1,0.5384822384689838,0.0
G064847,35.15733087118487,128.71378194218508,0.0,0.0,1,1,1,1.0,0.0
G064848,35.15823238890347,128.71379533518692,0.0,0.0,1,1,1,1.0,0.0
G064887,35.19339147159713,128.71431812640358,0.0,0.0,1,0,1,0.5384822384689838,0.0
G064888,35.194292983759766,128.7143315432149,0.0,0.0,1,0,1,0.5384822384689838,0.0
G064889,35.19519449578348,128.714344960622,0.0,0.0,1,0,1,0.5384822384689838,0.0
G064890,35.19609600766825,128.7143583786249,0.0,0.0,1,1,1,1.0,0.0
G064891,35.19699751941409,128.71437179722363,0.0,0.0,1,0,1,0.5384822384689838,0.0
G064892,35.197899031020995,128.7143852164182,0.0,0.0,1,0,1,0.5384822384689838,0.0
G064893,35.19880054248893,128.7143986362087,0.0,0.0,1,0,1,0.5384822384689838,0.0
G064894,35.19970205381796,128.71441205659505,0.0,0.0,1,1,1,1.0,0.0
G064895,35.20060356500802,128.71442547757735,0.0,0.0,1,1,1,1.0,0.0
G064896,35.20150507605914,128.71443889915562,0.0,0.0,1,1,1,1.0,0.0
G064897,35.202406586971314,128.71445232132987,0.0,0.0,1,1,1,1.0,0.0
G064898,35.203308097744525,128.71446574410012,0.0,0.0,1,1,1,1.0,0.0
G064899,35.20420960837881,128.71447916746644,0.0,0.0,1,1,1,1.0,0.0
G064900,35.205111118874115,128.7144925914288,0.0,0.0,1,1,1,1.0,0.0
G064901,35.20601262923049,128.71450601598727,0.0,0.0,0,1,1,0.6450837471053786,0.0
G064902,35.20691413944789,128.71451944114185,0.0,0.0,1,1,1,1.0,0.0
G065049,35.151009242001614,128.71478585198966,0.0,0.0,1,1,1,1.0,0.0
G065050,35.1519107603267,128.71479925293062,0.0,0.0,1,1,1,1.0,0.0
G065051,35.15281227851292,128.7148126544666,0.0,0.0,1,0,1,0.5384822384689838,0.0
G065052,35.153713796560275,128.71482605659773,0.0,0.0,0,0,1,0.18356598557436246,0.0
G065053,35.154615314468785,128.714839459324,0.0,0.0,1,0,1,0.5384822384689838,0.0
G065054,35.15551683223842,128.7148528626454,0.0,0.0,1,0,1,0.5384822384689838,0.0
G065055,35.15641834986917,128.71486626656198,0.0,0.0,0,0,1,0.18356598557436246,0.0
G065056,35.15731986736105,128.71487967107376,0.0,0.0,1,1,1,1.0,0.0
G065057,35.158221384714075,128.71489307618083,0.0,0.0,1,1,1,1.0,0.0
G065058,35.15912290192822,128.7149064818831,0.0,0.0,1,1,1,1.0,0.0
G065094,35.19157742913329,128.71538948383244,0.0,0.0,1,1,1,1.0,0.0
G065095,35.19247894120791,128.71540291157794,0.0,0.0,1,1,1,1.0,0.0
G065096,35.19338045314359,128.71541633991967,0.0,0.0,1,0,1,0.5384822384689838,0.0
G065097,35.19428196494032,128.7154297688577,0.0,0.0,1,0,1,0.5384822384689838,0.0
G065098,35.19518347659812,128.71544319839205,0.0,0.0,1,0,1,0.5384822384689838,0.0
G065099,35.19608498811697,128.71545662852276,0.0,0.0,1,1,1,1.0,0.0
G065100,35.196986499496894,128.7154700592498,0.0,0.0,1,1,1,1.0,0.0
G065101,35.19788801073785,128.71548349057323,0.0,0.0,1,0,1,0.5384822384689838,0.0
G065102,35.19878952183985,128.71549692249312,0.0,0.0,1,1,1,1.0,0.0
G065103,35.19969103280291,128.71551035500943,0.0,0.0,1,1,1,1.0,0.0
G065104,35.20059254362701,128.71552378812223,0.0,0.0,1,1,1,1.0,0.0
G065105,35.201494054312164,128.71553722183148,0.0,0.0,1,1,1,1.0,0.0
G065106,35.202395564858364,128.7155506561373,0.0,0.0,1,1,1,1.0,0.0
G065107,35.203297075265596,128.71556409103965,0.0,0.0,1,1,1,1.0,0.0
G065263,35.150096712698186,128.71587008311522,0.0,0.0,1,1,1,1.0,0.0
G065264,35.15099823079626,128.71588349556197,0.0,0.0,1,1,1,1.0,0.0
G065265,35.15189974875548,128.71589690860432,0.0,0.0,1,1,1,1.0,0.0
G065266,35.152801266575835,128.71591032224228,0.0,0.0,0,0,1,0.18356598557436246,0.0
G065267,35.153702784257305,128.71592373647587,0.0,0.0,1,0,1,0.5384822384689838,0.0
G065268,35.15460430179993,128.71593715130516,0.0,0.0,1,1,1,1.0,0.0
G065269,35.15550581920367,128.71595056673013,0.0,0.0,1,1,1,1.0,0.0
G065270,35.15640733646852,128.71596398275082,0.0,0.0,1,0,1,0.5384822384689838,0.0
G065271,35.1573088535945,128.71597739936726,0.0,0.0,1,1,1,1.0,0.0
G065272,35.15821037058159,128.71599081657948,0.0,0.0,1,1,1,1.0,0.0
G065273,35.159111887429816,128.71600423438747,0.0,0.0,1,1,1,1.0,0.0
G065308,35.19066488960889,128.71647423322617,0.0,0.0,1,1,1,1.0,0.0
G065309,35.19156640145623,128.71648767250048,0.0,0.0,1,1,1,1.0,0.0
G065310,35.19246791316463,128.7165011123716,0.0,0.0,1,1,1,1.0,0.0
G065311,35.19336942473409,128.71651455283947,0.0,0.0,1,0,1,0.5384822384689838,0.0
G065312,35.194270936164585,128.7165279939042,0.0,0.0,1,0,1,0.5384822384689838,0.0
G065313,35.195172447456144,128.71654143556577,0.0,0.0,0,0,1,0.18356598557436246,0.0
G065314,35.19607395860874,128.71655487782422,0.0,0.0,1,0,1,0.5384822384689838,0.0
G065315,35.196975469622394,128.71656832067958,0.0,0.0,0,0,1,0.18356598557436246,0.0
G065316,35.197876980497085,128.7165817641319,0.0,0.0,1,0,1,0.5384822384689838,0.0
G065317,35.19877849123281,128.71659520818113,0.0,0.0,1,1,1,1.0,0.0
G065318,35.19968000182959,128.71660865282735,0.0,0.0,1,1,1,1.0,0.0
G065319,35.2005815122874,128.7166220980706,0.0,0.0,1,1,1,1.0,0.0
G065320,35.20148302260625,128.71663554391085,0.0,0.0,1,1,1,1.0,0.0
G065321,35.202384532786134,128.7166489903482,0.0,0.0,1,1,1,1.0,0.0
G065474,35.150085691918584,128.71696771399107,0.0,0.0,1,1,1,1.0,0.0
G065475,35.15098720965049,128.71698113853864,0.0,0.0,1,1,1,1.0,0.0
G065476,35.15188872724351,128.71699456368242,0.0,0.0,1,1,1,1.0,0.0
G065477,35.152790244697655,128.71700798942229,0.0,0.0,1,0,1,0.5384822384689838,0.0
G065478,35.153691762012926,128.71702141575838,0.0,0.0,1,1,1,1.0,0.0
G065479,35.15459327918933,128.71703484269065,0.0,0.0,1,1,1,1.0,0.0
G065480,35.15549479622683,128.71704827021915,0.0,0.0,1,1,1,1.0,0.0
G065481,35.156396313125455,128.7170616983439,0.0,0.0,1,0,1,0.5384822384689838,0.0
G065482,35.157297829885195,128.71707512706496,0.0,0.0,1,1,1,1.0,0.0
G065483,35.158199346506045,128.71708855638235,0.0,0.0,1,1,1,1.0,0.0
G065484,35.15910086298801,128.71710198629603,0.0,0.0,1,1,1,1.0,0.0
G065518,35.18975234072334,128.71755895837032,0.0,0.0,1,1,1,1.0,0.0
G065519,35.19065385234308,128.71757240917242,0.0,0.0,1,1,1,1.0,0.0
G065520,35.19155536382389,128.71758586057177,0.0,0.0,1,1,1,1.0,0.0
G065521,35.19245687516574,128.71759931256844,0.0,0.0,1,1,1,1.0,0.0
G065522,35.19335838636863,128.71761276516247,0.0,0.0,1,0,1,0.5384822384689838,0.0
G065523,35.19425989743256,128.71762621835384,0.0,0.0,1,0,1,0.5384822384689838,0.0
G065524,35.19516140835754,128.7176396721426,0.0,0.0,1,0,1,0.5384822384689838,0.0
G065525,35.19606291914356,128.7176531265288,0.0,0.0,1,0,1,0.5384822384689838,0.0
G065526,35.19696442979062,128.71766658151242,0.0,0.0,1,1,1,1.0,0.0
G065527,35.19786594029871,128.71768003709354,0.0,0.0,0,1,1,0.6450837471053786,0.0
G065528,35.19876745066784,128.71769349327212,0.0,0.0,1,1,1,1.0,0.0
G065529,35.199668960898,128.71770695004824,0.0,0.0,1,1,1,1.0,0.0
G065530,35.20057047098919,128.7177204074219,0.0,0.0,1,1,1,1.0,0.0
G065531,35.2014719809414,128.71773386539314,0.0,0.0,1,1,1,1.0,0.0
G065680,35.15007466119892,128.7180653442708,0.0,0.0,1,1,1,1.0,0.0
G065681,35.1509761785643,128.71807878091923,0.0,0.0,1,1,1,1.0,0.0
G065682,35.1518776957908,128.71809221816434,0.0,0.0,1,0,1,0.5384822384689838,0.0
G065683,35.152779212878414,128.71810565600614,0.0,0.0,1,0,1,0.5384822384689838,0.0
G065684,35.15368072982715,128.71811909444463,0.0,0.0,1,1,1,1.0,0.0
G065685,35.154582246637005,128.7181325334799,0.0,0.0,0,1,1,0.6450837471053786,0.0
G065686,35.155483763307956,128.7181459731119,0.0,0.0,1,0,1,0.5384822384689838,0.0
G065687,35.15638527984001,128.71815941334071,0.0,0.0,1,0,1,0.5384822384689838,0.0
G065688,35.15728679623318,128.71817285416637,0.0,0.0,1,1,1,1.0,0.0
G065689,35.15818831248745,128.71818629558885,0.0,0.0,1,1,1,1.0,0.0
G065690,35.15908982860282,128.7181997376082,0.0,0.0,1,1,1,1.0,0.0
G065724,35.18974129386946,128.7186571215948,0.0,0.0,1,1,1,1.0,0.0
G065725,35.190642805122344,128.71867058452133,0.0,0.0,1,1,1,1.0,0.0
G065726,35.19154431623627,128.71868404804573,0.0,0.0,1,1,1,1.0,0.0
G065727,35.19244582721124,128.71869751216798,0.0,0.0,1,0,1,0.5384822384689838,0.0
G065728,35.19334733804724,128.71871097688808,0.0,0.0,1,0,1,0.5384822384689838,0.0
G065729,35.19424884874427,128.71872444220608,0.0,0.0,1,1,1,1.0,0.0
G065730,35.19515035930234,128.71873790812202,0.0,0.0,1,0,1,0.5384822384689838,0.0
G065731,35.196051869721444,128.7187513746359,0.0,0.0,1,1,1,1.0,0.0
G065732,35.19695338000159,128.7187648417478,0.0,0.0,1,1,1,1.0,0.0
G065733,35.19785489014276,128.7187783094577,0.0,0.0,1,1,1,1.0,0.0
G065734,35.198756400144944,128.7187917777656,0.0,0.0,1,1,1,1.0,0.0
G065884,35.150063620539186,128.71916297395393,0.0,0.0,1,1,1,1.0,0.0
G065885,35.15096513753772,128.71917642270316,0.0,0.0,1,0,1,0.5384822384689838,0.0
G065886,35.151866654397374,128.7191898720496,0.0,0.0,1,0,0,0.35491625289462136,0.0
G065887,35.15276817111812,128.71920332199326,0.0,0.0,1,0,1,0.5384822384689838,0.0
G065888,35.15366968769998,128.71921677253417,0.0,0.0,1,0,1,0.5384822384689838,0.0
G065889,35.15457120414296,128.71923022367238,0.0,0.0,1,1,1,1.0,0.0
G065890,35.15547272044703,128.71924367540788,0.0,0.0,0,0,1,0.18356598557436246,0.0
G065891,35.15637423661219,128.71925712774072,0.0,0.0,1,1,1,1.0,0.0
G065892,35.15727575263846,128.71927058067092,0.0,0.0,1,1,1,1.0,0.0
G065893,35.15817726852582,128.7192840341985,0.0,0.0,1,1,1,1.0,0.0
G065894,35.15907878427427,128.7192974883235,0.0,0.0,1,1,1,1.0,0.0
G065928,35.189730237060985,128.71975528422143,0.0,0.0,1,1,1,1.0,0.0
G065929,35.19063174794667,128.71976875927248,0.0,0.0,1,0,1,0.5384822384689838,0.0
G065930,35.1915332586934,128.71978223492184,0.0,0.0,0,0,1,0.18356598557436246,0.0
G065931,35.192434769301144,128.7197957111696,0.0,0.0,1,0,1,0.5384822384689838,0.0
G065932,35.19333627976994,128.71980918801577,0.0,0.0,1,0,1,0.5384822384689838,0.0
G065933,35.194237790099734,128.7198226654604,0.0,0.0,1,0,1,0.5384822384689838,0.0
G065934,35.19513930029058,128.7198361435035,0.0,0.0,1,1,1,1.0,0.0
G065935,35.19604081034244,128.71984962214506,0.0,0.0,1,1,1,1.0,0.0
G065936,35.19694232025532,128.71986310138516,0.0,0.0,1,1,1,1.0,0.0
G065937,35.197843830029235,128.71987658122382,0.0,0.0,1,1,1,1.0,0.0
G066094,35.15005256993941,128.7202606030399,0.0,0.0,1,1,1,1.0,0.0
G066095,35.15095408657077,128.7202740638899,0.0,0.0,1,0,1,0.5384822384689838,0.0
G066096,35.15185560306323,128.7202875253376,0.0,0.0,1,1,1,1.0,0.0
G066097,35.1527571194168,128.72030098738313,0.0,0.0,1,0,1,0.5384822384689838,0.0
G066098,35.15365863563146,128.72031445002642,0.0,0.0,1,0,1,0.5384822384689838,0.0
G066099,35.15456015170723,128.72032791326757,0.0,0.0,0,0,1,0.18356598557436246,0.0
G066100,35.155461667644076,128.7203413771065,0.0,0.0,1,0,1,0.5384822384689838,0.0
G066101,35.156363183442025,128.72035484154333,0.0,0.0,1,1,1,1.0,0.0
G066102,35.15726469910105,128.72036830657805,0.0,0.0,1,1,1,1.0,0.0
G066103,35.158166214621176,128.72038177221071,0.0,0.0,1,1,1,1.0,0.0
G066139,35.190620680816096,128.72086693342524,0.0,0.0,1,0,1,0.5384822384689838,0.0
G066140,35.191522191195276,128.72088042119958,0.0,0.0,1,0,1,0.5384822384689838,0.0
G066141,35.19242370143549,128.72089390957285,0.0,0.0,1,0,1,0.5384822384689838,0.0
G066142,35.19332521153673,128.72090739854505,0.0,0.0,1,0,1,0.5384822384689838,0.0
G066143,35.19422672149897,128.72092088811627,0.0,0.0,1,0,1,0.5384822384689838,0.0
G066144,35.19512823132225,128.72093437828647,0.0,0.0,1,1,1,1.0,0.0
G066300,35.15004150939961,128.72135823152811,0.0,0.0,1,1,1,1.0,0.0
G066301,35.150943025663466,128.72137170447886,0.0,0.0,1,0,1,0.5384822384689838,0.0
G066302,35.15184454178842,128.72138517802787,0.0,0.0,1,1,1,1.0,0.0
G066303,35.15274605777445,128.72139865217522,0.0,0.0,1,1,1,1.0,0.0
G066304,35.15364757362159,128.72141212692088,0.0,0.0,1,0,1,0.5384822384689838,0.0
G066305,35.15454908932981,128.72142560226487,0.0,0.0,0,0,1,0.18356598557436246,0.0
G066306,35.155450604899116,128.72143907820725,0.0,0.0,1,0,1,0.5384822384689838,0.0
G066307,35.15635212032951,128.72145255474808,0.0,0.0,1,1,1,1.0,0.0
G066308,35.15725363562098,128.7214660318873,0.0,0.0,1,1,1,1.0,0.0
G066345,35.19060960373062,128.7219651069791,0.0,0.0,1,0,1,0.5384822384689838,0.0
G066346,35.19151111374194,128.72197860687837,0.0,0.0,1,0,1,0.5384822384689838,0.0
G066347,35.192412623614274,128.72199210737713,0.0,0.0,0,0,1,0.18356598557436246,0.0
G066348,35.193314133347634,128.72200560847534,0.0,0.0,1,0,1,0.5384822384689838,0.0
G066349,35.194215642942,128.7220191101731,0.0,0.0,1,1,1,1.0,0.0
G066499,35.15093195481582,128.72246934446954,0.0,0.0,1,1,1,1.0,0.0
G066500,35.15183347057293,128.72248283011984,0.0,0.0,1,1,1,1.0,0.0
G066501,35.15273498619111,128.72249631636896,0.0,0.0,1,1,1,1.0,0.0
G066502,35.153636501670384,128.72250980321695,0.0,0.0,1,1,1,1.0,0.0
G066503,35.15453801701074,128.72252329066382,0.0,0.0,1,1,1,1.0,0.0
G066504,35.15543953221218,128.72253677870964,0.0,0.0,1,1,1,1.0,0.0
G066505,35.15634104727468,128.72255026735436,0.0,0.0,1,1,1,1.0,0.0
G066506,35.15724256219826,128.72256375659808,0.0,0.0,1,1,1,1.0,0.0
G066681,35.15182238941678,128.72358048161297,0.0,0.0,1,1,1,1.0,0.0
G066682,35.15272390466679,128.72359397996385,0.0,0.0,1,1,1,1.0,0.0
G066683,35.153625419777875,128.72360747891412,0.0,0.0,1,1,1,1.0,0.0
G066684,35.15452693475003,128.72362097846386,0.0,0.0,1,1,1,1.0,0.0
G066685,35.155428449583255,128.72363447861304,0.0,0.0,1,1,1,1.0,0.0
G066686,35.156329964277546,128.7236479793617,0.0,0.0,1,1,1,1.0,0.0
G066687,35.157231478832905,128.72366148070986,0.0,0.0,1,1,1,1.0,0.0
G066850,35.15361432794407,128.7247051540119,0.0,0.0,1,1,1,1.0,0.0
G066851,35.154515842547696,128.72471866566443,0.0,0.0,1,1,1,1.0,0.0
G066852,35.15541735701239,128.72473217791696,0.0,0.0,1,1,1,1.0,0.0
G066853,35.15631887133813,128.72474569076954,0.0,0.0,1,1,1,1.0,0.0
G069660,35.10923891688577,128.74379120349835,0.0,0.0,1,1,1,1.0,0.0
G069661,35.11014043161234,128.74380490315647,0.0,0.0,1,1,1,1.0,0.0
G069662,35.11104194619991,128.74381860342297,0.0,0.0,1,1,1,1.0,0.0
G069796,35.10832614003497,128.744874563624,0.0,0.0,1,1,1,1.0,0.0
G069797,35.10922765452613,128.7448882747493,0.0,0.0,1,1,1,1.0,0.0
G069798,35.1101291688783,128.74490198648346,0.0,0.0,1,1,1,1.0,0.0
G069799,35.111030683091464,128.7449156988265,0.0,0.0,1,1,1,1.0,0.0
G069800,35.11193219716562,128.74492941177843,0.0,0.0,1,1,1,1.0,0.0
G069801,35.11283371110076,128.74494312533935,0.0,0.0,1,1,1,1.0,0.0
G069927,35.107413353869845,128.74595789959923,0.0,0.0,1,0,1,0.5384822384689838,0.0
G069928,35.1083148681253,128.7459716221906,0.0,0.0,1,1,1,1.0,0.0
G069929,35.10921638224173,128.74598534539138,0.0,0.0,1,1,1,1.0,0.0
G069930,35.11011789621915,128.74599906920153,0.0,0.0,1,1,1,1.0,0.0
G069931,35.11101941005759,128.7460127936211,0.0,0.0,1,1,1,1.0,0.0
G069932,35.111920923757,128.74602651865013,0.0,0.0,1,1,1,1.0,0.0
G069933,35.11282243731737,128.7460402442886,0.0,0.0,1,1,1,1.0,0.0
G070052,35.10740207241079,128.7470549454816,0.0,0.0,1,0,1,0.5384822384689838,0.0
G070053,35.1083035862912,128.7470686801479,0.0,0.0,1,0,1,0.5384822384689838,0.0
G070054,35.109205100032575,128.7470824154241,0.0,0.0,1,0,1,0.5384822384689838,0.0
G070055,35.11010661363495,128.74709615131022,0.0,0.0,1,0,1,0.5384822384689838,0.0
G070056,35.11100812709829,128.74710988780626,0.0,0.0,1,1,1,1.0,0.0
G070057,35.11190964042261,128.74712362491232,0.0,0.0,1,1,1,1.0,0.0
G070058,35.11281115360791,128.7471373626284,0.0,0.0,1,1,1,1.0,0.0
G070161,35.10198169707807,128.7480695231249,0.0,0.0,1,1,1,1.0,0.0
G070162,35.102883211417215,128.748083266204,0.0,0.0,1,1,1,1.0,0.0
G070163,35.103784725617345,128.74809700989337,0.0,0.0,1,1,1,1.0,0.0
G070167,35.10739078102767,128.74815199075414,0.0,0.0,1,0,1,0.5384822384689838,0.0
G070168,35.108292294532696,128.74816573749527,0.0,0.0,1,0,1,0.5384822384689838,0.0
G070169,35.109193807898684,128.74817948484687,0.0,0.0,1,0,1,0.5384822384689838,0.0
G070170,35.110095321125655,128.74819323280892,0.0,0.0,0,1,1,0.6450837471053786,0.0
G070171,35.1109968342136,128.74820698138146,0.0,0.0,1,1,1,1.0,0.0
G070172,35.11189834716252,128.7482207305645,0.0,0.0,0,1,1,0.6450837471053786,0.0
G070173,35.11279985997239,128.7482344803581,0.0,0.0,0,0,1,0.18356598557436246,0.0
G070274,35.101068883922466,128.7491527408093,0.0,0.0,1,1,1,1.0,0.0
G070275,35.101970398024974,128.74916649534921,0.0,0.0,1,1,1,1.0,0.0
G070276,35.10287191198846,128.74918025049996,0.0,0.0,1,1,1,1.0,0.0
G070277,35.103773425812925,128.74919400626146,0.0,0.0,1,1,1,1.0,0.0
G070278,35.10467493949835,128.74920776263383,0.0,0.0,1,1,1,1.0,0.0
G070279,35.10557645304477,128.74922151961707,0.0,0.0,1,0,1,0.5384822384689838,0.0
G070281,35.10737947972049,128.74924903541623,0.0,0.0,0,0,1,0.18356598557436246,0.0
G070282,35.108280992849814,128.7492627942322,0.0,0.0,1,0,1,0.5384822384689838,0.0
G070283,35.109182505840096,128.74927655365917,0.0,0.0,1,0,1,0.5384822384689838,0.0
G070284,35.11008401869134,128.74929031369714,0.0,0.0,1,0,1,0.5384822384689838,0.0
G070285,35.11098553140355,128.7493040743461,0.0,0.0,1,0,0,0.35491625289462136,0.0
G070286,35.11188704397672,128.74931783560615,0.0,0.0,1,0,1,0.5384822384689838,0.0
G070287,35.11278855641084,128.7493315974773,0.0,0.0,0,0,1,0.18356598557436246,0.0
G070390,35.10105757532329,128.7502497003518,0.0,0.0,1,1,1,1.0,0.0
G070391,35.101959089049814,128.7502634669628,0.0,0.0,1,1,1,1.0,0.0
G070392,35.10286060263731,128.7502772341851,0.0,0.0,1,1,1,1.0,0.0
G070393,35.10376211608578,128.75029100201874,0.0,0.0,1,0,1,0.5384822384689838,0.0
G070394,35.10466362939521,128.75030477046377,0.0,0.0,1,0,1,0.5384822384689838,0.0
G070395,35.1055651425656,128.7503185395202,0.0,0.0,0,0,1,0.18356598557436246,0.0
G070398,35.108269681242554,128.75035985035817,0.0,0.0,1,1,1,1.0,0.0
G070399,35.10917119385679,128.7503736218605,0.0,0.0,1,1,0,0.8164340144256376,0.0
G070400,35.110072706331984,128.75038739397434,0.0,0.0,1,0,1,0.5384822384689838,0.0
G070401,35.110974218668126,128.75040116669973,0.0,0.0,0,0,1,0.18356598557436246,0.0
G070402,35.11187573086524,128.7504149400367,0.0,0.0,0,0,1,0.18356598557436246,0.0
G070503,35.10014474331315,128.7513328812128,0.0,0.0,1,1,1,1.0,0.0
G070504,35.1010462568024,128.75134665928297,0.0,0.0,1,1,1,1.0,0.0
G070505,35.10194777015261,128.751360437965,0.0,0.0,1,1,1,1.0,0.0
G070506,35.102849283363796,128.75137421725887,0.0,0.0,1,0,1,0.5384822384689838,0.0
G070507,35.10375079643594,128.7513879971646,0.0,0.0,1,0,1,0.5384822384689838,0.0
G070508,35.10465230936902,128.7514017776823,0.0,0.0,1,0,1,0.5384822384689838,0.0
G070509,35.10555382216309,128.7514155588119,0.0,0.0,1,0,1,0.5384822384689838,0.0
G070611,35.10013341524721,128.75242982746167,0.0,0.0,1,1,1,1.0,0.0
G070612,35.10103492835982,128.75244361760232,0.0,0.0,1,1,1,1.0,0.0
G070613,35.10193644133339,128.75245740835535,0.0,0.0,1,0,1,0.5384822384689838,0.0
G070614,35.102837954167924,128.7524711997208,0.0,0.0,1,0,1,0.5384822384689838,0.0
G070615,35.10373946686341,128.75248499169862,0.0,0.0,1,1,1,1.0,0.0
G070616,35.104640979419834,128.7524987842889,0.0,0.0,1,0,1,0.5384822384689838,0.0
G070617,35.10554249183723,128.75251257749164,0.0,0.0,1,0,1,0.5384822384689838,0.0
G070618,35.106444004115545,128.7525263713069,0.0,0.0,1,0,1,0.5384822384689838,0.0
G070619,35.10734551625482,128.7525401657347,0.0,0.0,1,0,1,0.5384822384689838,0.0
G070720,35.10102358999556,128.75354057530933,0.0,0.0,1,1,1,1.0,0.0
G070721,35.10192510259217,128.75355437813334,0.0,0.0,1,0,1,0.5384822384689838,0.0
G070722,35.10282661504972,128.75356818157024,0.0,0.0,1,0,1,0.5384822384689838,0.0
G070723,35.10372812736823,128.75358198562014,5.33,0.0533,1,1,1,1.0,0.0533
G070724,35.10462963954765,128.75359579028304,0.0,0.0,1,0,1,0.5384822384689838,0.0
G070725,35.10553115158803,128.7536095955589,3.36,0.0336,0,0,1,0.18356598557436246,0.006167817115298578
G070726,35.10643266348935,128.7536234014478,0.0,0.0,0,0,1,0.18356598557436246,0.0
G070727,35.1073341752516,128.7536372079498,0.0,0.0,0,0,1,0.18356598557436246,0.0
G070728,35.108235686874785,128.7536510150649,0.0,0.0,1,1,1,1.0,0.0
G070828,35.101012241709654,128.7546375324034,0.0,0.0,1,1,1,1.0,0.0
G070829,35.10191375392896,128.7546513472984,0.0,0.0,1,1,1,1.0,0.0
G070830,35.10281526600921,128.7546651628068,0.0,0.0,0,0,1,0.18356598557436246,0.0
G070831,35.103716777950396,128.7546789789287,33.14,0.33140000000000003,0,0,1,0.18356598557436246,0.060833767619343726
G070832,35.10461828975251,128.75469279566414,4.86,0.048600000000000004,1,0,1,0.5384822384689838,0.026170236789592616
G070833,35.10551980141554,128.75470661301313,46.53,0.4653,1,0,1,0.5384822384689838,0.25055578555961816
G070834,35.10642131293952,128.75472043097565,8.33,0.0833,1,1,1,1.0,0.0833
G070835,35.10732282432442,128.7547342495518,0.0,0.0,0,0,1,0.18356598557436246,0.0
G070836,35.10822433557025,128.75474806874158,0.0,0.0,1,1,1,1.0,0.0
G070936,35.10100088350211,128.75573448888406,0.0,0.0,1,1,1,1.0,0.0
G070937,35.101902395343785,128.75574831584996,0.0,0.0,1,1,1,1.0,0.0
G070938,35.10280390704639,128.75576214342982,0.0,0.0,1,0,1,0.5384822384689838,0.0
G070939,35.103705418609934,128.75577597162373,19.86,0.1986,0,0,1,0.18356598557436246,0.03645620473506839
G070940,35.104606930034386,128.75578980043173,5.19,0.0519,0,0,1,0.18356598557436246,0.009527074651309413
G070941,35.10550844131977,128.75580362985374,6.25,0.0625,1,0,1,0.5384822384689838,0.03365513990431149
G070942,35.10640995246608,128.75581745988993,0.0,0.0,1,1,1,1.0,0.0
G070943,35.1073114634733,128.7558312905402,0.0,0.0,1,0,1,0.5384822384689838,0.0
G070944,35.108212974341434,128.75584512180464,0.0,0.0,1,0,1,0.5384822384689838,0.0
G070945,35.1091144850705,128.7558589536833,0.0,0.0,1,1,1,1.0,0.0
G071043,35.10098951537295,128.75683144475076,0.0,0.0,1,1,1,1.0,0.0
G071044,35.10189102683667,128.75684528378753,0.0,0.0,1,1,1,1.0,0.0
G071045,35.1027925381613,128.75685912343886,0.0,0.0,0,0,1,0.18356598557436246,0.0
G071046,35.10369404934686,128.75687296370475,26.39,0.2639,1,1,1,1.0,0.2639
G071047,35.104595560393335,128.7568868045852,32.05,0.32049999999999995,1,0,1,0.5384822384689838,0.17258355742930928
G071048,35.105497071300725,128.75690064608028,0.0,0.0,1,0,1,0.5384822384689838,0.0
G071049,35.106398582069026,128.75691448819003,0.0,0.0,1,0,1,0.5384822384689838,0.0
G071050,35.10730009269824,128.75692833091443,0.0,0.0,1,0,1,0.5384822384689838,0.0
G071051,35.10820160318837,128.7569421742535,0.0,0.0,1,1,1,1.0,0.0
G071052,35.1091031135394,128.75695601820732,0.0,0.0,1,1,1,1.0,0.0
G071151,35.10097813732218,128.75792840000292,0.0,0.0,1,1,1,1.0,0.0
G071152,35.10187964840762,128.7579422511106,0.0,0.0,1,1,1,1.0,0.0
G071153,35.10278115935394,128.7579561028333,0.0,0.0,1,0,1,0.5384822384689838,0.0
G071154,35.10368267016119,128.75796995517112,6.94,0.0694,1,0,1,0.5384822384689838,0.03737066734974748
G071155,35.104584180829356,128.7579838081241,13.89,0.1389,1,0,1,0.5384822384689838,0.07479518292334185
G071156,35.105485691358425,128.7579976616922,0.0,0.0,1,1,1,1.0,0.0
G071157,35.1063872017484,128.75801151587547,0.0,0.0,1,0,1,0.5384822384689838,0.0
G071158,35.107288711999274,128.75802537067395,0.0,0.0,1,1,1,1.0,0.0
G071159,35.108190222111055,128.75803922608765,0.0,0.0,1,1,1,1.0,0.0
G071160,35.10909173208373,128.75805308211665,0.0,0.0,1,1,1,1.0,0.0
G071258,35.10096674934982,128.75902535464004,0.0,0.0,1,1,1,1.0,0.0
G071259,35.101868260056634,128.75903921781855,0.0,0.0,1,1,1,1.0,0.0
G071260,35.10276977062434,128.75905308161265,0.0,0.0,1,0,1,0.5384822384689838,0.0
G071261,35.10367128105297,128.75906694602241,0.0,0.0,1,0,1,0.5384822384689838,0.0
G071262,35.10457279134248,128.7590808110478,0.0,0.0,1,0,1,0.5384822384689838,0.0
G071263,35.1054743014929,128.7590946766889,0.0,0.0,1,0,1,0.5384822384689838,0.0
G071264,35.10637581150421,128.75910854294568,0.0,0.0,1,0,1,0.5384822384689838,0.0
G071265,35.10727732137643,128.75912240981822,0.0,0.0,1,1,1,1.0,0.0
G071266,35.10817883110952,128.75913627730654,0.0,0.0,1,1,1,1.0,0.0
G071267,35.109080340703514,128.75915014541067,0.0,0.0,1,1,1,1.0,0.0
G071365,35.100955351455916,128.7601223086616,0.0,0.0,1,1,1,1.0,0.0
G071366,35.101856861783766,128.76013618391093,0.0,0.0,1,1,1,1.0,0.0
G071367,35.10275837197251,128.76015005977638,0.0,0.0,0,0,1,0.18356598557436246,0.0
G071368,35.10365988202218,128.760163936258,0.0,0.0,1,0,1,0.5384822384689838,0.0
G071369,35.10456139193272,128.76017781335582,0.0,0.0,1,0,1,0.5384822384689838,0.0
G071370,35.10546290170415,128.76019169106988,0.0,0.0,0,0,1,0.18356598557436246,0.0
G071371,35.10636441133648,128.76020556940017,0.0,0.0,1,1,1,1.0,0.0
G071372,35.10726592082969,128.76021944834673,0.0,0.0,1,1,1,1.0,0.0
G071373,35.10816743018378,128.76023332790962,0.0,0.0,1,1,1,1.0,0.0
G071374,35.10906893939876,128.76024720808886,0.0,0.0,1,1,1,1.0,0.0
G071473,35.10184545358902,128.76123314938712,0.0,0.0,1,1,1,1.0,0.0
G071474,35.10274696339849,128.76124703732393,0.0,0.0,1,0,1,0.5384822384689838,0.0
G071475,35.10364847306885,128.76126092587742,0.0,0.0,1,1,1,1.0,0.0
G071476,35.10454998260008,128.76127481504764,0.0,0.0,1,0,1,0.5384822384689838,0.0
G071477,35.10545149199221,128.7612887048346,0.0,0.0,1,1,1,1.0,0.0
G071478,35.106353001245225,128.7613025952384,0.0,0.0,1,1,1,1.0,0.0
G071479,35.10725451035909,128.76131648625898,0.0,0.0,1,1,1,1.0,0.0
G071586,35.10363705419301,128.7623579148801,0.0,0.0,1,0,1,0.5384822384689838,0.0
G071587,35.104538563344605,128.76237181612268,0.0,0.0,1,0,1,0.5384822384689838,0.0
G072732,35.1179233101497,128.775746547217,0.0,0.0,1,0,1,0.5384822384689838,0.0
G072733,35.118824812492186,128.77576060330878,0.0,0.0,1,1,1,1.0,0.0
G072734,35.11972631469542,128.77577466002475,0.0,0.0,1,1,1,1.0,0.0
G072735,35.1206278167594,128.77578871736492,0.0,0.0,1,1,1,1.0,0.0
G072736,35.121529318684125,128.7758027753293,0.0,0.0,1,1,1,1.0,0.0
G072812,35.11701025404136,128.77682965382223,0.0,0.0,1,0,1,0.5384822384689838,0.0
G072813,35.117911756139044,128.77684372136994,0.0,0.0,1,0,1,0.5384822384689838,0.0
G072814,35.118813258097475,128.77685778954233,0.0,0.0,0,0,1,0.18356598557436246,0.0
G072815,35.119714759916654,128.77687185833943,0.0,0.0,1,0,1,0.5384822384689838,0.0
G072816,35.12061626159656,128.77688592776127,0.0,0.0,1,1,1,1.0,0.0
G072817,35.12151776313722,128.77689999780782,0.0,0.0,1,1,1,1.0,0.0
G072818,35.12241926453859,128.7769140684792,0.0,0.0,1,1,1,1.0,0.0
G072891,35.11699869048754,128.7779268152705,0.0,0.0,1,1,1,1.0,0.0
G072892,35.11790019220085,128.77794089489822,0.0,0.0,1,0,1,0.5384822384689838,0.0
G072893,35.118801693774905,128.77795497515118,0.0,0.0,1,0,1,0.5384822384689838,0.0
G072894,35.11970319520968,128.77796905602938,0.0,0.0,1,0,1,0.5384822384689838,0.0
G072895,35.120604696505204,128.77798313753283,0.0,0.0,0,1,1,0.6450837471053786,0.0
G072896,35.12150619766143,128.7779972196616,0.0,0.0,1,1,1,1.0,0.0
G072897,35.1224076986784,128.77801130241565,0.0,0.0,1,1,1,1.0,0.0
G072970,35.11698711700652,128.77902397609353,0.0,0.0,1,0,1,0.5384822384689838,0.0
G072971,35.11788861833514,128.7790380678013,0.0,0.0,1,1,1,1.0,0.0
G072972,35.118790119524476,128.7790521601348,0.0,0.0,1,1,1,1.0,0.0
G072973,35.11969162057454,128.77906625309404,0.0,0.0,1,1,1,1.0,0.0
G072974,35.120593121485314,128.7790803466791,0.0,0.0,1,0,1,0.5384822384689838,0.0
G072975,35.12149462225682,128.77909444089,0.0,0.0,1,1,1,1.0,0.0
G072976,35.122396122889036,128.77910853572678,0.0,0.0,1,1,1,1.0,0.0
G072980,35.12600212402503,128.77916492133286,0.0,0.0,1,1,1,1.0,0.0
G072981,35.1269036239608,128.77917901929928,0.0,0.0,0,0,1,0.18356598557436246,0.0
G072982,35.12780512375729,128.77919311789177,0.0,0.0,1,1,1,1.0,0.0
G072983,35.12870662341447,128.7792072171103,0.0,0.0,1,1,1,1.0,0.0
G072984,35.12960812293236,128.77922131695487,0.0,0.0,1,1,1,1.0,0.0
G073049,35.116975533598335,128.7801211362909,0.0,0.0,1,0,1,0.5384822384689838,0.0
G073050,35.11787703454192,128.78013524007864,0.0,0.0,1,1,1,1.0,0.0
G073051,35.11877853534621,128.78014934449263,0.0,0.0,1,1,1,1.0,0.0
G073052,35.11968003601122,128.78016344953292,0.0,0.0,1,1,1,1.0,0.0
G073053,35.12058153653695,128.78017755519957,0.0,0.0,1,1,1,1.0,0.0
G073054,35.12148303692338,128.78019166149258,0.0,0.0,1,0,1,0.5384822384689838,0.0
G073055,35.12238453717052,128.78020576841197,0.0,0.0,1,1,1,1.0,0.0
G073058,35.12508903707617,128.78024809292882,0.0,0.0,1,1,1,1.0,0.0
G073059,35.125990536766125,128.78026220235407,0.0,0.0,1,1,1,1.0,0.0
G073060,35.12689203631678,128.78027631240585,0.0,0.0,1,1,1,1.0,0.0
G073061,35.127793535728145,128.78029042308415,0.0,0.0,1,1,1,1.0,0.0
G073062,35.12869503500019,128.7803045343891,0.0,0.0,1,1,1,1.0,0.0
G073063,35.12959653413294,128.7803186463206,0.0,0.0,1,1,1,1.0,0.0
G073064,35.13049803312637,128.78033275887879,0.0,0.0,1,1,1,1.0,0.0
G073119,35.11786544082121,128.78123241172966,0.0,0.0,1,1,1,1.0,0.0
G073120,35.11876694124013,128.78124652822416,0.0,0.0,1,0,1,0.5384822384689838,0.0
G073121,35.11966844151976,128.78126064534547,0.0,0.0,1,0,1,0.5384822384689838,0.0
G073122,35.12056994166009,128.78127476309368,0.0,0.0,1,1,1,1.0,0.0
G073123,35.12147144166113,128.78128888146875,0.0,0.0,1,0,1,0.5384822384689838,0.0
G073127,35.12507744027225,128.7813453612387,0.0,0.0,1,0,1,0.5384822384689838,0.0
G073128,35.12597893957677,128.7813594827487,0.0,0.0,0,1,1,0.6450837471053786,0.0
G073129,35.12688043874198,128.78137360488583,0.0,0.0,0,1,1,0.6450837471053786,0.0
G073130,35.12778193776787,128.78138772764999,0.0,0.0,1,1,1,1.0,0.0
G073131,35.12868343665447,128.7814018510413,0.0,0.0,1,1,1,1.0,0.0
G073132,35.129584935401745,128.78141597505973,0.0,0.0,1,1,1,1.0,0.0
G073133,35.13048643400969,128.78143009970537,0.0,0.0,1,1,1,1.0,0.0
G073182,35.11965683710017,128.78235784053112,0.0,0.0,1,0,1,0.5384822384689838,0.0
G073183,35.120558336854785,128.78237197036086,0.0,0.0,1,0,1,0.5384822384689838,0.0
G073187,35.124164334480156,128.78242849595438,0.0,0.0,1,1,1,1.0,0.0
G073188,35.12506583353822,128.7824426289216,0.0,0.0,0,0,1,0.18356598557436246,0.0
G073189,35.12596733245697,128.78245676251632,0.0,0.0,0,1,0,0.4615177615310162,0.0
G073190,35.12686883123639,128.7824708967387,0.0,0.0,1,1,1,1.0,0.0
G073191,35.12777032987651,128.7824850315887,0.0,0.0,1,1,1,1.0,0.0
G073192,35.12867182837732,128.78249916706633,0.0,0.0,1,1,1,1.0,0.0
G073193,35.129573326738786,128.78251330317167,0.0,0.0,1,1,1,1.0,0.0
G073194,35.130474824960935,128.78252743990473,0.0,0.0,0,1,1,0.6450837471053786,0.0
G073246,35.12325121939084,128.7835116065022,0.0,0.0,1,1,1,1.0,0.0
G073247,35.12415271820214,128.7835257509255,0.0,0.0,1,1,1,1.0,0.0
G073248,35.125054216874105,128.78353989597687,0.0,0.0,0,0,1,0.18356598557436246,0.0
G073249,35.125955715406754,128.78355404165632,0.0,0.0,1,1,1,1.0,0.0
G073250,35.12685721380008,128.78356818796397,0.0,0.0,0,0,1,0.18356598557436246,0.0
G073251,35.127758712054074,128.78358233489973,0.0,0.0,0,0,1,0.18356598557436246,0.0
G073252,35.12866021016875,128.7835964824637,0.0,0.0,1,0,1,0.5384822384689838,0.0
G073253,35.12956170814409,128.7836106306559,0.0,0.0,1,0,1,0.5384822384689838,0.0
G073254,35.13046320598009,128.78362477947633,0.0,0.0,1,1,1,1.0,0.0
G073304,35.12323959356949,128.78460884876162,0.0,0.0,1,1,1,1.0,0.0
G073305,35.124141091994375,128.78462300526851,0.0,0.0,1,0,1,0.5384822384689838,0.0
G073306,35.125042590279925,128.78463716240404,0.0,0.0,0,0,1,0.18356598557436246,0.0
G073307,35.12594408842615,128.7846513201682,0.0,0.0,1,0,1,0.5384822384689838,0.0
G073308,35.12684558643302,128.784665478561,0.0,0.0,1,0,1,0.5384822384689838,0.0
G073309,35.12774708430059,128.78467963758257,0.0,0.0,1,0,1,0.5384822384689838,0.0
G073310,35.1286485820288,128.78469379723285,0.0,0.0,1,1,1,1.0,0.0
G073311,35.12955007961768,128.78470795751187,0.0,0.0,1,1,1,1.0,0.0
G073364,35.12322795781875,128.78570609039244,0.0,0.0,1,1,1,1.0,0.0
G073365,35.12412945585689,128.78572025898293,0.0,0.0,1,0,1,0.5384822384689838,0.0
G073366,35.12503095375568,128.78573442820257,0.0,0.0,1,1,1,1.0,0.0
G073367,35.12593245151514,128.78574859805138,0.0,0.0,1,1,1,1.0,0.0
G073368,35.12683394913526,128.7857627685294,0.0,0.0,1,1,1,1.0,0.0
G073369,35.12773544661604,128.7857769396367,0.0,0.0,1,1,1,1.0,0.0
G073370,35.12863694395748,128.78579111137324,0.0,0.0,1,1,1,1.0,0.0
G073425,35.12321631213863,128.7868033313941,0.0,0.0,1,0,1,0.5384822384689838,0.0
G073426,35.12411780978969,128.78681751206818,0.0,0.0,1,1,1,1.0,0.0
G073427,35.12501930730141,128.7868316933719,0.0,0.0,1,1,1,1.0,0.0
G073428,35.12592080467378,128.78684587530537,0.0,0.0,1,1,1,1.0,0.0
G073429,35.12682230190681,128.78686005786855,0.0,0.0,1,1,1,1.0,0.0
G073430,35.127723799000485,128.78687424106153,0.0,0.0,1,1,1,1.0,0.0
G073431,35.128625295954805,128.7868884248843,0.0,0.0,1,1,1,1.0,0.0
G073487,35.12320465652916,128.78790057176616,0.0,0.0,1,0,1,0.5384822384689838,0.0
G073488,35.12410615379282,128.78791476452372,0.0,0.0,1,1,1,1.0,0.0
G073489,35.12500765091713,128.78792895791153,0.0,0.0,1,1,1,1.0,0.0
G073490,35.125909147902085,128.7879431519296,0.0,0.0,1,1,1,1.0,0.0
G073491,35.12681064474767,128.7879573465779,0.0,0.0,1,1,1,1.0,0.0
G073492,35.12771214145393,128.78797154185656,0.0,0.0,1,1,1,1.0,0.0
G073553,35.11688250895678,128.78889839527955,0.0,0.0,1,1,1,1.0,0.0
G073554,35.11778400680821,128.78891259570602,0.0,0.0,1,1,1,1.0,0.0
G073555,35.11868550452028,128.7889267967631,0.0,0.0,1,1,1,1.0,0.0
G073556,35.119587002093006,128.78894099845076,0.0,0.0,1,1,1,1.0,0.0
G073557,35.12048849952639,128.78895520076904,0.0,0.0,1,1,1,1.0,0.0
G073562,35.124995984602855,128.78902622182088,0.0,0.0,1,1,1,1.0,0.0
G073563,35.125897481200056,128.7890404279235,0.0,0.0,1,1,1,1.0,0.0
G073632,35.11596933860206,128.78998133794616,0.0,0.0,1,1,1,1.0,0.0
G073633,35.116870836204846,128.7899955498213,0.0,0.0,1,1,1,1.0,0.0
G073634,35.11777233366827,128.79000976232751,0.0,0.0,1,1,1,1.0,0.0
G073635,35.118673830992336,128.79002397546483,0.0,0.0,1,1,1,1.0,0.0
G073636,35.119575328177035,128.79003818923331,0.0,0.0,1,1,1,1.0,0.0
G073637,35.12047682522239,128.79005240363293,0.0,0.0,1,1,1,1.0,0.0
G073638,35.121378322128365,128.79006661866376,0.0,0.0,1,0,1,0.5384822384689838,0.0
G073713,35.115957656311465,128.7910784797777,0.0,0.0,1,1,1,1.0,0.0
G073714,35.11685915352593,128.791092703732,0.0,0.0,1,1,1,1.0,0.0
G073715,35.117760650601014,128.79110692831787,0.0,0.0,1,1,1,1.0,0.0
G073716,35.11866214753675,128.79112115353547,0.0,0.0,1,1,1,1.0,0.0
G073717,35.119563644333105,128.79113537938468,0.0,0.0,1,1,1,1.0,0.0
G073718,35.12046514099009,128.7911496058656,0.0,0.0,0,0,1,0.18356598557436246,0.0
G073719,35.12136663750771,128.79116383297827,0.0,0.0,1,1,1,1.0,0.0
G073795,35.114142970024496,128.79214715080712,0.0,0.0,1,1,1,1.0,0.0
G073796,35.11504446712904,128.79216138557632,0.0,0.0,0,0,1,0.18356598557436246,0.0
G073797,35.11594596409424,128.79217562097764,0.0,0.0,1,0,1,0.5384822384689838,0.0
G073798,35.11684746092004,128.79218985701104,0.0,0.0,1,0,1,0.5384822384689838,0.0
G073799,35.117748957606466,128.79220409367665,0.0,0.0,1,0,1,0.5384822384689838,0.0
G073800,35.118650454153524,128.7922183309744,0.0,0.0,1,0,1,0.5384822384689838,0.0
G073801,35.119551950561195,128.79223256890435,0.0,0.0,1,0,1,0.5384822384689838,0.0
G073802,35.12045344682951,128.79224680746657,0.0,0.0,1,0,1,0.5384822384689838,0.0
G073803,35.121354942958426,128.79226104666105,0.0,0.0,1,1,1,1.0,0.0
G073875,35.11232827480929,128.79321577542163,0.0,0.0,1,1,1,1.0,0.0
G073876,35.113229771803624,128.7932300210037,0.0,0.0,1,1,1,1.0,0.0
G073877,35.11413126865859,128.79324426721834,0.0,0.0,1,1,1,1.0,0.0
G073878,35.115032765374174,128.79325851406557,0.0,0.0,1,1,1,1.0,0.0
G073879,35.11593426195038,128.79327276154544,0.0,0.0,0,1,1,0.6450837471053786,0.0
G073880,35.11683575838719,128.79328700965797,0.0,0.0,1,1,1,1.0,0.0
G073881,35.11773725468463,128.7933012584032,0.0,0.0,1,1,1,1.0,0.0
G073882,35.11863875084269,128.79331550778113,0.0,0.0,1,1,1,1.0,0.0
G073883,35.11954024686135,128.79332975779178,0.0,0.0,1,0,1,0.5384822384689838,0.0
G073884,35.12044174274063,128.79334400843527,0.0,0.0,1,0,1,0.5384822384689838,0.0
G073885,35.12134323848053,128.7933582597115,0.0,0.0,1,1,1,1.0,0.0
G073954,35.11141506755156,128.79429861001992,0.0,0.0,1,1,1,1.0,0.0
G073955,35.112316564295995,128.79431286704585,0.0,0.0,1,1,1,1.0,0.0
G073956,35.11321806090106,128.79432712470484,0.0,0.0,1,1,1,1.0,0.0
G073957,35.114119557366735,128.79434138299695,0.0,0.0,1,1,1,1.0,0.0
G073958,35.11502105369301,128.79435564192218,0.0,0.0,1,1,1,1.0,0.0
G073959,35.11592254987992,128.7943699014806,0.0,0.0,1,1,1,1.0,0.0
G073960,35.116824045927416,128.7943841616722,0.0,0.0,1,1,1,1.0,0.0
G073961,35.11772554183553,128.79439842249704,0.0,0.0,1,1,1,1.0,0.0
G073962,35.118627037604256,128.79441268395513,0.0,0.0,1,0,1,0.5384822384689838,0.0
G073963,35.119528533233584,128.79442694604649,0.0,0.0,1,0,1,0.5384822384689838,0.0
G073964,35.12043002872352,128.79444120877116,0.0,0.0,1,1,1,1.0,0.0
G074030,35.111403347502616,128.7953956889347,0.0,0.0,1,1,1,1.0,0.0
G074031,35.112304843857444,128.79540995803697,0.0,0.0,1,1,1,1.0,0.0
G074032,35.11320634007289,128.79542422777288,0.0,0.0,1,1,1,1.0,0.0
G074033,35.114107836148946,128.79543849814243,0.0,0.0,0,1,1,0.6450837471053786,0.0
G074034,35.115009332085606,128.79545276914564,0.0,0.0,1,1,1,1.0,0.0
G074035,35.115910827882864,128.79546704078257,0.0,0.0,1,1,1,1.0,0.0
G074036,35.11681232354073,128.79548131305322,0.0,0.0,1,1,1,1.0,0.0
G074037,35.1177138190592,128.79549558595764,0.0,0.0,1,0,1,0.5384822384689838,0.0
G074038,35.11861531443825,128.79550985949584,0.0,0.0,1,0,1,0.5384822384689838,0.0
G074039,35.11951680967791,128.79552413366784,0.0,0.0,1,0,1,0.5384822384689838,0.0
G074102,35.11139161752873,128.79649276721588,0.0,0.0,1,1,1,1.0,0.0
G074103,35.11229311349364,128.7965070483945,0.0,0.0,1,1,1,1.0,0.0
G074104,35.113194609319144,128.79652133020727,0.0,0.0,1,1,1,1.0,0.0
G074105,35.114096105005245,128.7965356126542,0.0,0.0,1,1,1,1.0,0.0
G074106,35.114997600551945,128.79654989573538,0.0,0.0,1,1,1,1.0,0.0
G074107,35.11589909595925,128.7965641794508,0.0,0.0,1,1,1,1.0,0.0
G074108,35.11680059122714,128.79657846380044,0.0,0.0,1,1,1,1.0,0.0
G074172,35.111379877629965,128.79758984486293,0.0,0.0,1,1,1,1.0,0.0
G074173,35.1122813732046,128.79760413811783,0.0,0.0,1,1,1,1.0,0.0
G074174,35.11318286863984,128.79761843200745,0.0,0.0,1,1,1,1.0,0.0
G074175,35.11408436393567,128.7976327265318,0.0,0.0,1,1,1,1.0,0.0
G074176,35.11498585909208,128.7976470216909,0.0,0.0,1,1,1,1.0,0.0
G074177,35.11588735410909,128.79766131748474,0.0,0.0,1,1,1,1.0,0.0
G074178,35.11678884898667,128.7976756139134,0.0,0.0,1,1,1,1.0,0.0
G074241,35.112269622990375,128.7987012272065,0.0,0.0,1,1,1,1.0,0.0
G074242,35.11317111803499,128.79871553317292,0.0,0.0,1,1,1,1.0,0.0
G074243,35.11407261294021,128.79872983977464,0.0,0.0,1,1,1,1.0,0.0
G074244,35.114974107706004,128.7987441470116,0.0,0.0,1,1,1,1.0,0.0
G074245,35.115875602332395,128.7987584548839,0.0,0.0,1,1,1,1.0,0.0
G074286,35.08611445725081,128.79938336885004,0.0,0.0,1,0,1,0.5384822384689838,0.0
G074287,35.0870159559471,128.7993976684675,0.0,0.0,1,1,1,1.0,0.0
G074288,35.08791745450404,128.7994119687199,0.0,0.0,1,1,1,1.0,0.0
G074295,35.10053841966571,128.7996122389423,0.0,0.0,0,1,1,0.6450837471053786,0.0
G074296,35.1014399161318,128.79962654872278,0.0,0.0,1,1,1,1.0,0.0
G074350,35.08520120008435,128.80046579563145,0.0,0.0,1,1,1,1.0,0.0
G074351,35.08610269852903,128.80048010667463,0.0,0.0,1,0,1,0.5384822384689838,0.0
G074352,35.08700419683432,128.80049441835328,0.0,0.0,1,0,1,0.5384822384689838,0.0
G074353,35.087905695000224,128.80050873066747,0.0,0.0,1,0,1,0.5384822384689838,0.0
G074354,35.08880719302676,128.8005230436172,0.0,0.0,1,1,1,1.0,0.0
G074355,35.089708690913895,128.8005373572025,0.0,0.0,1,1,1,1.0,0.0
G074361,35.100526654686696,128.8007091698108,0.0,0.0,0,1,1,0.6450837471053786,0.0
G074362,35.10142815076164,128.8007234916611,0.0,0.0,1,1,1,1.0,0.0
G074363,35.10232964669717,128.80073781414734,0.0,0.0,1,1,1,1.0,0.0
G074364,35.1032311424933,128.80075213726957,0.0,0.0,1,1,1,1.0,0.0
G074413,35.0842879336456,128.80154819829207,0.0,0.0,1,0,1,0.5384822384689838,0.0
G074414,35.08518943183832,128.8015625207599,0.0,0.0,1,1,1,1.0,0.0
G074415,35.08609092989166,128.80157684386373,0.0,0.0,1,0,1,0.5384822384689838,0.0
G074416,35.08699242780562,128.8015911676036,0.0,0.0,1,1,1,1.0,0.0
G074417,35.08789392558017,128.8016054919795,0.0,0.0,1,0,1,0.5384822384689838,0.0
G074418,35.08879542321535,128.8016198169915,27.56,0.2756,1,0,1,0.5384822384689838,0.14840570492205193
G074419,35.089696920711106,128.8016341426396,3.47,0.0347,1,1,1,1.0,0.0347
G074420,35.09059841806747,128.80164846892384,0.0,0.0,1,1,1,1.0,0.0
G074426,35.09961338396395,128.8017917667598,0.0,0.0,1,1,1,1.0,0.0
G074427,35.10051487978683,128.80180610004336,0.0,0.0,1,1,1,1.0,0.0
G074428,35.10141637547028,128.80182043396343,0.0,0.0,0,1,1,0.6450837471053786,0.0
G074429,35.10231787101433,128.80183476851997,0.0,0.0,1,1,1,1.0,0.0
G074430,35.103219366418955,128.80184910371304,0.0,0.0,1,1,1,1.0,0.0
G074431,35.104120861684144,128.80186343954267,0.0,0.0,1,1,1,1.0,0.0
G074434,35.10682534664317,128.8019064508512,0.0,0.0,1,0,1,0.5384822384689838,0.0
G074435,35.107726841350654,128.8019207892273,0.0,0.0,1,1,1,1.0,0.0
G074476,35.084276155875976,128.80264491072438,0.0,0.0,1,0,1,0.5384822384689838,0.0
G074477,35.08517765367704,128.80265924525233,0.0,0.0,1,1,1,1.0,0.0
G074478,35.08607915133874,128.80267358041678,0.0,0.0,1,0,1,0.5384822384689838,0.0
G074479,35.086980648861,128.80268791621782,0.0,0.0,1,1,1,1.0,0.0
G074480,35.08788214624387,128.80270225265545,0.0,0.0,1,1,1,1.0,0.0
G074481,35.08878364348736,128.8027165897297,14.38,0.1438,1,0,1,0.5384822384689838,0.07743374589183988
G074482,35.08968514059142,128.80273092744056,0.0,0.0,1,1,1,1.0,0.0
G074483,35.090586637556086,128.80274526578813,0.0,0.0,1,1,1,1.0,0.0
G074484,35.09148813438135,128.80275960477238,0.0,0.0,1,1,1,1.0,0.0
G074490,35.09689711240522,128.80284565205014,0.0,0.0,1,0,1,0.5384822384689838,0.0
G074491,35.09779860825457,128.80285999549204,0.0,0.0,0,1,1,0.6450837471053786,0.0
G074492,35.098700103964504,128.8028743395709,0.0,0.0,1,0,1,0.5384822384689838,0.0
G074493,35.09960159953501,128.8028886842867,0.0,0.0,1,0,1,0.5384822384689838,0.0
G074494,35.1005030949661,128.80290302963948,0.0,0.0,0,0,1,0.18356598557436246,0.0
G074495,35.10140459025775,128.80291737562928,11.54,0.11539999999999999,1,0,1,0.5384822384689838,0.06214085031932073
G074496,35.10230608540998,128.8029317222561,15.17,0.1517,1,0,1,0.5384822384689838,0.08168775557574484
G074497,35.10320758042277,128.80294606951998,0.0,0.0,1,0,1,0.5384822384689838,0.0
G074498,35.10410907529613,128.80296041742096,0.0,0.0,1,0,1,0.5384822384689838,0.0
G074499,35.105010570030075,128.80297476595905,0.0,0.0,1,0,1,0.5384822384689838,0.0
G074500,35.10591206462456,128.80298911513432,0.0,0.0,1,0,1,0.5384822384689838,0.0
G074501,35.10681355907961,128.80300346494673,0.0,0.0,1,1,1,1.0,0.0
G074502,35.10771505339523,128.80301781539637,0.0,0.0,1,1,1,1.0,0.0
G074503,35.108616547571394,128.8030321664832,0.0,0.0,1,1,1,1.0,0.0
G074504,35.109518041608126,128.80304651820734,0.0,0.0,1,1,1,1.0,0.0
G074542,35.08426436819146,128.80374162252022,0.0,0.0,1,0,1,0.5384822384689838,0.0
G074543,35.08516586560055,128.8037559691082,0.0,0.0,1,1,1,1.0,0.0
G074544,35.08606736287024,128.8037703163333,0.0,0.0,1,0,1,0.5384822384689838,0.0
G074545,35.08696886000051,128.8037846641955,0.0,0.0,1,1,1,1.0,0.0
G074546,35.08787035699137,128.8037990126948,0.0,0.0,1,1,1,1.0,0.0
G074547,35.08877185384283,128.80381336183123,0.0,0.0,1,0,1,0.5384822384689838,0.0
G074548,35.08967335055486,128.8038277116049,0.0,0.0,1,1,1,1.0,0.0
G074549,35.09057484712749,128.80384206201572,0.0,0.0,1,0,1,0.5384822384689838,0.0
G074550,35.09147634356071,128.80385641306378,0.0,0.0,1,0,1,0.5384822384689838,0.0
G074555,35.09598382363545,128.80392817786367,0.0,0.0,1,1,1,1.0,0.0
G074556,35.096885319232136,128.80394253273573,0.0,0.0,1,0,1,0.5384822384689838,0.0
G074557,35.09778681468938,128.8039568882452,0.0,0.0,0,0,1,0.18356598557436246,0.0
G074558,35.0986883100072,128.8039712443922,0.0,0.0,0,0,1,0.18356598557436246,0.0
G074559,35.099589805185595,128.80398560117663,0.0,0.0,1,1,1,1.0,0.0
G074560,35.10049130022454,128.80399995859858,0.0,0.0,0,1,1,0.6450837471053786,0.0
G074561,35.101392795124056,128.80401431665808,0.0,0.0,1,0,1,0.5384822384689838,0.0
G074562,35.10229428988413,128.80402867535514,0.0,0.0,1,1,1,1.0,0.0
G074563,35.103195784504784,128.80404303468984,0.0,0.0,1,1,1,1.0,0.0
G074564,35.10409727898597,128.80405739466212,0.0,0.0,1,0,1,0.5384822384689838,0.0
G074565,35.10499877332774,128.80407175527208,0.0,0.0,1,1,1,1.0,0.0
G074566,35.105900267530046,128.80408611651973,0.0,0.0,0,0,1,0.18356598557436246,0.0
G074567,35.10680176159291,128.80410047840508,0.0,0.0,0,0,1,0.18356598557436246,0.0
G074568,35.10770325551633,128.80411484092815,0.0,0.0,1,1,1,1.0,0.0
G074569,35.108604749300284,128.804129204089,0.0,0.0,1,1,1,1.0,0.0
G074570,35.10950624294481,128.80414356788765,0.0,0.0,1,1,1,1.0,0.0
G074607,35.08425257059207,128.804838333679,0.0,0.0,1,0,1,0.5384822384689838,0.0
G074608,35.08515406760885,128.80485269232707,0.0,0.0,1,1,1,1.0,0.0
G074609,35.086055564486195,128.80486705161272,0.0,0.0,1,0,1,0.5384822384689838,0.0
G074610,35.08695706122414,128.80488141153603,0.0,0.0,1,1,1,1.0,0.0
G074611,35.08785855782266,128.80489577209698,0.0,0.0,1,1,1,1.0,0.0
G074612,35.08876005428178,128.80491013329564,0.0,0.0,1,0,1,0.5384822384689838,0.0
G074613,35.089661550601456,128.80492449513196,0.0,0.0,1,1,1,1.0,0.0
G074614,35.09056304678172,128.80493885760606,0.0,0.0,1,1,1,1.0,0.0
G074615,35.09146454282255,128.80495322071795,0.0,0.0,1,1,1,1.0,0.0
G074620,35.09597202093531,128.80502504584481,0.0,0.0,1,1,1,1.0,0.0
G074621,35.09687351613956,128.80503941278388,0.0,0.0,1,1,1,1.0,0.0
G074622,35.09777501120437,128.80505378036094,0.0,0.0,1,0,1,0.5384822384689838,0.0
G074623,35.09867650612975,128.80506814857597,0.0,0.0,0,1,1,0.6450837471053786,0.0
G074624,35.099578000915685,128.805082517429,0.0,0.0,0,1,1,0.6450837471053786,0.0
G074625,35.10047949556217,128.80509688692015,0.0,0.0,0,1,1,0.6450837471053786,0.0
G074626,35.101380990069224,128.8051112570493,0.0,0.0,1,0,1,0.5384822384689838,0.0
G074627,35.10228248443682,128.80512562781664,0.0,0.0,1,1,1,1.0,0.0
G074628,35.10318397866499,128.80513999922204,0.0,0.0,1,1,1,1.0,0.0
G074629,35.10408547275369,128.80515437126564,0.0,0.0,0,0,1,0.18356598557436246,0.0
G074630,35.104986966702945,128.80516874394743,0.0,0.0,1,1,1,1.0,0.0
G074631,35.10588846051274,128.80518311726743,0.0,0.0,1,1,1,1.0,0.0
G074632,35.10678995418308,128.80519749122567,0.0,0.0,1,0,1,0.5384822384689838,0.0
G074633,35.107691447713975,128.8052118658222,0.0,0.0,0,0,1,0.18356598557436246,0.0
G074634,35.1085929411054,128.80522624105703,0.0,0.0,1,1,1,1.0,0.0
G074635,35.10949443435737,128.80524061693018,0.0,0.0,1,0,1,0.5384822384689838,0.0
G074636,35.11039592746989,128.80525499344168,0.0,0.0,1,1,1,1.0,0.0
G074672,35.084240763077815,128.8059350442002,0.0,0.0,1,0,1,0.5384822384689838,0.0
G074673,35.08514225970194,128.8059494149083,0.0,0.0,1,1,1,1.0,0.0
G074674,35.086043756186655,128.80596378625452,0.0,0.0,1,0,1,0.5384822384689838,0.0
G074675,35.08694525253193,128.8059781582389,0.0,0.0,1,1,1,1.0,0.0
G074676,35.087846748737775,128.8059925308615,0.0,0.0,1,1,1,1.0,0.0
G074677,35.08874824480422,128.80600690412228,0.0,0.0,1,0,1,0.5384822384689838,0.0
G074678,35.08964974073121,128.80602127802135,0.0,0.0,1,1,1,1.0,0.0
G074679,35.09055123651878,128.80603565255865,0.0,0.0,1,1,1,1.0,0.0
G074680,35.0914527321669,128.8060500277343,0.0,0.0,1,1,1,1.0,0.0
G074684,35.09505871336508,128.80610753482046,0.0,0.0,1,1,1,1.0,0.0
G074685,35.09596020831601,128.806121913188,0.0,0.0,1,1,1,1.0,0.0
G074686,35.0968617031275,128.80613629219408,0.0,0.0,1,1,1,1.0,0.0
G074687,35.09776319779955,128.80615067183865,0.0,0.0,1,0,1,0.5384822384689838,0.0
G074688,35.09866469233215,128.80616505212174,0.0,0.0,1,0,1,0.5384822384689838,0.0
G074689,35.099566186725305,128.80617943304335,0.0,0.0,0,1,1,0.6450837471053786,0.0
G074690,35.10046768097901,128.8061938146036,0.0,0.0,1,1,1,1.0,0.0
G074691,35.101369175093254,128.80620819680243,0.0,0.0,1,0,1,0.5384822384689838,0.0
G074692,35.10227066906806,128.80622257963992,0.0,0.0,1,0,1,0.5384822384689838,0.0
G074693,35.103172162903405,128.80623696311608,23.08,0.23079999999999998,0,0,0,0.0,0.0
G074694,35.10407365659928,128.80625134723093,10.6,0.106,1,0,1,0.5384822384689838,0.05707911727771228
G074695,35.10497515015571,128.80626573198452,0.0,0.0,1,1,1,1.0,0.0
G074696,35.105876643572664,128.80628011737687,0.0,0.0,1,1,1,1.0,0.0
G074697,35.10677813685017,128.806294503408,0.0,0.0,1,1,1,1.0,0.0
G074698,35.1076796299882,128.80630889007793,0.0,0.0,1,0,1,0.5384822384689838,0.0
G074699,35.108581122986756,128.8063232773867,0.0,0.0,1,0,1,0.5384822384689838,0.0
G074700,35.10948261584585,128.80633766533433,0.0,0.0,1,0,1,0.5384822384689838,0.0
G074701,35.11038410856548,128.80635205392088,0.0,0.0,1,1,1,1.0,0.0
G074735,35.084228945648725,128.8070317540833,0.0,0.0,1,0,1,0.5384822384689838,0.0
G074736,35.085130441879876,128.80704613685137,0.0,0.0,1,0,1,0.5384822384689838,0.0
G074737,35.086031937971605,128.80706052025812,0.0,0.0,1,0,1,0.5384822384689838,0.0
G074738,35.08693343392389,128.8070749043036,0.0,0.0,1,0,1,0.5384822384689838,0.0
G074739,35.087834929736744,128.80708928898775,0.0,0.0,1,0,1,0.5384822384689838,0.0
G074740,35.08873642541016,128.8071036743107,0.0,0.0,1,0,1,0.5384822384689838,0.0
G074741,35.089637920944135,128.80711806027242,0.0,0.0,0,0,1,0.18356598557436246,0.0
G074742,35.090539416338686,128.80713244687297,0.0,0.0,1,1,1,1.0,0.0
G074743,35.09144091159378,128.8071468341123,0.0,0.0,1,1,1,1.0,0.0
G074747,35.09504689121972,128.80720438945878,0.0,0.0,1,1,1,1.0,0.0
G074748,35.09594838577759,128.80721877989276,0.0,0.0,1,1,1,1.0,0.0
G074749,35.096849880196,128.8072331709658,0.0,0.0,1,1,1,1.0,0.0
G074750,35.097751374474946,128.80724756267782,0.0,0.0,1,0,1,0.5384822384689838,0.0
G074751,35.098652868614444,128.80726195502893,0.0,0.0,0,0,1,0.18356598557436246,0.0
G074752,35.0995543626145,128.80727634801914,0.0,0.0,1,0,1,0.5384822384689838,0.0
G074753,35.10045585647507,128.80729074164844,0.0,0.0,0,0,1,0.18356598557436246,0.0
G074754,35.10135735019619,128.80730513591695,0.0,0.0,1,1,1,1.0,0.0
G074755,35.10225884377787,128.8073195308246,0.0,0.0,1,1,1,1.0,0.0
G074756,35.103160337220054,128.80733392637146,1.39,0.0139,0,1,1,0.6450837471053786,0.008966664084764762
G074757,35.10406183052278,128.80734832255754,4.17,0.0417,0,0,1,0.18356598557436246,0.0076547015984509146
G074758,35.10496332368605,128.8073627193829,0.0,0.0,1,0,1,0.5384822384689838,0.0
G074759,35.10586481670983,128.80737711684753,0.0,0.0,1,1,1,1.0,0.0
G074760,35.10676630959415,128.80739151495152,0.0,0.0,1,0,1,0.5384822384689838,0.0
G074761,35.107667802338995,128.80740591369482,0.0,0.0,1,0,1,0.5384822384689838,0.0
G074762,35.10856929494437,128.8074203130775,0.0,0.0,1,0,1,0.5384822384689838,0.0
G074763,35.10947078741026,128.8074347130996,0.0,0.0,1,1,1,1.0,0.0
G074796,35.084217118304814,128.80812846332776,0.0,0.0,1,0,1,0.5384822384689838,0.0
G074797,35.085118614142665,128.8081428581558,0.0,0.0,1,1,1,1.0,0.0
G074798,35.08602010984107,128.80815725362305,0.0,0.0,1,0,1,0.5384822384689838,0.0
G074799,35.086921605400036,128.80817164972953,0.0,0.0,1,1,1,1.0,0.0
G074800,35.08782310081956,128.8081860464753,0.0,0.0,1,1,1,1.0,0.0
G074801,35.088724596099645,128.80820044386033,0.0,0.0,1,0,1,0.5384822384689838,0.0
G074802,35.089626091240284,128.8082148418847,0.0,0.0,1,1,1,1.0,0.0
G074803,35.09052758624146,128.8082292405484,0.0,0.0,1,1,1,1.0,0.0
G074809,35.09593655332006,128.80831564595852,0.0,0.0,1,1,1,1.0,0.0
G074810,35.09683804734505,128.80833004909843,0.0,0.0,1,1,1,1.0,0.0
G074811,35.09773954123058,128.80834445287795,0.0,0.0,1,1,1,1.0,0.0
G074812,35.098641034976644,128.80835885729704,0.0,0.0,1,0,1,0.5384822384689838,0.0
G074813,35.09954252858326,128.80837326235576,0.0,0.0,0,0,1,0.18356598557436246,0.0
G074814,35.10044402205038,128.80838766805417,0.0,0.0,1,0,1,0.5384822384689838,0.0
G074815,35.10134551537806,128.80840207439226,20.92,0.20920000000000002,1,1,1,1.0,0.20920000000000002
G074816,35.102247008566245,128.80841648137002,1.28,0.0128,1,1,1,1.0,0.0128
G074817,35.10314850161497,128.80843088898754,0.0,0.0,1,1,1,1.0,0.0
G074818,35.10404999452422,128.80844529724487,0.0,0.0,1,1,1,1.0,0.0
G074819,35.104951487293995,128.80845970614195,0.0,0.0,1,0,1,0.5384822384689838,0.0
G074820,35.10585297992427,128.80847411567888,0.0,0.0,1,0,1,0.5384822384689838,0.0
G074821,35.10675447241508,128.80848852585567,0.0,0.0,1,0,1,0.5384822384689838,0.0
G074822,35.10765596476641,128.80850293667234,0.0,0.0,1,1,1,1.0,0.0
G074823,35.10855745697826,128.8085173481289,0.0,0.0,1,1,1,1.0,0.0
G074824,35.10945894905061,128.80853176022543,0.0,0.0,1,1,1,1.0,0.0
G074857,35.085106776490306,128.80923957882104,0.0,0.0,1,1,1,1.0,0.0
G074858,35.08600827179509,128.80925398634872,0.0,0.0,1,0,1,0.5384822384689838,0.0
G074859,35.086909766960396,128.80926839451624,0.0,0.0,1,1,1,1.0,0.0
G074860,35.08781126198627,128.80928280332353,0.0,0.0,1,1,1,1.0,0.0
G074861,35.08871275687267,128.80929721277064,0.0,0.0,1,0,1,0.5384822384689838,0.0
G074862,35.08961425161963,128.80931162285762,0.0,0.0,1,1,1,1.0,0.0
G074863,35.09051574622713,128.80932603358445,0.0,0.0,1,1,1,1.0,0.0
G074869,35.095924710943436,128.80941251138472,0.0,0.0,1,1,1,1.0,0.0
G074870,35.09682620457468,128.80942692659153,0.0,0.0,1,1,1,1.0,0.0
G074871,35.09772769806647,128.80944134243848,0.0,0.0,1,1,1,1.0,0.0
G074872,35.098629191418766,128.8094557589255,0.0,0.0,1,1,1,1.0,0.0
G074873,35.09953068463161,128.80947017605277,0.0,0.0,1,1,1,1.0,0.0
G074874,35.10043217770497,128.8094845938202,0.0,0.0,1,0,1,0.5384822384689838,0.0
G074875,35.101333670638844,128.80949901222783,8.33,0.0833,1,0,1,0.5384822384689838,0.04485557046446635
G074876,35.10223516343324,128.80951343127575,24.66,0.2466,1,0,1,0.5384822384689838,0.13278972000645142
G074877,35.10313665608816,128.80952785096392,0.0,0.0,1,0,1,0.5384822384689838,0.0
G074878,35.104038148603586,128.8095422712924,0.0,0.0,1,0,1,0.5384822384689838,0.0
G074879,35.10493964097954,128.80955669226122,0.0,0.0,1,0,1,0.5384822384689838,0.0
G074880,35.105841133215996,128.8095711138704,0.0,0.0,1,0,1,0.5384822384689838,0.0
G074881,35.106742625312975,128.80958553611995,0.0,0.0,1,1,1,1.0,0.0
G074882,35.107644117270446,128.80959995900994,0.0,0.0,1,1,1,1.0,0.0
G074916,35.08419343387259,128.81032187989862,0.0,0.0,1,0,1,0.5384822384689838,0.0
G074917,35.08509492892285,128.8103362988465,0.0,0.0,1,0,1,0.5384822384689838,0.0
G074918,35.08599642383365,128.81035071843465,0.0,0.0,1,0,1,0.5384822384689838,0.0
G074919,35.086897918604976,128.81036513866312,0.0,0.0,1,1,1,1.0,0.0
G074920,35.08779941323685,128.81037955953192,0.0,0.0,1,1,1,1.0,0.0
G074921,35.088700907729276,128.81039398104107,0.0,0.0,0,0,1,0.18356598557436246,0.0
G074922,35.08960240208223,128.81040840319062,0.0,0.0,1,1,1,1.0,0.0
G074923,35.090503896295715,128.8104228259806,0.0,0.0,1,1,1,1.0,0.0
G074931,35.097715844982616,128.81053823135883,0.0,0.0,1,1,1,1.0,0.0
G074932,35.09861733794082,128.81055265991384,0.0,0.0,1,1,1,1.0,0.0
G074934,35.10042032343882,128.810581518946,27.15,0.27149999999999996,1,0,1,0.5384822384689838,0.14619792774432908
G074935,35.10132181597858,128.8105959494232,14.58,0.1458,0,0,1,0.18356598557436246,0.02676392069674205
G074936,35.10222330837885,128.81061038054116,37.5,0.375,1,0,1,0.5384822384689838,0.20193083942586892
G074937,35.103124800639634,128.81062481229995,0.0,0.0,1,0,1,0.5384822384689838,0.0
G074938,35.10402629276093,128.8106392446996,0.0,0.0,0,0,1,0.18356598557436246,0.0
G074939,35.10492778474273,128.81065367774008,0.0,0.0,1,1,1,1.0,0.0
G074940,35.10582927658503,128.8106681114215,0.0,0.0,1,1,1,1.0,0.0
G074941,35.10673076828784,128.81068254574382,0.0,0.0,1,1,1,1.0,0.0
G074975,35.08418157678434,128.81141858722393,0.0,0.0,1,0,1,0.5384822384689838,0.0
G074976,35.0850830714403,128.8114330182317,0.0,0.0,1,0,1,0.5384822384689838,0.0
G074977,35.0859845659568,128.81144744988026,0.0,0.0,1,0,1,0.5384822384689838,0.0
G074978,35.08688606033381,128.81146188216968,0.0,0.0,1,1,1,1.0,0.0
G074979,35.08778755457137,128.81147631509995,0.0,0.0,1,1,1,1.0,0.0
G074980,35.08868904866945,128.81149074867113,30.56,0.3056,0,0,1,0.18356598557436246,0.056097765191525165
G074981,35.08959054262807,128.81150518288328,21.53,0.21530000000000002,1,1,1,1.0,0.21530000000000002
G074982,35.09049203644721,128.8115196177363,12.82,0.1282,1,1,1,1.0,0.1282
G074983,35.09139353012688,128.81153405323036,0.0,0.0,1,1,1,1.0,0.0
G074994,35.10130995139728,128.81169288597775,2.08,0.0208,1,0,1,0.5384822384689838,0.011200430560154863
G074995,35.1022114434031,128.81170732916578,0.0,0.0,1,0,1,0.5384822384689838,0.0
G074996,35.10311293526943,128.81172177299516,0.0,0.0,0,0,1,0.18356598557436246,0.0
G074997,35.104014426996244,128.81173621746592,0.0,0.0,1,0,1,0.5384822384689838,0.0
G074998,35.10491591858356,128.81175066257808,0.0,0.0,1,1,1,1.0,0.0
G074999,35.10581741003138,128.81176510833168,0.0,0.0,1,1,1,1.0,0.0
G075033,35.08416970978132,128.81251529390846,0.0,0.0,1,0,1,0.5384822384689838,0.0
G075034,35.085071204042656,128.81252973697607,0.0,0.0,1,0,1,0.5384822384689838,0.0
G075035,35.085972698164525,128.81254418068502,0.0,0.0,1,0,1,0.5384822384689838,0.0
G075036,35.086874192146915,128.81255862503536,0.0,0.0,1,0,1,0.5384822384689838,0.0
G075037,35.08777568598982,128.8125730700271,8.5,0.085,1,0,1,0.5384822384689838,0.04577099026986363
G075038,35.08867717969325,128.81258751566028,14.58,0.1458,1,0,1,0.5384822384689838,0.07851071036877784
G075039,35.0895786732572,128.81260196193492,4.14,0.0414,1,1,1,1.0,0.0414
G075040,35.090480166681665,128.81261640885106,1.83,0.0183,1,1,1,1.0,0.0183
G075041,35.09138165996664,128.8126308564087,0.0,0.0,1,1,1,1.0,0.0
G075042,35.092283153112135,128.81264530460788,0.0,0.0,1,1,1,1.0,0.0
G075053,35.102199568506016,128.81280427714904,0.0,0.0,0,0,1,0.18356598557436246,0.0
G075054,35.103101059977554,128.812818733049,0.0,0.0,1,0,1,0.5384822384689838,0.0
G075055,35.10400255130956,128.81283318959083,0.0,0.0,0,1,1,0.6450837471053786,0.0
G075056,35.10490404250208,128.81284764677463,0.0,0.0,1,1,1,1.0,0.0
G075057,35.10580553355507,128.8128621046004,0.0,0.0,1,1,1,1.0,0.0
G075058,35.10670702446855,128.81287656306816,0.0,0.0,1,1,1,1.0,0.0
G075090,35.08415783286358,128.81361199995166,0.0,0.0,1,0,1,0.5384822384689838,0.0
G075091,35.08505932672997,128.8136264550791,0.0,0.0,1,0,1,0.5384822384689838,0.0
G075092,35.085960820456876,128.81364091084842,0.0,0.0,1,0,1,0.5384822384689838,0.0
G075093,35.08686231404429,128.81365536725966,0.0,0.0,1,0,1,0.5384822384689838,0.0
G075094,35.087763807492216,128.81366982431283,20.65,0.2065,1,0,0,0.35491625289462136,0.07329020622273931
G075095,35.08866530080066,128.81368428200796,15.33,0.1533,1,0,1,0.5384822384689838,0.08254932715729521
G075096,35.08956679396962,128.8136987403451,0.0,0.0,1,1,1,1.0,0.0
G075097,35.090468286999084,128.81371319932427,0.0,0.0,1,1,1,1.0,0.0
G075098,35.09136977988904,128.81372765894548,0.0,0.0,1,1,1,1.0,0.0
G075099,35.092271272639515,128.81374211920877,0.0,0.0,1,1,1,1.0,0.0
G075109,35.10128619247169,128.81388675716238,0.0,0.0,1,0,1,0.5384822384689838,0.0
G075110,35.10218768368762,128.81390122449042,0.0,0.0,1,0,1,0.5384822384689838,0.0
G075111,35.10308917476402,128.8139156924609,0.0,0.0,1,0,1,0.5384822384689838,0.0
G075112,35.1039906657009,128.8139301610738,0.0,0.0,0,0,1,0.18356598557436246,0.0
G075113,35.10489215649828,128.81394463032922,0.0,0.0,1,1,1,1.0,0.0
G075114,35.10579364715612,128.81395910022712,0.0,0.0,1,1,1,1.0,0.0
G075115,35.10669513767444,128.81397357076756,0.0,0.0,1,1,1,1.0,0.0
G075146,35.08414594603114,128.81470870535304,0.0,0.0,1,0,1,0.5384822384689838,0.0
G075147,35.08504743950223,128.81472317254025,0.0,0.0,1,0,1,0.5384822384689838,0.0
G075148,35.08594893283385,128.8147376403699,0.0,0.0,1,0,1,0.5384822384689838,0.0
G075149,35.08685042602597,128.81475210884201,0.0,0.0,1,0,1,0.5384822384689838,0.0
G075150,35.08775191907859,128.81476657795656,0.0,0.0,1,0,1,0.5384822384689838,0.0
G075151,35.08865341199172,128.81478104771364,0.0,0.0,1,0,1,0.5384822384689838,0.0
G075152,35.08955490476535,128.81479551811324,0.0,0.0,1,1,1,1.0,0.0
G075153,35.09045639739948,128.8148099891554,0.0,0.0,1,1,1,1.0,0.0
G075154,35.091357889894105,128.81482446084019,0.0,0.0,1,1,1,1.0,0.0
G075155,35.092259382249225,128.81483893316755,0.0,0.0,1,1,1,1.0,0.0
G075156,35.09316087446485,128.81485340613756,0.0,0.0,1,1,1,1.0,0.0
G075165,35.101274298127436,128.81498369179135,0.0,0.0,1,0,0,0.35491625289462136,0.0
G075166,35.10217578894791,128.8149981711894,0.0,0.0,0,1,1,0.6450837471053786,0.0
G075167,35.10307727962887,128.81501265123038,0.0,0.0,1,0,1,0.5384822384689838,0.0
G075168,35.10397877017028,128.81502713191432,0.0,0.0,0,0,1,0.18356598557436246,0.0
G075169,35.10488026057219,128.81504161324128,0.0,0.0,1,1,1,1.0,0.0
G075170,35.10578175083455,128.8150560952113,0.0,0.0,1,1,1,1.0,0.0
G075171,35.10668324095739,128.8150705778244,0.0,0.0,1,1,1,1.0,0.0
G075202,35.085035542359485,128.815819889359,0.0,0.0,1,0,1,0.5384822384689838,0.0
G075203,35.08593703529548,128.81583436924893,0.0,0.0,1,0,1,0.5384822384689838,0.0
G075204,35.086838528091974,128.81584884978187,0.0,0.0,1,0,1,0.5384822384689838,0.0
G075205,35.08774002074895,128.81586333095782,0.0,0.0,1,0,1,0.5384822384689838,0.0
G075206,35.08864151326644,128.8158778127768,0.0,0.0,1,0,1,0.5384822384689838,0.0
G075207,35.089543005644416,128.81589229523885,0.0,0.0,1,1,1,1.0,0.0
G075208,35.09044449788288,128.815906778344,0.0,0.0,0,1,1,0.6450837471053786,0.0
G075209,35.09134598998184,128.81592126209225,0.0,0.0,1,1,1,1.0,0.0
G075210,35.09224748194128,128.81593574648366,0.0,0.0,1,1,1,1.0,0.0
G075211,35.09314897376122,128.81595023151826,0.0,0.0,1,1,1,1.0,0.0
G075213,35.09495195698254,128.81597920351712,0.0,0.0,1,1,1,1.0,0.0
G075214,35.09585344838392,128.81599369048143,0.0,0.0,1,1,1,1.0,0.0
G075215,35.096754939645784,128.81600817808902,0.0,0.0,1,1,1,1.0,0.0
G075216,35.09765643076811,128.81602266633993,0.0,0.0,1,0,1,0.5384822384689838,0.0
G075220,35.101262393862214,128.81608062577743,0.0,0.0,0,0,1,0.18356598557436246,0.0
G075221,35.10216388428692,128.8160951172454,0.0,0.0,1,0,1,0.5384822384689838,0.0
G075222,35.10306537457209,128.81610960935683,0.0,0.0,0,0,1,0.18356598557436246,0.0
G075223,35.10396686471773,128.81612410211181,0.0,0.0,0,0,1,0.18356598557436246,0.0
G075224,35.10486835472382,128.81613859551035,0.0,0.0,1,1,1,1.0,0.0
G075225,35.10576984459038,128.81615308955242,0.0,0.0,1,1,1,1.0,0.0
G075226,35.1066713343174,128.81616758423814,0.0,0.0,1,1,1,1.0,0.0
G075260,35.087728112503335,128.81696008331602,0.0,0.0,1,0,1,0.5384822384689838,0.0
G075261,35.08862960462485,128.81697457719687,0.0,0.0,1,0,1,0.5384822384689838,0.0
G075262,35.089531096606834,128.81698907172134,0.0,0.0,1,1,1,1.0,0.0
G075263,35.0904325884493,128.81700356688944,0.0,0.0,1,1,1,1.0,0.0
G075264,35.091334080152265,128.81701806270118,0.0,0.0,1,1,1,1.0,0.0
G075265,35.0922355717157,128.81703255915662,0.0,0.0,1,1,1,1.0,0.0
G075266,35.093137063139615,128.81704705625577,0.0,0.0,1,1,1,1.0,0.0
G075267,35.09403855442402,128.81706155399866,0.0,0.0,1,1,1,1.0,0.0
G075268,35.094940045568876,128.81707605238532,0.0,0.0,1,1,1,1.0,0.0
G075269,35.09584153657421,128.81709055141582,0.0,0.0,1,1,1,1.0,0.0
G075270,35.09674302744002,128.81710505109012,0.0,0.0,0,0,1,0.18356598557436246,0.0
G075271,35.0976445181663,128.81711955140827,0.0,0.0,0,1,1,0.6450837471053786,0.0
G075272,35.09854600875305,128.8171340523703,0.0,0.0,1,0,1,0.5384822384689838,0.0
G075274,35.100348989507935,128.81716305622618,2.7,0.027000000000000003,0,1,0,0.4615177615310162,0.012460979561337439
G075275,35.10125047967607,128.81717755912004,0.0,0.0,0,0,1,0.18356598557436246,0.0
G075276,35.10215196970466,128.8171920626579,0.0,0.0,1,0,1,0.5384822384689838,0.0
G075277,35.10305345959372,128.81720656683981,0.0,0.0,1,0,1,0.5384822384689838,0.0
G075278,35.10395494934323,128.81722107166576,0.0,0.0,1,0,1,0.5384822384689838,0.0
G075279,35.104856438953206,128.8172355771358,0.0,0.0,1,1,1,1.0,0.0
G075280,35.10575792842363,128.81725008324995,0.0,0.0,1,1,1,1.0,0.0
G075281,35.1066594177545,128.81726459000822,0.0,0.0,1,1,1,1.0,0.0
G075315,35.08771619434174,128.81805683503063,0.0,0.0,1,0,1,0.5384822384689838,0.0
G075316,35.08861768606694,128.81807134097335,0.0,0.0,1,0,1,0.5384822384689838,0.0
G075317,35.08951917765262,128.8180858475602,0.0,0.0,1,0,1,0.5384822384689838,0.0
G075318,35.090420669098776,128.81810035479123,0.0,0.0,0,0,1,0.18356598557436246,0.0
G075319,35.0913221604054,128.81811486266642,0.0,0.0,1,1,1,1.0,0.0
G075320,35.092223651572496,128.81812937118585,0.0,0.0,1,1,1,1.0,0.0
G075321,35.09312514260006,128.81814388034954,0.0,0.0,1,1,1,1.0,0.0
G075322,35.094026633488106,128.8181583901575,0.0,0.0,0,1,1,0.6450837471053786,0.0
G075323,35.0949281242366,128.81817290060977,0.0,0.0,1,1,1,1.0,0.0
G075324,35.09582961484556,128.81818741170636,0.0,0.0,1,1,1,1.0,0.0
G075325,35.09673110531499,128.81820192344736,0.0,0.0,0,0,1,0.18356598557436246,0.0
G075326,35.097632595644875,128.8182164358327,0.0,0.0,0,0,1,0.18356598557436246,0.0
G075327,35.098534085835226,128.8182309488625,0.0,0.0,1,0,1,0.5384822384689838,0.0
G075328,35.099435575886034,128.8182454625367,2.78,0.0278,1,1,1,1.0,0.0278
G075329,35.10033706579729,128.81825997685542,0.0,0.0,1,0,1,0.5384822384689838,0.0
G075330,35.101238555569005,128.81827449181864,0.0,0.0,0,0,1,0.18356598557436246,0.0
G075331,35.10214004520115,128.8182890074264,0.0,0.0,1,0,1,0.5384822384689838,0.0
G075332,35.10304153469378,128.8183035236787,0.0,0.0,0,1,1,0.6450837471053786,0.0
G075333,35.10394302404684,128.81831804057563,0.0,0.0,1,1,1,1.0,0.0
G075334,35.10484451326035,128.81833255811713,0.0,0.0,1,1,1,1.0,0.0
G075335,35.1057460023343,128.81834707630333,0.0,0.0,1,1,1,1.0,0.0
G075370,35.08860575759277,128.8191681041057,0.0,0.0,1,0,1,0.5384822384689838,0.0
G075371,35.08950724878179,128.8191826227549,0.0,0.0,1,0,1,0.5384822384689838,0.0
G075372,35.0904087398313,128.8191971420488,0.0,0.0,1,0,1,0.5384822384689838,0.0
G075373,35.091310230741264,128.81921166198742,0.0,0.0,1,1,1,1.0,0.0
G075374,35.092211721511696,128.81922618257084,0.0,0.0,1,1,1,1.0,0.0
G075376,35.094014702633935,128.819255225672,0.0,0.0,0,0,1,0.18356598557436246,0.0
G075377,35.09491619298574,128.81926974818987,0.0,0.0,0,0,1,0.18356598557436246,0.0
G075378,35.095817683198,128.81928427135256,0.0,0.0,1,0,1,0.5384822384689838,0.0
G075379,35.09671917327072,128.81929879516017,0.0,0.0,0,0,1,0.18356598557436246,0.0
G075380,35.097620663203884,128.8193133196127,0.0,0.0,1,1,1,1.0,0.0
G075381,35.0985221529975,128.8193278447102,0.0,0.0,1,0,1,0.5384822384689838,0.0
G075382,35.09942364265157,128.8193423704527,0.0,0.0,0,0,1,0.18356598557436246,0.0
G075383,35.100325132166084,128.81935689684016,0.0,0.0,1,0,1,0.5384822384689838,0.0
G075384,35.10122662154104,128.8193714238727,0.0,0.0,1,1,1,1.0,0.0
G075385,35.102128110776434,128.81938595155032,0.0,0.0,1,0,1,0.5384822384689838,0.0
G075386,35.103029599872286,128.81940047987302,0.0,0.0,1,1,1,1.0,0.0
G075387,35.10393108882857,128.81941500884085,0.0,0.0,1,1,1,1.0,0.0
G075388,35.10483257764529,128.81942953845385,0.0,0.0,1,1,1,1.0,0.0
G075389,35.10573406632245,128.81944406871202,0.0,0.0,1,1,1,1.0,0.0
G075430,35.09400276186153,128.82035206054167,0.0,0.0,1,1,1,1.0,0.0
G075431,35.09490425181631,128.82036659512505,0.0,0.0,1,1,1,1.0,0.0
G075432,35.095805741631544,128.82038113035384,0.0,0.0,1,0,1,0.5384822384689838,0.0
G075433,35.09670723130722,128.82039566622808,0.0,0.0,0,0,1,0.18356598557436246,0.0
G075434,35.09760872084333,128.82041020274775,0.0,0.0,1,0,1,0.5384822384689838,0.0
G075435,35.09851021023989,128.82042473991294,0.0,0.0,1,0,1,0.5384822384689838,0.0
G075436,35.09941169949689,128.82043927772364,0.0,0.0,1,1,1,1.0,0.0
G075437,35.10031318861432,128.82045381617988,0.0,0.0,1,0,1,0.5384822384689838,0.0
G075438,35.1012146775922,128.82046835528172,0.0,0.0,1,0,1,0.5384822384689838,0.0
G075439,35.10211616643051,128.82048289502913,0.0,0.0,1,0,1,0.5384822384689838,0.0
G075440,35.10301765512925,128.82049743542223,0.0,0.0,1,1,1,1.0,0.0
G075441,35.10391914368842,128.82051197646092,0.0,0.0,1,1,1,1.0,0.0
G075442,35.10482063210803,128.82052651814536,0.0,0.0,1,1,1,1.0,0.0
G075443,35.10572212038805,128.8205410604755,0.0,0.0,1,1,1,1.0,0.0
G075482,35.093990811170904,128.82144889476598,0.0,0.0,1,1,1,1.0,0.0
G075483,35.094892300728326,128.82146344141486,0.0,0.0,1,1,1,1.0,0.0
G075484,35.095793790146196,128.82147798870972,0.0,0.0,1,1,1,1.0,0.0
G075485,35.0966952794245,128.8214925366505,0.0,0.0,1,1,1,1.0,0.0
G075486,35.097596768563236,128.82150708523733,0.0,0.0,1,1,0,0.8164340144256376,0.0
G075487,35.098498257562404,128.82152163447014,0.0,0.0,1,0,1,0.5384822384689838,0.0
G075489,35.10030123514204,128.821550734874,0.0,0.0,0,0,1,0.18356598557436246,0.0
G075490,35.10120272372249,128.82156528604511,0.0,0.0,0,0,1,0.18356598557436246,0.0
G075491,35.10210421216339,128.82157983786234,0.0,0.0,1,0,1,0.5384822384689838,0.0
G075492,35.10300570046469,128.82159439032574,0.0,0.0,1,1,1,1.0,0.0
G075493,35.10390718862643,128.8216089434353,0.0,0.0,1,1,1,1.0,0.0
G075494,35.10480867664859,128.82162349719115,0.0,0.0,1,1,1,1.0,0.0
G075534,35.09488033972182,128.82256028705874,0.0,0.0,1,1,1,1.0,0.0
G075535,35.09578182874199,128.8225748464196,0.0,0.0,1,1,1,1.0,0.0
G075536,35.096683317622585,128.82258940642697,0.0,0.0,1,1,1,1.0,0.0
G075537,35.09758480636362,128.82260396708085,0.0,0.0,1,1,1,1.0,0.0
G075542,35.102092247975094,128.82267678004936,0.0,0.0,1,0,1,0.5384822384689838,0.0
G075543,35.10299373587864,128.82269134458306,0.0,0.0,1,1,1,1.0,0.0
