{
"type": "FeatureCollection",
"name": "risk_grid_colab",
"crs": { "type": "name", "properties": { "name": "urn:ogc:def:crs:OGC:1.3:CRS84" } },
"xy_coordinate_resolution": 1e-06,
"features": [
{ "type": "Feature", "properties": { "grid_id": "G001365", "child_risk_pct": 0.0, "elderly_risk_pct": 3.47 }, "geometry": { "type": "Polygon", "coordinates": [ [ [ 128.375881, 35.130039 ], [ 128.375891, 35.13094 ], [ 128.374793, 35.130948 ], [ 128.374784, 35.130047 ], [ 128.375881, 35.130039 ] ] ] } },
{ "type": "Feature", "properties": { "grid_id": "G001366", "child_risk_pct": 0.0, "elderly_risk_pct": 0.69 }, "geometry": { "type": "Polygon", "coordinates": [ [ [ 128.375891, 35.13094 ], [ 128.3759, 35.131842 ], [ 128.374803, 35.13185 ], [ 128.374793, 35.130948 ], [ 128.375891, 35.13094 ] ] ] } },
{ "type": "Feature", "properties": { "grid_id": "G001371", "child_risk_pct": 0.0, "elderly_risk_pct": 5.03 }, "geometry": { "type": "Polygon", "coordinates": [ [ [ 128.375939, 35.135448 ], [ 128.375949, 35.13635 ], [ 128.374851, 35.136358 ], [ 128.374841, 35.135456 ], [ 128.375939, 35.135448 ] ] ] } },
{ "type": "Feature", "properties": { "grid_id": "G001372", "child_risk_pct": 0.0, "elderly_risk_pct": 8.97 }, "geometry": { "type": "Polygon", "coordinates": [ [ [ 128.375949, 35.13635 ], [ 128.375958, 35.137252 ], [ 128.374861, 35.13726 ], [ 128.374851, 35.136358 ], [ 128.375949, 35.13635 ] ] ] } },
{ "type": "Feature", "properties": { "grid_id": "G001460", "child_risk_pct": 0.0, "elderly_risk_pct": 20.83 }, "geometry": { "type": "Polygon", "coordinates": [ [ [ 128.376979, 35.130031 ], [ 128.376988, 35.130932 ], [ 128.375891, 35.13094 ], [ 128.375881, 35.130039 ], [ 128.376979, 35.130031 ] ] ] } },
{ "type": "Feature", "properties": { "grid_id": "G001461", "child_risk_pct": 0.0, "elderly_risk_pct": 13.19 }, "geometry": { "type": "Polygon", "coordinates": [ [ [ 128.376988, 35.130932 ], [ 128.376998, 35.131834 ], [ 128.3759, 35.131842 ], [ 128.375891, 35.13094 ], [ 128.376988, 35.130932 ] ] ] } },
{ "type": "Feature", "properties": { "grid_id": "G001482", "child_risk_pct": 0.0, "elderly_risk_pct": 2.78 }, "geometry": { "type": "Polygon", "coordinates": [ [ [ 128.377191, 35.149866 ], [ 128.377201, 35.150768 ], [ 128.376103, 35.150776 ], [ 128.376094, 35.149874 ], [ 128.377191, 35.149866 ] ] ] } },
{ "type": "Feature", "properties": { "grid_id": "G001483", "child_risk_pct": 0.0, "elderly_risk_pct": 3.95 }, "geometry": { "type": "Polygon", "coordinates": [ [ [ 128.377201, 35.150768 ], [ 128.377211, 35.15167 ], [ 128.376113, 35.151678 ], [ 128.376103, 35.150776 ], [ 128.377201, 35.150768 ] ] ] } },
{ "type": "Feature", "properties": { "grid_id": "G001562", "child_risk_pct": 0.0, "elderly_risk_pct": 1.37 }, "geometry": { "type": "Polygon", "coordinates": [ [ [ 128.378076, 35.130023 ], [ 128.378086, 35.130924 ], [ 128.376988, 35.130932 ], [ 128.376979, 35.130031 ], [ 128.378076, 35.130023 ] ] ] } },
{ "type": "Feature", "properties": { "grid_id": "G001585", "child_risk_pct": 0.0, "elderly_risk_pct": 2.7 }, "geometry": { "type": "Polygon", "coordinates": [ [ [ 128.378299, 35.15076 ], [ 128.378308, 35.151662 ], [ 128.377211, 35.15167 ], [ 128.377201, 35.150768 ], [ 128.378299, 35.15076 ] ] ] } },
{ "type": "Feature", "properties": { "grid_id": "G003022", "child_risk_pct": 0.0, "elderly_risk_pct": 2.08 }, "geometry": { "type": "Polygon", "coordinates": [ [ [ 128.392225, 35.119099 ], [ 128.392235, 35.120001 ], [ 128.391138, 35.120009 ], [ 128.391128, 35.119107 ], [ 128.392225, 35.119099 ] ] ] } },
{ "type": "Feature", "properties": { "grid_id": "G003152", "child_risk_pct": 0.0, "elderly_risk_pct": 22.92 }, "geometry": { "type": "Polygon", "coordinates": [ [ [ 128.393323, 35.119091 ], [ 128.393332, 35.119993 ], [ 128.392235, 35.120001 ], [ 128.392225, 35.119099 ], [ 128.393323, 35.119091 ] ] ] } },
{ "type": "Feature", "properties": { "grid_id": "G005512", "child_risk_pct": 0.0, "elderly_risk_pct": 1.39 }, "geometry": { "type": "Polygon", "coordinates": [ [ [ 128.416164, 35.100887 ], [ 128.416175, 35.101788 ], [ 128.415077, 35.101797 ], [ 128.415067, 35.100895 ], [ 128.416164, 35.100887 ] ] ] } },
{ "type": "Feature", "properties": { "grid_id": "G005513", "child_risk_pct": 0.0, "elderly_risk_pct": 21.15 }, "geometry": { "type": "Polygon", "coordinates": [ [ [ 128.416175, 35.101788 ], [ 128.416185, 35.10269 ], [ 128.415088, 35.102698 ], [ 128.415077, 35.101797 ], [ 128.416175, 35.101788 ] ] ] } },
{ "type": "Feature", "properties": { "grid_id": "G005599", "child_risk_pct": 0.0, "elderly_risk_pct": 2.04 }, "geometry": { "type": "Polygon", "coordinates": [ [ [ 128.417262, 35.100879 ], [ 128.417272, 35.10178 ], [ 128.416175, 35.101788 ], [ 128.416164, 35.100887 ], [ 128.417262, 35.100879 ] ] ] } },
{ "type": "Feature", "properties": { "grid_id": "G005600", "child_risk_pct": 0.0, "elderly_risk_pct": 14.01 }, "geometry": { "type": "Polygon", "coordinates": [ [ [ 128.417272, 35.10178 ], [ 128.417282, 35.102682 ], [ 128.416185, 35.10269 ], [ 128.416175, 35.101788 ], [ 128.417272, 35.10178 ] ] ] } },
{ "type": "Feature", "properties": { "grid_id": "G005610", "child_risk_pct": 0.0, "elderly_risk_pct": 2.65 }, "geometry": { "type": "Polygon", "coordinates": [ [ [ 128.417373, 35.110796 ], [ 128.417383, 35.111698 ], [ 128.416286, 35.111706 ], [ 128.416275, 35.110805 ], [ 128.417373, 35.110796 ] ] ] } },
{ "type": "Feature", "properties": { "grid_id": "G005687", "child_risk_pct": 0.0, "elderly_risk_pct": 8.5 }, "geometry": { "type": "Polygon", "coordinates": [ [ [ 128.418359, 35.10087 ], [ 128.418369, 35.101772 ], [ 128.417272, 35.10178 ], [ 128.417262, 35.100879 ], [ 128.418359, 35.10087 ] ] ] } },
{ "type": "Feature", "properties": { "grid_id": "G005688", "child_risk_pct": 0.0, "elderly_risk_pct": 20.83 }, "geometry": { "type": "Polygon", "coordinates": [ [ [ 128.418369, 35.101772 ], [ 128.418379, 35.102673 ], [ 128.417282, 35.102682 ], [ 128.417272, 35.10178 ], [ 128.418369, 35.101772 ] ] ] } },
{ "type": "Feature", "properties": { "grid_id": "G005698", "child_risk_pct": 0.0, "elderly_risk_pct": 6.94 }, "geometry": { "type": "Polygon", "coordinates": [ [ [ 128.41847, 35.110788 ], [ 128.41848, 35.11169 ], [ 128.417383, 35.111698 ], [ 128.417373, 35.110796 ], [ 128.41847, 35.110788 ] ] ] } },
{ "type": "Feature", "properties": { "grid_id": "G005776", "child_risk_pct": 0.0, "elderly_risk_pct": 3.47 }, "geometry": { "type": "Polygon", "coordinates": [ [ [ 128.419456, 35.100862 ], [ 128.419466, 35.101764 ], [ 128.418369, 35.101772 ], [ 128.418359, 35.10087 ], [ 128.419456, 35.100862 ] ] ] } },
{ "type": "Feature", "properties": { "grid_id": "G005777", "child_risk_pct": 0.0, "elderly_risk_pct": 2.78 }, "geometry": { "type": "Polygon", "coordinates": [ [ [ 128.419466, 35.101764 ], [ 128.419476, 35.102665 ], [ 128.418379, 35.102673 ], [ 128.418369, 35.101772 ], [ 128.419466, 35.101764 ] ] ] } },
{ "type": "Feature", "properties": { "grid_id": "G007100", "child_risk_pct": 0.0, "elderly_risk_pct": 16.67 }, "geometry": { "type": "Polygon", "coordinates": [ [ [ 128.433248, 35.155759 ], [ 128.433258, 35.156661 ], [ 128.43216, 35.156669 ], [ 128.43215, 35.155768 ], [ 128.433248, 35.155759 ] ] ] } },
{ "type": "Feature", "properties": { "grid_id": "G007101", "child_risk_pct": 0.0, "elderly_risk_pct": 10.26 }, "geometry": { "type": "Polygon", "coordinates": [ [ [ 128.433258, 35.156661 ], [ 128.433268, 35.157562 ], [ 128.432171, 35.157571 ], [ 128.43216, 35.156669 ], [ 128.433258, 35.156661 ] ] ] } },
{ "type": "Feature", "properties": { "grid_id": "G008882", "child_risk_pct": 0.0, "elderly_risk_pct": 1.3 }, "geometry": { "type": "Polygon", "coordinates": [ [ [ 128.450676, 35.143902 ], [ 128.450687, 35.144804 ], [ 128.449589, 35.144812 ], [ 128.449579, 35.143911 ], [ 128.450676, 35.143902 ] ] ] } },
{ "type": "Feature", "properties": { "grid_id": "G008954", "child_risk_pct": 0.0, "elderly_risk_pct": 8.28 }, "geometry": { "type": "Polygon", "coordinates": [ [ [ 128.451334, 35.106026 ], [ 128.451344, 35.106928 ], [ 128.450247, 35.106936 ], [ 128.450236, 35.106035 ], [ 128.451334, 35.106026 ] ] ] } },
{ "type": "Feature", "properties": { "grid_id": "G008995", "child_risk_pct": 0.0, "elderly_risk_pct": 4.52 }, "geometry": { "type": "Polygon", "coordinates": [ [ [ 128.451764, 35.142992 ], [ 128.451774, 35.143893 ], [ 128.450676, 35.143902 ], [ 128.450666, 35.143 ], [ 128.451764, 35.142992 ] ] ] } },
{ "type": "Feature", "properties": { "grid_id": "G008996", "child_risk_pct": 0.0, "elderly_risk_pct": 10.71 }, "geometry": { "type": "Polygon", "coordinates": [ [ [ 128.451774, 35.143893 ], [ 128.451785, 35.144795 ], [ 128.450687, 35.144804 ], [ 128.450676, 35.143902 ], [ 128.451774, 35.143893 ] ] ] } },
{ "type": "Feature", "properties": { "grid_id": "G009064", "child_risk_pct": 0.0, "elderly_risk_pct": 2.08 }, "geometry": { "type": "Polygon", "coordinates": [ [ [ 128.452431, 35.106017 ], [ 128.452441, 35.106919 ], [ 128.451344, 35.106928 ], [ 128.451334, 35.106026 ], [ 128.452431, 35.106017 ] ] ] } },
{ "type": "Feature", "properties": { "grid_id": "G010074", "child_risk_pct": 0.0, "elderly_risk_pct": 1.92 }, "geometry": { "type": "Polygon", "coordinates": [ [ [ 128.462634, 35.133889 ], [ 128.462644, 35.134791 ], [ 128.461547, 35.134799 ], [ 128.461536, 35.133898 ], [ 128.462634, 35.133889 ] ] ] } },
{ "type": "Feature", "properties": { "grid_id": "G010150", "child_risk_pct": 0.0, "elderly_risk_pct": 25.64 }, "geometry": { "type": "Polygon", "coordinates": [ [ [ 128.463179, 35.086997 ], [ 128.46319, 35.087899 ], [ 128.462093, 35.087907 ], [ 128.462082, 35.087006 ], [ 128.463179, 35.086997 ] ] ] } },
{ "type": "Feature", "properties": { "grid_id": "G010186", "child_risk_pct": 0.0, "elderly_risk_pct": 15.97 }, "geometry": { "type": "Polygon", "coordinates": [ [ [ 128.463731, 35.13388 ], [ 128.463742, 35.134782 ], [ 128.462644, 35.134791 ], [ 128.462634, 35.133889 ], [ 128.463731, 35.13388 ] ] ] } },
{ "type": "Feature", "properties": { "grid_id": "G010187", "child_risk_pct": 0.0, "elderly_risk_pct": 0.64 }, "geometry": { "type": "Polygon", "coordinates": [ [ [ 128.463742, 35.134782 ], [ 128.463752, 35.135684 ], [ 128.462655, 35.135692 ], [ 128.462644, 35.134791 ], [ 128.463742, 35.134782 ] ] ] } },
{ "type": "Feature", "properties": { "grid_id": "G010402", "child_risk_pct": 0.0, "elderly_risk_pct": 13.19 }, "geometry": { "type": "Polygon", "coordinates": [ [ [ 128.465852, 35.127552 ], [ 128.465862, 35.128453 ], [ 128.464765, 35.128462 ], [ 128.464754, 35.12756 ], [ 128.465852, 35.127552 ] ] ] } },
{ "type": "Feature", "properties": { "grid_id": "G010403", "child_risk_pct": 0.0, "elderly_risk_pct": 3.33 }, "geometry": { "type": "Polygon", "coordinates": [ [ [ 128.465862, 35.128453 ], [ 128.465873, 35.129355 ], [ 128.464776, 35.129364 ], [ 128.464765, 35.128462 ], [ 128.465862, 35.128453 ] ] ] } },
{ "type": "Feature", "properties": { "grid_id": "G010459", "child_risk_pct": 0.0, "elderly_risk_pct": 8.33 }, "geometry": { "type": "Polygon", "coordinates": [ [ [ 128.466459, 35.178942 ], [ 128.46647, 35.179844 ], [ 128.465372, 35.179853 ], [ 128.465361, 35.178951 ], [ 128.466459, 35.178942 ] ] ] } },
{ "type": "Feature", "properties": { "grid_id": "G010460", "child_risk_pct": 0.0, "elderly_risk_pct": 11.11 }, "geometry": { "type": "Polygon", "coordinates": [ [ [ 128.46647, 35.179844 ], [ 128.466481, 35.180746 ], [ 128.465382, 35.180754 ], [ 128.465372, 35.179853 ], [ 128.46647, 35.179844 ] ] ] } },
{ "type": "Feature", "properties": { "grid_id": "G010478", "child_risk_pct": 0.0, "elderly_risk_pct": 4.86 }, "geometry": { "type": "Polygon", "coordinates": [ [ [ 128.46663, 35.100495 ], [ 128.46664, 35.101397 ], [ 128.465543, 35.101405 ], [ 128.465533, 35.100504 ], [ 128.46663, 35.100495 ] ] ] } },
{ "type": "Feature", "properties": { "grid_id": "G010508", "child_risk_pct": 0.0, "elderly_risk_pct": 3.21 }, "geometry": { "type": "Polygon", "coordinates": [ [ [ 128.466949, 35.127543 ], [ 128.46696, 35.128445 ], [ 128.465862, 35.128453 ], [ 128.465852, 35.127552 ], [ 128.466949, 35.127543 ] ] ] } },
{ "type": "Feature", "properties": { "grid_id": "G010565", "child_risk_pct": 0.0, "elderly_risk_pct": 1.32 }, "geometry": { "type": "Polygon", "coordinates": [ [ [ 128.467557, 35.178934 ], [ 128.467568, 35.179835 ], [ 128.46647, 35.179844 ], [ 128.466459, 35.178942 ], [ 128.467557, 35.178934 ] ] ] } },
{ "type": "Feature", "properties": { "grid_id": "G010566", "child_risk_pct": 0.0, "elderly_risk_pct": 2.68 }, "geometry": { "type": "Polygon", "coordinates": [ [ [ 128.467568, 35.179835 ], [ 128.467579, 35.180737 ], [ 128.466481, 35.180746 ], [ 128.46647, 35.179844 ], [ 128.467568, 35.179835 ] ] ] } },
{ "type": "Feature", "properties": { "grid_id": "G010584", "child_risk_pct": 0.0, "elderly_risk_pct": 16.67 }, "geometry": { "type": "Polygon", "coordinates": [ [ [ 128.467727, 35.100486 ], [ 128.467737, 35.101388 ], [ 128.46664, 35.101397 ], [ 128.46663, 35.100495 ], [ 128.467727, 35.100486 ] ] ] } },
{ "type": "Feature", "properties": { "grid_id": "G010599", "child_risk_pct": 0.0, "elderly_risk_pct": 19.44 }, "geometry": { "type": "Polygon", "coordinates": [ [ [ 128.467887, 35.11401 ], [ 128.467897, 35.114912 ], [ 128.4668, 35.114921 ], [ 128.466789, 35.114019 ], [ 128.467887, 35.11401 ] ] ] } },
{ "type": "Feature", "properties": { "grid_id": "G010600", "child_risk_pct": 0.0, "elderly_risk_pct": 17.36 }, "geometry": { "type": "Polygon", "coordinates": [ [ [ 128.467897, 35.114912 ], [ 128.467908, 35.115813 ], [ 128.466811, 35.115822 ], [ 128.4668, 35.114921 ], [ 128.467897, 35.114912 ] ] ] } },
{ "type": "Feature", "properties": { "grid_id": "G010689", "child_risk_pct": 0.0, "elderly_risk_pct": 4.46 }, "geometry": { "type": "Polygon", "coordinates": [ [ [ 128.468824, 35.100477 ], [ 128.468834, 35.101379 ], [ 128.467737, 35.101388 ], [ 128.467727, 35.100486 ], [ 128.468824, 35.100477 ] ] ] } },
{ "type": "Feature", "properties": { "grid_id": "G010690", "child_risk_pct": 0.0, "elderly_risk_pct": 0.64 }, "geometry": { "type": "Polygon", "coordinates": [ [ [ 128.468834, 35.101379 ], [ 128.468845, 35.102281 ], [ 128.467748, 35.102289 ], [ 128.467737, 35.101388 ], [ 128.468834, 35.101379 ] ] ] } },
{ "type": "Feature", "properties": { "grid_id": "G010704", "child_risk_pct": 0.0, "elderly_risk_pct": 15.23 }, "geometry": { "type": "Polygon", "coordinates": [ [ [ 128.468984, 35.114001 ], [ 128.468994, 35.114903 ], [ 128.467897, 35.114912 ], [ 128.467887, 35.11401 ], [ 128.468984, 35.114001 ] ] ] } },
{ "type": "Feature", "properties": { "grid_id": "G010705", "child_risk_pct": 0.0, "elderly_risk_pct": 0.69 }, "geometry": { "type": "Polygon", "coordinates": [ [ [ 128.468994, 35.114903 ], [ 128.469005, 35.115805 ], [ 128.467908, 35.115813 ], [ 128.467897, 35.114912 ], [ 128.468994, 35.114903 ] ] ] } },
{ "type": "Feature", "properties": { "grid_id": "G011021", "child_risk_pct": 0.0, "elderly_risk_pct": 4.17 }, "geometry": { "type": "Polygon", "coordinates": [ [ [ 128.472308, 35.11668 ], [ 128.472318, 35.117581 ], [ 128.471221, 35.11759 ], [ 128.47121, 35.116689 ], [ 128.472308, 35.11668 ] ] ] } },
{ "type": "Feature", "properties": { "grid_id": "G011022", "child_risk_pct": 0.0, "elderly_risk_pct": 17.57 }, "geometry": { "type": "Polygon", "coordinates": [ [ [ 128.472318, 35.117581 ], [ 128.472329, 35.118483 ], [ 128.471232, 35.118492 ], [ 128.471221, 35.11759 ], [ 128.472318, 35.117581 ] ] ] } },
{ "type": "Feature", "properties": { "grid_id": "G011128", "child_risk_pct": 0.0, "elderly_risk_pct": 0.64 }, "geometry": { "type": "Polygon", "coordinates": [ [ [ 128.473416, 35.117573 ], [ 128.473426, 35.118474 ], [ 128.472329, 35.118483 ], [ 128.472318, 35.117581 ], [ 128.473416, 35.117573 ] ] ] } },
{ "type": "Feature", "properties": { "grid_id": "G011653", "child_risk_pct": 0.0, "elderly_risk_pct": 7.48 }, "geometry": { "type": "Polygon", "coordinates": [ [ [ 128.477762, 35.113931 ], [ 128.477772, 35.114833 ], [ 128.476675, 35.114841 ], [ 128.476664, 35.11394 ], [ 128.477762, 35.113931 ] ] ] } },
{ "type": "Feature", "properties": { "grid_id": "G011654", "child_risk_pct": 0.0, "elderly_risk_pct": 2.08 }, "geometry": { "type": "Polygon", "coordinates": [ [ [ 128.477772, 35.114833 ], [ 128.477783, 35.115734 ], [ 128.476686, 35.115743 ], [ 128.476675, 35.114841 ], [ 128.477772, 35.114833 ] ] ] } },
{ "type": "Feature", "properties": { "grid_id": "G011799", "child_risk_pct": 0.0, "elderly_risk_pct": 24.36 }, "geometry": { "type": "Polygon", "coordinates": [ [ [ 128.478859, 35.113922 ], [ 128.47887, 35.114824 ], [ 128.477772, 35.114833 ], [ 128.477762, 35.113931 ], [ 128.478859, 35.113922 ] ] ] } },
{ "type": "Feature", "properties": { "grid_id": "G011800", "child_risk_pct": 0.0, "elderly_risk_pct": 2.08 }, "geometry": { "type": "Polygon", "coordinates": [ [ [ 128.47887, 35.114824 ], [ 128.47888, 35.115725 ], [ 128.477783, 35.115734 ], [ 128.477772, 35.114833 ], [ 128.47887, 35.114824 ] ] ] } },
{ "type": "Feature", "properties": { "grid_id": "G012241", "child_risk_pct": 0.0, "elderly_risk_pct": 3.95 }, "geometry": { "type": "Polygon", "coordinates": [ [ [ 128.48214, 35.112994 ], [ 128.482151, 35.113895 ], [ 128.481053, 35.113904 ], [ 128.481043, 35.113003 ], [ 128.48214, 35.112994 ] ] ] } },
{ "type": "Feature", "properties": { "grid_id": "G012242", "child_risk_pct": 0.0, "elderly_risk_pct": 9.03 }, "geometry": { "type": "Polygon", "coordinates": [ [ [ 128.482151, 35.113895 ], [ 128.482161, 35.114797 ], [ 128.481064, 35.114806 ], [ 128.481053, 35.113904 ], [ 128.482151, 35.113895 ] ] ] } },
{ "type": "Feature", "properties": { "grid_id": "G012392", "child_risk_pct": 0.0, "elderly_risk_pct": 4.86 }, "geometry": { "type": "Polygon", "coordinates": [ [ [ 128.483237, 35.112985 ], [ 128.483248, 35.113887 ], [ 128.482151, 35.113895 ], [ 128.48214, 35.112994 ], [ 128.483237, 35.112985 ] ] ] } },
{ "type": "Feature", "properties": { "grid_id": "G012393", "child_risk_pct": 0.0, "elderly_risk_pct": 22.22 }, "geometry": { "type": "Polygon", "coordinates": [ [ [ 128.483248, 35.113887 ], [ 128.483259, 35.114788 ], [ 128.482161, 35.114797 ], [ 128.482151, 35.113895 ], [ 128.483248, 35.113887 ] ] ] } },
{ "type": "Feature", "properties": { "grid_id": "G012862", "child_risk_pct": 0.0, "elderly_risk_pct": 13.1 }, "geometry": { "type": "Polygon", "coordinates": [ [ [ 128.486529, 35.112958 ], [ 128.48654, 35.11386 ], [ 128.485442, 35.113869 ], [ 128.485431, 35.112967 ], [ 128.486529, 35.112958 ] ] ] } },
{ "type": "Feature", "properties": { "grid_id": "G012863", "child_risk_pct": 0.0, "elderly_risk_pct": 22.73 }, "geometry": { "type": "Polygon", "coordinates": [ [ [ 128.48654, 35.11386 ], [ 128.48655, 35.114761 ], [ 128.485453, 35.11477 ], [ 128.485442, 35.113869 ], [ 128.48654, 35.11386 ] ] ] } },
{ "type": "Feature", "properties": { "grid_id": "G012867", "child_risk_pct": 0.0, "elderly_risk_pct": 10.42 }, "geometry": { "type": "Polygon", "coordinates": [ [ [ 128.486583, 35.117466 ], [ 128.486594, 35.118368 ], [ 128.485497, 35.118377 ], [ 128.485486, 35.117475 ], [ 128.486583, 35.117466 ] ] ] } },
{ "type": "Feature", "properties": { "grid_id": "G012868", "child_risk_pct": 0.0, "elderly_risk_pct": 5.56 }, "geometry": { "type": "Polygon", "coordinates": [ [ [ 128.486594, 35.118368 ], [ 128.486605, 35.119269 ], [ 128.485507, 35.119278 ], [ 128.485497, 35.118377 ], [ 128.486594, 35.118368 ] ] ] } },
{ "type": "Feature", "properties": { "grid_id": "G013023", "child_risk_pct": 0.0, "elderly_risk_pct": 13.46 }, "geometry": { "type": "Polygon", "coordinates": [ [ [ 128.487615, 35.112048 ], [ 128.487626, 35.112949 ], [ 128.486529, 35.112958 ], [ 128.486518, 35.112057 ], [ 128.487615, 35.112048 ] ] ] } },
{ "type": "Feature", "properties": { "grid_id": "G013024", "child_risk_pct": 0.0, "elderly_risk_pct": 15.86 }, "geometry": { "type": "Polygon", "coordinates": [ [ [ 128.487626, 35.112949 ], [ 128.487637, 35.113851 ], [ 128.48654, 35.11386 ], [ 128.486529, 35.112958 ], [ 128.487626, 35.112949 ] ] ] } },
{ "type": "Feature", "properties": { "grid_id": "G013025", "child_risk_pct": 0.64, "elderly_risk_pct": 6.41 }, "geometry": { "type": "Polygon", "coordinates": [ [ [ 128.487637, 35.113851 ], [ 128.487648, 35.114752 ], [ 128.48655, 35.114761 ], [ 128.48654, 35.11386 ], [ 128.487637, 35.113851 ] ] ] } },
{ "type": "Feature", "properties": { "grid_id": "G013029", "child_risk_pct": 0.0, "elderly_risk_pct": 18.92 }, "geometry": { "type": "Polygon", "coordinates": [ [ [ 128.48768, 35.117457 ], [ 128.487691, 35.118359 ], [ 128.486594, 35.118368 ], [ 128.486583, 35.117466 ], [ 128.48768, 35.117457 ] ] ] } },
{ "type": "Feature", "properties": { "grid_id": "G013030", "child_risk_pct": 0.0, "elderly_risk_pct": 12.67 }, "geometry": { "type": "Polygon", "coordinates": [ [ [ 128.487691, 35.118359 ], [ 128.487702, 35.11926 ], [ 128.486605, 35.119269 ], [ 128.486594, 35.118368 ], [ 128.487691, 35.118359 ] ] ] } },
{ "type": "Feature", "properties": { "grid_id": "G013031", "child_risk_pct": 0.0, "elderly_risk_pct": 24.36 }, "geometry": { "type": "Polygon", "coordinates": [ [ [ 128.487702, 35.11926 ], [ 128.487713, 35.120162 ], [ 128.486616, 35.120171 ], [ 128.486605, 35.119269 ], [ 128.487702, 35.11926 ] ] ] } },
{ "type": "Feature", "properties": { "grid_id": "G013032", "child_risk_pct": 19.38, "elderly_risk_pct": 16.88 }, "geometry": { "type": "Polygon", "coordinates": [ [ [ 128.487713, 35.120162 ], [ 128.487724, 35.121064 ], [ 128.486626, 35.121073 ], [ 128.486616, 35.120171 ], [ 128.487713, 35.120162 ] ] ] } },
{ "type": "Feature", "properties": { "grid_id": "G013033", "child_risk_pct": 11.81, "elderly_risk_pct": 11.81 }, "geometry": { "type": "Polygon", "coordinates": [ [ [ 128.487724, 35.121064 ], [ 128.487735, 35.121965 ], [ 128.486637, 35.121974 ], [ 128.486626, 35.121073 ], [ 128.487724, 35.121064 ] ] ] } },
{ "type": "Feature", "properties": { "grid_id": "G013187", "child_risk_pct": 1.39, "elderly_risk_pct": 0.0 }, "geometry": { "type": "Polygon", "coordinates": [ [ [ 128.488723, 35.11294 ], [ 128.488734, 35.113842 ], [ 128.487637, 35.113851 ], [ 128.487626, 35.112949 ], [ 128.488723, 35.11294 ] ] ] } },
{ "type": "Feature", "properties": { "grid_id": "G013188", "child_risk_pct": 33.97, "elderly_risk_pct": 0.0 }, "geometry": { "type": "Polygon", "coordinates": [ [ [ 128.488734, 35.113842 ], [ 128.488745, 35.114744 ], [ 128.487648, 35.114752 ], [ 128.487637, 35.113851 ], [ 128.488734, 35.113842 ] ] ] } },
{ "type": "Feature", "properties": { "grid_id": "G013194", "child_risk_pct": 0.0, "elderly_risk_pct": 22.92 }, "geometry": { "type": "Polygon", "coordinates": [ [ [ 128.488799, 35.119252 ], [ 128.48881, 35.120153 ], [ 128.487713, 35.120162 ], [ 128.487702, 35.11926 ], [ 128.488799, 35.119252 ] ] ] } },
{ "type": "Feature", "properties": { "grid_id": "G013195", "child_risk_pct": 19.59, "elderly_risk_pct": 22.97 }, "geometry": { "type": "Polygon", "coordinates": [ [ [ 128.48881, 35.120153 ], [ 128.488821, 35.121055 ], [ 128.487724, 35.121064 ], [ 128.487713, 35.120162 ], [ 128.48881, 35.120153 ] ] ] } },
{ "type": "Feature", "properties": { "grid_id": "G013196", "child_risk_pct": 11.18, "elderly_risk_pct": 7.89 }, "geometry": { "type": "Polygon", "coordinates": [ [ [ 128.488821, 35.121055 ], [ 128.488832, 35.121956 ], [ 128.487735, 35.121965 ], [ 128.487724, 35.121064 ], [ 128.488821, 35.121055 ] ] ] } },
{ "type": "Feature", "properties": { "grid_id": "G013367", "child_risk_pct": 0.0, "elderly_risk_pct": 13.46 }, "geometry": { "type": "Polygon", "coordinates": [ [ [ 128.489853, 35.115636 ], [ 128.489864, 35.116538 ], [ 128.488767, 35.116547 ], [ 128.488756, 35.115645 ], [ 128.489853, 35.115636 ] ] ] } },
{ "type": "Feature", "properties": { "grid_id": "G013563", "child_risk_pct": 0.0, "elderly_risk_pct": 17.36 }, "geometry": { "type": "Polygon", "coordinates": [ [ [ 128.49095, 35.115627 ], [ 128.490961, 35.116529 ], [ 128.489864, 35.116538 ], [ 128.489853, 35.115636 ], [ 128.49095, 35.115627 ] ] ] } },
{ "type": "Feature", "properties": { "grid_id": "G014474", "child_risk_pct": 0.0, "elderly_risk_pct": 28.97 }, "geometry": { "type": "Polygon", "coordinates": [ [ [ 128.496725, 35.229191 ], [ 128.496736, 35.230092 ], [ 128.495637, 35.230101 ], [ 128.495626, 35.2292 ], [ 128.496725, 35.229191 ] ] ] } },
{ "type": "Feature", "properties": { "grid_id": "G014475", "child_risk_pct": 0.0, "elderly_risk_pct": 9.03 }, "geometry": { "type": "Polygon", "coordinates": [ [ [ 128.496736, 35.230092 ], [ 128.496747, 35.230994 ], [ 128.495648, 35.231003 ], [ 128.495637, 35.230101 ], [ 128.496736, 35.230092 ] ] ] } },
{ "type": "Feature", "properties": { "grid_id": "G014535", "child_risk_pct": 0.0, "elderly_risk_pct": 8.33 }, "geometry": { "type": "Polygon", "coordinates": [ [ [ 128.496371, 35.110173 ], [ 128.496382, 35.111074 ], [ 128.495284, 35.111083 ], [ 128.495273, 35.110182 ], [ 128.496371, 35.110173 ] ] ] } },
{ "type": "Feature", "properties": { "grid_id": "G014667", "child_risk_pct": 0.0, "elderly_risk_pct": 6.25 }, "geometry": { "type": "Polygon", "coordinates": [ [ [ 128.497824, 35.229182 ], [ 128.497835, 35.230083 ], [ 128.496736, 35.230092 ], [ 128.496725, 35.229191 ], [ 128.497824, 35.229182 ] ] ] } },
{ "type": "Feature", "properties": { "grid_id": "G014668", "child_risk_pct": 0.0, "elderly_risk_pct": 3.21 }, "geometry": { "type": "Polygon", "coordinates": [ [ [ 128.497835, 35.230083 ], [ 128.497846, 35.230985 ], [ 128.496747, 35.230994 ], [ 128.496736, 35.230092 ], [ 128.497835, 35.230083 ] ] ] } },
{ "type": "Feature", "properties": { "grid_id": "G014822", "child_risk_pct": 0.0, "elderly_risk_pct": 11.54 }, "geometry": { "type": "Polygon", "coordinates": [ [ [ 128.498481, 35.193109 ], [ 128.498492, 35.194011 ], [ 128.497393, 35.19402 ], [ 128.497382, 35.193118 ], [ 128.498481, 35.193109 ] ] ] } },
{ "type": "Feature", "properties": { "grid_id": "G014823", "child_risk_pct": 0.0, "elderly_risk_pct": 1.33 }, "geometry": { "type": "Polygon", "coordinates": [ [ [ 128.498492, 35.194011 ], [ 128.498503, 35.194913 ], [ 128.497404, 35.194922 ], [ 128.497393, 35.19402 ], [ 128.498492, 35.194011 ] ] ] } },
{ "type": "Feature", "properties": { "grid_id": "G014879", "child_risk_pct": 0.0, "elderly_risk_pct": 2.56 }, "geometry": { "type": "Polygon", "coordinates": [ [ [ 128.49911, 35.244499 ], [ 128.499121, 35.245401 ], [ 128.498022, 35.24541 ], [ 128.498011, 35.244508 ], [ 128.49911, 35.244499 ] ] ] } },
{ "type": "Feature", "properties": { "grid_id": "G014880", "child_risk_pct": 0.0, "elderly_risk_pct": 2.0 }, "geometry": { "type": "Polygon", "coordinates": [ [ [ 128.499121, 35.245401 ], [ 128.499132, 35.246302 ], [ 128.498033, 35.246311 ], [ 128.498022, 35.24541 ], [ 128.499121, 35.245401 ] ] ] } },
{ "type": "Feature", "properties": { "grid_id": "G014908", "child_risk_pct": 0.0, "elderly_risk_pct": 1.96 }, "geometry": { "type": "Polygon", "coordinates": [ [ [ 128.499431, 35.270645 ], [ 128.499442, 35.271546 ], [ 128.498343, 35.271555 ], [ 128.498332, 35.270654 ], [ 128.499431, 35.270645 ] ] ] } },
{ "type": "Feature", "properties": { "grid_id": "G015070", "child_risk_pct": 0.0, "elderly_risk_pct": 11.04 }, "geometry": { "type": "Polygon", "coordinates": [ [ [ 128.500198, 35.243589 ], [ 128.500209, 35.24449 ], [ 128.49911, 35.244499 ], [ 128.499099, 35.243598 ], [ 128.500198, 35.243589 ] ] ] } },
{ "type": "Feature", "properties": { "grid_id": "G015071", "child_risk_pct": 0.0, "elderly_risk_pct": 14.58 }, "geometry": { "type": "Polygon", "coordinates": [ [ [ 128.500209, 35.24449 ], [ 128.50022, 35.245392 ], [ 128.499121, 35.245401 ], [ 128.49911, 35.244499 ], [ 128.500209, 35.24449 ] ] ] } },
{ "type": "Feature", "properties": { "grid_id": "G015072", "child_risk_pct": 0.0, "elderly_risk_pct": 15.28 }, "geometry": { "type": "Polygon", "coordinates": [ [ [ 128.50022, 35.245392 ], [ 128.500231, 35.246293 ], [ 128.499132, 35.246302 ], [ 128.499121, 35.245401 ], [ 128.50022, 35.245392 ] ] ] } },
{ "type": "Feature", "properties": { "grid_id": "G015100", "child_risk_pct": 0.0, "elderly_risk_pct": 14.58 }, "geometry": { "type": "Polygon", "coordinates": [ [ [ 128.500531, 35.270636 ], [ 128.500542, 35.271537 ], [ 128.499442, 35.271546 ], [ 128.499431, 35.270645 ], [ 128.500531, 35.270636 ] ] ] } },
{ "type": "Feature", "properties": { "grid_id": "G015261", "child_risk_pct": 0.0, "elderly_risk_pct": 14.58 }, "geometry": { "type": "Polygon", "coordinates": [ [ [ 128.501286, 35.242678 ], [ 128.501297, 35.243579 ], [ 128.500198, 35.243589 ], [ 128.500187, 35.242687 ], [ 128.501286, 35.242678 ] ] ] } },
{ "type": "Feature", "properties": { "grid_id": "G015262", "child_risk_pct": 0.0, "elderly_risk_pct": 18.59 }, "geometry": { "type": "Polygon", "coordinates": [ [ [ 128.501297, 35.243579 ], [ 128.501308, 35.244481 ], [ 128.500209, 35.24449 ], [ 128.500198, 35.243589 ], [ 128.501297, 35.243579 ] ] ] } },
{ "type": "Feature", "properties": { "grid_id": "G015325", "child_risk_pct": 0.0, "elderly_risk_pct": 9.03 }, "geometry": { "type": "Polygon", "coordinates": [ [ [ 128.500969, 35.127267 ], [ 128.50098, 35.128168 ], [ 128.499883, 35.128177 ], [ 128.499871, 35.127276 ], [ 128.500969, 35.127267 ] ] ] } },
{ "type": "Feature", "properties": { "grid_id": "G015326", "child_risk_pct": 0.0, "elderly_risk_pct": 34.62 }, "geometry": { "type": "Polygon", "coordinates": [ [ [ 128.50098, 35.128168 ], [ 128.500991, 35.12907 ], [ 128.499894, 35.129079 ], [ 128.499883, 35.128177 ], [ 128.50098, 35.128168 ] ] ] } },
{ "type": "Feature", "properties": { "grid_id": "G015424", "child_risk_pct": 6.0, "elderly_risk_pct": 0.0 }, "geometry": { "type": "Polygon", "coordinates": [ [ [ 128.502064, 35.216523 ], [ 128.502075, 35.217425 ], [ 128.500976, 35.217434 ], [ 128.500965, 35.216532 ], [ 128.502064, 35.216523 ] ] ] } },
{ "type": "Feature", "properties": { "grid_id": "G015425", "child_risk_pct": 0.64, "elderly_risk_pct": 0.0 }, "geometry": { "type": "Polygon", "coordinates": [ [ [ 128.502075, 35.217425 ], [ 128.502086, 35.218326 ], [ 128.500987, 35.218335 ], [ 128.500976, 35.217434 ], [ 128.502075, 35.217425 ] ] ] } },
{ "type": "Feature", "properties": { "grid_id": "G015429", "child_risk_pct": 11.81, "elderly_risk_pct": 0.0 }, "geometry": { "type": "Polygon", "coordinates": [ [ [ 128.502119, 35.221031 ], [ 128.50213, 35.221933 ], [ 128.501031, 35.221942 ], [ 128.50102, 35.22104 ], [ 128.502119, 35.221031 ] ] ] } },
{ "type": "Feature", "properties": { "grid_id": "G015430", "child_risk_pct": 4.55, "elderly_risk_pct": 0.0 }, "geometry": { "type": "Polygon", "coordinates": [ [ [ 128.50213, 35.221933 ], [ 128.502141, 35.222834 ], [ 128.501042, 35.222843 ], [ 128.501031, 35.221942 ], [ 128.50213, 35.221933 ] ] ] } },
{ "type": "Feature", "properties": { "grid_id": "G015452", "child_risk_pct": 0.0, "elderly_risk_pct": 4.17 }, "geometry": { "type": "Polygon", "coordinates": [ [ [ 128.502374, 35.241767 ], [ 128.502385, 35.242669 ], [ 128.501286, 35.242678 ], [ 128.501275, 35.241776 ], [ 128.502374, 35.241767 ] ] ] } },
{ "type": "Feature", "properties": { "grid_id": "G015453", "child_risk_pct": 2.08, "elderly_risk_pct": 15.97 }, "geometry": { "type": "Polygon", "coordinates": [ [ [ 128.502385, 35.242669 ], [ 128.502396, 35.24357 ], [ 128.501297, 35.243579 ], [ 128.501286, 35.242678 ], [ 128.502385, 35.242669 ] ] ] } },
{ "type": "Feature", "properties": { "grid_id": "G015454", "child_risk_pct": 0.0, "elderly_risk_pct": 1.39 }, "geometry": { "type": "Polygon", "coordinates": [ [ [ 128.502396, 35.24357 ], [ 128.502407, 35.244472 ], [ 128.501308, 35.244481 ], [ 128.501297, 35.243579 ], [ 128.502396, 35.24357 ] ] ] } },
{ "type": "Feature", "properties": { "grid_id": "G015518", "child_risk_pct": 0.0, "elderly_risk_pct": 2.55 }, "geometry": { "type": "Polygon", "coordinates": [ [ [ 128.502077, 35.128159 ], [ 128.502088, 35.129061 ], [ 128.500991, 35.12907 ], [ 128.50098, 35.128168 ], [ 128.502077, 35.128159 ] ] ] } },
{ "type": "Feature", "properties": { "grid_id": "G015616", "child_risk_pct": 4.27, "elderly_risk_pct": 0.0 }, "geometry": { "type": "Polygon", "coordinates": [ [ [ 128.503162, 35.216514 ], [ 128.503173, 35.217416 ], [ 128.502075, 35.217425 ], [ 128.502064, 35.216523 ], [ 128.503162, 35.216514 ] ] ] } },
{ "type": "Feature", "properties": { "grid_id": "G015621", "child_risk_pct": 4.17, "elderly_risk_pct": 0.0 }, "geometry": { "type": "Polygon", "coordinates": [ [ [ 128.503218, 35.221022 ], [ 128.503229, 35.221924 ], [ 128.50213, 35.221933 ], [ 128.502119, 35.221031 ], [ 128.503218, 35.221022 ] ] ] } },
{ "type": "Feature", "properties": { "grid_id": "G015622", "child_risk_pct": 15.07, "elderly_risk_pct": 0.0 }, "geometry": { "type": "Polygon", "coordinates": [ [ [ 128.503229, 35.221924 ], [ 128.50324, 35.222825 ], [ 128.502141, 35.222834 ], [ 128.50213, 35.221933 ], [ 128.503229, 35.221924 ] ] ] } },
{ "type": "Feature", "properties": { "grid_id": "G015623", "child_risk_pct": 0.0, "elderly_risk_pct": 6.51 }, "geometry": { "type": "Polygon", "coordinates": [ [ [ 128.50324, 35.222825 ], [ 128.503251, 35.223727 ], [ 128.502152, 35.223736 ], [ 128.502141, 35.222834 ], [ 128.50324, 35.222825 ] ] ] } },
{ "type": "Feature", "properties": { "grid_id": "G015624", "child_risk_pct": 0.0, "elderly_risk_pct": 20.39 }, "geometry": { "type": "Polygon", "coordinates": [ [ [ 128.503251, 35.223727 ], [ 128.503262, 35.224628 ], [ 128.502163, 35.224637 ], [ 128.502152, 35.223736 ], [ 128.503251, 35.223727 ] ] ] } },
{ "type": "Feature", "properties": { "grid_id": "G015627", "child_risk_pct": 1.39, "elderly_risk_pct": 0.0 }, "geometry": { "type": "Polygon", "coordinates": [ [ [ 128.503284, 35.226431 ], [ 128.503295, 35.227333 ], [ 128.502197, 35.227342 ], [ 128.502185, 35.22644 ], [ 128.503284, 35.226431 ] ] ] } },
{ "type": "Feature", "properties": { "grid_id": "G015630", "child_risk_pct": 0.0, "elderly_risk_pct": 19.11 }, "geometry": { "type": "Polygon", "coordinates": [ [ [ 128.503317, 35.229136 ], [ 128.503329, 35.230038 ], [ 128.50223, 35.230047 ], [ 128.502219, 35.229145 ], [ 128.503317, 35.229136 ] ] ] } },
{ "type": "Feature", "properties": { "grid_id": "G015631", "child_risk_pct": 0.0, "elderly_risk_pct": 8.97 }, "geometry": { "type": "Polygon", "coordinates": [ [ [ 128.503329, 35.230038 ], [ 128.50334, 35.230939 ], [ 128.502241, 35.230948 ], [ 128.50223, 35.230047 ], [ 128.503329, 35.230038 ] ] ] } },
{ "type": "Feature", "properties": { "grid_id": "G015639", "child_risk_pct": 0.0, "elderly_risk_pct": 1.28 }, "geometry": { "type": "Polygon", "coordinates": [ [ [ 128.503417, 35.23725 ], [ 128.503429, 35.238152 ], [ 128.50233, 35.238161 ], [ 128.502319, 35.237259 ], [ 128.503417, 35.23725 ] ] ] } },
{ "type": "Feature", "properties": { "grid_id": "G015644", "child_risk_pct": 15.48, "elderly_risk_pct": 0.0 }, "geometry": { "type": "Polygon", "coordinates": [ [ [ 128.503473, 35.241758 ], [ 128.503484, 35.24266 ], [ 128.502385, 35.242669 ], [ 128.502374, 35.241767 ], [ 128.503473, 35.241758 ] ] ] } },
{ "type": "Feature", "properties": { "grid_id": "G015645", "child_risk_pct": 22.22, "elderly_risk_pct": 0.0 }, "geometry": { "type": "Polygon", "coordinates": [ [ [ 128.503484, 35.24266 ], [ 128.503495, 35.243561 ], [ 128.502396, 35.24357 ], [ 128.502385, 35.242669 ], [ 128.503484, 35.24266 ] ] ] } },
{ "type": "Feature", "properties": { "grid_id": "G015816", "child_risk_pct": 0.0, "elderly_risk_pct": 3.85 }, "geometry": { "type": "Polygon", "coordinates": [ [ [ 128.504338, 35.222816 ], [ 128.50435, 35.223718 ], [ 128.503251, 35.223727 ], [ 128.50324, 35.222825 ], [ 128.504338, 35.222816 ] ] ] } },
{ "type": "Feature", "properties": { "grid_id": "G015817", "child_risk_pct": 0.0, "elderly_risk_pct": 13.19 }, "geometry": { "type": "Polygon", "coordinates": [ [ [ 128.50435, 35.223718 ], [ 128.504361, 35.224619 ], [ 128.503262, 35.224628 ], [ 128.503251, 35.223727 ], [ 128.50435, 35.223718 ] ] ] } },
{ "type": "Feature", "properties": { "grid_id": "G015820", "child_risk_pct": 5.77, "elderly_risk_pct": 0.0 }, "geometry": { "type": "Polygon", "coordinates": [ [ [ 128.504383, 35.226422 ], [ 128.504394, 35.227324 ], [ 128.503295, 35.227333 ], [ 128.503284, 35.226431 ], [ 128.504383, 35.226422 ] ] ] } },
{ "type": "Feature", "properties": { "grid_id": "G015823", "child_risk_pct": 0.0, "elderly_risk_pct": 22.62 }, "geometry": { "type": "Polygon", "coordinates": [ [ [ 128.504416, 35.229127 ], [ 128.504427, 35.230029 ], [ 128.503329, 35.230038 ], [ 128.503317, 35.229136 ], [ 128.504416, 35.229127 ] ] ] } },
{ "type": "Feature", "properties": { "grid_id": "G015824", "child_risk_pct": 4.17, "elderly_risk_pct": 22.22 }, "geometry": { "type": "Polygon", "coordinates": [ [ [ 128.504427, 35.230029 ], [ 128.504438, 35.23093 ], [ 128.50334, 35.230939 ], [ 128.503329, 35.230038 ], [ 128.504427, 35.230029 ] ] ] } },
{ "type": "Feature", "properties": { "grid_id": "G015825", "child_risk_pct": 0.0, "elderly_risk_pct": 4.86 }, "geometry": { "type": "Polygon", "coordinates": [ [ [ 128.504438, 35.23093 ], [ 128.50445, 35.231832 ], [ 128.503351, 35.231841 ], [ 128.50334, 35.230939 ], [ 128.504438, 35.23093 ] ] ] } },
{ "type": "Feature", "properties": { "grid_id": "G015831", "child_risk_pct": 0.0, "elderly_risk_pct": 11.54 }, "geometry": { "type": "Polygon", "coordinates": [ [ [ 128.504505, 35.23634 ], [ 128.504516, 35.237241 ], [ 128.503417, 35.23725 ], [ 128.503406, 35.236349 ], [ 128.504505, 35.23634 ] ] ] } },
{ "type": "Feature", "properties": { "grid_id": "G015832", "child_risk_pct": 0.0, "elderly_risk_pct": 47.92 }, "geometry": { "type": "Polygon", "coordinates": [ [ [ 128.504516, 35.237241 ], [ 128.504527, 35.238143 ], [ 128.503429, 35.238152 ], [ 128.503417, 35.23725 ], [ 128.504516, 35.237241 ] ] ] } },
{ "type": "Feature", "properties": { "grid_id": "G015836", "child_risk_pct": 0.0, "elderly_risk_pct": 15.97 }, "geometry": { "type": "Polygon", "coordinates": [ [ [ 128.504561, 35.240847 ], [ 128.504572, 35.241749 ], [ 128.503473, 35.241758 ], [ 128.503462, 35.240857 ], [ 128.504561, 35.240847 ] ] ] } },
{ "type": "Feature", "properties": { "grid_id": "G015837", "child_risk_pct": 3.21, "elderly_risk_pct": 1.28 }, "geometry": { "type": "Polygon", "coordinates": [ [ [ 128.504572, 35.241749 ], [ 128.504583, 35.242651 ], [ 128.503484, 35.24266 ], [ 128.503473, 35.241758 ], [ 128.504572, 35.241749 ] ] ] } },
{ "type": "Feature", "properties": { "grid_id": "G015838", "child_risk_pct": 3.9, "elderly_risk_pct": 0.0 }, "geometry": { "type": "Polygon", "coordinates": [ [ [ 128.504583, 35.242651 ], [ 128.504594, 35.243552 ], [ 128.503495, 35.243561 ], [ 128.503484, 35.24266 ], [ 128.504583, 35.242651 ] ] ] } },
{ "type": "Feature", "properties": { "grid_id": "G016018", "child_risk_pct": 33.12, "elderly_risk_pct": 11.04 }, "geometry": { "type": "Polygon", "coordinates": [ [ [ 128.505526, 35.230019 ], [ 128.505537, 35.230921 ], [ 128.504438, 35.23093 ], [ 128.504427, 35.230029 ], [ 128.505526, 35.230019 ] ] ] } },
{ "type": "Feature", "properties": { "grid_id": "G016019", "child_risk_pct": 26.39, "elderly_risk_pct": 45.83 }, "geometry": { "type": "Polygon", "coordinates": [ [ [ 128.505537, 35.230921 ], [ 128.505548, 35.231823 ], [ 128.50445, 35.231832 ], [ 128.504438, 35.23093 ], [ 128.505537, 35.230921 ] ] ] } },
{ "type": "Feature", "properties": { "grid_id": "G016020", "child_risk_pct": 0.0, "elderly_risk_pct": 6.25 }, "geometry": { "type": "Polygon", "coordinates": [ [ [ 128.505548, 35.231823 ], [ 128.50556, 35.232724 ], [ 128.504461, 35.232733 ], [ 128.50445, 35.231832 ], [ 128.505548, 35.231823 ] ] ] } },
{ "type": "Feature", "properties": { "grid_id": "G016030", "child_risk_pct": 0.0, "elderly_risk_pct": 18.42 }, "geometry": { "type": "Polygon", "coordinates": [ [ [ 128.50566, 35.240838 ], [ 128.505671, 35.24174 ], [ 128.504572, 35.241749 ], [ 128.504561, 35.240847 ], [ 128.50566, 35.240838 ] ] ] } },
{ "type": "Feature", "properties": { "grid_id": "G016031", "child_risk_pct": 0.0, "elderly_risk_pct": 0.62 }, "geometry": { "type": "Polygon", "coordinates": [ [ [ 128.505671, 35.24174 ], [ 128.505682, 35.242641 ], [ 128.504583, 35.242651 ], [ 128.504572, 35.241749 ], [ 128.505671, 35.24174 ] ] ] } },
{ "type": "Feature", "properties": { "grid_id": "G016388", "child_risk_pct": 0.0, "elderly_risk_pct": 4.0 }, "geometry": { "type": "Polygon", "coordinates": [ [ [ 128.507501, 35.21197 ], [ 128.507512, 35.212871 ], [ 128.506413, 35.21288 ], [ 128.506402, 35.211979 ], [ 128.507501, 35.21197 ] ] ] } },
{ "type": "Feature", "properties": { "grid_id": "G016426", "child_risk_pct": 0.0, "elderly_risk_pct": 20.25 }, "geometry": { "type": "Polygon", "coordinates": [ [ [ 128.507924, 35.246229 ], [ 128.507936, 35.247131 ], [ 128.506837, 35.24714 ], [ 128.506825, 35.246239 ], [ 128.507924, 35.246229 ] ] ] } },
{ "type": "Feature", "properties": { "grid_id": "G016427", "child_risk_pct": 0.0, "elderly_risk_pct": 2.08 }, "geometry": { "type": "Polygon", "coordinates": [ [ [ 128.507936, 35.247131 ], [ 128.507947, 35.248033 ], [ 128.506848, 35.248042 ], [ 128.506837, 35.24714 ], [ 128.507936, 35.247131 ] ] ] } },
{ "type": "Feature", "properties": { "grid_id": "G016505", "child_risk_pct": 0.0, "elderly_risk_pct": 12.5 }, "geometry": { "type": "Polygon", "coordinates": [ [ [ 128.507742, 35.142539 ], [ 128.507753, 35.143441 ], [ 128.506656, 35.14345 ], [ 128.506645, 35.142548 ], [ 128.507742, 35.142539 ] ] ] } },
{ "type": "Feature", "properties": { "grid_id": "G016506", "child_risk_pct": 0.0, "elderly_risk_pct": 5.48 }, "geometry": { "type": "Polygon", "coordinates": [ [ [ 128.507753, 35.143441 ], [ 128.507764, 35.144342 ], [ 128.506667, 35.144351 ], [ 128.506656, 35.14345 ], [ 128.507753, 35.143441 ] ] ] } },
{ "type": "Feature", "properties": { "grid_id": "G016582", "child_risk_pct": 0.0, "elderly_risk_pct": 10.9 }, "geometry": { "type": "Polygon", "coordinates": [ [ [ 128.508599, 35.211961 ], [ 128.508611, 35.212862 ], [ 128.507512, 35.212871 ], [ 128.507501, 35.21197 ], [ 128.508599, 35.211961 ] ] ] } },
{ "type": "Feature", "properties": { "grid_id": "G016583", "child_risk_pct": 0.0, "elderly_risk_pct": 0.69 }, "geometry": { "type": "Polygon", "coordinates": [ [ [ 128.508611, 35.212862 ], [ 128.508622, 35.213764 ], [ 128.507523, 35.213773 ], [ 128.507512, 35.212871 ], [ 128.508611, 35.212862 ] ] ] } },
{ "type": "Feature", "properties": { "grid_id": "G016620", "child_risk_pct": 0.0, "elderly_risk_pct": 7.74 }, "geometry": { "type": "Polygon", "coordinates": [ [ [ 128.509023, 35.24622 ], [ 128.509035, 35.247122 ], [ 128.507936, 35.247131 ], [ 128.507924, 35.246229 ], [ 128.509023, 35.24622 ] ] ] } },
{ "type": "Feature", "properties": { "grid_id": "G016623", "child_risk_pct": 0.0, "elderly_risk_pct": 2.78 }, "geometry": { "type": "Polygon", "coordinates": [ [ [ 128.509057, 35.248925 ], [ 128.509068, 35.249827 ], [ 128.507969, 35.249836 ], [ 128.507958, 35.248934 ], [ 128.509057, 35.248925 ] ] ] } },
{ "type": "Feature", "properties": { "grid_id": "G016634", "child_risk_pct": 0.0, "elderly_risk_pct": 5.45 }, "geometry": { "type": "Polygon", "coordinates": [ [ [ 128.50918, 35.258842 ], [ 128.509191, 35.259744 ], [ 128.508092, 35.259753 ], [ 128.508081, 35.258851 ], [ 128.50918, 35.258842 ] ] ] } },
{ "type": "Feature", "properties": { "grid_id": "G016635", "child_risk_pct": 0.0, "elderly_risk_pct": 16.67 }, "geometry": { "type": "Polygon", "coordinates": [ [ [ 128.509191, 35.259744 ], [ 128.509202, 35.260645 ], [ 128.508103, 35.260654 ], [ 128.508092, 35.259753 ], [ 128.509191, 35.259744 ] ] ] } },
{ "type": "Feature", "properties": { "grid_id": "G016697", "child_risk_pct": 0.0, "elderly_risk_pct": 12.5 }, "geometry": { "type": "Polygon", "coordinates": [ [ [ 128.50884, 35.14253 ], [ 128.508851, 35.143432 ], [ 128.507753, 35.143441 ], [ 128.507742, 35.142539 ], [ 128.50884, 35.14253 ] ] ] } },
{ "type": "Feature", "properties": { "grid_id": "G016698", "child_risk_pct": 0.0, "elderly_risk_pct": 4.17 }, "geometry": { "type": "Polygon", "coordinates": [ [ [ 128.508851, 35.143432 ], [ 128.508862, 35.144333 ], [ 128.507764, 35.144342 ], [ 128.507753, 35.143441 ], [ 128.508851, 35.143432 ] ] ] } },
{ "type": "Feature", "properties": { "grid_id": "G016813", "child_risk_pct": 0.0, "elderly_risk_pct": 33.97 }, "geometry": { "type": "Polygon", "coordinates": [ [ [ 128.510134, 35.247113 ], [ 128.510145, 35.248014 ], [ 128.509046, 35.248023 ], [ 128.509035, 35.247122 ], [ 128.510134, 35.247113 ] ] ] } },
{ "type": "Feature", "properties": { "grid_id": "G016814", "child_risk_pct": 0.0, "elderly_risk_pct": 22.07 }, "geometry": { "type": "Polygon", "coordinates": [ [ [ 128.510145, 35.248014 ], [ 128.510156, 35.248916 ], [ 128.509057, 35.248925 ], [ 128.509046, 35.248023 ], [ 128.510145, 35.248014 ] ] ] } },
{ "type": "Feature", "properties": { "grid_id": "G016815", "child_risk_pct": 0.0, "elderly_risk_pct": 29.49 }, "geometry": { "type": "Polygon", "coordinates": [ [ [ 128.510156, 35.248916 ], [ 128.510167, 35.249817 ], [ 128.509068, 35.249827 ], [ 128.509057, 35.248925 ], [ 128.510156, 35.248916 ] ] ] } },
{ "type": "Feature", "properties": { "grid_id": "G016816", "child_risk_pct": 0.0, "elderly_risk_pct": 6.02 }, "geometry": { "type": "Polygon", "coordinates": [ [ [ 128.510167, 35.249817 ], [ 128.510178, 35.250719 ], [ 128.509079, 35.250728 ], [ 128.509068, 35.249827 ], [ 128.510167, 35.249817 ] ] ] } },
{ "type": "Feature", "properties": { "grid_id": "G016826", "child_risk_pct": 0.0, "elderly_risk_pct": 2.68 }, "geometry": { "type": "Polygon", "coordinates": [ [ [ 128.510279, 35.258833 ], [ 128.51029, 35.259735 ], [ 128.509191, 35.259744 ], [ 128.50918, 35.258842 ], [ 128.510279, 35.258833 ] ] ] } },
{ "type": "Feature", "properties": { "grid_id": "G016827", "child_risk_pct": 0.0, "elderly_risk_pct": 11.92 }, "geometry": { "type": "Polygon", "coordinates": [ [ [ 128.51029, 35.259735 ], [ 128.510301, 35.260636 ], [ 128.509202, 35.260645 ], [ 128.509191, 35.259744 ], [ 128.51029, 35.259735 ] ] ] } },
{ "type": "Feature", "properties": { "grid_id": "G017004", "child_risk_pct": 0.0, "elderly_risk_pct": 4.14 }, "geometry": { "type": "Polygon", "coordinates": [ [ [ 128.511233, 35.247103 ], [ 128.511244, 35.248005 ], [ 128.510145, 35.248014 ], [ 128.510134, 35.247113 ], [ 128.511233, 35.247103 ] ] ] } },
{ "type": "Feature", "properties": { "grid_id": "G017005", "child_risk_pct": 0.0, "elderly_risk_pct": 1.94 }, "geometry": { "type": "Polygon", "coordinates": [ [ [ 128.511244, 35.248005 ], [ 128.511255, 35.248907 ], [ 128.510156, 35.248916 ], [ 128.510145, 35.248014 ], [ 128.511244, 35.248005 ] ] ] } },
{ "type": "Feature", "properties": { "grid_id": "G017008", "child_risk_pct": 0.0, "elderly_risk_pct": 5.84 }, "geometry": { "type": "Polygon", "coordinates": [ [ [ 128.511277, 35.25071 ], [ 128.511289, 35.251611 ], [ 128.51019, 35.25162 ], [ 128.510178, 35.250719 ], [ 128.511277, 35.25071 ] ] ] } },
{ "type": "Feature", "properties": { "grid_id": "G017009", "child_risk_pct": 0.0, "elderly_risk_pct": 2.78 }, "geometry": { "type": "Polygon", "coordinates": [ [ [ 128.511289, 35.251611 ], [ 128.5113, 35.252513 ], [ 128.510201, 35.252522 ], [ 128.51019, 35.25162 ], [ 128.511289, 35.251611 ] ] ] } },
{ "type": "Feature", "properties": { "grid_id": "G017198", "child_risk_pct": 0.0, "elderly_risk_pct": 7.05 }, "geometry": { "type": "Polygon", "coordinates": [ [ [ 128.512377, 35.250701 ], [ 128.512388, 35.251602 ], [ 128.511289, 35.251611 ], [ 128.511277, 35.25071 ], [ 128.512377, 35.250701 ] ] ] } },
{ "type": "Feature", "properties": { "grid_id": "G017199", "child_risk_pct": 0.0, "elderly_risk_pct": 13.89 }, "geometry": { "type": "Polygon", "coordinates": [ [ [ 128.512388, 35.251602 ], [ 128.512399, 35.252504 ], [ 128.5113, 35.252513 ], [ 128.511289, 35.251611 ], [ 128.512388, 35.251602 ] ] ] } },
{ "type": "Feature", "properties": { "grid_id": "G017201", "child_risk_pct": 0.0, "elderly_risk_pct": 6.79 }, "geometry": { "type": "Polygon", "coordinates": [ [ [ 128.51241, 35.253405 ], [ 128.512421, 35.254307 ], [ 128.511322, 35.254316 ], [ 128.511311, 35.253414 ], [ 128.51241, 35.253405 ] ] ] } },
{ "type": "Feature", "properties": { "grid_id": "G017202", "child_risk_pct": 0.0, "elderly_risk_pct": 9.27 }, "geometry": { "type": "Polygon", "coordinates": [ [ [ 128.512421, 35.254307 ], [ 128.512433, 35.255208 ], [ 128.511333, 35.255218 ], [ 128.511322, 35.254316 ], [ 128.512421, 35.254307 ] ] ] } },
{ "type": "Feature", "properties": { "grid_id": "G017392", "child_risk_pct": 0.0, "elderly_risk_pct": 25.69 }, "geometry": { "type": "Polygon", "coordinates": [ [ [ 128.513509, 35.253396 ], [ 128.51352, 35.254298 ], [ 128.512421, 35.254307 ], [ 128.51241, 35.253405 ], [ 128.513509, 35.253396 ] ] ] } },
{ "type": "Feature", "properties": { "grid_id": "G017393", "child_risk_pct": 0.0, "elderly_risk_pct": 3.85 }, "geometry": { "type": "Polygon", "coordinates": [ [ [ 128.51352, 35.254298 ], [ 128.513532, 35.255199 ], [ 128.512433, 35.255208 ], [ 128.512421, 35.254307 ], [ 128.51352, 35.254298 ] ] ] } },
{ "type": "Feature", "properties": { "grid_id": "G017394", "child_risk_pct": 0.0, "elderly_risk_pct": 35.42 }, "geometry": { "type": "Polygon", "coordinates": [ [ [ 128.513532, 35.255199 ], [ 128.513543, 35.256101 ], [ 128.512444, 35.25611 ], [ 128.512433, 35.255208 ], [ 128.513532, 35.255199 ] ] ] } },
{ "type": "Feature", "properties": { "grid_id": "G017395", "child_risk_pct": 0.0, "elderly_risk_pct": 0.69 }, "geometry": { "type": "Polygon", "coordinates": [ [ [ 128.513543, 35.256101 ], [ 128.513554, 35.257002 ], [ 128.512455, 35.257011 ], [ 128.512444, 35.25611 ], [ 128.513543, 35.256101 ] ] ] } },
{ "type": "Feature", "properties": { "grid_id": "G017584", "child_risk_pct": 0.0, "elderly_risk_pct": 2.08 }, "geometry": { "type": "Polygon", "coordinates": [ [ [ 128.514608, 35.253387 ], [ 128.51462, 35.254288 ], [ 128.51352, 35.254298 ], [ 128.513509, 35.253396 ], [ 128.514608, 35.253387 ] ] ] } },
{ "type": "Feature", "properties": { "grid_id": "G017585", "child_risk_pct": 0.0, "elderly_risk_pct": 0.65 }, "geometry": { "type": "Polygon", "coordinates": [ [ [ 128.51462, 35.254288 ], [ 128.514631, 35.25519 ], [ 128.513532, 35.255199 ], [ 128.51352, 35.254298 ], [ 128.51462, 35.254288 ] ] ] } },
{ "type": "Feature", "properties": { "grid_id": "G017586", "child_risk_pct": 0.0, "elderly_risk_pct": 20.55 }, "geometry": { "type": "Polygon", "coordinates": [ [ [ 128.514631, 35.25519 ], [ 128.514642, 35.256092 ], [ 128.513543, 35.256101 ], [ 128.513532, 35.255199 ], [ 128.514631, 35.25519 ] ] ] } },
{ "type": "Feature", "properties": { "grid_id": "G017599", "child_risk_pct": 7.69, "elderly_risk_pct": 0.0 }, "geometry": { "type": "Polygon", "coordinates": [ [ [ 128.514777, 35.26691 ], [ 128.514788, 35.267812 ], [ 128.513689, 35.267821 ], [ 128.513678, 35.266919 ], [ 128.514777, 35.26691 ] ] ] } },
{ "type": "Feature", "properties": { "grid_id": "G017774", "child_risk_pct": 0.0, "elderly_risk_pct": 5.48 }, "geometry": { "type": "Polygon", "coordinates": [ [ [ 128.515696, 35.252476 ], [ 128.515707, 35.253378 ], [ 128.514608, 35.253387 ], [ 128.514597, 35.252485 ], [ 128.515696, 35.252476 ] ] ] } },
{ "type": "Feature", "properties": { "grid_id": "G017775", "child_risk_pct": 0.0, "elderly_risk_pct": 4.86 }, "geometry": { "type": "Polygon", "coordinates": [ [ [ 128.515707, 35.253378 ], [ 128.515719, 35.254279 ], [ 128.51462, 35.254288 ], [ 128.514608, 35.253387 ], [ 128.515707, 35.253378 ] ] ] } },
{ "type": "Feature", "properties": { "grid_id": "G017964", "child_risk_pct": 0.0, "elderly_risk_pct": 0.62 }, "geometry": { "type": "Polygon", "coordinates": [ [ [ 128.516795, 35.252467 ], [ 128.516807, 35.253368 ], [ 128.515707, 35.253378 ], [ 128.515696, 35.252476 ], [ 128.516795, 35.252467 ] ] ] } },
{ "type": "Feature", "properties": { "grid_id": "G017965", "child_risk_pct": 0.0, "elderly_risk_pct": 2.56 }, "geometry": { "type": "Polygon", "coordinates": [ [ [ 128.516807, 35.253368 ], [ 128.516818, 35.25427 ], [ 128.515719, 35.254279 ], [ 128.515707, 35.253378 ], [ 128.516807, 35.253368 ] ] ] } },
{ "type": "Feature", "properties": { "grid_id": "G018108", "child_risk_pct": 0.0, "elderly_risk_pct": 12.5 }, "geometry": { "type": "Polygon", "coordinates": [ [ [ 128.517298, 35.204674 ], [ 128.517309, 35.205576 ], [ 128.516211, 35.205585 ], [ 128.516199, 35.204684 ], [ 128.517298, 35.204674 ] ] ] } },
{ "type": "Feature", "properties": { "grid_id": "G018109", "child_risk_pct": 0.0, "elderly_risk_pct": 5.77 }, "geometry": { "type": "Polygon", "coordinates": [ [ [ 128.517309, 35.205576 ], [ 128.51732, 35.206478 ], [ 128.516222, 35.206487 ], [ 128.516211, 35.205585 ], [ 128.517309, 35.205576 ] ] ] } },
{ "type": "Feature", "properties": { "grid_id": "G018306", "child_risk_pct": 0.0, "elderly_risk_pct": 14.58 }, "geometry": { "type": "Polygon", "coordinates": [ [ [ 128.518396, 35.204665 ], [ 128.518407, 35.205567 ], [ 128.517309, 35.205576 ], [ 128.517298, 35.204674 ], [ 128.518396, 35.204665 ] ] ] } },
{ "type": "Feature", "properties": { "grid_id": "G018307", "child_risk_pct": 0.0, "elderly_risk_pct": 3.87 }, "geometry": { "type": "Polygon", "coordinates": [ [ [ 128.518407, 35.205567 ], [ 128.518419, 35.206468 ], [ 128.51732, 35.206478 ], [ 128.517309, 35.205576 ], [ 128.518407, 35.205567 ] ] ] } },
{ "type": "Feature", "properties": { "grid_id": "G018355", "child_risk_pct": 0.0, "elderly_risk_pct": 32.41 }, "geometry": { "type": "Polygon", "coordinates": [ [ [ 128.518948, 35.248842 ], [ 128.51896, 35.249744 ], [ 128.517861, 35.249753 ], [ 128.517849, 35.248851 ], [ 128.518948, 35.248842 ] ] ] } },
{ "type": "Feature", "properties": { "grid_id": "G018356", "child_risk_pct": 0.0, "elderly_risk_pct": 0.59 }, "geometry": { "type": "Polygon", "coordinates": [ [ [ 128.51896, 35.249744 ], [ 128.518971, 35.250645 ], [ 128.517872, 35.250654 ], [ 128.517861, 35.249753 ], [ 128.51896, 35.249744 ] ] ] } },
{ "type": "Feature", "properties": { "grid_id": "G018552", "child_risk_pct": 0.0, "elderly_risk_pct": 0.65 }, "geometry": { "type": "Polygon", "coordinates": [ [ [ 128.520047, 35.248833 ], [ 128.520059, 35.249734 ], [ 128.51896, 35.249744 ], [ 128.518948, 35.248842 ], [ 128.520047, 35.248833 ] ] ] } },
{ "type": "Feature", "properties": { "grid_id": "G018562", "child_risk_pct": 0.0, "elderly_risk_pct": 2.78 }, "geometry": { "type": "Polygon", "coordinates": [ [ [ 128.52016, 35.257848 ], [ 128.520172, 35.25875 ], [ 128.519072, 35.258759 ], [ 128.519061, 35.257858 ], [ 128.52016, 35.257848 ] ] ] } },
{ "type": "Feature", "properties": { "grid_id": "G018563", "child_risk_pct": 0.0, "elderly_risk_pct": 6.94 }, "geometry": { "type": "Polygon", "coordinates": [ [ [ 128.520172, 35.25875 ], [ 128.520183, 35.259652 ], [ 128.519084, 35.259661 ], [ 128.519072, 35.258759 ], [ 128.520172, 35.25875 ] ] ] } },
{ "type": "Feature", "properties": { "grid_id": "G018567", "child_risk_pct": 0.0, "elderly_risk_pct": 27.88 }, "geometry": { "type": "Polygon", "coordinates": [ [ [ 128.520217, 35.262356 ], [ 128.520228, 35.263258 ], [ 128.519129, 35.263267 ], [ 128.519118, 35.262366 ], [ 128.520217, 35.262356 ] ] ] } },
{ "type": "Feature", "properties": { "grid_id": "G018568", "child_risk_pct": 0.0, "elderly_risk_pct": 6.33 }, "geometry": { "type": "Polygon", "coordinates": [ [ [ 128.520228, 35.263258 ], [ 128.520239, 35.264159 ], [ 128.51914, 35.264169 ], [ 128.519129, 35.263267 ], [ 128.520228, 35.263258 ] ] ] } },
{ "type": "Feature", "properties": { "grid_id": "G018750", "child_risk_pct": 8.33, "elderly_risk_pct": 7.64 }, "geometry": { "type": "Polygon", "coordinates": [ [ [ 128.521192, 35.25243 ], [ 128.521203, 35.253331 ], [ 128.520104, 35.253341 ], [ 128.520093, 35.252439 ], [ 128.521192, 35.25243 ] ] ] } },
{ "type": "Feature", "properties": { "grid_id": "G018751", "child_risk_pct": 0.0, "elderly_risk_pct": 50.93 }, "geometry": { "type": "Polygon", "coordinates": [ [ [ 128.521203, 35.253331 ], [ 128.521214, 35.254233 ], [ 128.520115, 35.254242 ], [ 128.520104, 35.253341 ], [ 128.521203, 35.253331 ] ] ] } },
{ "type": "Feature", "properties": { "grid_id": "G018752", "child_risk_pct": 0.0, "elderly_risk_pct": 9.82 }, "geometry": { "type": "Polygon", "coordinates": [ [ [ 128.521214, 35.254233 ], [ 128.521226, 35.255134 ], [ 128.520126, 35.255144 ], [ 128.520115, 35.254242 ], [ 128.521214, 35.254233 ] ] ] } },
{ "type": "Feature", "properties": { "grid_id": "G018753", "child_risk_pct": 0.0, "elderly_risk_pct": 1.39 }, "geometry": { "type": "Polygon", "coordinates": [ [ [ 128.521226, 35.255134 ], [ 128.521237, 35.256036 ], [ 128.520138, 35.256045 ], [ 128.520126, 35.255144 ], [ 128.521226, 35.255134 ] ] ] } },
{ "type": "Feature", "properties": { "grid_id": "G018757", "child_risk_pct": 0.0, "elderly_risk_pct": 6.25 }, "geometry": { "type": "Polygon", "coordinates": [ [ [ 128.521271, 35.258741 ], [ 128.521282, 35.259642 ], [ 128.520183, 35.259652 ], [ 128.520172, 35.25875 ], [ 128.521271, 35.258741 ] ] ] } },
{ "type": "Feature", "properties": { "grid_id": "G018762", "child_risk_pct": 0.0, "elderly_risk_pct": 16.03 }, "geometry": { "type": "Polygon", "coordinates": [ [ [ 128.521327, 35.263249 ], [ 128.521339, 35.26415 ], [ 128.520239, 35.264159 ], [ 128.520228, 35.263258 ], [ 128.521327, 35.263249 ] ] ] } },
{ "type": "Feature", "properties": { "grid_id": "G018763", "child_risk_pct": 0.0, "elderly_risk_pct": 0.69 }, "geometry": { "type": "Polygon", "coordinates": [ [ [ 128.521339, 35.26415 ], [ 128.52135, 35.265052 ], [ 128.520251, 35.265061 ], [ 128.520239, 35.264159 ], [ 128.521339, 35.26415 ] ] ] } },
{ "type": "Feature", "properties": { "grid_id": "G018938", "child_risk_pct": 0.0, "elderly_risk_pct": 9.72 }, "geometry": { "type": "Polygon", "coordinates": [ [ [ 128.522245, 35.248814 ], [ 128.522257, 35.249716 ], [ 128.521158, 35.249725 ], [ 128.521146, 35.248824 ], [ 128.522245, 35.248814 ] ] ] } },
{ "type": "Feature", "properties": { "grid_id": "G018939", "child_risk_pct": 0.0, "elderly_risk_pct": 9.72 }, "geometry": { "type": "Polygon", "coordinates": [ [ [ 128.522257, 35.249716 ], [ 128.522268, 35.250617 ], [ 128.521169, 35.250627 ], [ 128.521158, 35.249725 ], [ 128.522257, 35.249716 ] ] ] } },
{ "type": "Feature", "properties": { "grid_id": "G018941", "child_risk_pct": 2.5, "elderly_risk_pct": 3.12 }, "geometry": { "type": "Polygon", "coordinates": [ [ [ 128.522279, 35.251519 ], [ 128.522291, 35.25242 ], [ 128.521192, 35.25243 ], [ 128.52118, 35.251528 ], [ 128.522279, 35.251519 ] ] ] } },
{ "type": "Feature", "properties": { "grid_id": "G018942", "child_risk_pct": 18.59, "elderly_risk_pct": 24.36 }, "geometry": { "type": "Polygon", "coordinates": [ [ [ 128.522291, 35.25242 ], [ 128.522302, 35.253322 ], [ 128.521203, 35.253331 ], [ 128.521192, 35.25243 ], [ 128.522291, 35.25242 ] ] ] } },
{ "type": "Feature", "properties": { "grid_id": "G018943", "child_risk_pct": 0.0, "elderly_risk_pct": 18.62 }, "geometry": { "type": "Polygon", "coordinates": [ [ [ 128.522302, 35.253322 ], [ 128.522313, 35.254224 ], [ 128.521214, 35.254233 ], [ 128.521203, 35.253331 ], [ 128.522302, 35.253322 ] ] ] } },
{ "type": "Feature", "properties": { "grid_id": "G018944", "child_risk_pct": 0.0, "elderly_risk_pct": 2.56 }, "geometry": { "type": "Polygon", "coordinates": [ [ [ 128.522313, 35.254224 ], [ 128.522325, 35.255125 ], [ 128.521226, 35.255134 ], [ 128.521214, 35.254233 ], [ 128.522313, 35.254224 ] ] ] } },
{ "type": "Feature", "properties": { "grid_id": "G018946", "child_risk_pct": 0.0, "elderly_risk_pct": 13.89 }, "geometry": { "type": "Polygon", "coordinates": [ [ [ 128.522336, 35.256027 ], [ 128.522347, 35.256928 ], [ 128.521248, 35.256938 ], [ 128.521237, 35.256036 ], [ 128.522336, 35.256027 ] ] ] } },
{ "type": "Feature", "properties": { "grid_id": "G018951", "child_risk_pct": 0.0, "elderly_risk_pct": 3.82 }, "geometry": { "type": "Polygon", "coordinates": [ [ [ 128.522393, 35.260535 ], [ 128.522404, 35.261436 ], [ 128.521305, 35.261445 ], [ 128.521293, 35.260544 ], [ 128.522393, 35.260535 ] ] ] } },
{ "type": "Feature", "properties": { "grid_id": "G018954", "child_risk_pct": 0.0, "elderly_risk_pct": 8.97 }, "geometry": { "type": "Polygon", "coordinates": [ [ [ 128.522427, 35.263239 ], [ 128.522438, 35.264141 ], [ 128.521339, 35.26415 ], [ 128.521327, 35.263249 ], [ 128.522427, 35.263239 ] ] ] } },
{ "type": "Feature", "properties": { "grid_id": "G018955", "child_risk_pct": 0.0, "elderly_risk_pct": 2.78 }, "geometry": { "type": "Polygon", "coordinates": [ [ [ 128.522438, 35.264141 ], [ 128.522449, 35.265042 ], [ 128.52135, 35.265052 ], [ 128.521339, 35.26415 ], [ 128.522438, 35.264141 ] ] ] } },
{ "type": "Feature", "properties": { "grid_id": "G019124", "child_risk_pct": 0.0, "elderly_risk_pct": 6.94 }, "geometry": { "type": "Polygon", "coordinates": [ [ [ 128.52331, 35.2461 ], [ 128.523322, 35.247002 ], [ 128.522223, 35.247011 ], [ 128.522211, 35.24611 ], [ 128.52331, 35.2461 ] ] ] } },
{ "type": "Feature", "properties": { "grid_id": "G019139", "child_risk_pct": 0.0, "elderly_risk_pct": 8.33 }, "geometry": { "type": "Polygon", "coordinates": [ [ [ 128.52348, 35.259624 ], [ 128.523492, 35.260525 ], [ 128.522393, 35.260535 ], [ 128.522381, 35.259633 ], [ 128.52348, 35.259624 ] ] ] } },
{ "type": "Feature", "properties": { "grid_id": "G019140", "child_risk_pct": 0.0, "elderly_risk_pct": 12.18 }, "geometry": { "type": "Polygon", "coordinates": [ [ [ 128.523492, 35.260525 ], [ 128.523503, 35.261427 ], [ 128.522404, 35.261436 ], [ 128.522393, 35.260535 ], [ 128.523492, 35.260525 ] ] ] } },
{ "type": "Feature", "properties": { "grid_id": "G019145", "child_risk_pct": 3.21, "elderly_risk_pct": 0.0 }, "geometry": { "type": "Polygon", "coordinates": [ [ [ 128.523548, 35.265033 ], [ 128.52356, 35.265935 ], [ 128.522461, 35.265944 ], [ 128.522449, 35.265042 ], [ 128.523548, 35.265033 ] ] ] } },
{ "type": "Feature", "properties": { "grid_id": "G019146", "child_risk_pct": 14.48, "elderly_risk_pct": 0.0 }, "geometry": { "type": "Polygon", "coordinates": [ [ [ 128.52356, 35.265935 ], [ 128.523571, 35.266836 ], [ 128.522472, 35.266845 ], [ 128.522461, 35.265944 ], [ 128.52356, 35.265935 ] ] ] } },
{ "type": "Feature", "properties": { "grid_id": "G019308", "child_risk_pct": 0.0, "elderly_risk_pct": 12.75 }, "geometry": { "type": "Polygon", "coordinates": [ [ [ 128.524409, 35.246091 ], [ 128.524421, 35.246993 ], [ 128.523322, 35.247002 ], [ 128.52331, 35.2461 ], [ 128.524409, 35.246091 ] ] ] } },
{ "type": "Feature", "properties": { "grid_id": "G019309", "child_risk_pct": 0.0, "elderly_risk_pct": 22.22 }, "geometry": { "type": "Polygon", "coordinates": [ [ [ 128.524421, 35.246993 ], [ 128.524432, 35.247894 ], [ 128.523333, 35.247903 ], [ 128.523322, 35.247002 ], [ 128.524421, 35.246993 ] ] ] } },
{ "type": "Feature", "properties": { "grid_id": "G019492", "child_risk_pct": 0.0, "elderly_risk_pct": 11.25 }, "geometry": { "type": "Polygon", "coordinates": [ [ [ 128.525508, 35.246082 ], [ 128.52552, 35.246983 ], [ 128.524421, 35.246993 ], [ 128.524409, 35.246091 ], [ 128.525508, 35.246082 ] ] ] } },
{ "type": "Feature", "properties": { "grid_id": "G019493", "child_risk_pct": 0.0, "elderly_risk_pct": 8.33 }, "geometry": { "type": "Polygon", "coordinates": [ [ [ 128.52552, 35.246983 ], [ 128.525531, 35.247885 ], [ 128.524432, 35.247894 ], [ 128.524421, 35.246993 ], [ 128.52552, 35.246983 ] ] ] } },
{ "type": "Feature", "properties": { "grid_id": "G019674", "child_risk_pct": 0.0, "elderly_risk_pct": 19.63 }, "geometry": { "type": "Polygon", "coordinates": [ [ [ 128.526607, 35.246072 ], [ 128.526619, 35.246974 ], [ 128.52552, 35.246983 ], [ 128.525508, 35.246082 ], [ 128.526607, 35.246072 ] ] ] } },
{ "type": "Feature", "properties": { "grid_id": "G019675", "child_risk_pct": 0.0, "elderly_risk_pct": 10.96 }, "geometry": { "type": "Polygon", "coordinates": [ [ [ 128.526619, 35.246974 ], [ 128.52663, 35.247875 ], [ 128.525531, 35.247885 ], [ 128.52552, 35.246983 ], [ 128.526619, 35.246974 ] ] ] } },
{ "type": "Feature", "properties": { "grid_id": "G019695", "child_risk_pct": 0.0, "elderly_risk_pct": 8.97 }, "geometry": { "type": "Polygon", "coordinates": [ [ [ 128.526846, 35.265005 ], [ 128.526858, 35.265907 ], [ 128.525758, 35.265916 ], [ 128.525747, 35.265014 ], [ 128.526846, 35.265005 ] ] ] } },
{ "type": "Feature", "properties": { "grid_id": "G019696", "child_risk_pct": 0.0, "elderly_risk_pct": 8.0 }, "geometry": { "type": "Polygon", "coordinates": [ [ [ 128.526858, 35.265907 ], [ 128.526869, 35.266808 ], [ 128.52577, 35.266818 ], [ 128.525758, 35.265916 ], [ 128.526858, 35.265907 ] ] ] } },
{ "type": "Feature", "properties": { "grid_id": "G019879", "child_risk_pct": 0.0, "elderly_risk_pct": 2.58 }, "geometry": { "type": "Polygon", "coordinates": [ [ [ 128.527957, 35.265897 ], [ 128.527968, 35.266799 ], [ 128.526869, 35.266808 ], [ 128.526858, 35.265907 ], [ 128.527957, 35.265897 ] ] ] } },
{ "type": "Feature", "properties": { "grid_id": "G020036", "child_risk_pct": 0.0, "elderly_risk_pct": 3.85 }, "geometry": { "type": "Polygon", "coordinates": [ [ [ 128.52876, 35.242447 ], [ 128.528771, 35.243349 ], [ 128.527672, 35.243358 ], [ 128.527661, 35.242457 ], [ 128.52876, 35.242447 ] ] ] } },
{ "type": "Feature", "properties": { "grid_id": "G020037", "child_risk_pct": 0.0, "elderly_risk_pct": 20.14 }, "geometry": { "type": "Polygon", "coordinates": [ [ [ 128.528771, 35.243349 ], [ 128.528783, 35.244251 ], [ 128.527684, 35.24426 ], [ 128.527672, 35.243358 ], [ 128.528771, 35.243349 ] ] ] } },
{ "type": "Feature", "properties": { "grid_id": "G020063", "child_risk_pct": 0.0, "elderly_risk_pct": 3.47 }, "geometry": { "type": "Polygon", "coordinates": [ [ [ 128.529068, 35.26679 ], [ 128.529079, 35.267691 ], [ 128.52798, 35.2677 ], [ 128.527968, 35.266799 ], [ 128.529068, 35.26679 ] ] ] } },
{ "type": "Feature", "properties": { "grid_id": "G020220", "child_risk_pct": 0.0, "elderly_risk_pct": 29.86 }, "geometry": { "type": "Polygon", "coordinates": [ [ [ 128.52987, 35.24334 ], [ 128.529882, 35.244241 ], [ 128.528783, 35.244251 ], [ 128.528771, 35.243349 ], [ 128.52987, 35.24334 ] ] ] } },
{ "type": "Feature", "properties": { "grid_id": "G020246", "child_risk_pct": 0.0, "elderly_risk_pct": 31.03 }, "geometry": { "type": "Polygon", "coordinates": [ [ [ 128.530167, 35.26678 ], [ 128.530178, 35.267682 ], [ 128.529079, 35.267691 ], [ 128.529068, 35.26679 ], [ 128.530167, 35.26678 ] ] ] } },
{ "type": "Feature", "properties": { "grid_id": "G020609", "child_risk_pct": 0.0, "elderly_risk_pct": 7.1 }, "geometry": { "type": "Polygon", "coordinates": [ [ [ 128.532354, 35.26586 ], [ 128.532365, 35.266761 ], [ 128.531266, 35.266771 ], [ 128.531255, 35.265869 ], [ 128.532354, 35.26586 ] ] ] } },
{ "type": "Feature", "properties": { "grid_id": "G020788", "child_risk_pct": 0.0, "elderly_risk_pct": 15.97 }, "geometry": { "type": "Polygon", "coordinates": [ [ [ 128.533453, 35.265851 ], [ 128.533465, 35.266752 ], [ 128.532365, 35.266761 ], [ 128.532354, 35.26586 ], [ 128.533453, 35.265851 ] ] ] } },
{ "type": "Feature", "properties": { "grid_id": "G021645", "child_risk_pct": 0.0, "elderly_risk_pct": 18.06 }, "geometry": { "type": "Polygon", "coordinates": [ [ [ 128.538857, 35.258591 ], [ 128.538869, 35.259493 ], [ 128.53777, 35.259502 ], [ 128.537758, 35.2586 ], [ 128.538857, 35.258591 ] ] ] } },
{ "type": "Feature", "properties": { "grid_id": "G021823", "child_risk_pct": 0.0, "elderly_risk_pct": 4.61 }, "geometry": { "type": "Polygon", "coordinates": [ [ [ 128.539945, 35.25768 ], [ 128.539957, 35.258582 ], [ 128.538857, 35.258591 ], [ 128.538846, 35.257689 ], [ 128.539945, 35.25768 ] ] ] } },
{ "type": "Feature", "properties": { "grid_id": "G021824", "child_risk_pct": 0.0, "elderly_risk_pct": 6.25 }, "geometry": { "type": "Polygon", "coordinates": [ [ [ 128.539957, 35.258582 ], [ 128.539968, 35.259483 ], [ 128.538869, 35.259493 ], [ 128.538857, 35.258591 ], [ 128.539957, 35.258582 ] ] ] } },
{ "type": "Feature", "properties": { "grid_id": "G022600", "child_risk_pct": 0.0, "elderly_risk_pct": 19.33 }, "geometry": { "type": "Polygon", "coordinates": [ [ [ 128.543675, 35.119693 ], [ 128.543687, 35.120595 ], [ 128.542589, 35.120604 ], [ 128.542578, 35.119703 ], [ 128.543675, 35.119693 ] ] ] } },
{ "type": "Feature", "properties": { "grid_id": "G022601", "child_risk_pct": 0.0, "elderly_risk_pct": 10.07 }, "geometry": { "type": "Polygon", "coordinates": [ [ [ 128.543687, 35.120595 ], [ 128.543698, 35.121496 ], [ 128.542601, 35.121506 ], [ 128.542589, 35.120604 ], [ 128.543687, 35.120595 ] ] ] } },
{ "type": "Feature", "properties": { "grid_id": "G022797", "child_risk_pct": 0.0, "elderly_risk_pct": 0.69 }, "geometry": { "type": "Polygon", "coordinates": [ [ [ 128.544773, 35.119684 ], [ 128.544784, 35.120585 ], [ 128.543687, 35.120595 ], [ 128.543675, 35.119693 ], [ 128.544773, 35.119684 ] ] ] } },
{ "type": "Feature", "properties": { "grid_id": "G022798", "child_risk_pct": 0.0, "elderly_risk_pct": 0.69 }, "geometry": { "type": "Polygon", "coordinates": [ [ [ 128.544784, 35.120585 ], [ 128.544796, 35.121487 ], [ 128.543698, 35.121496 ], [ 128.543687, 35.120595 ], [ 128.544784, 35.120585 ] ] ] } },
{ "type": "Feature", "properties": { "grid_id": "G022829", "child_risk_pct": 0.0, "elderly_risk_pct": 10.88 }, "geometry": { "type": "Polygon", "coordinates": [ [ [ 128.545141, 35.148534 ], [ 128.545153, 35.149436 ], [ 128.544055, 35.149445 ], [ 128.544044, 35.148543 ], [ 128.545141, 35.148534 ] ] ] } },
{ "type": "Feature", "properties": { "grid_id": "G022853", "child_risk_pct": 0.0, "elderly_risk_pct": 0.69 }, "geometry": { "type": "Polygon", "coordinates": [ [ [ 128.545418, 35.170172 ], [ 128.54543, 35.171073 ], [ 128.544332, 35.171083 ], [ 128.54432, 35.170181 ], [ 128.545418, 35.170172 ] ] ] } },
{ "type": "Feature", "properties": { "grid_id": "G022949", "child_risk_pct": 0.0, "elderly_risk_pct": 1.88 }, "geometry": { "type": "Polygon", "coordinates": [ [ [ 128.546528, 35.256722 ], [ 128.54654, 35.257623 ], [ 128.545441, 35.257633 ], [ 128.545429, 35.256731 ], [ 128.546528, 35.256722 ] ] ] } },
{ "type": "Feature", "properties": { "grid_id": "G023055", "child_risk_pct": 0.0, "elderly_risk_pct": 2.78 }, "geometry": { "type": "Polygon", "coordinates": [ [ [ 128.546504, 35.169261 ], [ 128.546516, 35.170162 ], [ 128.545418, 35.170172 ], [ 128.545407, 35.16927 ], [ 128.546504, 35.169261 ] ] ] } },
{ "type": "Feature", "properties": { "grid_id": "G023056", "child_risk_pct": 0.0, "elderly_risk_pct": 12.5 }, "geometry": { "type": "Polygon", "coordinates": [ [ [ 128.546516, 35.170162 ], [ 128.546528, 35.171064 ], [ 128.54543, 35.171073 ], [ 128.545418, 35.170172 ], [ 128.546516, 35.170162 ] ] ] } },
{ "type": "Feature", "properties": { "grid_id": "G023152", "child_risk_pct": 0.0, "elderly_risk_pct": 1.82 }, "geometry": { "type": "Polygon", "coordinates": [ [ [ 128.547627, 35.256712 ], [ 128.547639, 35.257614 ], [ 128.54654, 35.257623 ], [ 128.546528, 35.256722 ], [ 128.547627, 35.256712 ] ] ] } },
{ "type": "Feature", "properties": { "grid_id": "G023926", "child_risk_pct": 0.0, "elderly_risk_pct": 10.46 }, "geometry": { "type": "Polygon", "coordinates": [ [ [ 128.551105, 35.185451 ], [ 128.551117, 35.186352 ], [ 128.550019, 35.186362 ], [ 128.550007, 35.18546 ], [ 128.551105, 35.185451 ] ] ] } },
{ "type": "Feature", "properties": { "grid_id": "G023927", "child_risk_pct": 0.0, "elderly_risk_pct": 3.8 }, "geometry": { "type": "Polygon", "coordinates": [ [ [ 128.551117, 35.186352 ], [ 128.551128, 35.187254 ], [ 128.55003, 35.187263 ], [ 128.550019, 35.186362 ], [ 128.551117, 35.186352 ] ] ] } },
{ "type": "Feature", "properties": { "grid_id": "G024525", "child_risk_pct": 0.0, "elderly_risk_pct": 36.11 }, "geometry": { "type": "Polygon", "coordinates": [ [ [ 128.553934, 35.149359 ], [ 128.553946, 35.150261 ], [ 128.552848, 35.150271 ], [ 128.552837, 35.149369 ], [ 128.553934, 35.149359 ] ] ] } },
{ "type": "Feature", "properties": { "grid_id": "G024526", "child_risk_pct": 0.0, "elderly_risk_pct": 4.86 }, "geometry": { "type": "Polygon", "coordinates": [ [ [ 128.553946, 35.150261 ], [ 128.553957, 35.151163 ], [ 128.55286, 35.151172 ], [ 128.552848, 35.150271 ], [ 128.553946, 35.150261 ] ] ] } },
{ "type": "Feature", "properties": { "grid_id": "G024554", "child_risk_pct": 0.0, "elderly_risk_pct": 3.23 }, "geometry": { "type": "Polygon", "coordinates": [ [ [ 128.554272, 35.175505 ], [ 128.554283, 35.176406 ], [ 128.553185, 35.176416 ], [ 128.553174, 35.175514 ], [ 128.554272, 35.175505 ] ] ] } },
{ "type": "Feature", "properties": { "grid_id": "G024744", "child_risk_pct": 0.0, "elderly_risk_pct": 22.22 }, "geometry": { "type": "Polygon", "coordinates": [ [ [ 128.555032, 35.14935 ], [ 128.555044, 35.150251 ], [ 128.553946, 35.150261 ], [ 128.553934, 35.149359 ], [ 128.555032, 35.14935 ] ] ] } },
{ "type": "Feature", "properties": { "grid_id": "G024745", "child_risk_pct": 0.0, "elderly_risk_pct": 1.39 }, "geometry": { "type": "Polygon", "coordinates": [ [ [ 128.555044, 35.150251 ], [ 128.555055, 35.151153 ], [ 128.553957, 35.151163 ], [ 128.553946, 35.150261 ], [ 128.555044, 35.150251 ] ] ] } },
{ "type": "Feature", "properties": { "grid_id": "G024746", "child_risk_pct": 0.0, "elderly_risk_pct": 1.36 }, "geometry": { "type": "Polygon", "coordinates": [ [ [ 128.555055, 35.151153 ], [ 128.555067, 35.152055 ], [ 128.553969, 35.152064 ], [ 128.553957, 35.151163 ], [ 128.555055, 35.151153 ] ] ] } },
{ "type": "Feature", "properties": { "grid_id": "G024747", "child_risk_pct": 0.0, "elderly_risk_pct": 33.33 }, "geometry": { "type": "Polygon", "coordinates": [ [ [ 128.555067, 35.152055 ], [ 128.555078, 35.152956 ], [ 128.553981, 35.152966 ], [ 128.553969, 35.152064 ], [ 128.555067, 35.152055 ] ] ] } },
{ "type": "Feature", "properties": { "grid_id": "G024748", "child_risk_pct": 0.0, "elderly_risk_pct": 39.1 }, "geometry": { "type": "Polygon", "coordinates": [ [ [ 128.555078, 35.152956 ], [ 128.55509, 35.153858 ], [ 128.553992, 35.153867 ], [ 128.553981, 35.152966 ], [ 128.555078, 35.152956 ] ] ] } },
{ "type": "Feature", "properties": { "grid_id": "G024772", "child_risk_pct": 0.0, "elderly_risk_pct": 1.26 }, "geometry": { "type": "Polygon", "coordinates": [ [ [ 128.555358, 35.174594 ], [ 128.55537, 35.175495 ], [ 128.554272, 35.175505 ], [ 128.55426, 35.174603 ], [ 128.555358, 35.174594 ] ] ] } },
{ "type": "Feature", "properties": { "grid_id": "G024773", "child_risk_pct": 0.0, "elderly_risk_pct": 16.67 }, "geometry": { "type": "Polygon", "coordinates": [ [ [ 128.55537, 35.175495 ], [ 128.555381, 35.176397 ], [ 128.554283, 35.176406 ], [ 128.554272, 35.175505 ], [ 128.55537, 35.175495 ] ] ] } },
{ "type": "Feature", "properties": { "grid_id": "G024774", "child_risk_pct": 0.0, "elderly_risk_pct": 6.94 }, "geometry": { "type": "Polygon", "coordinates": [ [ [ 128.555381, 35.176397 ], [ 128.555393, 35.177298 ], [ 128.554295, 35.177308 ], [ 128.554283, 35.176406 ], [ 128.555381, 35.176397 ] ] ] } },
{ "type": "Feature", "properties": { "grid_id": "G024775", "child_risk_pct": 0.0, "elderly_risk_pct": 1.34 }, "geometry": { "type": "Polygon", "coordinates": [ [ [ 128.555393, 35.177298 ], [ 128.555405, 35.1782 ], [ 128.554307, 35.17821 ], [ 128.554295, 35.177308 ], [ 128.555393, 35.177298 ] ] ] } },
{ "type": "Feature", "properties": { "grid_id": "G024839", "child_risk_pct": 0.0, "elderly_risk_pct": 5.62 }, "geometry": { "type": "Polygon", "coordinates": [ [ [ 128.55614, 35.234998 ], [ 128.556152, 35.2359 ], [ 128.555053, 35.235909 ], [ 128.555041, 35.235008 ], [ 128.55614, 35.234998 ] ] ] } },
{ "type": "Feature", "properties": { "grid_id": "G024840", "child_risk_pct": 0.0, "elderly_risk_pct": 1.92 }, "geometry": { "type": "Polygon", "coordinates": [ [ [ 128.556152, 35.2359 ], [ 128.556163, 35.236801 ], [ 128.555064, 35.236811 ], [ 128.555053, 35.235909 ], [ 128.556152, 35.2359 ] ] ] } },
{ "type": "Feature", "properties": { "grid_id": "G024968", "child_risk_pct": 0.0, "elderly_risk_pct": 3.47 }, "geometry": { "type": "Polygon", "coordinates": [ [ [ 128.556176, 35.152947 ], [ 128.556188, 35.153848 ], [ 128.55509, 35.153858 ], [ 128.555078, 35.152956 ], [ 128.556176, 35.152947 ] ] ] } },
{ "type": "Feature", "properties": { "grid_id": "G024993", "child_risk_pct": 0.0, "elderly_risk_pct": 2.03 }, "geometry": { "type": "Polygon", "coordinates": [ [ [ 128.556468, 35.175486 ], [ 128.556479, 35.176387 ], [ 128.555381, 35.176397 ], [ 128.55537, 35.175495 ], [ 128.556468, 35.175486 ] ] ] } },
{ "type": "Feature", "properties": { "grid_id": "G025018", "child_risk_pct": 0.0, "elderly_risk_pct": 16.33 }, "geometry": { "type": "Polygon", "coordinates": [ [ [ 128.556759, 35.198025 ], [ 128.556771, 35.198926 ], [ 128.555673, 35.198936 ], [ 128.555661, 35.198034 ], [ 128.556759, 35.198025 ] ] ] } },
{ "type": "Feature", "properties": { "grid_id": "G025019", "child_risk_pct": 0.0, "elderly_risk_pct": 9.33 }, "geometry": { "type": "Polygon", "coordinates": [ [ [ 128.556771, 35.198926 ], [ 128.556783, 35.199828 ], [ 128.555684, 35.199838 ], [ 128.555673, 35.198936 ], [ 128.556771, 35.198926 ] ] ] } },
{ "type": "Feature", "properties": { "grid_id": "G025059", "child_risk_pct": 0.0, "elderly_risk_pct": 16.03 }, "geometry": { "type": "Polygon", "coordinates": [ [ [ 128.557239, 35.234989 ], [ 128.55725, 35.23589 ], [ 128.556152, 35.2359 ], [ 128.55614, 35.234998 ], [ 128.557239, 35.234989 ] ] ] } },
{ "type": "Feature", "properties": { "grid_id": "G025060", "child_risk_pct": 0.0, "elderly_risk_pct": 7.84 }, "geometry": { "type": "Polygon", "coordinates": [ [ [ 128.55725, 35.23589 ], [ 128.557262, 35.236792 ], [ 128.556163, 35.236801 ], [ 128.556152, 35.2359 ], [ 128.55725, 35.23589 ] ] ] } },
{ "type": "Feature", "properties": { "grid_id": "G025214", "child_risk_pct": 16.67, "elderly_risk_pct": 0.0 }, "geometry": { "type": "Polygon", "coordinates": [ [ [ 128.557542, 35.173673 ], [ 128.557554, 35.174575 ], [ 128.556456, 35.174584 ], [ 128.556444, 35.173683 ], [ 128.557542, 35.173673 ] ] ] } },
{ "type": "Feature", "properties": { "grid_id": "G025215", "child_risk_pct": 9.72, "elderly_risk_pct": 0.0 }, "geometry": { "type": "Polygon", "coordinates": [ [ [ 128.557554, 35.174575 ], [ 128.557566, 35.175476 ], [ 128.556468, 35.175486 ], [ 128.556456, 35.174584 ], [ 128.557554, 35.174575 ] ] ] } },
{ "type": "Feature", "properties": { "grid_id": "G025216", "child_risk_pct": 7.05, "elderly_risk_pct": 0.0 }, "geometry": { "type": "Polygon", "coordinates": [ [ [ 128.557566, 35.175476 ], [ 128.557577, 35.176378 ], [ 128.556479, 35.176387 ], [ 128.556468, 35.175486 ], [ 128.557566, 35.175476 ] ] ] } },
{ "type": "Feature", "properties": { "grid_id": "G025217", "child_risk_pct": 1.36, "elderly_risk_pct": 0.0 }, "geometry": { "type": "Polygon", "coordinates": [ [ [ 128.557577, 35.176378 ], [ 128.557589, 35.177279 ], [ 128.556491, 35.177289 ], [ 128.556479, 35.176387 ], [ 128.557577, 35.176378 ] ] ] } },
{ "type": "Feature", "properties": { "grid_id": "G025219", "child_risk_pct": 18.47, "elderly_risk_pct": 0.0 }, "geometry": { "type": "Polygon", "coordinates": [ [ [ 128.557601, 35.178181 ], [ 128.557612, 35.179082 ], [ 128.556514, 35.179092 ], [ 128.556503, 35.17819 ], [ 128.557601, 35.178181 ] ] ] } },
{ "type": "Feature", "properties": { "grid_id": "G025220", "child_risk_pct": 2.68, "elderly_risk_pct": 0.0 }, "geometry": { "type": "Polygon", "coordinates": [ [ [ 128.557612, 35.179082 ], [ 128.557624, 35.179984 ], [ 128.556526, 35.179994 ], [ 128.556514, 35.179092 ], [ 128.557612, 35.179082 ] ] ] } },
{ "type": "Feature", "properties": { "grid_id": "G025222", "child_risk_pct": 0.0, "elderly_risk_pct": 7.64 }, "geometry": { "type": "Polygon", "coordinates": [ [ [ 128.557636, 35.180886 ], [ 128.557647, 35.181787 ], [ 128.556549, 35.181797 ], [ 128.556538, 35.180895 ], [ 128.557636, 35.180886 ] ] ] } },
{ "type": "Feature", "properties": { "grid_id": "G025223", "child_risk_pct": 0.0, "elderly_risk_pct": 7.69 }, "geometry": { "type": "Polygon", "coordinates": [ [ [ 128.557647, 35.181787 ], [ 128.557659, 35.182689 ], [ 128.556561, 35.182698 ], [ 128.556549, 35.181797 ], [ 128.557647, 35.181787 ] ] ] } },
{ "type": "Feature", "properties": { "grid_id": "G025226", "child_risk_pct": 0.0, "elderly_risk_pct": 30.82 }, "geometry": { "type": "Polygon", "coordinates": [ [ [ 128.557682, 35.184492 ], [ 128.557694, 35.185393 ], [ 128.556596, 35.185403 ], [ 128.556584, 35.184501 ], [ 128.557682, 35.184492 ] ] ] } },
{ "type": "Feature", "properties": { "grid_id": "G025227", "child_risk_pct": 0.0, "elderly_risk_pct": 5.81 }, "geometry": { "type": "Polygon", "coordinates": [ [ [ 128.557694, 35.185393 ], [ 128.557706, 35.186295 ], [ 128.556608, 35.186305 ], [ 128.556596, 35.185403 ], [ 128.557694, 35.185393 ] ] ] } },
{ "type": "Feature", "properties": { "grid_id": "G025232", "child_risk_pct": 0.0, "elderly_risk_pct": 0.69 }, "geometry": { "type": "Polygon", "coordinates": [ [ [ 128.557753, 35.189901 ], [ 128.557764, 35.190803 ], [ 128.556666, 35.190812 ], [ 128.556654, 35.189911 ], [ 128.557753, 35.189901 ] ] ] } },
{ "type": "Feature", "properties": { "grid_id": "G025233", "child_risk_pct": 0.0, "elderly_risk_pct": 1.29 }, "geometry": { "type": "Polygon", "coordinates": [ [ [ 128.557764, 35.190803 ], [ 128.557776, 35.191704 ], [ 128.556678, 35.191714 ], [ 128.556666, 35.190812 ], [ 128.557764, 35.190803 ] ] ] } },
{ "type": "Feature", "properties": { "grid_id": "G025238", "child_risk_pct": 0.0, "elderly_risk_pct": 1.38 }, "geometry": { "type": "Polygon", "coordinates": [ [ [ 128.557823, 35.195311 ], [ 128.557834, 35.196212 ], [ 128.556736, 35.196222 ], [ 128.556724, 35.19532 ], [ 128.557823, 35.195311 ] ] ] } },
{ "type": "Feature", "properties": { "grid_id": "G025239", "child_risk_pct": 0.0, "elderly_risk_pct": 26.39 }, "geometry": { "type": "Polygon", "coordinates": [ [ [ 128.557834, 35.196212 ], [ 128.557846, 35.197114 ], [ 128.556748, 35.197123 ], [ 128.556736, 35.196222 ], [ 128.557834, 35.196212 ] ] ] } },
{ "type": "Feature", "properties": { "grid_id": "G025240", "child_risk_pct": 0.0, "elderly_risk_pct": 15.07 }, "geometry": { "type": "Polygon", "coordinates": [ [ [ 128.557846, 35.197114 ], [ 128.557858, 35.198015 ], [ 128.556759, 35.198025 ], [ 128.556748, 35.197123 ], [ 128.557846, 35.197114 ] ] ] } },
{ "type": "Feature", "properties": { "grid_id": "G025241", "child_risk_pct": 0.0, "elderly_risk_pct": 1.78 }, "geometry": { "type": "Polygon", "coordinates": [ [ [ 128.557858, 35.198015 ], [ 128.557869, 35.198917 ], [ 128.556771, 35.198926 ], [ 128.556759, 35.198025 ], [ 128.557858, 35.198015 ] ] ] } },
{ "type": "Feature", "properties": { "grid_id": "G025242", "child_risk_pct": 0.0, "elderly_risk_pct": 16.67 }, "geometry": { "type": "Polygon", "coordinates": [ [ [ 128.557869, 35.198917 ], [ 128.557881, 35.199818 ], [ 128.556783, 35.199828 ], [ 128.556771, 35.198926 ], [ 128.557869, 35.198917 ] ] ] } },
{ "type": "Feature", "properties": { "grid_id": "G025243", "child_risk_pct": 0.0, "elderly_risk_pct": 7.64 }, "geometry": { "type": "Polygon", "coordinates": [ [ [ 128.557881, 35.199818 ], [ 128.557893, 35.20072 ], [ 128.556794, 35.20073 ], [ 128.556783, 35.199828 ], [ 128.557881, 35.199818 ] ] ] } },
{ "type": "Feature", "properties": { "grid_id": "G025408", "child_risk_pct": 12.18, "elderly_risk_pct": 0.0 }, "geometry": { "type": "Polygon", "coordinates": [ [ [ 128.55829, 35.146617 ], [ 128.558302, 35.147518 ], [ 128.557204, 35.147528 ], [ 128.557192, 35.146626 ], [ 128.55829, 35.146617 ] ] ] } },
{ "type": "Feature", "properties": { "grid_id": "G025409", "child_risk_pct": 27.45, "elderly_risk_pct": 0.0 }, "geometry": { "type": "Polygon", "coordinates": [ [ [ 128.558302, 35.147518 ], [ 128.558313, 35.14842 ], [ 128.557216, 35.148429 ], [ 128.557204, 35.147528 ], [ 128.558302, 35.147518 ] ] ] } },
{ "type": "Feature", "properties": { "grid_id": "G025438", "child_risk_pct": 16.67, "elderly_risk_pct": 0.0 }, "geometry": { "type": "Polygon", "coordinates": [ [ [ 128.55864, 35.173663 ], [ 128.558652, 35.174565 ], [ 128.557554, 35.174575 ], [ 128.557542, 35.173673 ], [ 128.55864, 35.173663 ] ] ] } },
{ "type": "Feature", "properties": { "grid_id": "G025439", "child_risk_pct": 5.56, "elderly_risk_pct": 0.0 }, "geometry": { "type": "Polygon", "coordinates": [ [ [ 128.558652, 35.174565 ], [ 128.558664, 35.175467 ], [ 128.557566, 35.175476 ], [ 128.557554, 35.174575 ], [ 128.558652, 35.174565 ] ] ] } },
{ "type": "Feature", "properties": { "grid_id": "G025440", "child_risk_pct": 27.54, "elderly_risk_pct": 0.0 }, "geometry": { "type": "Polygon", "coordinates": [ [ [ 128.558664, 35.175467 ], [ 128.558675, 35.176368 ], [ 128.557577, 35.176378 ], [ 128.557566, 35.175476 ], [ 128.558664, 35.175467 ] ] ] } },
{ "type": "Feature", "properties": { "grid_id": "G025441", "child_risk_pct": 4.52, "elderly_risk_pct": 0.0 }, "geometry": { "type": "Polygon", "coordinates": [ [ [ 128.558675, 35.176368 ], [ 128.558687, 35.17727 ], [ 128.557589, 35.177279 ], [ 128.557577, 35.176378 ], [ 128.558675, 35.176368 ] ] ] } },
{ "type": "Feature", "properties": { "grid_id": "G025443", "child_risk_pct": 2.78, "elderly_risk_pct": 0.0 }, "geometry": { "type": "Polygon", "coordinates": [ [ [ 128.558699, 35.178171 ], [ 128.55871, 35.179073 ], [ 128.557612, 35.179082 ], [ 128.557601, 35.178181 ], [ 128.558699, 35.178171 ] ] ] } },
{ "type": "Feature", "properties": { "grid_id": "G025444", "child_risk_pct": 1.28, "elderly_risk_pct": 0.0 }, "geometry": { "type": "Polygon", "coordinates": [ [ [ 128.55871, 35.179073 ], [ 128.558722, 35.179974 ], [ 128.557624, 35.179984 ], [ 128.557612, 35.179082 ], [ 128.55871, 35.179073 ] ] ] } },
{ "type": "Feature", "properties": { "grid_id": "G025445", "child_risk_pct": 0.0, "elderly_risk_pct": 15.97 }, "geometry": { "type": "Polygon", "coordinates": [ [ [ 128.558722, 35.179974 ], [ 128.558734, 35.180876 ], [ 128.557636, 35.180886 ], [ 128.557624, 35.179984 ], [ 128.558722, 35.179974 ] ] ] } },
{ "type": "Feature", "properties": { "grid_id": "G025446", "child_risk_pct": 0.0, "elderly_risk_pct": 25.69 }, "geometry": { "type": "Polygon", "coordinates": [ [ [ 128.558734, 35.180876 ], [ 128.558746, 35.181778 ], [ 128.557647, 35.181787 ], [ 128.557636, 35.180886 ], [ 128.558734, 35.180876 ] ] ] } },
{ "type": "Feature", "properties": { "grid_id": "G025447", "child_risk_pct": 0.0, "elderly_risk_pct": 5.23 }, "geometry": { "type": "Polygon", "coordinates": [ [ [ 128.558746, 35.181778 ], [ 128.558757, 35.182679 ], [ 128.557659, 35.182689 ], [ 128.557647, 35.181787 ], [ 128.558746, 35.181778 ] ] ] } },
{ "type": "Feature", "properties": { "grid_id": "G025448", "child_risk_pct": 0.0, "elderly_risk_pct": 25.15 }, "geometry": { "type": "Polygon", "coordinates": [ [ [ 128.558757, 35.182679 ], [ 128.558769, 35.183581 ], [ 128.557671, 35.18359 ], [ 128.557659, 35.182689 ], [ 128.558757, 35.182679 ] ] ] } },
{ "type": "Feature", "properties": { "grid_id": "G025450", "child_risk_pct": 0.0, "elderly_risk_pct": 2.78 }, "geometry": { "type": "Polygon", "coordinates": [ [ [ 128.558781, 35.184482 ], [ 128.558792, 35.185384 ], [ 128.557694, 35.185393 ], [ 128.557682, 35.184492 ], [ 128.558781, 35.184482 ] ] ] } },
{ "type": "Feature", "properties": { "grid_id": "G025456", "child_risk_pct": 0.0, "elderly_risk_pct": 3.85 }, "geometry": { "type": "Polygon", "coordinates": [ [ [ 128.558851, 35.189892 ], [ 128.558863, 35.190793 ], [ 128.557764, 35.190803 ], [ 128.557753, 35.189901 ], [ 128.558851, 35.189892 ] ] ] } },
{ "type": "Feature", "properties": { "grid_id": "G025462", "child_risk_pct": 0.0, "elderly_risk_pct": 1.28 }, "geometry": { "type": "Polygon", "coordinates": [ [ [ 128.558921, 35.195301 ], [ 128.558933, 35.196203 ], [ 128.557834, 35.196212 ], [ 128.557823, 35.195311 ], [ 128.558921, 35.195301 ] ] ] } },
{ "type": "Feature", "properties": { "grid_id": "G025463", "child_risk_pct": 0.0, "elderly_risk_pct": 17.31 }, "geometry": { "type": "Polygon", "coordinates": [ [ [ 128.558933, 35.196203 ], [ 128.558944, 35.197104 ], [ 128.557846, 35.197114 ], [ 128.557834, 35.196212 ], [ 128.558933, 35.196203 ] ] ] } },
{ "type": "Feature", "properties": { "grid_id": "G025467", "child_risk_pct": 0.0, "elderly_risk_pct": 14.58 }, "geometry": { "type": "Polygon", "coordinates": [ [ [ 128.55898, 35.199809 ], [ 128.558991, 35.20071 ], [ 128.557893, 35.20072 ], [ 128.557881, 35.199818 ], [ 128.55898, 35.199809 ] ] ] } },
{ "type": "Feature", "properties": { "grid_id": "G025487", "child_risk_pct": 0.0, "elderly_risk_pct": 0.62 }, "geometry": { "type": "Polygon", "coordinates": [ [ [ 128.559214, 35.21784 ], [ 128.559225, 35.218742 ], [ 128.558127, 35.218751 ], [ 128.558115, 35.21785 ], [ 128.559214, 35.21784 ] ] ] } },
{ "type": "Feature", "properties": { "grid_id": "G025633", "child_risk_pct": 6.51, "elderly_risk_pct": 0.0 }, "geometry": { "type": "Polygon", "coordinates": [ [ [ 128.559388, 35.146607 ], [ 128.559399, 35.147508 ], [ 128.558302, 35.147518 ], [ 128.55829, 35.146617 ], [ 128.559388, 35.146607 ] ] ] } },
{ "type": "Feature", "properties": { "grid_id": "G025634", "child_risk_pct": 12.93, "elderly_risk_pct": 0.0 }, "geometry": { "type": "Polygon", "coordinates": [ [ [ 128.559399, 35.147508 ], [ 128.559411, 35.14841 ], [ 128.558313, 35.14842 ], [ 128.558302, 35.147518 ], [ 128.559399, 35.147508 ] ] ] } },
{ "type": "Feature", "properties": { "grid_id": "G025668", "child_risk_pct": 3.47, "elderly_risk_pct": 20.14 }, "geometry": { "type": "Polygon", "coordinates": [ [ [ 128.559797, 35.178162 ], [ 128.559809, 35.179063 ], [ 128.55871, 35.179073 ], [ 128.558699, 35.178171 ], [ 128.559797, 35.178162 ] ] ] } },
{ "type": "Feature", "properties": { "grid_id": "G025669", "child_risk_pct": 30.07, "elderly_risk_pct": 5.88 }, "geometry": { "type": "Polygon", "coordinates": [ [ [ 128.559809, 35.179063 ], [ 128.55982, 35.179965 ], [ 128.558722, 35.179974 ], [ 128.55871, 35.179073 ], [ 128.559809, 35.179063 ] ] ] } },
{ "type": "Feature", "properties": { "grid_id": "G025670", "child_risk_pct": 7.43, "elderly_risk_pct": 58.11 }, "geometry": { "type": "Polygon", "coordinates": [ [ [ 128.55982, 35.179965 ], [ 128.559832, 35.180866 ], [ 128.558734, 35.180876 ], [ 128.558722, 35.179974 ], [ 128.55982, 35.179965 ] ] ] } },
{ "type": "Feature", "properties": { "grid_id": "G025671", "child_risk_pct": 0.0, "elderly_risk_pct": 51.28 }, "geometry": { "type": "Polygon", "coordinates": [ [ [ 128.559832, 35.180866 ], [ 128.559844, 35.181768 ], [ 128.558746, 35.181778 ], [ 128.558734, 35.180876 ], [ 128.559832, 35.180866 ] ] ] } },
{ "type": "Feature", "properties": { "grid_id": "G025672", "child_risk_pct": 0.0, "elderly_risk_pct": 12.42 }, "geometry": { "type": "Polygon", "coordinates": [ [ [ 128.559844, 35.181768 ], [ 128.559855, 35.18267 ], [ 128.558757, 35.182679 ], [ 128.558746, 35.181778 ], [ 128.559844, 35.181768 ] ] ] } },
{ "type": "Feature", "properties": { "grid_id": "G025673", "child_risk_pct": 0.0, "elderly_risk_pct": 22.44 }, "geometry": { "type": "Polygon", "coordinates": [ [ [ 128.559855, 35.18267 ], [ 128.559867, 35.183571 ], [ 128.558769, 35.183581 ], [ 128.558757, 35.182679 ], [ 128.559855, 35.18267 ] ] ] } },
{ "type": "Feature", "properties": { "grid_id": "G025689", "child_risk_pct": 28.47, "elderly_risk_pct": 0.0 }, "geometry": { "type": "Polygon", "coordinates": [ [ [ 128.560043, 35.197094 ], [ 128.560054, 35.197996 ], [ 128.558956, 35.198006 ], [ 128.558944, 35.197104 ], [ 128.560043, 35.197094 ] ] ] } },
{ "type": "Feature", "properties": { "grid_id": "G025690", "child_risk_pct": 0.0, "elderly_risk_pct": 13.19 }, "geometry": { "type": "Polygon", "coordinates": [ [ [ 128.560054, 35.197996 ], [ 128.560066, 35.198898 ], [ 128.558968, 35.198907 ], [ 128.558956, 35.198006 ], [ 128.560054, 35.197996 ] ] ] } },
{ "type": "Feature", "properties": { "grid_id": "G025691", "child_risk_pct": 0.0, "elderly_risk_pct": 6.41 }, "geometry": { "type": "Polygon", "coordinates": [ [ [ 128.560066, 35.198898 ], [ 128.560078, 35.199799 ], [ 128.55898, 35.199809 ], [ 128.558968, 35.198907 ], [ 128.560066, 35.198898 ] ] ] } },
{ "type": "Feature", "properties": { "grid_id": "G025692", "child_risk_pct": 0.0, "elderly_risk_pct": 12.5 }, "geometry": { "type": "Polygon", "coordinates": [ [ [ 128.560078, 35.199799 ], [ 128.56009, 35.200701 ], [ 128.558991, 35.20071 ], [ 128.55898, 35.199809 ], [ 128.560078, 35.199799 ] ] ] } },
{ "type": "Feature", "properties": { "grid_id": "G025694", "child_risk_pct": 0.0, "elderly_risk_pct": 25.15 }, "geometry": { "type": "Polygon", "coordinates": [ [ [ 128.560101, 35.201602 ], [ 128.560113, 35.202504 ], [ 128.559015, 35.202513 ], [ 128.559003, 35.201612 ], [ 128.560101, 35.201602 ] ] ] } },
{ "type": "Feature", "properties": { "grid_id": "G025695", "child_risk_pct": 0.0, "elderly_risk_pct": 1.29 }, "geometry": { "type": "Polygon", "coordinates": [ [ [ 128.560113, 35.202504 ], [ 128.560125, 35.203405 ], [ 128.559026, 35.203415 ], [ 128.559015, 35.202513 ], [ 128.560113, 35.202504 ] ] ] } },
{ "type": "Feature", "properties": { "grid_id": "G025698", "child_risk_pct": 0.0, "elderly_risk_pct": 0.64 }, "geometry": { "type": "Polygon", "coordinates": [ [ [ 128.560148, 35.205209 ], [ 128.56016, 35.20611 ], [ 128.559061, 35.20612 ], [ 128.55905, 35.205218 ], [ 128.560148, 35.205209 ] ] ] } },
{ "type": "Feature", "properties": { "grid_id": "G025711", "child_risk_pct": 0.0, "elderly_risk_pct": 12.41 }, "geometry": { "type": "Polygon", "coordinates": [ [ [ 128.560301, 35.216929 ], [ 128.560312, 35.21783 ], [ 128.559214, 35.21784 ], [ 128.559202, 35.216938 ], [ 128.560301, 35.216929 ] ] ] } },
{ "type": "Feature", "properties": { "grid_id": "G025712", "child_risk_pct": 0.0, "elderly_risk_pct": 7.05 }, "geometry": { "type": "Polygon", "coordinates": [ [ [ 128.560312, 35.21783 ], [ 128.560324, 35.218732 ], [ 128.559225, 35.218742 ], [ 128.559214, 35.21784 ], [ 128.560312, 35.21783 ] ] ] } },
{ "type": "Feature", "properties": { "grid_id": "G025728", "child_risk_pct": 0.0, "elderly_risk_pct": 21.53 }, "geometry": { "type": "Polygon", "coordinates": [ [ [ 128.5605, 35.232255 ], [ 128.560512, 35.233157 ], [ 128.559413, 35.233166 ], [ 128.559401, 35.232265 ], [ 128.5605, 35.232255 ] ] ] } },
{ "type": "Feature", "properties": { "grid_id": "G025729", "child_risk_pct": 0.0, "elderly_risk_pct": 34.44 }, "geometry": { "type": "Polygon", "coordinates": [ [ [ 128.560512, 35.233157 ], [ 128.560523, 35.234058 ], [ 128.559425, 35.234068 ], [ 128.559413, 35.233166 ], [ 128.560512, 35.233157 ] ] ] } },
{ "type": "Feature", "properties": { "grid_id": "G025894", "child_risk_pct": 0.0, "elderly_risk_pct": 24.31 }, "geometry": { "type": "Polygon", "coordinates": [ [ [ 128.560895, 35.178152 ], [ 128.560907, 35.179054 ], [ 128.559809, 35.179063 ], [ 128.559797, 35.178162 ], [ 128.560895, 35.178152 ] ] ] } },
{ "type": "Feature", "properties": { "grid_id": "G025895", "child_risk_pct": 24.18, "elderly_risk_pct": 3.27 }, "geometry": { "type": "Polygon", "coordinates": [ [ [ 128.560907, 35.179054 ], [ 128.560918, 35.179955 ], [ 128.55982, 35.179965 ], [ 128.559809, 35.179063 ], [ 128.560907, 35.179054 ] ] ] } },
{ "type": "Feature", "properties": { "grid_id": "G025896", "child_risk_pct": 12.5, "elderly_risk_pct": 20.24 }, "geometry": { "type": "Polygon", "coordinates": [ [ [ 128.560918, 35.179955 ], [ 128.56093, 35.180857 ], [ 128.559832, 35.180866 ], [ 128.55982, 35.179965 ], [ 128.560918, 35.179955 ] ] ] } },
{ "type": "Feature", "properties": { "grid_id": "G025897", "child_risk_pct": 0.0, "elderly_risk_pct": 34.03 }, "geometry": { "type": "Polygon", "coordinates": [ [ [ 128.56093, 35.180857 ], [ 128.560942, 35.181758 ], [ 128.559844, 35.181768 ], [ 128.559832, 35.180866 ], [ 128.56093, 35.180857 ] ] ] } },
{ "type": "Feature", "properties": { "grid_id": "G025898", "child_risk_pct": 0.0, "elderly_risk_pct": 7.64 }, "geometry": { "type": "Polygon", "coordinates": [ [ [ 128.560942, 35.181758 ], [ 128.560954, 35.18266 ], [ 128.559855, 35.18267 ], [ 128.559844, 35.181768 ], [ 128.560942, 35.181758 ] ] ] } },
{ "type": "Feature", "properties": { "grid_id": "G025901", "child_risk_pct": 0.0, "elderly_risk_pct": 3.47 }, "geometry": { "type": "Polygon", "coordinates": [ [ [ 128.560977, 35.184463 ], [ 128.560989, 35.185365 ], [ 128.559891, 35.185374 ], [ 128.559879, 35.184473 ], [ 128.560977, 35.184463 ] ] ] } },
{ "type": "Feature", "properties": { "grid_id": "G025916", "child_risk_pct": 0.0, "elderly_risk_pct": 5.56 }, "geometry": { "type": "Polygon", "coordinates": [ [ [ 128.561153, 35.197986 ], [ 128.561165, 35.198888 ], [ 128.560066, 35.198898 ], [ 128.560054, 35.197996 ], [ 128.561153, 35.197986 ] ] ] } },
{ "type": "Feature", "properties": { "grid_id": "G025917", "child_risk_pct": 0.0, "elderly_risk_pct": 21.79 }, "geometry": { "type": "Polygon", "coordinates": [ [ [ 128.561165, 35.198888 ], [ 128.561176, 35.19979 ], [ 128.560078, 35.199799 ], [ 128.560066, 35.198898 ], [ 128.561165, 35.198888 ] ] ] } },
{ "type": "Feature", "properties": { "grid_id": "G025918", "child_risk_pct": 0.0, "elderly_risk_pct": 8.5 }, "geometry": { "type": "Polygon", "coordinates": [ [ [ 128.561176, 35.19979 ], [ 128.561188, 35.200691 ], [ 128.56009, 35.200701 ], [ 128.560078, 35.199799 ], [ 128.561176, 35.19979 ] ] ] } },
{ "type": "Feature", "properties": { "grid_id": "G025920", "child_risk_pct": 0.0, "elderly_risk_pct": 13.19 }, "geometry": { "type": "Polygon", "coordinates": [ [ [ 128.5612, 35.201593 ], [ 128.561211, 35.202494 ], [ 128.560113, 35.202504 ], [ 128.560101, 35.201602 ], [ 128.5612, 35.201593 ] ] ] } },
{ "type": "Feature", "properties": { "grid_id": "G025921", "child_risk_pct": 0.0, "elderly_risk_pct": 3.85 }, "geometry": { "type": "Polygon", "coordinates": [ [ [ 128.561211, 35.202494 ], [ 128.561223, 35.203396 ], [ 128.560125, 35.203405 ], [ 128.560113, 35.202504 ], [ 128.561211, 35.202494 ] ] ] } },
{ "type": "Feature", "properties": { "grid_id": "G025923", "child_risk_pct": 0.0, "elderly_risk_pct": 7.64 }, "geometry": { "type": "Polygon", "coordinates": [ [ [ 128.561235, 35.204297 ], [ 128.561247, 35.205199 ], [ 128.560148, 35.205209 ], [ 128.560136, 35.204307 ], [ 128.561235, 35.204297 ] ] ] } },
{ "type": "Feature", "properties": { "grid_id": "G025924", "child_risk_pct": 0.0, "elderly_risk_pct": 14.29 }, "geometry": { "type": "Polygon", "coordinates": [ [ [ 128.561247, 35.205199 ], [ 128.561258, 35.2061 ], [ 128.56016, 35.20611 ], [ 128.560148, 35.205209 ], [ 128.561247, 35.205199 ] ] ] } },
{ "type": "Feature", "properties": { "grid_id": "G025934", "child_risk_pct": 0.0, "elderly_risk_pct": 16.03 }, "geometry": { "type": "Polygon", "coordinates": [ [ [ 128.561364, 35.214214 ], [ 128.561376, 35.215116 ], [ 128.560277, 35.215126 ], [ 128.560265, 35.214224 ], [ 128.561364, 35.214214 ] ] ] } },
{ "type": "Feature", "properties": { "grid_id": "G025935", "child_risk_pct": 0.0, "elderly_risk_pct": 5.62 }, "geometry": { "type": "Polygon", "coordinates": [ [ [ 128.561376, 35.215116 ], [ 128.561387, 35.216018 ], [ 128.560289, 35.216027 ], [ 128.560277, 35.215126 ], [ 128.561376, 35.215116 ] ] ] } },
{ "type": "Feature", "properties": { "grid_id": "G025937", "child_risk_pct": 0.0, "elderly_risk_pct": 1.39 }, "geometry": { "type": "Polygon", "coordinates": [ [ [ 128.561399, 35.216919 ], [ 128.561411, 35.217821 ], [ 128.560312, 35.21783 ], [ 128.560301, 35.216929 ], [ 128.561399, 35.216919 ] ] ] } },
{ "type": "Feature", "properties": { "grid_id": "G025954", "child_risk_pct": 0.0, "elderly_risk_pct": 8.33 }, "geometry": { "type": "Polygon", "coordinates": [ [ [ 128.561599, 35.232246 ], [ 128.561611, 35.233147 ], [ 128.560512, 35.233157 ], [ 128.5605, 35.232255 ], [ 128.561599, 35.232246 ] ] ] } },
{ "type": "Feature", "properties": { "grid_id": "G025955", "child_risk_pct": 0.0, "elderly_risk_pct": 17.36 }, "geometry": { "type": "Polygon", "coordinates": [ [ [ 128.561611, 35.233147 ], [ 128.561622, 35.234049 ], [ 128.560523, 35.234058 ], [ 128.560512, 35.233157 ], [ 128.561611, 35.233147 ] ] ] } },
{ "type": "Feature", "properties": { "grid_id": "G026115", "child_risk_pct": 0.0, "elderly_risk_pct": 1.22 }, "geometry": { "type": "Polygon", "coordinates": [ [ [ 128.561899, 35.17093 ], [ 128.561911, 35.171832 ], [ 128.560813, 35.171841 ], [ 128.560801, 35.17094 ], [ 128.561899, 35.17093 ] ] ] } },
{ "type": "Feature", "properties": { "grid_id": "G026123", "child_risk_pct": 0.0, "elderly_risk_pct": 9.62 }, "geometry": { "type": "Polygon", "coordinates": [ [ [ 128.561993, 35.178142 ], [ 128.562005, 35.179044 ], [ 128.560907, 35.179054 ], [ 128.560895, 35.178152 ], [ 128.561993, 35.178142 ] ] ] } },
{ "type": "Feature", "properties": { "grid_id": "G026124", "child_risk_pct": 0.0, "elderly_risk_pct": 14.97 }, "geometry": { "type": "Polygon", "coordinates": [ [ [ 128.562005, 35.179044 ], [ 128.562016, 35.179946 ], [ 128.560918, 35.179955 ], [ 128.560907, 35.179054 ], [ 128.562005, 35.179044 ] ] ] } },
{ "type": "Feature", "properties": { "grid_id": "G026125", "child_risk_pct": 0.0, "elderly_risk_pct": 5.84 }, "geometry": { "type": "Polygon", "coordinates": [ [ [ 128.562016, 35.179946 ], [ 128.562028, 35.180847 ], [ 128.56093, 35.180857 ], [ 128.560918, 35.179955 ], [ 128.562016, 35.179946 ] ] ] } },
{ "type": "Feature", "properties": { "grid_id": "G026126", "child_risk_pct": 0.0, "elderly_risk_pct": 37.67 }, "geometry": { "type": "Polygon", "coordinates": [ [ [ 128.562028, 35.180847 ], [ 128.56204, 35.181749 ], [ 128.560942, 35.181758 ], [ 128.56093, 35.180857 ], [ 128.562028, 35.180847 ] ] ] } },
{ "type": "Feature", "properties": { "grid_id": "G026128", "child_risk_pct": 0.0, "elderly_risk_pct": 1.39 }, "geometry": { "type": "Polygon", "coordinates": [ [ [ 128.562052, 35.18265 ], [ 128.562063, 35.183552 ], [ 128.560965, 35.183561 ], [ 128.560954, 35.18266 ], [ 128.562052, 35.18265 ] ] ] } },
{ "type": "Feature", "properties": { "grid_id": "G026129", "child_risk_pct": 0.0, "elderly_risk_pct": 10.26 }, "geometry": { "type": "Polygon", "coordinates": [ [ [ 128.562063, 35.183552 ], [ 128.562075, 35.184453 ], [ 128.560977, 35.184463 ], [ 128.560965, 35.183561 ], [ 128.562063, 35.183552 ] ] ] } },
{ "type": "Feature", "properties": { "grid_id": "G026130", "child_risk_pct": 0.0, "elderly_risk_pct": 51.3 }, "geometry": { "type": "Polygon", "coordinates": [ [ [ 128.562075, 35.184453 ], [ 128.562087, 35.185355 ], [ 128.560989, 35.185365 ], [ 128.560977, 35.184463 ], [ 128.562075, 35.184453 ] ] ] } },
{ "type": "Feature", "properties": { "grid_id": "G026131", "child_risk_pct": 0.0, "elderly_risk_pct": 20.0 }, "geometry": { "type": "Polygon", "coordinates": [ [ [ 128.562087, 35.185355 ], [ 128.562099, 35.186257 ], [ 128.561, 35.186266 ], [ 128.560989, 35.185365 ], [ 128.562087, 35.185355 ] ] ] } },
{ "type": "Feature", "properties": { "grid_id": "G026132", "child_risk_pct": 0.0, "elderly_risk_pct": 26.0 }, "geometry": { "type": "Polygon", "coordinates": [ [ [ 128.562099, 35.186257 ], [ 128.56211, 35.187158 ], [ 128.561012, 35.187168 ], [ 128.561, 35.186266 ], [ 128.562099, 35.186257 ] ] ] } },
{ "type": "Feature", "properties": { "grid_id": "G026137", "child_risk_pct": 0.68, "elderly_risk_pct": 0.0 }, "geometry": { "type": "Polygon", "coordinates": [ [ [ 128.562157, 35.190764 ], [ 128.562169, 35.191666 ], [ 128.561071, 35.191676 ], [ 128.561059, 35.190774 ], [ 128.562157, 35.190764 ] ] ] } },
{ "type": "Feature", "properties": { "grid_id": "G026144", "child_risk_pct": 10.42, "elderly_risk_pct": 0.0 }, "geometry": { "type": "Polygon", "coordinates": [ [ [ 128.562239, 35.197075 ], [ 128.562251, 35.197977 ], [ 128.561153, 35.197986 ], [ 128.561141, 35.197085 ], [ 128.562239, 35.197075 ] ] ] } },
{ "type": "Feature", "properties": { "grid_id": "G026145", "child_risk_pct": 9.33, "elderly_risk_pct": 0.0 }, "geometry": { "type": "Polygon", "coordinates": [ [ [ 128.562251, 35.197977 ], [ 128.562263, 35.198878 ], [ 128.561165, 35.198888 ], [ 128.561153, 35.197986 ], [ 128.562251, 35.197977 ] ] ] } },
{ "type": "Feature", "properties": { "grid_id": "G026152", "child_risk_pct": 0.0, "elderly_risk_pct": 22.92 }, "geometry": { "type": "Polygon", "coordinates": [ [ [ 128.562333, 35.204288 ], [ 128.562345, 35.205189 ], [ 128.561247, 35.205199 ], [ 128.561235, 35.204297 ], [ 128.562333, 35.204288 ] ] ] } },
{ "type": "Feature", "properties": { "grid_id": "G026153", "child_risk_pct": 0.0, "elderly_risk_pct": 5.84 }, "geometry": { "type": "Polygon", "coordinates": [ [ [ 128.562345, 35.205189 ], [ 128.562357, 35.206091 ], [ 128.561258, 35.2061 ], [ 128.561247, 35.205199 ], [ 128.562345, 35.205189 ] ] ] } },
{ "type": "Feature", "properties": { "grid_id": "G026161", "child_risk_pct": 0.0, "elderly_risk_pct": 20.12 }, "geometry": { "type": "Polygon", "coordinates": [ [ [ 128.562439, 35.212402 ], [ 128.562451, 35.213303 ], [ 128.561352, 35.213313 ], [ 128.56134, 35.212411 ], [ 128.562439, 35.212402 ] ] ] } },
{ "type": "Feature", "properties": { "grid_id": "G026165", "child_risk_pct": 18.37, "elderly_risk_pct": 0.0 }, "geometry": { "type": "Polygon", "coordinates": [ [ [ 128.562486, 35.216008 ], [ 128.562498, 35.21691 ], [ 128.561399, 35.216919 ], [ 128.561387, 35.216018 ], [ 128.562486, 35.216008 ] ] ] } },
{ "type": "Feature", "properties": { "grid_id": "G026166", "child_risk_pct": 12.5, "elderly_risk_pct": 15.97 }, "geometry": { "type": "Polygon", "coordinates": [ [ [ 128.562498, 35.21691 ], [ 128.562509, 35.217811 ], [ 128.561411, 35.217821 ], [ 128.561399, 35.216919 ], [ 128.562498, 35.21691 ] ] ] } },
{ "type": "Feature", "properties": { "grid_id": "G026167", "child_risk_pct": 0.0, "elderly_risk_pct": 20.83 }, "geometry": { "type": "Polygon", "coordinates": [ [ [ 128.562509, 35.217811 ], [ 128.562521, 35.218713 ], [ 128.561423, 35.218722 ], [ 128.561411, 35.217821 ], [ 128.562509, 35.217811 ] ] ] } },
{ "type": "Feature", "properties": { "grid_id": "G026358", "child_risk_pct": 0.0, "elderly_risk_pct": 21.29 }, "geometry": { "type": "Polygon", "coordinates": [ [ [ 128.562985, 35.170019 ], [ 128.562997, 35.17092 ], [ 128.561899, 35.17093 ], [ 128.561887, 35.170028 ], [ 128.562985, 35.170019 ] ] ] } },
{ "type": "Feature", "properties": { "grid_id": "G026359", "child_risk_pct": 0.0, "elderly_risk_pct": 26.28 }, "geometry": { "type": "Polygon", "coordinates": [ [ [ 128.562997, 35.17092 ], [ 128.563009, 35.171822 ], [ 128.561911, 35.171832 ], [ 128.561899, 35.17093 ], [ 128.562997, 35.17092 ] ] ] } },
{ "type": "Feature", "properties": { "grid_id": "G026361", "child_risk_pct": 1.39, "elderly_risk_pct": 0.0 }, "geometry": { "type": "Polygon", "coordinates": [ [ [ 128.563021, 35.172723 ], [ 128.563032, 35.173625 ], [ 128.561934, 35.173635 ], [ 128.561923, 35.172733 ], [ 128.563021, 35.172723 ] ] ] } },
{ "type": "Feature", "properties": { "grid_id": "G026367", "child_risk_pct": 0.0, "elderly_risk_pct": 0.69 }, "geometry": { "type": "Polygon", "coordinates": [ [ [ 128.563091, 35.178133 ], [ 128.563103, 35.179034 ], [ 128.562005, 35.179044 ], [ 128.561993, 35.178142 ], [ 128.563091, 35.178133 ] ] ] } },
{ "type": "Feature", "properties": { "grid_id": "G026368", "child_risk_pct": 0.0, "elderly_risk_pct": 18.06 }, "geometry": { "type": "Polygon", "coordinates": [ [ [ 128.563103, 35.179034 ], [ 128.563115, 35.179936 ], [ 128.562016, 35.179946 ], [ 128.562005, 35.179044 ], [ 128.563103, 35.179034 ] ] ] } },
{ "type": "Feature", "properties": { "grid_id": "G026369", "child_risk_pct": 0.0, "elderly_risk_pct": 0.69 }, "geometry": { "type": "Polygon", "coordinates": [ [ [ 128.563115, 35.179936 ], [ 128.563126, 35.180838 ], [ 128.562028, 35.180847 ], [ 128.562016, 35.179946 ], [ 128.563115, 35.179936 ] ] ] } },
{ "type": "Feature", "properties": { "grid_id": "G026370", "child_risk_pct": 0.0, "elderly_risk_pct": 10.9 }, "geometry": { "type": "Polygon", "coordinates": [ [ [ 128.563126, 35.180838 ], [ 128.563138, 35.181739 ], [ 128.56204, 35.181749 ], [ 128.562028, 35.180847 ], [ 128.563126, 35.180838 ] ] ] } },
{ "type": "Feature", "properties": { "grid_id": "G026372", "child_risk_pct": 0.0, "elderly_risk_pct": 13.33 }, "geometry": { "type": "Polygon", "coordinates": [ [ [ 128.56315, 35.182641 ], [ 128.563162, 35.183542 ], [ 128.562063, 35.183552 ], [ 128.562052, 35.18265 ], [ 128.56315, 35.182641 ] ] ] } },
{ "type": "Feature", "properties": { "grid_id": "G026373", "child_risk_pct": 0.0, "elderly_risk_pct": 36.36 }, "geometry": { "type": "Polygon", "coordinates": [ [ [ 128.563162, 35.183542 ], [ 128.563173, 35.184444 ], [ 128.562075, 35.184453 ], [ 128.562063, 35.183552 ], [ 128.563162, 35.183542 ] ] ] } },
{ "type": "Feature", "properties": { "grid_id": "G026374", "child_risk_pct": 0.0, "elderly_risk_pct": 17.33 }, "geometry": { "type": "Polygon", "coordinates": [ [ [ 128.563173, 35.184444 ], [ 128.563185, 35.185345 ], [ 128.562087, 35.185355 ], [ 128.562075, 35.184453 ], [ 128.563173, 35.184444 ] ] ] } },
{ "type": "Feature", "properties": { "grid_id": "G026379", "child_risk_pct": 0.0, "elderly_risk_pct": 1.39 }, "geometry": { "type": "Polygon", "coordinates": [ [ [ 128.563232, 35.188952 ], [ 128.563244, 35.189853 ], [ 128.562145, 35.189863 ], [ 128.562134, 35.188961 ], [ 128.563232, 35.188952 ] ] ] } },
{ "type": "Feature", "properties": { "grid_id": "G026380", "child_risk_pct": 15.62, "elderly_risk_pct": 37.5 }, "geometry": { "type": "Polygon", "coordinates": [ [ [ 128.563244, 35.189853 ], [ 128.563255, 35.190755 ], [ 128.562157, 35.190764 ], [ 128.562145, 35.189863 ], [ 128.563244, 35.189853 ] ] ] } },
{ "type": "Feature", "properties": { "grid_id": "G026381", "child_risk_pct": 18.01, "elderly_risk_pct": 1.86 }, "geometry": { "type": "Polygon", "coordinates": [ [ [ 128.563255, 35.190755 ], [ 128.563267, 35.191656 ], [ 128.562169, 35.191666 ], [ 128.562157, 35.190764 ], [ 128.563255, 35.190755 ] ] ] } },
{ "type": "Feature", "properties": { "grid_id": "G026382", "child_risk_pct": 14.58, "elderly_risk_pct": 0.0 }, "geometry": { "type": "Polygon", "coordinates": [ [ [ 128.563267, 35.191656 ], [ 128.563279, 35.192558 ], [ 128.562181, 35.192567 ], [ 128.562169, 35.191666 ], [ 128.563267, 35.191656 ] ] ] } },
{ "type": "Feature", "properties": { "grid_id": "G026388", "child_risk_pct": 1.2, "elderly_risk_pct": 0.0 }, "geometry": { "type": "Polygon", "coordinates": [ [ [ 128.563338, 35.197066 ], [ 128.563349, 35.197967 ], [ 128.562251, 35.197977 ], [ 128.562239, 35.197075 ], [ 128.563338, 35.197066 ] ] ] } },
{ "type": "Feature", "properties": { "grid_id": "G026389", "child_risk_pct": 11.33, "elderly_risk_pct": 0.0 }, "geometry": { "type": "Polygon", "coordinates": [ [ [ 128.563349, 35.197967 ], [ 128.563361, 35.198869 ], [ 128.562263, 35.198878 ], [ 128.562251, 35.197977 ], [ 128.563349, 35.197967 ] ] ] } },
{ "type": "Feature", "properties": { "grid_id": "G026391", "child_risk_pct": 0.0, "elderly_risk_pct": 5.13 }, "geometry": { "type": "Polygon", "coordinates": [ [ [ 128.563373, 35.19977 ], [ 128.563385, 35.200672 ], [ 128.562286, 35.200681 ], [ 128.562275, 35.19978 ], [ 128.563373, 35.19977 ] ] ] } },
{ "type": "Feature", "properties": { "grid_id": "G026394", "child_risk_pct": 0.0, "elderly_risk_pct": 2.78 }, "geometry": { "type": "Polygon", "coordinates": [ [ [ 128.563408, 35.202475 ], [ 128.56342, 35.203377 ], [ 128.562322, 35.203386 ], [ 128.56231, 35.202485 ], [ 128.563408, 35.202475 ] ] ] } },
{ "type": "Feature", "properties": { "grid_id": "G026405", "child_risk_pct": 0.0, "elderly_risk_pct": 34.42 }, "geometry": { "type": "Polygon", "coordinates": [ [ [ 128.563538, 35.212392 ], [ 128.563549, 35.213294 ], [ 128.562451, 35.213303 ], [ 128.562439, 35.212402 ], [ 128.563538, 35.212392 ] ] ] } },
{ "type": "Feature", "properties": { "grid_id": "G026409", "child_risk_pct": 14.1, "elderly_risk_pct": 0.0 }, "geometry": { "type": "Polygon", "coordinates": [ [ [ 128.563585, 35.215998 ], [ 128.563596, 35.2169 ], [ 128.562498, 35.21691 ], [ 128.562486, 35.216008 ], [ 128.563585, 35.215998 ] ] ] } },
{ "type": "Feature", "properties": { "grid_id": "G026410", "child_risk_pct": 6.08, "elderly_risk_pct": 0.0 }, "geometry": { "type": "Polygon", "coordinates": [ [ [ 128.563596, 35.2169 ], [ 128.563608, 35.217801 ], [ 128.562509, 35.217811 ], [ 128.562498, 35.21691 ], [ 128.563596, 35.2169 ] ] ] } },
{ "type": "Feature", "properties": { "grid_id": "G026411", "child_risk_pct": 0.0, "elderly_risk_pct": 19.23 }, "geometry": { "type": "Polygon", "coordinates": [ [ [ 128.563608, 35.217801 ], [ 128.56362, 35.218703 ], [ 128.562521, 35.218713 ], [ 128.562509, 35.217811 ], [ 128.563608, 35.217801 ] ] ] } },
{ "type": "Feature", "properties": { "grid_id": "G026412", "child_risk_pct": 0.0, "elderly_risk_pct": 29.56 }, "geometry": { "type": "Polygon", "coordinates": [ [ [ 128.56362, 35.218703 ], [ 128.563632, 35.219605 ], [ 128.562533, 35.219614 ], [ 128.562521, 35.218713 ], [ 128.56362, 35.218703 ] ] ] } },
{ "type": "Feature", "properties": { "grid_id": "G026426", "child_risk_pct": 0.0, "elderly_risk_pct": 4.22 }, "geometry": { "type": "Polygon", "coordinates": [ [ [ 128.563785, 35.231325 ], [ 128.563796, 35.232226 ], [ 128.562698, 35.232236 ], [ 128.562686, 35.231334 ], [ 128.563785, 35.231325 ] ] ] } },
{ "type": "Feature", "properties": { "grid_id": "G026427", "child_risk_pct": 0.0, "elderly_risk_pct": 1.28 }, "geometry": { "type": "Polygon", "coordinates": [ [ [ 128.563796, 35.232226 ], [ 128.563808, 35.233128 ], [ 128.562709, 35.233138 ], [ 128.562698, 35.232236 ], [ 128.563796, 35.232226 ] ] ] } },
{ "type": "Feature", "properties": { "grid_id": "G026606", "child_risk_pct": 0.0, "elderly_risk_pct": 4.17 }, "geometry": { "type": "Polygon", "coordinates": [ [ [ 128.564083, 35.170009 ], [ 128.564095, 35.170911 ], [ 128.562997, 35.17092 ], [ 128.562985, 35.170019 ], [ 128.564083, 35.170009 ] ] ] } },
{ "type": "Feature", "properties": { "grid_id": "G026607", "child_risk_pct": 0.0, "elderly_risk_pct": 2.67 }, "geometry": { "type": "Polygon", "coordinates": [ [ [ 128.564095, 35.170911 ], [ 128.564107, 35.171812 ], [ 128.563009, 35.171822 ], [ 128.562997, 35.17092 ], [ 128.564095, 35.170911 ] ] ] } },
{ "type": "Feature", "properties": { "grid_id": "G026608", "child_risk_pct": 11.33, "elderly_risk_pct": 0.0 }, "geometry": { "type": "Polygon", "coordinates": [ [ [ 128.564107, 35.171812 ], [ 128.564119, 35.172714 ], [ 128.563021, 35.172723 ], [ 128.563009, 35.171822 ], [ 128.564107, 35.171812 ] ] ] } },
{ "type": "Feature", "properties": { "grid_id": "G026609", "child_risk_pct": 3.47, "elderly_risk_pct": 0.0 }, "geometry": { "type": "Polygon", "coordinates": [ [ [ 128.564119, 35.172714 ], [ 128.56413, 35.173615 ], [ 128.563032, 35.173625 ], [ 128.563021, 35.172723 ], [ 128.564119, 35.172714 ] ] ] } },
{ "type": "Feature", "properties": { "grid_id": "G026617", "child_risk_pct": 0.0, "elderly_risk_pct": 0.69 }, "geometry": { "type": "Polygon", "coordinates": [ [ [ 128.564213, 35.179926 ], [ 128.564224, 35.180828 ], [ 128.563126, 35.180838 ], [ 128.563115, 35.179936 ], [ 128.564213, 35.179926 ] ] ] } },
{ "type": "Feature", "properties": { "grid_id": "G026618", "child_risk_pct": 3.16, "elderly_risk_pct": 0.63 }, "geometry": { "type": "Polygon", "coordinates": [ [ [ 128.564224, 35.180828 ], [ 128.564236, 35.181729 ], [ 128.563138, 35.181739 ], [ 128.563126, 35.180838 ], [ 128.564224, 35.180828 ] ] ] } },
{ "type": "Feature", "properties": { "grid_id": "G026620", "child_risk_pct": 0.0, "elderly_risk_pct": 4.67 }, "geometry": { "type": "Polygon", "coordinates": [ [ [ 128.564248, 35.182631 ], [ 128.56426, 35.183533 ], [ 128.563162, 35.183542 ], [ 128.56315, 35.182641 ], [ 128.564248, 35.182631 ] ] ] } },
{ "type": "Feature", "properties": { "grid_id": "G026621", "child_risk_pct": 0.0, "elderly_risk_pct": 38.19 }, "geometry": { "type": "Polygon", "coordinates": [ [ [ 128.56426, 35.183533 ], [ 128.564271, 35.184434 ], [ 128.563173, 35.184444 ], [ 128.563162, 35.183542 ], [ 128.56426, 35.183533 ] ] ] } },
{ "type": "Feature", "properties": { "grid_id": "G026622", "child_risk_pct": 0.0, "elderly_risk_pct": 7.05 }, "geometry": { "type": "Polygon", "coordinates": [ [ [ 128.564271, 35.184434 ], [ 128.564283, 35.185336 ], [ 128.563185, 35.185345 ], [ 128.563173, 35.184444 ], [ 128.564271, 35.184434 ] ] ] } },
{ "type": "Feature", "properties": { "grid_id": "G026624", "child_risk_pct": 0.0, "elderly_risk_pct": 12.5 }, "geometry": { "type": "Polygon", "coordinates": [ [ [ 128.564295, 35.186237 ], [ 128.564307, 35.187139 ], [ 128.563208, 35.187148 ], [ 128.563197, 35.186247 ], [ 128.564295, 35.186237 ] ] ] } },
{ "type": "Feature", "properties": { "grid_id": "G026625", "child_risk_pct": 0.0, "elderly_risk_pct": 0.66 }, "geometry": { "type": "Polygon", "coordinates": [ [ [ 128.564307, 35.187139 ], [ 128.564318, 35.18804 ], [ 128.56322, 35.18805 ], [ 128.563208, 35.187148 ], [ 128.564307, 35.187139 ] ] ] } },
{ "type": "Feature", "properties": { "grid_id": "G026627", "child_risk_pct": 0.0, "elderly_risk_pct": 0.64 }, "geometry": { "type": "Polygon", "coordinates": [ [ [ 128.56433, 35.188942 ], [ 128.564342, 35.189843 ], [ 128.563244, 35.189853 ], [ 128.563232, 35.188952 ], [ 128.56433, 35.188942 ] ] ] } },
{ "type": "Feature", "properties": { "grid_id": "G026628", "child_risk_pct": 0.68, "elderly_risk_pct": 2.74 }, "geometry": { "type": "Polygon", "coordinates": [ [ [ 128.564342, 35.189843 ], [ 128.564354, 35.190745 ], [ 128.563255, 35.190755 ], [ 128.563244, 35.189853 ], [ 128.564342, 35.189843 ] ] ] } },
{ "type": "Feature", "properties": { "grid_id": "G026629", "child_risk_pct": 17.95, "elderly_risk_pct": 0.64 }, "geometry": { "type": "Polygon", "coordinates": [ [ [ 128.564354, 35.190745 ], [ 128.564365, 35.191647 ], [ 128.563267, 35.191656 ], [ 128.563255, 35.190755 ], [ 128.564354, 35.190745 ] ] ] } },
{ "type": "Feature", "properties": { "grid_id": "G026630", "child_risk_pct": 43.75, "elderly_risk_pct": 0.0 }, "geometry": { "type": "Polygon", "coordinates": [ [ [ 128.564365, 35.191647 ], [ 128.564377, 35.192548 ], [ 128.563279, 35.192558 ], [ 128.563267, 35.191656 ], [ 128.564365, 35.191647 ] ] ] } },
{ "type": "Feature", "properties": { "grid_id": "G026631", "child_risk_pct": 7.64, "elderly_risk_pct": 0.0 }, "geometry": { "type": "Polygon", "coordinates": [ [ [ 128.564377, 35.192548 ], [ 128.564389, 35.19345 ], [ 128.563291, 35.193459 ], [ 128.563279, 35.192558 ], [ 128.564377, 35.192548 ] ] ] } },
{ "type": "Feature", "properties": { "grid_id": "G026632", "child_risk_pct": 0.0, "elderly_risk_pct": 14.09 }, "geometry": { "type": "Polygon", "coordinates": [ [ [ 128.564389, 35.19345 ], [ 128.564401, 35.194351 ], [ 128.563302, 35.194361 ], [ 128.563291, 35.193459 ], [ 128.564389, 35.19345 ] ] ] } },
{ "type": "Feature", "properties": { "grid_id": "G026633", "child_risk_pct": 0.0, "elderly_risk_pct": 15.89 }, "geometry": { "type": "Polygon", "coordinates": [ [ [ 128.564401, 35.194351 ], [ 128.564412, 35.195253 ], [ 128.563314, 35.195262 ], [ 128.563302, 35.194361 ], [ 128.564401, 35.194351 ] ] ] } },
{ "type": "Feature", "properties": { "grid_id": "G026638", "child_risk_pct": 27.08, "elderly_risk_pct": 0.0 }, "geometry": { "type": "Polygon", "coordinates": [ [ [ 128.56446, 35.198859 ], [ 128.564471, 35.199761 ], [ 128.563373, 35.19977 ], [ 128.563361, 35.198869 ], [ 128.56446, 35.198859 ] ] ] } },
{ "type": "Feature", "properties": { "grid_id": "G026639", "child_risk_pct": 9.59, "elderly_risk_pct": 5.48 }, "geometry": { "type": "Polygon", "coordinates": [ [ [ 128.564471, 35.199761 ], [ 128.564483, 35.200662 ], [ 128.563385, 35.200672 ], [ 128.563373, 35.19977 ], [ 128.564471, 35.199761 ] ] ] } },
{ "type": "Feature", "properties": { "grid_id": "G026641", "child_risk_pct": 0.0, "elderly_risk_pct": 1.35 }, "geometry": { "type": "Polygon", "coordinates": [ [ [ 128.564495, 35.201564 ], [ 128.564507, 35.202465 ], [ 128.563408, 35.202475 ], [ 128.563396, 35.201573 ], [ 128.564495, 35.201564 ] ] ] } },
{ "type": "Feature", "properties": { "grid_id": "G026642", "child_risk_pct": 0.0, "elderly_risk_pct": 20.51 }, "geometry": { "type": "Polygon", "coordinates": [ [ [ 128.564507, 35.202465 ], [ 128.564518, 35.203367 ], [ 128.56342, 35.203377 ], [ 128.563408, 35.202475 ], [ 128.564507, 35.202465 ] ] ] } },
{ "type": "Feature", "properties": { "grid_id": "G026643", "child_risk_pct": 0.0, "elderly_risk_pct": 3.09 }, "geometry": { "type": "Polygon", "coordinates": [ [ [ 128.564518, 35.203367 ], [ 128.56453, 35.204268 ], [ 128.563432, 35.204278 ], [ 128.56342, 35.203377 ], [ 128.564518, 35.203367 ] ] ] } },
{ "type": "Feature", "properties": { "grid_id": "G026648", "child_risk_pct": 0.0, "elderly_risk_pct": 15.28 }, "geometry": { "type": "Polygon", "coordinates": [ [ [ 128.564577, 35.207875 ], [ 128.564589, 35.208776 ], [ 128.56349, 35.208786 ], [ 128.563479, 35.207884 ], [ 128.564577, 35.207875 ] ] ] } },
{ "type": "Feature", "properties": { "grid_id": "G026651", "child_risk_pct": 0.0, "elderly_risk_pct": 4.17 }, "geometry": { "type": "Polygon", "coordinates": [ [ [ 128.564613, 35.210579 ], [ 128.564624, 35.211481 ], [ 128.563526, 35.211491 ], [ 128.563514, 35.210589 ], [ 128.564613, 35.210579 ] ] ] } },
{ "type": "Feature", "properties": { "grid_id": "G026652", "child_risk_pct": 0.0, "elderly_risk_pct": 15.28 }, "geometry": { "type": "Polygon", "coordinates": [ [ [ 128.564624, 35.211481 ], [ 128.564636, 35.212382 ], [ 128.563538, 35.212392 ], [ 128.563526, 35.211491 ], [ 128.564624, 35.211481 ] ] ] } },
{ "type": "Feature", "properties": { "grid_id": "G026653", "child_risk_pct": 0.0, "elderly_risk_pct": 1.39 }, "geometry": { "type": "Polygon", "coordinates": [ [ [ 128.564636, 35.212382 ], [ 128.564648, 35.213284 ], [ 128.563549, 35.213294 ], [ 128.563538, 35.212392 ], [ 128.564636, 35.212382 ] ] ] } },
{ "type": "Feature", "properties": { "grid_id": "G026654", "child_risk_pct": 0.0, "elderly_risk_pct": 21.15 }, "geometry": { "type": "Polygon", "coordinates": [ [ [ 128.564648, 35.213284 ], [ 128.56466, 35.214186 ], [ 128.563561, 35.214195 ], [ 128.563549, 35.213294 ], [ 128.564648, 35.213284 ] ] ] } },
{ "type": "Feature", "properties": { "grid_id": "G026659", "child_risk_pct": 0.0, "elderly_risk_pct": 9.72 }, "geometry": { "type": "Polygon", "coordinates": [ [ [ 128.564707, 35.217792 ], [ 128.564718, 35.218693 ], [ 128.56362, 35.218703 ], [ 128.563608, 35.217801 ], [ 128.564707, 35.217792 ] ] ] } },
{ "type": "Feature", "properties": { "grid_id": "G026660", "child_risk_pct": 0.0, "elderly_risk_pct": 5.56 }, "geometry": { "type": "Polygon", "coordinates": [ [ [ 128.564718, 35.218693 ], [ 128.56473, 35.219595 ], [ 128.563632, 35.219605 ], [ 128.56362, 35.218703 ], [ 128.564718, 35.218693 ] ] ] } },
{ "type": "Feature", "properties": { "grid_id": "G026674", "child_risk_pct": 0.0, "elderly_risk_pct": 22.92 }, "geometry": { "type": "Polygon", "coordinates": [ [ [ 128.564883, 35.231315 ], [ 128.564895, 35.232217 ], [ 128.563796, 35.232226 ], [ 128.563785, 35.231325 ], [ 128.564883, 35.231315 ] ] ] } },
{ "type": "Feature", "properties": { "grid_id": "G026675", "child_risk_pct": 0.0, "elderly_risk_pct": 16.03 }, "geometry": { "type": "Polygon", "coordinates": [ [ [ 128.564895, 35.232217 ], [ 128.564907, 35.233118 ], [ 128.563808, 35.233128 ], [ 128.563796, 35.232226 ], [ 128.564895, 35.232217 ] ] ] } },
{ "type": "Feature", "properties": { "grid_id": "G026868", "child_risk_pct": 24.31, "elderly_risk_pct": 0.0 }, "geometry": { "type": "Polygon", "coordinates": [ [ [ 128.565275, 35.177212 ], [ 128.565287, 35.178114 ], [ 128.564189, 35.178123 ], [ 128.564177, 35.177222 ], [ 128.565275, 35.177212 ] ] ] } },
{ "type": "Feature", "properties": { "grid_id": "G026869", "child_risk_pct": 1.28, "elderly_risk_pct": 0.0 }, "geometry": { "type": "Polygon", "coordinates": [ [ [ 128.565287, 35.178114 ], [ 128.565299, 35.179015 ], [ 128.564201, 35.179025 ], [ 128.564189, 35.178123 ], [ 128.565287, 35.178114 ] ] ] } },
{ "type": "Feature", "properties": { "grid_id": "G026871", "child_risk_pct": 3.87, "elderly_risk_pct": 25.81 }, "geometry": { "type": "Polygon", "coordinates": [ [ [ 128.565311, 35.179917 ], [ 128.565322, 35.180818 ], [ 128.564224, 35.180828 ], [ 128.564213, 35.179926 ], [ 128.565311, 35.179917 ] ] ] } },
{ "type": "Feature", "properties": { "grid_id": "G026872", "child_risk_pct": 54.55, "elderly_risk_pct": 7.14 }, "geometry": { "type": "Polygon", "coordinates": [ [ [ 128.565322, 35.180818 ], [ 128.565334, 35.18172 ], [ 128.564236, 35.181729 ], [ 128.564224, 35.180828 ], [ 128.565322, 35.180818 ] ] ] } },
{ "type": "Feature", "properties": { "grid_id": "G026873", "child_risk_pct": 1.28, "elderly_risk_pct": 0.0 }, "geometry": { "type": "Polygon", "coordinates": [ [ [ 128.565334, 35.18172 ], [ 128.565346, 35.182621 ], [ 128.564248, 35.182631 ], [ 128.564236, 35.181729 ], [ 128.565334, 35.18172 ] ] ] } },
{ "type": "Feature", "properties": { "grid_id": "G026884", "child_risk_pct": 32.21, "elderly_risk_pct": 0.0 }, "geometry": { "type": "Polygon", "coordinates": [ [ [ 128.565464, 35.191637 ], [ 128.565475, 35.192538 ], [ 128.564377, 35.192548 ], [ 128.564365, 35.191647 ], [ 128.565464, 35.191637 ] ] ] } },
{ "type": "Feature", "properties": { "grid_id": "G026886", "child_risk_pct": 0.0, "elderly_risk_pct": 7.24 }, "geometry": { "type": "Polygon", "coordinates": [ [ [ 128.565487, 35.19344 ], [ 128.565499, 35.194342 ], [ 128.564401, 35.194351 ], [ 128.564389, 35.19345 ], [ 128.565487, 35.19344 ] ] ] } },
{ "type": "Feature", "properties": { "grid_id": "G026887", "child_risk_pct": 0.0, "elderly_risk_pct": 25.44 }, "geometry": { "type": "Polygon", "coordinates": [ [ [ 128.565499, 35.194342 ], [ 128.565511, 35.195243 ], [ 128.564412, 35.195253 ], [ 128.564401, 35.194351 ], [ 128.565499, 35.194342 ] ] ] } },
{ "type": "Feature", "properties": { "grid_id": "G026892", "child_risk_pct": 0.69, "elderly_risk_pct": 0.0 }, "geometry": { "type": "Polygon", "coordinates": [ [ [ 128.565558, 35.198849 ], [ 128.56557, 35.199751 ], [ 128.564471, 35.199761 ], [ 128.56446, 35.198859 ], [ 128.565558, 35.198849 ] ] ] } },
{ "type": "Feature", "properties": { "grid_id": "G026893", "child_risk_pct": 2.78, "elderly_risk_pct": 0.0 }, "geometry": { "type": "Polygon", "coordinates": [ [ [ 128.56557, 35.199751 ], [ 128.565581, 35.200653 ], [ 128.564483, 35.200662 ], [ 128.564471, 35.199761 ], [ 128.56557, 35.199751 ] ] ] } },
{ "type": "Feature", "properties": { "grid_id": "G026896", "child_risk_pct": 0.0, "elderly_risk_pct": 17.36 }, "geometry": { "type": "Polygon", "coordinates": [ [ [ 128.565605, 35.202456 ], [ 128.565617, 35.203357 ], [ 128.564518, 35.203367 ], [ 128.564507, 35.202465 ], [ 128.565605, 35.202456 ] ] ] } },
{ "type": "Feature", "properties": { "grid_id": "G026902", "child_risk_pct": 0.0, "elderly_risk_pct": 1.28 }, "geometry": { "type": "Polygon", "coordinates": [ [ [ 128.565676, 35.207865 ], [ 128.565687, 35.208767 ], [ 128.564589, 35.208776 ], [ 128.564577, 35.207875 ], [ 128.565676, 35.207865 ] ] ] } },
{ "type": "Feature", "properties": { "grid_id": "G026904", "child_risk_pct": 0.0, "elderly_risk_pct": 7.64 }, "geometry": { "type": "Polygon", "coordinates": [ [ [ 128.565699, 35.209668 ], [ 128.565711, 35.21057 ], [ 128.564613, 35.210579 ], [ 128.564601, 35.209678 ], [ 128.565699, 35.209668 ] ] ] } },
{ "type": "Feature", "properties": { "grid_id": "G026905", "child_risk_pct": 0.0, "elderly_risk_pct": 0.64 }, "geometry": { "type": "Polygon", "coordinates": [ [ [ 128.565711, 35.21057 ], [ 128.565723, 35.211471 ], [ 128.564624, 35.211481 ], [ 128.564613, 35.210579 ], [ 128.565711, 35.21057 ] ] ] } },
{ "type": "Feature", "properties": { "grid_id": "G026906", "child_risk_pct": 0.0, "elderly_risk_pct": 6.94 }, "geometry": { "type": "Polygon", "coordinates": [ [ [ 128.565723, 35.211471 ], [ 128.565735, 35.212373 ], [ 128.564636, 35.212382 ], [ 128.564624, 35.211481 ], [ 128.565723, 35.211471 ] ] ] } },
{ "type": "Feature", "properties": { "grid_id": "G026907", "child_risk_pct": 0.0, "elderly_risk_pct": 2.78 }, "geometry": { "type": "Polygon", "coordinates": [ [ [ 128.565735, 35.212373 ], [ 128.565746, 35.213274 ], [ 128.564648, 35.213284 ], [ 128.564636, 35.212382 ], [ 128.565735, 35.212373 ] ] ] } },
{ "type": "Feature", "properties": { "grid_id": "G026908", "child_risk_pct": 0.0, "elderly_risk_pct": 1.92 }, "geometry": { "type": "Polygon", "coordinates": [ [ [ 128.565746, 35.213274 ], [ 128.565758, 35.214176 ], [ 128.56466, 35.214186 ], [ 128.564648, 35.213284 ], [ 128.565746, 35.213274 ] ] ] } },
{ "type": "Feature", "properties": { "grid_id": "G026925", "child_risk_pct": 0.0, "elderly_risk_pct": 2.56 }, "geometry": { "type": "Polygon", "coordinates": [ [ [ 128.565947, 35.228601 ], [ 128.565959, 35.229502 ], [ 128.56486, 35.229512 ], [ 128.564848, 35.22861 ], [ 128.565947, 35.228601 ] ] ] } },
{ "type": "Feature", "properties": { "grid_id": "G026926", "child_risk_pct": 0.0, "elderly_risk_pct": 16.35 }, "geometry": { "type": "Polygon", "coordinates": [ [ [ 128.565959, 35.229502 ], [ 128.56597, 35.230404 ], [ 128.564872, 35.230414 ], [ 128.56486, 35.229512 ], [ 128.565959, 35.229502 ] ] ] } },
{ "type": "Feature", "properties": { "grid_id": "G026927", "child_risk_pct": 15.28, "elderly_risk_pct": 0.0 }, "geometry": { "type": "Polygon", "coordinates": [ [ [ 128.56597, 35.230404 ], [ 128.565982, 35.231305 ], [ 128.564883, 35.231315 ], [ 128.564872, 35.230414 ], [ 128.56597, 35.230404 ] ] ] } },
{ "type": "Feature", "properties": { "grid_id": "G026928", "child_risk_pct": 0.0, "elderly_risk_pct": 3.47 }, "geometry": { "type": "Polygon", "coordinates": [ [ [ 128.565982, 35.231305 ], [ 128.565994, 35.232207 ], [ 128.564895, 35.232217 ], [ 128.564883, 35.231315 ], [ 128.565982, 35.231305 ] ] ] } },
{ "type": "Feature", "properties": { "grid_id": "G026929", "child_risk_pct": 0.0, "elderly_risk_pct": 7.05 }, "geometry": { "type": "Polygon", "coordinates": [ [ [ 128.565994, 35.232207 ], [ 128.566006, 35.233109 ], [ 128.564907, 35.233118 ], [ 128.564895, 35.232217 ], [ 128.565994, 35.232207 ] ] ] } },
{ "type": "Feature", "properties": { "grid_id": "G026938", "child_risk_pct": 0.0, "elderly_risk_pct": 6.25 }, "geometry": { "type": "Polygon", "coordinates": [ [ [ 128.5661, 35.240321 ], [ 128.566112, 35.241222 ], [ 128.565013, 35.241232 ], [ 128.565001, 35.240331 ], [ 128.5661, 35.240321 ] ] ] } },
{ "type": "Feature", "properties": { "grid_id": "G026939", "child_risk_pct": 0.0, "elderly_risk_pct": 4.03 }, "geometry": { "type": "Polygon", "coordinates": [ [ [ 128.566112, 35.241222 ], [ 128.566124, 35.242124 ], [ 128.565025, 35.242134 ], [ 128.565013, 35.241232 ], [ 128.566112, 35.241222 ] ] ] } },
{ "type": "Feature", "properties": { "grid_id": "G027125", "child_risk_pct": 16.67, "elderly_risk_pct": 0.0 }, "geometry": { "type": "Polygon", "coordinates": [ [ [ 128.566373, 35.177202 ], [ 128.566385, 35.178104 ], [ 128.565287, 35.178114 ], [ 128.565275, 35.177212 ], [ 128.566373, 35.177202 ] ] ] } },
{ "type": "Feature", "properties": { "grid_id": "G027126", "child_risk_pct": 0.65, "elderly_risk_pct": 0.0 }, "geometry": { "type": "Polygon", "coordinates": [ [ [ 128.566385, 35.178104 ], [ 128.566397, 35.179005 ], [ 128.565299, 35.179015 ], [ 128.565287, 35.178114 ], [ 128.566385, 35.178104 ] ] ] } },
{ "type": "Feature", "properties": { "grid_id": "G027129", "child_risk_pct": 7.64, "elderly_risk_pct": 0.0 }, "geometry": { "type": "Polygon", "coordinates": [ [ [ 128.566421, 35.180809 ], [ 128.566432, 35.18171 ], [ 128.565334, 35.18172 ], [ 128.565322, 35.180818 ], [ 128.566421, 35.180809 ] ] ] } },
{ "type": "Feature", "properties": { "grid_id": "G027135", "child_risk_pct": 10.56, "elderly_risk_pct": 0.0 }, "geometry": { "type": "Polygon", "coordinates": [ [ [ 128.566562, 35.191627 ], [ 128.566574, 35.192529 ], [ 128.565475, 35.192538 ], [ 128.565464, 35.191637 ], [ 128.566562, 35.191627 ] ] ] } },
{ "type": "Feature", "properties": { "grid_id": "G027137", "child_risk_pct": 0.0, "elderly_risk_pct": 21.62 }, "geometry": { "type": "Polygon", "coordinates": [ [ [ 128.566586, 35.19343 ], [ 128.566597, 35.194332 ], [ 128.565499, 35.194342 ], [ 128.565487, 35.19344 ], [ 128.566586, 35.19343 ] ] ] } },
{ "type": "Feature", "properties": { "grid_id": "G027138", "child_risk_pct": 0.0, "elderly_risk_pct": 4.0 }, "geometry": { "type": "Polygon", "coordinates": [ [ [ 128.566597, 35.194332 ], [ 128.566609, 35.195234 ], [ 128.565511, 35.195243 ], [ 128.565499, 35.194342 ], [ 128.566597, 35.194332 ] ] ] } },
{ "type": "Feature", "properties": { "grid_id": "G027139", "child_risk_pct": 0.0, "elderly_risk_pct": 8.67 }, "geometry": { "type": "Polygon", "coordinates": [ [ [ 128.566609, 35.195234 ], [ 128.566621, 35.196135 ], [ 128.565523, 35.196145 ], [ 128.565511, 35.195243 ], [ 128.566609, 35.195234 ] ] ] } },
{ "type": "Feature", "properties": { "grid_id": "G027141", "child_risk_pct": 0.0, "elderly_risk_pct": 11.11 }, "geometry": { "type": "Polygon", "coordinates": [ [ [ 128.566633, 35.197037 ], [ 128.566644, 35.197938 ], [ 128.565546, 35.197948 ], [ 128.565534, 35.197046 ], [ 128.566633, 35.197037 ] ] ] } },
{ "type": "Feature", "properties": { "grid_id": "G027142", "child_risk_pct": 0.0, "elderly_risk_pct": 14.1 }, "geometry": { "type": "Polygon", "coordinates": [ [ [ 128.566644, 35.197938 ], [ 128.566656, 35.19884 ], [ 128.565558, 35.198849 ], [ 128.565546, 35.197948 ], [ 128.566644, 35.197938 ] ] ] } },
{ "type": "Feature", "properties": { "grid_id": "G027145", "child_risk_pct": 0.0, "elderly_risk_pct": 4.76 }, "geometry": { "type": "Polygon", "coordinates": [ [ [ 128.56668, 35.200643 ], [ 128.566692, 35.201544 ], [ 128.565593, 35.201554 ], [ 128.565581, 35.200653 ], [ 128.56668, 35.200643 ] ] ] } },
{ "type": "Feature", "properties": { "grid_id": "G027146", "child_risk_pct": 0.0, "elderly_risk_pct": 7.84 }, "geometry": { "type": "Polygon", "coordinates": [ [ [ 128.566692, 35.201544 ], [ 128.566703, 35.202446 ], [ 128.565605, 35.202456 ], [ 128.565593, 35.201554 ], [ 128.566692, 35.201544 ] ] ] } },
{ "type": "Feature", "properties": { "grid_id": "G027147", "child_risk_pct": 0.0, "elderly_risk_pct": 23.61 }, "geometry": { "type": "Polygon", "coordinates": [ [ [ 128.566703, 35.202446 ], [ 128.566715, 35.203348 ], [ 128.565617, 35.203357 ], [ 128.565605, 35.202456 ], [ 128.566703, 35.202446 ] ] ] } },
{ "type": "Feature", "properties": { "grid_id": "G027155", "child_risk_pct": 0.0, "elderly_risk_pct": 15.28 }, "geometry": { "type": "Polygon", "coordinates": [ [ [ 128.566798, 35.209658 ], [ 128.56681, 35.21056 ], [ 128.565711, 35.21057 ], [ 128.565699, 35.209668 ], [ 128.566798, 35.209658 ] ] ] } },
{ "type": "Feature", "properties": { "grid_id": "G027156", "child_risk_pct": 0.0, "elderly_risk_pct": 1.92 }, "geometry": { "type": "Polygon", "coordinates": [ [ [ 128.56681, 35.21056 ], [ 128.566821, 35.211462 ], [ 128.565723, 35.211471 ], [ 128.565711, 35.21057 ], [ 128.56681, 35.21056 ] ] ] } },
{ "type": "Feature", "properties": { "grid_id": "G027176", "child_risk_pct": 0.0, "elderly_risk_pct": 13.19 }, "geometry": { "type": "Polygon", "coordinates": [ [ [ 128.567046, 35.228591 ], [ 128.567057, 35.229493 ], [ 128.565959, 35.229502 ], [ 128.565947, 35.228601 ], [ 128.567046, 35.228591 ] ] ] } },
{ "type": "Feature", "properties": { "grid_id": "G027177", "child_risk_pct": 0.0, "elderly_risk_pct": 5.77 }, "geometry": { "type": "Polygon", "coordinates": [ [ [ 128.567057, 35.229493 ], [ 128.567069, 35.230394 ], [ 128.56597, 35.230404 ], [ 128.565959, 35.229502 ], [ 128.567057, 35.229493 ] ] ] } },
{ "type": "Feature", "properties": { "grid_id": "G027178", "child_risk_pct": 9.03, "elderly_risk_pct": 0.0 }, "geometry": { "type": "Polygon", "coordinates": [ [ [ 128.567069, 35.230394 ], [ 128.567081, 35.231296 ], [ 128.565982, 35.231305 ], [ 128.56597, 35.230404 ], [ 128.567069, 35.230394 ] ] ] } },
{ "type": "Feature", "properties": { "grid_id": "G027179", "child_risk_pct": 0.0, "elderly_risk_pct": 9.03 }, "geometry": { "type": "Polygon", "coordinates": [ [ [ 128.567081, 35.231296 ], [ 128.567093, 35.232197 ], [ 128.565994, 35.232207 ], [ 128.565982, 35.231305 ], [ 128.567081, 35.231296 ] ] ] } },
{ "type": "Feature", "properties": { "grid_id": "G027180", "child_risk_pct": 0.0, "elderly_risk_pct": 32.64 }, "geometry": { "type": "Polygon", "coordinates": [ [ [ 128.567093, 35.232197 ], [ 128.567105, 35.233099 ], [ 128.566006, 35.233109 ], [ 128.565994, 35.232207 ], [ 128.567093, 35.232197 ] ] ] } },
{ "type": "Feature", "properties": { "grid_id": "G027181", "child_risk_pct": 0.0, "elderly_risk_pct": 12.73 }, "geometry": { "type": "Polygon", "coordinates": [ [ [ 128.567105, 35.233099 ], [ 128.567116, 35.234 ], [ 128.566018, 35.23401 ], [ 128.566006, 35.233109 ], [ 128.567105, 35.233099 ] ] ] } },
{ "type": "Feature", "properties": { "grid_id": "G027189", "child_risk_pct": 0.0, "elderly_risk_pct": 1.28 }, "geometry": { "type": "Polygon", "coordinates": [ [ [ 128.567199, 35.240311 ], [ 128.567211, 35.241213 ], [ 128.566112, 35.241222 ], [ 128.5661, 35.240321 ], [ 128.567199, 35.240311 ] ] ] } },
{ "type": "Feature", "properties": { "grid_id": "G027190", "child_risk_pct": 0.0, "elderly_risk_pct": 4.61 }, "geometry": { "type": "Polygon", "coordinates": [ [ [ 128.567211, 35.241213 ], [ 128.567223, 35.242114 ], [ 128.566124, 35.242124 ], [ 128.566112, 35.241222 ], [ 128.567211, 35.241213 ] ] ] } },
{ "type": "Feature", "properties": { "grid_id": "G027390", "child_risk_pct": 0.0, "elderly_risk_pct": 25.64 }, "geometry": { "type": "Polygon", "coordinates": [ [ [ 128.567707, 35.195224 ], [ 128.567719, 35.196125 ], [ 128.566621, 35.196135 ], [ 128.566609, 35.195234 ], [ 128.567707, 35.195224 ] ] ] } },
{ "type": "Feature", "properties": { "grid_id": "G027391", "child_risk_pct": 0.0, "elderly_risk_pct": 23.61 }, "geometry": { "type": "Polygon", "coordinates": [ [ [ 128.567719, 35.196125 ], [ 128.567731, 35.197027 ], [ 128.566633, 35.197037 ], [ 128.566621, 35.196135 ], [ 128.567719, 35.196125 ] ] ] } },
{ "type": "Feature", "properties": { "grid_id": "G027392", "child_risk_pct": 0.0, "elderly_risk_pct": 0.67 }, "geometry": { "type": "Polygon", "coordinates": [ [ [ 128.567731, 35.197027 ], [ 128.567743, 35.197928 ], [ 128.566644, 35.197938 ], [ 128.566633, 35.197037 ], [ 128.567731, 35.197027 ] ] ] } },
{ "type": "Feature", "properties": { "grid_id": "G027393", "child_risk_pct": 0.0, "elderly_risk_pct": 3.09 }, "geometry": { "type": "Polygon", "coordinates": [ [ [ 128.567743, 35.197928 ], [ 128.567755, 35.19883 ], [ 128.566656, 35.19884 ], [ 128.566644, 35.197938 ], [ 128.567743, 35.197928 ] ] ] } },
{ "type": "Feature", "properties": { "grid_id": "G027395", "child_risk_pct": 38.19, "elderly_risk_pct": 0.0 }, "geometry": { "type": "Polygon", "coordinates": [ [ [ 128.567766, 35.199732 ], [ 128.567778, 35.200633 ], [ 128.56668, 35.200643 ], [ 128.566668, 35.199741 ], [ 128.567766, 35.199732 ] ] ] } },
{ "type": "Feature", "properties": { "grid_id": "G027396", "child_risk_pct": 16.67, "elderly_risk_pct": 4.17 }, "geometry": { "type": "Polygon", "coordinates": [ [ [ 128.567778, 35.200633 ], [ 128.56779, 35.201535 ], [ 128.566692, 35.201544 ], [ 128.56668, 35.200643 ], [ 128.567778, 35.200633 ] ] ] } },
{ "type": "Feature", "properties": { "grid_id": "G027410", "child_risk_pct": 0.0, "elderly_risk_pct": 2.78 }, "geometry": { "type": "Polygon", "coordinates": [ [ [ 128.567943, 35.213255 ], [ 128.567955, 35.214157 ], [ 128.566857, 35.214166 ], [ 128.566845, 35.213265 ], [ 128.567943, 35.213255 ] ] ] } },
{ "type": "Feature", "properties": { "grid_id": "G027411", "child_risk_pct": 0.0, "elderly_risk_pct": 45.51 }, "geometry": { "type": "Polygon", "coordinates": [ [ [ 128.567955, 35.214157 ], [ 128.567967, 35.215058 ], [ 128.566868, 35.215068 ], [ 128.566857, 35.214166 ], [ 128.567955, 35.214157 ] ] ] } },
{ "type": "Feature", "properties": { "grid_id": "G027412", "child_risk_pct": 0.0, "elderly_risk_pct": 5.56 }, "geometry": { "type": "Polygon", "coordinates": [ [ [ 128.567967, 35.215058 ], [ 128.567979, 35.21596 ], [ 128.56688, 35.215969 ], [ 128.566868, 35.215068 ], [ 128.567967, 35.215058 ] ] ] } },
{ "type": "Feature", "properties": { "grid_id": "G027413", "child_risk_pct": 0.0, "elderly_risk_pct": 21.53 }, "geometry": { "type": "Polygon", "coordinates": [ [ [ 128.567979, 35.21596 ], [ 128.567991, 35.216861 ], [ 128.566892, 35.216871 ], [ 128.56688, 35.215969 ], [ 128.567979, 35.21596 ] ] ] } },
{ "type": "Feature", "properties": { "grid_id": "G027425", "child_risk_pct": 0.0, "elderly_risk_pct": 13.46 }, "geometry": { "type": "Polygon", "coordinates": [ [ [ 128.568121, 35.226778 ], [ 128.568132, 35.22768 ], [ 128.567034, 35.22769 ], [ 128.567022, 35.226788 ], [ 128.568121, 35.226778 ] ] ] } },
{ "type": "Feature", "properties": { "grid_id": "G027427", "child_risk_pct": 0.0, "elderly_risk_pct": 9.72 }, "geometry": { "type": "Polygon", "coordinates": [ [ [ 128.568144, 35.228581 ], [ 128.568156, 35.229483 ], [ 128.567057, 35.229493 ], [ 128.567046, 35.228591 ], [ 128.568144, 35.228581 ] ] ] } },
{ "type": "Feature", "properties": { "grid_id": "G027428", "child_risk_pct": 0.0, "elderly_risk_pct": 1.39 }, "geometry": { "type": "Polygon", "coordinates": [ [ [ 128.568156, 35.229483 ], [ 128.568168, 35.230384 ], [ 128.567069, 35.230394 ], [ 128.567057, 35.229493 ], [ 128.568156, 35.229483 ] ] ] } },
{ "type": "Feature", "properties": { "grid_id": "G027429", "child_risk_pct": 0.0, "elderly_risk_pct": 13.46 }, "geometry": { "type": "Polygon", "coordinates": [ [ [ 128.568168, 35.230384 ], [ 128.56818, 35.231286 ], [ 128.567081, 35.231296 ], [ 128.567069, 35.230394 ], [ 128.568168, 35.230384 ] ] ] } },
{ "type": "Feature", "properties": { "grid_id": "G027430", "child_risk_pct": 0.0, "elderly_risk_pct": 32.67 }, "geometry": { "type": "Polygon", "coordinates": [ [ [ 128.56818, 35.231286 ], [ 128.568192, 35.232188 ], [ 128.567093, 35.232197 ], [ 128.567081, 35.231296 ], [ 128.56818, 35.231286 ] ] ] } },
{ "type": "Feature", "properties": { "grid_id": "G027431", "child_risk_pct": 0.0, "elderly_risk_pct": 3.21 }, "geometry": { "type": "Polygon", "coordinates": [ [ [ 128.568192, 35.232188 ], [ 128.568203, 35.233089 ], [ 128.567105, 35.233099 ], [ 128.567093, 35.232197 ], [ 128.568192, 35.232188 ] ] ] } },
{ "type": "Feature", "properties": { "grid_id": "G027432", "child_risk_pct": 0.0, "elderly_risk_pct": 3.75 }, "geometry": { "type": "Polygon", "coordinates": [ [ [ 128.568203, 35.233089 ], [ 128.568215, 35.233991 ], [ 128.567116, 35.234 ], [ 128.567105, 35.233099 ], [ 128.568203, 35.233089 ] ] ] } },
{ "type": "Feature", "properties": { "grid_id": "G027639", "child_risk_pct": 0.0, "elderly_risk_pct": 9.09 }, "geometry": { "type": "Polygon", "coordinates": [ [ [ 128.568806, 35.195214 ], [ 128.568817, 35.196116 ], [ 128.567719, 35.196125 ], [ 128.567707, 35.195224 ], [ 128.568806, 35.195214 ] ] ] } },
{ "type": "Feature", "properties": { "grid_id": "G027640", "child_risk_pct": 0.0, "elderly_risk_pct": 14.91 }, "geometry": { "type": "Polygon", "coordinates": [ [ [ 128.568817, 35.196116 ], [ 128.568829, 35.197017 ], [ 128.567731, 35.197027 ], [ 128.567719, 35.196125 ], [ 128.568817, 35.196116 ] ] ] } },
{ "type": "Feature", "properties": { "grid_id": "G027641", "child_risk_pct": 0.0, "elderly_risk_pct": 14.0 }, "geometry": { "type": "Polygon", "coordinates": [ [ [ 128.568829, 35.197017 ], [ 128.568841, 35.197919 ], [ 128.567743, 35.197928 ], [ 128.567731, 35.197027 ], [ 128.568829, 35.197017 ] ] ] } },
{ "type": "Feature", "properties": { "grid_id": "G027642", "child_risk_pct": 0.0, "elderly_risk_pct": 7.64 }, "geometry": { "type": "Polygon", "coordinates": [ [ [ 128.568841, 35.197919 ], [ 128.568853, 35.19882 ], [ 128.567755, 35.19883 ], [ 128.567743, 35.197928 ], [ 128.568841, 35.197919 ] ] ] } },
{ "type": "Feature", "properties": { "grid_id": "G027644", "child_risk_pct": 15.97, "elderly_risk_pct": 16.67 }, "geometry": { "type": "Polygon", "coordinates": [ [ [ 128.568865, 35.199722 ], [ 128.568877, 35.200623 ], [ 128.567778, 35.200633 ], [ 128.567766, 35.199732 ], [ 128.568865, 35.199722 ] ] ] } },
{ "type": "Feature", "properties": { "grid_id": "G027645", "child_risk_pct": 6.94, "elderly_risk_pct": 7.64 }, "geometry": { "type": "Polygon", "coordinates": [ [ [ 128.568877, 35.200623 ], [ 128.568888, 35.201525 ], [ 128.56779, 35.201535 ], [ 128.567778, 35.200633 ], [ 128.568877, 35.200623 ] ] ] } },
{ "type": "Feature", "properties": { "grid_id": "G027654", "child_risk_pct": 0.0, "elderly_risk_pct": 2.6 }, "geometry": { "type": "Polygon", "coordinates": [ [ [ 128.568983, 35.208737 ], [ 128.568995, 35.209639 ], [ 128.567896, 35.209649 ], [ 128.567884, 35.208747 ], [ 128.568983, 35.208737 ] ] ] } },
{ "type": "Feature", "properties": { "grid_id": "G027655", "child_risk_pct": 0.0, "elderly_risk_pct": 7.69 }, "geometry": { "type": "Polygon", "coordinates": [ [ [ 128.568995, 35.209639 ], [ 128.569007, 35.210541 ], [ 128.567908, 35.21055 ], [ 128.567896, 35.209649 ], [ 128.568995, 35.209639 ] ] ] } },
{ "type": "Feature", "properties": { "grid_id": "G027661", "child_risk_pct": 0.0, "elderly_risk_pct": 37.01 }, "geometry": { "type": "Polygon", "coordinates": [ [ [ 128.569066, 35.215048 ], [ 128.569077, 35.21595 ], [ 128.567979, 35.21596 ], [ 128.567967, 35.215058 ], [ 128.569066, 35.215048 ] ] ] } },
{ "type": "Feature", "properties": { "grid_id": "G027662", "child_risk_pct": 0.0, "elderly_risk_pct": 9.4 }, "geometry": { "type": "Polygon", "coordinates": [ [ [ 128.569077, 35.21595 ], [ 128.569089, 35.216851 ], [ 128.567991, 35.216861 ], [ 128.567979, 35.21596 ], [ 128.569077, 35.21595 ] ] ] } },
{ "type": "Feature", "properties": { "grid_id": "G027665", "child_risk_pct": 0.0, "elderly_risk_pct": 5.56 }, "geometry": { "type": "Polygon", "coordinates": [ [ [ 128.569113, 35.218655 ], [ 128.569125, 35.219556 ], [ 128.568026, 35.219566 ], [ 128.568014, 35.218664 ], [ 128.569113, 35.218655 ] ] ] } },
{ "type": "Feature", "properties": { "grid_id": "G027666", "child_risk_pct": 0.0, "elderly_risk_pct": 2.78 }, "geometry": { "type": "Polygon", "coordinates": [ [ [ 128.569125, 35.219556 ], [ 128.569137, 35.220458 ], [ 128.568038, 35.220467 ], [ 128.568026, 35.219566 ], [ 128.569125, 35.219556 ] ] ] } },
{ "type": "Feature", "properties": { "grid_id": "G027673", "child_risk_pct": 0.0, "elderly_risk_pct": 4.17 }, "geometry": { "type": "Polygon", "coordinates": [ [ [ 128.569208, 35.225867 ], [ 128.569219, 35.226769 ], [ 128.568121, 35.226778 ], [ 128.568109, 35.225877 ], [ 128.569208, 35.225867 ] ] ] } },
{ "type": "Feature", "properties": { "grid_id": "G027674", "child_risk_pct": 0.0, "elderly_risk_pct": 17.24 }, "geometry": { "type": "Polygon", "coordinates": [ [ [ 128.569219, 35.226769 ], [ 128.569231, 35.22767 ], [ 128.568132, 35.22768 ], [ 128.568121, 35.226778 ], [ 128.569219, 35.226769 ] ] ] } },
{ "type": "Feature", "properties": { "grid_id": "G027677", "child_risk_pct": 0.0, "elderly_risk_pct": 2.72 }, "geometry": { "type": "Polygon", "coordinates": [ [ [ 128.569255, 35.229473 ], [ 128.569267, 35.230375 ], [ 128.568168, 35.230384 ], [ 128.568156, 35.229483 ], [ 128.569255, 35.229473 ] ] ] } },
{ "type": "Feature", "properties": { "grid_id": "G027678", "child_risk_pct": 0.0, "elderly_risk_pct": 2.96 }, "geometry": { "type": "Polygon", "coordinates": [ [ [ 128.569267, 35.230375 ], [ 128.569278, 35.231276 ], [ 128.56818, 35.231286 ], [ 128.568168, 35.230384 ], [ 128.569267, 35.230375 ] ] ] } },
{ "type": "Feature", "properties": { "grid_id": "G027679", "child_risk_pct": 0.0, "elderly_risk_pct": 40.0 }, "geometry": { "type": "Polygon", "coordinates": [ [ [ 128.569278, 35.231276 ], [ 128.56929, 35.232178 ], [ 128.568192, 35.232188 ], [ 128.56818, 35.231286 ], [ 128.569278, 35.231276 ] ] ] } },
{ "type": "Feature", "properties": { "grid_id": "G027680", "child_risk_pct": 0.0, "elderly_risk_pct": 4.17 }, "geometry": { "type": "Polygon", "coordinates": [ [ [ 128.56929, 35.232178 ], [ 128.569302, 35.233079 ], [ 128.568203, 35.233089 ], [ 128.568192, 35.232188 ], [ 128.56929, 35.232178 ] ] ] } },
{ "type": "Feature", "properties": { "grid_id": "G027884", "child_risk_pct": 0.0, "elderly_risk_pct": 26.28 }, "geometry": { "type": "Polygon", "coordinates": [ [ [ 128.569892, 35.194303 ], [ 128.569904, 35.195204 ], [ 128.568806, 35.195214 ], [ 128.568794, 35.194313 ], [ 128.569892, 35.194303 ] ] ] } },
{ "type": "Feature", "properties": { "grid_id": "G027885", "child_risk_pct": 0.0, "elderly_risk_pct": 15.58 }, "geometry": { "type": "Polygon", "coordinates": [ [ [ 128.569904, 35.195204 ], [ 128.569916, 35.196106 ], [ 128.568817, 35.196116 ], [ 128.568806, 35.195214 ], [ 128.569904, 35.195204 ] ] ] } },
{ "type": "Feature", "properties": { "grid_id": "G027887", "child_risk_pct": 0.0, "elderly_risk_pct": 16.67 }, "geometry": { "type": "Polygon", "coordinates": [ [ [ 128.569928, 35.197008 ], [ 128.569939, 35.197909 ], [ 128.568841, 35.197919 ], [ 128.568829, 35.197017 ], [ 128.569928, 35.197008 ] ] ] } },
{ "type": "Feature", "properties": { "grid_id": "G027888", "child_risk_pct": 0.0, "elderly_risk_pct": 7.64 }, "geometry": { "type": "Polygon", "coordinates": [ [ [ 128.569939, 35.197909 ], [ 128.569951, 35.198811 ], [ 128.568853, 35.19882 ], [ 128.568841, 35.197919 ], [ 128.569939, 35.197909 ] ] ] } },
{ "type": "Feature", "properties": { "grid_id": "G027889", "child_risk_pct": 0.0, "elderly_risk_pct": 33.11 }, "geometry": { "type": "Polygon", "coordinates": [ [ [ 128.569951, 35.198811 ], [ 128.569963, 35.199712 ], [ 128.568865, 35.199722 ], [ 128.568853, 35.19882 ], [ 128.569951, 35.198811 ] ] ] } },
{ "type": "Feature", "properties": { "grid_id": "G027890", "child_risk_pct": 0.0, "elderly_risk_pct": 14.09 }, "geometry": { "type": "Polygon", "coordinates": [ [ [ 128.569963, 35.199712 ], [ 128.569975, 35.200614 ], [ 128.568877, 35.200623 ], [ 128.568865, 35.199722 ], [ 128.569963, 35.199712 ] ] ] } },
{ "type": "Feature", "properties": { "grid_id": "G027891", "child_risk_pct": 0.0, "elderly_risk_pct": 19.59 }, "geometry": { "type": "Polygon", "coordinates": [ [ [ 128.569975, 35.200614 ], [ 128.569987, 35.201515 ], [ 128.568888, 35.201525 ], [ 128.568877, 35.200623 ], [ 128.569975, 35.200614 ] ] ] } },
{ "type": "Feature", "properties": { "grid_id": "G027892", "child_risk_pct": 0.0, "elderly_risk_pct": 3.85 }, "geometry": { "type": "Polygon", "coordinates": [ [ [ 128.569987, 35.201515 ], [ 128.569999, 35.202417 ], [ 128.5689, 35.202427 ], [ 128.568888, 35.201525 ], [ 128.569987, 35.201515 ] ] ] } },
{ "type": "Feature", "properties": { "grid_id": "G027894", "child_risk_pct": 0.0, "elderly_risk_pct": 20.14 }, "geometry": { "type": "Polygon", "coordinates": [ [ [ 128.57001, 35.203318 ], [ 128.570022, 35.20422 ], [ 128.568924, 35.20423 ], [ 128.568912, 35.203328 ], [ 128.57001, 35.203318 ] ] ] } },
{ "type": "Feature", "properties": { "grid_id": "G027895", "child_risk_pct": 0.0, "elderly_risk_pct": 1.39 }, "geometry": { "type": "Polygon", "coordinates": [ [ [ 128.570022, 35.20422 ], [ 128.570034, 35.205122 ], [ 128.568936, 35.205131 ], [ 128.568924, 35.20423 ], [ 128.570022, 35.20422 ] ] ] } },
{ "type": "Feature", "properties": { "grid_id": "G027899", "child_risk_pct": 0.0, "elderly_risk_pct": 2.61 }, "geometry": { "type": "Polygon", "coordinates": [ [ [ 128.57007, 35.207826 ], [ 128.570081, 35.208728 ], [ 128.568983, 35.208737 ], [ 128.568971, 35.207836 ], [ 128.57007, 35.207826 ] ] ] } },
{ "type": "Feature", "properties": { "grid_id": "G027900", "child_risk_pct": 0.0, "elderly_risk_pct": 17.86 }, "geometry": { "type": "Polygon", "coordinates": [ [ [ 128.570081, 35.208728 ], [ 128.570093, 35.209629 ], [ 128.568995, 35.209639 ], [ 128.568983, 35.208737 ], [ 128.570081, 35.208728 ] ] ] } },
{ "type": "Feature", "properties": { "grid_id": "G027901", "child_risk_pct": 0.0, "elderly_risk_pct": 9.03 }, "geometry": { "type": "Polygon", "coordinates": [ [ [ 128.570093, 35.209629 ], [ 128.570105, 35.210531 ], [ 128.569007, 35.210541 ], [ 128.568995, 35.209639 ], [ 128.570093, 35.209629 ] ] ] } },
{ "type": "Feature", "properties": { "grid_id": "G027904", "child_risk_pct": 1.31, "elderly_risk_pct": 1.31 }, "geometry": { "type": "Polygon", "coordinates": [ [ [ 128.570129, 35.212334 ], [ 128.570141, 35.213236 ], [ 128.569042, 35.213245 ], [ 128.56903, 35.212344 ], [ 128.570129, 35.212334 ] ] ] } },
{ "type": "Feature", "properties": { "grid_id": "G027905", "child_risk_pct": 14.58, "elderly_risk_pct": 12.5 }, "geometry": { "type": "Polygon", "coordinates": [ [ [ 128.570141, 35.213236 ], [ 128.570152, 35.214137 ], [ 128.569054, 35.214147 ], [ 128.569042, 35.213245 ], [ 128.570141, 35.213236 ] ] ] } },
{ "type": "Feature", "properties": { "grid_id": "G027906", "child_risk_pct": 0.0, "elderly_risk_pct": 17.12 }, "geometry": { "type": "Polygon", "coordinates": [ [ [ 128.570152, 35.214137 ], [ 128.570164, 35.215039 ], [ 128.569066, 35.215048 ], [ 128.569054, 35.214147 ], [ 128.570152, 35.214137 ] ] ] } },
{ "type": "Feature", "properties": { "grid_id": "G027907", "child_risk_pct": 0.0, "elderly_risk_pct": 37.87 }, "geometry": { "type": "Polygon", "coordinates": [ [ [ 128.570164, 35.215039 ], [ 128.570176, 35.21594 ], [ 128.569077, 35.21595 ], [ 128.569066, 35.215048 ], [ 128.570164, 35.215039 ] ] ] } },
{ "type": "Feature", "properties": { "grid_id": "G027908", "child_risk_pct": 0.0, "elderly_risk_pct": 8.61 }, "geometry": { "type": "Polygon", "coordinates": [ [ [ 128.570176, 35.21594 ], [ 128.570188, 35.216842 ], [ 128.569089, 35.216851 ], [ 128.569077, 35.21595 ], [ 128.570176, 35.21594 ] ] ] } },
{ "type": "Feature", "properties": { "grid_id": "G027909", "child_risk_pct": 0.0, "elderly_risk_pct": 11.81 }, "geometry": { "type": "Polygon", "coordinates": [ [ [ 128.570188, 35.216842 ], [ 128.5702, 35.217743 ], [ 128.569101, 35.217753 ], [ 128.569089, 35.216851 ], [ 128.570188, 35.216842 ] ] ] } },
{ "type": "Feature", "properties": { "grid_id": "G027910", "child_risk_pct": 8.9, "elderly_risk_pct": 0.0 }, "geometry": { "type": "Polygon", "coordinates": [ [ [ 128.5702, 35.217743 ], [ 128.570212, 35.218645 ], [ 128.569113, 35.218655 ], [ 128.569101, 35.217753 ], [ 128.5702, 35.217743 ] ] ] } },
{ "type": "Feature", "properties": { "grid_id": "G027911", "child_risk_pct": 2.6, "elderly_risk_pct": 38.31 }, "geometry": { "type": "Polygon", "coordinates": [ [ [ 128.570212, 35.218645 ], [ 128.570223, 35.219546 ], [ 128.569125, 35.219556 ], [ 128.569113, 35.218655 ], [ 128.570212, 35.218645 ] ] ] } },
{ "type": "Feature", "properties": { "grid_id": "G027912", "child_risk_pct": 0.0, "elderly_risk_pct": 23.61 }, "geometry": { "type": "Polygon", "coordinates": [ [ [ 128.570223, 35.219546 ], [ 128.570235, 35.220448 ], [ 128.569137, 35.220458 ], [ 128.569125, 35.219556 ], [ 128.570223, 35.219546 ] ] ] } },
{ "type": "Feature", "properties": { "grid_id": "G027914", "child_risk_pct": 33.13, "elderly_risk_pct": 0.0 }, "geometry": { "type": "Polygon", "coordinates": [ [ [ 128.570247, 35.22135 ], [ 128.570259, 35.222251 ], [ 128.56916, 35.222261 ], [ 128.569148, 35.221359 ], [ 128.570247, 35.22135 ] ] ] } },
{ "type": "Feature", "properties": { "grid_id": "G027915", "child_risk_pct": 9.62, "elderly_risk_pct": 0.0 }, "geometry": { "type": "Polygon", "coordinates": [ [ [ 128.570259, 35.222251 ], [ 128.570271, 35.223153 ], [ 128.569172, 35.223162 ], [ 128.56916, 35.222261 ], [ 128.570259, 35.222251 ] ] ] } },
{ "type": "Feature", "properties": { "grid_id": "G027922", "child_risk_pct": 0.0, "elderly_risk_pct": 5.13 }, "geometry": { "type": "Polygon", "coordinates": [ [ [ 128.570342, 35.228562 ], [ 128.570354, 35.229464 ], [ 128.569255, 35.229473 ], [ 128.569243, 35.228572 ], [ 128.570342, 35.228562 ] ] ] } },
{ "type": "Feature", "properties": { "grid_id": "G027923", "child_risk_pct": 0.0, "elderly_risk_pct": 21.57 }, "geometry": { "type": "Polygon", "coordinates": [ [ [ 128.570354, 35.229464 ], [ 128.570365, 35.230365 ], [ 128.569267, 35.230375 ], [ 128.569255, 35.229473 ], [ 128.570354, 35.229464 ] ] ] } },
{ "type": "Feature", "properties": { "grid_id": "G027925", "child_risk_pct": 0.0, "elderly_risk_pct": 5.19 }, "geometry": { "type": "Polygon", "coordinates": [ [ [ 128.570377, 35.231267 ], [ 128.570389, 35.232168 ], [ 128.56929, 35.232178 ], [ 128.569278, 35.231276 ], [ 128.570377, 35.231267 ] ] ] } },
{ "type": "Feature", "properties": { "grid_id": "G027926", "child_risk_pct": 0.0, "elderly_risk_pct": 18.06 }, "geometry": { "type": "Polygon", "coordinates": [ [ [ 128.570389, 35.232168 ], [ 128.570401, 35.23307 ], [ 128.569302, 35.233079 ], [ 128.56929, 35.232178 ], [ 128.570389, 35.232168 ] ] ] } },
{ "type": "Feature", "properties": { "grid_id": "G027927", "child_risk_pct": 0.0, "elderly_risk_pct": 7.64 }, "geometry": { "type": "Polygon", "coordinates": [ [ [ 128.570401, 35.23307 ], [ 128.570413, 35.233971 ], [ 128.569314, 35.233981 ], [ 128.569302, 35.233079 ], [ 128.570401, 35.23307 ] ] ] } },
{ "type": "Feature", "properties": { "grid_id": "G028133", "child_risk_pct": 0.0, "elderly_risk_pct": 20.41 }, "geometry": { "type": "Polygon", "coordinates": [ [ [ 128.571026, 35.196998 ], [ 128.571038, 35.197899 ], [ 128.569939, 35.197909 ], [ 128.569928, 35.197008 ], [ 128.571026, 35.196998 ] ] ] } },
{ "type": "Feature", "properties": { "grid_id": "G028134", "child_risk_pct": 0.0, "elderly_risk_pct": 17.36 }, "geometry": { "type": "Polygon", "coordinates": [ [ [ 128.571038, 35.197899 ], [ 128.57105, 35.198801 ], [ 128.569951, 35.198811 ], [ 128.569939, 35.197909 ], [ 128.571038, 35.197899 ] ] ] } },
{ "type": "Feature", "properties": { "grid_id": "G028135", "child_risk_pct": 0.0, "elderly_risk_pct": 9.66 }, "geometry": { "type": "Polygon", "coordinates": [ [ [ 128.57105, 35.198801 ], [ 128.571061, 35.199703 ], [ 128.569963, 35.199712 ], [ 128.569951, 35.198811 ], [ 128.57105, 35.198801 ] ] ] } },
{ "type": "Feature", "properties": { "grid_id": "G028136", "child_risk_pct": 0.0, "elderly_risk_pct": 18.93 }, "geometry": { "type": "Polygon", "coordinates": [ [ [ 128.571061, 35.199703 ], [ 128.571073, 35.200604 ], [ 128.569975, 35.200614 ], [ 128.569963, 35.199712 ], [ 128.571061, 35.199703 ] ] ] } },
{ "type": "Feature", "properties": { "grid_id": "G028138", "child_risk_pct": 0.0, "elderly_risk_pct": 4.17 }, "geometry": { "type": "Polygon", "coordinates": [ [ [ 128.571085, 35.201506 ], [ 128.571097, 35.202407 ], [ 128.569999, 35.202417 ], [ 128.569987, 35.201515 ], [ 128.571085, 35.201506 ] ] ] } },
{ "type": "Feature", "properties": { "grid_id": "G028139", "child_risk_pct": 0.0, "elderly_risk_pct": 10.6 }, "geometry": { "type": "Polygon", "coordinates": [ [ [ 128.571097, 35.202407 ], [ 128.571109, 35.203309 ], [ 128.57001, 35.203318 ], [ 128.569999, 35.202417 ], [ 128.571097, 35.202407 ] ] ] } },
{ "type": "Feature", "properties": { "grid_id": "G028140", "child_risk_pct": 0.0, "elderly_risk_pct": 5.37 }, "geometry": { "type": "Polygon", "coordinates": [ [ [ 128.571109, 35.203309 ], [ 128.571121, 35.20421 ], [ 128.570022, 35.20422 ], [ 128.57001, 35.203318 ], [ 128.571109, 35.203309 ] ] ] } },
{ "type": "Feature", "properties": { "grid_id": "G028141", "child_risk_pct": 0.0, "elderly_risk_pct": 5.56 }, "geometry": { "type": "Polygon", "coordinates": [ [ [ 128.571121, 35.20421 ], [ 128.571132, 35.205112 ], [ 128.570034, 35.205122 ], [ 128.570022, 35.20422 ], [ 128.571121, 35.20421 ] ] ] } },
{ "type": "Feature", "properties": { "grid_id": "G028142", "child_risk_pct": 0.0, "elderly_risk_pct": 11.11 }, "geometry": { "type": "Polygon", "coordinates": [ [ [ 128.571132, 35.205112 ], [ 128.571144, 35.206013 ], [ 128.570046, 35.206023 ], [ 128.570034, 35.205122 ], [ 128.571132, 35.205112 ] ] ] } },
{ "type": "Feature", "properties": { "grid_id": "G028150", "child_risk_pct": 10.26, "elderly_risk_pct": 15.38 }, "geometry": { "type": "Polygon", "coordinates": [ [ [ 128.571227, 35.212324 ], [ 128.571239, 35.213226 ], [ 128.570141, 35.213236 ], [ 128.570129, 35.212334 ], [ 128.571227, 35.212324 ] ] ] } },
{ "type": "Feature", "properties": { "grid_id": "G028151", "child_risk_pct": 7.74, "elderly_risk_pct": 9.68 }, "geometry": { "type": "Polygon", "coordinates": [ [ [ 128.571239, 35.213226 ], [ 128.571251, 35.214127 ], [ 128.570152, 35.214137 ], [ 128.570141, 35.213236 ], [ 128.571239, 35.213226 ] ] ] } },
{ "type": "Feature", "properties": { "grid_id": "G028152", "child_risk_pct": 0.0, "elderly_risk_pct": 27.27 }, "geometry": { "type": "Polygon", "coordinates": [ [ [ 128.571251, 35.214127 ], [ 128.571263, 35.215029 ], [ 128.570164, 35.215039 ], [ 128.570152, 35.214137 ], [ 128.571251, 35.214127 ] ] ] } },
{ "type": "Feature", "properties": { "grid_id": "G028153", "child_risk_pct": 0.0, "elderly_risk_pct": 41.5 }, "geometry": { "type": "Polygon", "coordinates": [ [ [ 128.571263, 35.215029 ], [ 128.571275, 35.215931 ], [ 128.570176, 35.21594 ], [ 128.570164, 35.215039 ], [ 128.571263, 35.215029 ] ] ] } },
{ "type": "Feature", "properties": { "grid_id": "G028154", "child_risk_pct": 0.0, "elderly_risk_pct": 33.99 }, "geometry": { "type": "Polygon", "coordinates": [ [ [ 128.571275, 35.215931 ], [ 128.571286, 35.216832 ], [ 128.570188, 35.216842 ], [ 128.570176, 35.21594 ], [ 128.571275, 35.215931 ] ] ] } },
{ "type": "Feature", "properties": { "grid_id": "G028155", "child_risk_pct": 0.0, "elderly_risk_pct": 27.78 }, "geometry": { "type": "Polygon", "coordinates": [ [ [ 128.571286, 35.216832 ], [ 128.571298, 35.217734 ], [ 128.5702, 35.217743 ], [ 128.570188, 35.216842 ], [ 128.571286, 35.216832 ] ] ] } },
{ "type": "Feature", "properties": { "grid_id": "G028156", "child_risk_pct": 8.33, "elderly_risk_pct": 1.39 }, "geometry": { "type": "Polygon", "coordinates": [ [ [ 128.571298, 35.217734 ], [ 128.57131, 35.218635 ], [ 128.570212, 35.218645 ], [ 128.5702, 35.217743 ], [ 128.571298, 35.217734 ] ] ] } },
{ "type": "Feature", "properties": { "grid_id": "G028157", "child_risk_pct": 0.0, "elderly_risk_pct": 5.13 }, "geometry": { "type": "Polygon", "coordinates": [ [ [ 128.57131, 35.218635 ], [ 128.571322, 35.219537 ], [ 128.570223, 35.219546 ], [ 128.570212, 35.218645 ], [ 128.57131, 35.218635 ] ] ] } },
{ "type": "Feature", "properties": { "grid_id": "G028158", "child_risk_pct": 0.0, "elderly_risk_pct": 33.11 }, "geometry": { "type": "Polygon", "coordinates": [ [ [ 128.571322, 35.219537 ], [ 128.571334, 35.220438 ], [ 128.570235, 35.220448 ], [ 128.570223, 35.219546 ], [ 128.571322, 35.219537 ] ] ] } },
{ "type": "Feature", "properties": { "grid_id": "G028159", "child_risk_pct": 0.0, "elderly_risk_pct": 8.33 }, "geometry": { "type": "Polygon", "coordinates": [ [ [ 128.571334, 35.220438 ], [ 128.571346, 35.22134 ], [ 128.570247, 35.22135 ], [ 128.570235, 35.220448 ], [ 128.571334, 35.220438 ] ] ] } },
{ "type": "Feature", "properties": { "grid_id": "G028160", "child_risk_pct": 12.42, "elderly_risk_pct": 0.0 }, "geometry": { "type": "Polygon", "coordinates": [ [ [ 128.571346, 35.22134 ], [ 128.571358, 35.222241 ], [ 128.570259, 35.222251 ], [ 128.570247, 35.22135 ], [ 128.571346, 35.22134 ] ] ] } },
{ "type": "Feature", "properties": { "grid_id": "G028161", "child_risk_pct": 2.61, "elderly_risk_pct": 0.0 }, "geometry": { "type": "Polygon", "coordinates": [ [ [ 128.571358, 35.222241 ], [ 128.571369, 35.223143 ], [ 128.570271, 35.223153 ], [ 128.570259, 35.222251 ], [ 128.571358, 35.222241 ] ] ] } },
{ "type": "Feature", "properties": { "grid_id": "G028168", "child_risk_pct": 0.0, "elderly_risk_pct": 6.54 }, "geometry": { "type": "Polygon", "coordinates": [ [ [ 128.57144, 35.228552 ], [ 128.571452, 35.229454 ], [ 128.570354, 35.229464 ], [ 128.570342, 35.228562 ], [ 128.57144, 35.228552 ] ] ] } },
{ "type": "Feature", "properties": { "grid_id": "G028169", "child_risk_pct": 0.0, "elderly_risk_pct": 46.53 }, "geometry": { "type": "Polygon", "coordinates": [ [ [ 128.571452, 35.229454 ], [ 128.571464, 35.230355 ], [ 128.570365, 35.230365 ], [ 128.570354, 35.229464 ], [ 128.571452, 35.229454 ] ] ] } },
{ "type": "Feature", "properties": { "grid_id": "G028173", "child_risk_pct": 0.0, "elderly_risk_pct": 1.37 }, "geometry": { "type": "Polygon", "coordinates": [ [ [ 128.5715, 35.23306 ], [ 128.571512, 35.233962 ], [ 128.570413, 35.233971 ], [ 128.570401, 35.23307 ], [ 128.5715, 35.23306 ] ] ] } },
{ "type": "Feature", "properties": { "grid_id": "G028387", "child_risk_pct": 0.0, "elderly_risk_pct": 3.9 }, "geometry": { "type": "Polygon", "coordinates": [ [ [ 128.572136, 35.19789 ], [ 128.572148, 35.198791 ], [ 128.57105, 35.198801 ], [ 128.571038, 35.197899 ], [ 128.572136, 35.19789 ] ] ] } },
{ "type": "Feature", "properties": { "grid_id": "G028388", "child_risk_pct": 0.0, "elderly_risk_pct": 29.68 }, "geometry": { "type": "Polygon", "coordinates": [ [ [ 128.572148, 35.198791 ], [ 128.57216, 35.199693 ], [ 128.571061, 35.199703 ], [ 128.57105, 35.198801 ], [ 128.572148, 35.198791 ] ] ] } },
{ "type": "Feature", "properties": { "grid_id": "G028389", "child_risk_pct": 0.0, "elderly_risk_pct": 5.23 }, "geometry": { "type": "Polygon", "coordinates": [ [ [ 128.57216, 35.199693 ], [ 128.572172, 35.200594 ], [ 128.571073, 35.200604 ], [ 128.571061, 35.199703 ], [ 128.57216, 35.199693 ] ] ] } },
{ "type": "Feature", "properties": { "grid_id": "G028390", "child_risk_pct": 0.0, "elderly_risk_pct": 18.37 }, "geometry": { "type": "Polygon", "coordinates": [ [ [ 128.572172, 35.200594 ], [ 128.572183, 35.201496 ], [ 128.571085, 35.201506 ], [ 128.571073, 35.200604 ], [ 128.572172, 35.200594 ] ] ] } },
{ "type": "Feature", "properties": { "grid_id": "G028391", "child_risk_pct": 0.0, "elderly_risk_pct": 3.47 }, "geometry": { "type": "Polygon", "coordinates": [ [ [ 128.572183, 35.201496 ], [ 128.572195, 35.202397 ], [ 128.571097, 35.202407 ], [ 128.571085, 35.201506 ], [ 128.572183, 35.201496 ] ] ] } },
{ "type": "Feature", "properties": { "grid_id": "G028392", "child_risk_pct": 0.0, "elderly_risk_pct": 5.56 }, "geometry": { "type": "Polygon", "coordinates": [ [ [ 128.572195, 35.202397 ], [ 128.572207, 35.203299 ], [ 128.571109, 35.203309 ], [ 128.571097, 35.202407 ], [ 128.572195, 35.202397 ] ] ] } },
{ "type": "Feature", "properties": { "grid_id": "G028394", "child_risk_pct": 0.0, "elderly_risk_pct": 14.29 }, "geometry": { "type": "Polygon", "coordinates": [ [ [ 128.572219, 35.204201 ], [ 128.572231, 35.205102 ], [ 128.571132, 35.205112 ], [ 128.571121, 35.20421 ], [ 128.572219, 35.204201 ] ] ] } },
{ "type": "Feature", "properties": { "grid_id": "G028395", "child_risk_pct": 0.0, "elderly_risk_pct": 16.67 }, "geometry": { "type": "Polygon", "coordinates": [ [ [ 128.572231, 35.205102 ], [ 128.572243, 35.206004 ], [ 128.571144, 35.206013 ], [ 128.571132, 35.205112 ], [ 128.572231, 35.205102 ] ] ] } },
{ "type": "Feature", "properties": { "grid_id": "G028398", "child_risk_pct": 0.0, "elderly_risk_pct": 0.69 }, "geometry": { "type": "Polygon", "coordinates": [ [ [ 128.572266, 35.207807 ], [ 128.572278, 35.208708 ], [ 128.57118, 35.208718 ], [ 128.571168, 35.207817 ], [ 128.572266, 35.207807 ] ] ] } },
{ "type": "Feature", "properties": { "grid_id": "G028399", "child_risk_pct": 0.0, "elderly_risk_pct": 9.72 }, "geometry": { "type": "Polygon", "coordinates": [ [ [ 128.572278, 35.208708 ], [ 128.57229, 35.20961 ], [ 128.571192, 35.20962 ], [ 128.57118, 35.208718 ], [ 128.572278, 35.208708 ] ] ] } },
{ "type": "Feature", "properties": { "grid_id": "G028402", "child_risk_pct": 11.18, "elderly_risk_pct": 0.0 }, "geometry": { "type": "Polygon", "coordinates": [ [ [ 128.572314, 35.211413 ], [ 128.572326, 35.212315 ], [ 128.571227, 35.212324 ], [ 128.571215, 35.211423 ], [ 128.572314, 35.211413 ] ] ] } },
{ "type": "Feature", "properties": { "grid_id": "G028403", "child_risk_pct": 25.31, "elderly_risk_pct": 27.78 }, "geometry": { "type": "Polygon", "coordinates": [ [ [ 128.572326, 35.212315 ], [ 128.572338, 35.213216 ], [ 128.571239, 35.213226 ], [ 128.571227, 35.212324 ], [ 128.572326, 35.212315 ] ] ] } },
{ "type": "Feature", "properties": { "grid_id": "G028404", "child_risk_pct": 0.0, "elderly_risk_pct": 11.84 }, "geometry": { "type": "Polygon", "coordinates": [ [ [ 128.572338, 35.213216 ], [ 128.572349, 35.214118 ], [ 128.571251, 35.214127 ], [ 128.571239, 35.213226 ], [ 128.572338, 35.213216 ] ] ] } },
{ "type": "Feature", "properties": { "grid_id": "G028405", "child_risk_pct": 0.0, "elderly_risk_pct": 9.03 }, "geometry": { "type": "Polygon", "coordinates": [ [ [ 128.572349, 35.214118 ], [ 128.572361, 35.215019 ], [ 128.571263, 35.215029 ], [ 128.571251, 35.214127 ], [ 128.572349, 35.214118 ] ] ] } },
{ "type": "Feature", "properties": { "grid_id": "G028406", "child_risk_pct": 0.0, "elderly_risk_pct": 22.92 }, "geometry": { "type": "Polygon", "coordinates": [ [ [ 128.572361, 35.215019 ], [ 128.572373, 35.215921 ], [ 128.571275, 35.215931 ], [ 128.571263, 35.215029 ], [ 128.572361, 35.215019 ] ] ] } },
{ "type": "Feature", "properties": { "grid_id": "G028407", "child_risk_pct": 0.0, "elderly_risk_pct": 14.1 }, "geometry": { "type": "Polygon", "coordinates": [ [ [ 128.572373, 35.215921 ], [ 128.572385, 35.216822 ], [ 128.571286, 35.216832 ], [ 128.571275, 35.215931 ], [ 128.572373, 35.215921 ] ] ] } },
{ "type": "Feature", "properties": { "grid_id": "G028410", "child_risk_pct": 0.0, "elderly_risk_pct": 1.24 }, "geometry": { "type": "Polygon", "coordinates": [ [ [ 128.572409, 35.218625 ], [ 128.572421, 35.219527 ], [ 128.571322, 35.219537 ], [ 128.57131, 35.218635 ], [ 128.572409, 35.218625 ] ] ] } },
{ "type": "Feature", "properties": { "grid_id": "G028411", "child_risk_pct": 0.0, "elderly_risk_pct": 13.12 }, "geometry": { "type": "Polygon", "coordinates": [ [ [ 128.572421, 35.219527 ], [ 128.572432, 35.220429 ], [ 128.571334, 35.220438 ], [ 128.571322, 35.219537 ], [ 128.572421, 35.219527 ] ] ] } },
{ "type": "Feature", "properties": { "grid_id": "G028412", "child_risk_pct": 0.0, "elderly_risk_pct": 5.56 }, "geometry": { "type": "Polygon", "coordinates": [ [ [ 128.572432, 35.220429 ], [ 128.572444, 35.22133 ], [ 128.571346, 35.22134 ], [ 128.571334, 35.220438 ], [ 128.572432, 35.220429 ] ] ] } },
{ "type": "Feature", "properties": { "grid_id": "G028414", "child_risk_pct": 0.0, "elderly_risk_pct": 1.28 }, "geometry": { "type": "Polygon", "coordinates": [ [ [ 128.572456, 35.222232 ], [ 128.572468, 35.223133 ], [ 128.571369, 35.223143 ], [ 128.571358, 35.222241 ], [ 128.572456, 35.222232 ] ] ] } },
{ "type": "Feature", "properties": { "grid_id": "G028415", "child_risk_pct": 0.0, "elderly_risk_pct": 16.67 }, "geometry": { "type": "Polygon", "coordinates": [ [ [ 128.572468, 35.223133 ], [ 128.57248, 35.224035 ], [ 128.571381, 35.224044 ], [ 128.571369, 35.223143 ], [ 128.572468, 35.223133 ] ] ] } },
{ "type": "Feature", "properties": { "grid_id": "G028416", "child_risk_pct": 0.0, "elderly_risk_pct": 2.08 }, "geometry": { "type": "Polygon", "coordinates": [ [ [ 128.57248, 35.224035 ], [ 128.572492, 35.224936 ], [ 128.571393, 35.224946 ], [ 128.571381, 35.224044 ], [ 128.57248, 35.224035 ] ] ] } },
{ "type": "Feature", "properties": { "grid_id": "G028417", "child_risk_pct": 0.0, "elderly_risk_pct": 31.37 }, "geometry": { "type": "Polygon", "coordinates": [ [ [ 128.572492, 35.224936 ], [ 128.572504, 35.225838 ], [ 128.571405, 35.225848 ], [ 128.571393, 35.224946 ], [ 128.572492, 35.224936 ] ] ] } },
{ "type": "Feature", "properties": { "grid_id": "G028418", "child_risk_pct": 0.0, "elderly_risk_pct": 4.85 }, "geometry": { "type": "Polygon", "coordinates": [ [ [ 128.572504, 35.225838 ], [ 128.572515, 35.226739 ], [ 128.571417, 35.226749 ], [ 128.571405, 35.225848 ], [ 128.572504, 35.225838 ] ] ] } },
{ "type": "Feature", "properties": { "grid_id": "G028651", "child_risk_pct": 19.44, "elderly_risk_pct": 0.0 }, "geometry": { "type": "Polygon", "coordinates": [ [ [ 128.573199, 35.195175 ], [ 128.573211, 35.196077 ], [ 128.572112, 35.196087 ], [ 128.572101, 35.195185 ], [ 128.573199, 35.195175 ] ] ] } },
{ "type": "Feature", "properties": { "grid_id": "G028654", "child_risk_pct": 0.0, "elderly_risk_pct": 2.03 }, "geometry": { "type": "Polygon", "coordinates": [ [ [ 128.573234, 35.19788 ], [ 128.573246, 35.198782 ], [ 128.572148, 35.198791 ], [ 128.572136, 35.19789 ], [ 128.573234, 35.19788 ] ] ] } },
{ "type": "Feature", "properties": { "grid_id": "G028655", "child_risk_pct": 0.0, "elderly_risk_pct": 5.56 }, "geometry": { "type": "Polygon", "coordinates": [ [ [ 128.573246, 35.198782 ], [ 128.573258, 35.199683 ], [ 128.57216, 35.199693 ], [ 128.572148, 35.198791 ], [ 128.573246, 35.198782 ] ] ] } },
{ "type": "Feature", "properties": { "grid_id": "G028656", "child_risk_pct": 0.0, "elderly_risk_pct": 15.97 }, "geometry": { "type": "Polygon", "coordinates": [ [ [ 128.573258, 35.199683 ], [ 128.57327, 35.200585 ], [ 128.572172, 35.200594 ], [ 128.57216, 35.199693 ], [ 128.573258, 35.199683 ] ] ] } },
{ "type": "Feature", "properties": { "grid_id": "G028657", "child_risk_pct": 0.0, "elderly_risk_pct": 0.64 }, "geometry": { "type": "Polygon", "coordinates": [ [ [ 128.57327, 35.200585 ], [ 128.573282, 35.201486 ], [ 128.572183, 35.201496 ], [ 128.572172, 35.200594 ], [ 128.57327, 35.200585 ] ] ] } },
{ "type": "Feature", "properties": { "grid_id": "G028659", "child_risk_pct": 0.0, "elderly_risk_pct": 19.44 }, "geometry": { "type": "Polygon", "coordinates": [ [ [ 128.573294, 35.202388 ], [ 128.573306, 35.203289 ], [ 128.572207, 35.203299 ], [ 128.572195, 35.202397 ], [ 128.573294, 35.202388 ] ] ] } },
{ "type": "Feature", "properties": { "grid_id": "G028660", "child_risk_pct": 0.0, "elderly_risk_pct": 1.22 }, "geometry": { "type": "Polygon", "coordinates": [ [ [ 128.573306, 35.203289 ], [ 128.573317, 35.204191 ], [ 128.572219, 35.204201 ], [ 128.572207, 35.203299 ], [ 128.573306, 35.203289 ] ] ] } },
{ "type": "Feature", "properties": { "grid_id": "G028664", "child_risk_pct": 0.0, "elderly_risk_pct": 8.97 }, "geometry": { "type": "Polygon", "coordinates": [ [ [ 128.573353, 35.206895 ], [ 128.573365, 35.207797 ], [ 128.572266, 35.207807 ], [ 128.572255, 35.206905 ], [ 128.573353, 35.206895 ] ] ] } },
{ "type": "Feature", "properties": { "grid_id": "G028665", "child_risk_pct": 0.0, "elderly_risk_pct": 2.08 }, "geometry": { "type": "Polygon", "coordinates": [ [ [ 128.573365, 35.207797 ], [ 128.573377, 35.208699 ], [ 128.572278, 35.208708 ], [ 128.572266, 35.207807 ], [ 128.573365, 35.207797 ] ] ] } },
{ "type": "Feature", "properties": { "grid_id": "G028666", "child_risk_pct": 0.0, "elderly_risk_pct": 28.47 }, "geometry": { "type": "Polygon", "coordinates": [ [ [ 128.573377, 35.208699 ], [ 128.573389, 35.2096 ], [ 128.57229, 35.20961 ], [ 128.572278, 35.208708 ], [ 128.573377, 35.208699 ] ] ] } },
{ "type": "Feature", "properties": { "grid_id": "G028667", "child_risk_pct": 0.0, "elderly_risk_pct": 9.68 }, "geometry": { "type": "Polygon", "coordinates": [ [ [ 128.573389, 35.2096 ], [ 128.573401, 35.210502 ], [ 128.572302, 35.210511 ], [ 128.57229, 35.20961 ], [ 128.573389, 35.2096 ] ] ] } },
{ "type": "Feature", "properties": { "grid_id": "G028668", "child_risk_pct": 0.0, "elderly_risk_pct": 0.62 }, "geometry": { "type": "Polygon", "coordinates": [ [ [ 128.573401, 35.210502 ], [ 128.573412, 35.211403 ], [ 128.572314, 35.211413 ], [ 128.572302, 35.210511 ], [ 128.573401, 35.210502 ] ] ] } },
{ "type": "Feature", "properties": { "grid_id": "G028669", "child_risk_pct": 2.03, "elderly_risk_pct": 6.08 }, "geometry": { "type": "Polygon", "coordinates": [ [ [ 128.573412, 35.211403 ], [ 128.573424, 35.212305 ], [ 128.572326, 35.212315 ], [ 128.572314, 35.211413 ], [ 128.573412, 35.211403 ] ] ] } },
{ "type": "Feature", "properties": { "grid_id": "G028670", "child_risk_pct": 8.33, "elderly_risk_pct": 0.0 }, "geometry": { "type": "Polygon", "coordinates": [ [ [ 128.573424, 35.212305 ], [ 128.573436, 35.213206 ], [ 128.572338, 35.213216 ], [ 128.572326, 35.212315 ], [ 128.573424, 35.212305 ] ] ] } },
{ "type": "Feature", "properties": { "grid_id": "G028671", "child_risk_pct": 0.0, "elderly_risk_pct": 5.13 }, "geometry": { "type": "Polygon", "coordinates": [ [ [ 128.573436, 35.213206 ], [ 128.573448, 35.214108 ], [ 128.572349, 35.214118 ], [ 128.572338, 35.213216 ], [ 128.573436, 35.213206 ] ] ] } },
{ "type": "Feature", "properties": { "grid_id": "G028672", "child_risk_pct": 0.0, "elderly_risk_pct": 23.61 }, "geometry": { "type": "Polygon", "coordinates": [ [ [ 128.573448, 35.214108 ], [ 128.57346, 35.215009 ], [ 128.572361, 35.215019 ], [ 128.572349, 35.214118 ], [ 128.573448, 35.214108 ] ] ] } },
{ "type": "Feature", "properties": { "grid_id": "G028673", "child_risk_pct": 0.0, "elderly_risk_pct": 0.69 }, "geometry": { "type": "Polygon", "coordinates": [ [ [ 128.57346, 35.215009 ], [ 128.573472, 35.215911 ], [ 128.572373, 35.215921 ], [ 128.572361, 35.215019 ], [ 128.57346, 35.215009 ] ] ] } },
{ "type": "Feature", "properties": { "grid_id": "G028676", "child_risk_pct": 0.0, "elderly_risk_pct": 10.97 }, "geometry": { "type": "Polygon", "coordinates": [ [ [ 128.573495, 35.217714 ], [ 128.573507, 35.218616 ], [ 128.572409, 35.218625 ], [ 128.572397, 35.217724 ], [ 128.573495, 35.217714 ] ] ] } },
{ "type": "Feature", "properties": { "grid_id": "G028677", "child_risk_pct": 0.0, "elderly_risk_pct": 20.14 }, "geometry": { "type": "Polygon", "coordinates": [ [ [ 128.573507, 35.218616 ], [ 128.573519, 35.219517 ], [ 128.572421, 35.219527 ], [ 128.572409, 35.218625 ], [ 128.573507, 35.218616 ] ] ] } },
{ "type": "Feature", "properties": { "grid_id": "G028678", "child_risk_pct": 0.0, "elderly_risk_pct": 26.28 }, "geometry": { "type": "Polygon", "coordinates": [ [ [ 128.573519, 35.219517 ], [ 128.573531, 35.220419 ], [ 128.572432, 35.220429 ], [ 128.572421, 35.219527 ], [ 128.573519, 35.219517 ] ] ] } },
{ "type": "Feature", "properties": { "grid_id": "G028679", "child_risk_pct": 0.0, "elderly_risk_pct": 2.08 }, "geometry": { "type": "Polygon", "coordinates": [ [ [ 128.573531, 35.220419 ], [ 128.573543, 35.22132 ], [ 128.572444, 35.22133 ], [ 128.572432, 35.220429 ], [ 128.573531, 35.220419 ] ] ] } },
{ "type": "Feature", "properties": { "grid_id": "G028682", "child_risk_pct": 0.0, "elderly_risk_pct": 24.03 }, "geometry": { "type": "Polygon", "coordinates": [ [ [ 128.573567, 35.223123 ], [ 128.573579, 35.224025 ], [ 128.57248, 35.224035 ], [ 128.572468, 35.223133 ], [ 128.573567, 35.223123 ] ] ] } },
{ "type": "Feature", "properties": { "grid_id": "G028683", "child_risk_pct": 0.0, "elderly_risk_pct": 0.64 }, "geometry": { "type": "Polygon", "coordinates": [ [ [ 128.573579, 35.224025 ], [ 128.57359, 35.224927 ], [ 128.572492, 35.224936 ], [ 128.57248, 35.224035 ], [ 128.573579, 35.224025 ] ] ] } },
{ "type": "Feature", "properties": { "grid_id": "G028684", "child_risk_pct": 0.0, "elderly_risk_pct": 23.18 }, "geometry": { "type": "Polygon", "coordinates": [ [ [ 128.57359, 35.224927 ], [ 128.573602, 35.225828 ], [ 128.572504, 35.225838 ], [ 128.572492, 35.224936 ], [ 128.57359, 35.224927 ] ] ] } },
{ "type": "Feature", "properties": { "grid_id": "G028685", "child_risk_pct": 0.0, "elderly_risk_pct": 39.74 }, "geometry": { "type": "Polygon", "coordinates": [ [ [ 128.573602, 35.225828 ], [ 128.573614, 35.22673 ], [ 128.572515, 35.226739 ], [ 128.572504, 35.225838 ], [ 128.573602, 35.225828 ] ] ] } },
{ "type": "Feature", "properties": { "grid_id": "G028686", "child_risk_pct": 0.0, "elderly_risk_pct": 5.56 }, "geometry": { "type": "Polygon", "coordinates": [ [ [ 128.573614, 35.22673 ], [ 128.573626, 35.227631 ], [ 128.572527, 35.227641 ], [ 128.572515, 35.226739 ], [ 128.573614, 35.22673 ] ] ] } },
{ "type": "Feature", "properties": { "grid_id": "G028688", "child_risk_pct": 0.0, "elderly_risk_pct": 12.75 }, "geometry": { "type": "Polygon", "coordinates": [ [ [ 128.573638, 35.228533 ], [ 128.57365, 35.229434 ], [ 128.572551, 35.229444 ], [ 128.572539, 35.228543 ], [ 128.573638, 35.228533 ] ] ] } },
{ "type": "Feature", "properties": { "grid_id": "G028689", "child_risk_pct": 0.0, "elderly_risk_pct": 13.25 }, "geometry": { "type": "Polygon", "coordinates": [ [ [ 128.57365, 35.229434 ], [ 128.573662, 35.230336 ], [ 128.572563, 35.230346 ], [ 128.572551, 35.229444 ], [ 128.57365, 35.229434 ] ] ] } },
{ "type": "Feature", "properties": { "grid_id": "G028690", "child_risk_pct": 0.0, "elderly_risk_pct": 5.92 }, "geometry": { "type": "Polygon", "coordinates": [ [ [ 128.573662, 35.230336 ], [ 128.573674, 35.231237 ], [ 128.572575, 35.231247 ], [ 128.572563, 35.230346 ], [ 128.573662, 35.230336 ] ] ] } },
{ "type": "Feature", "properties": { "grid_id": "G028691", "child_risk_pct": 0.0, "elderly_risk_pct": 25.64 }, "geometry": { "type": "Polygon", "coordinates": [ [ [ 128.573674, 35.231237 ], [ 128.573685, 35.232139 ], [ 128.572587, 35.232149 ], [ 128.572575, 35.231247 ], [ 128.573674, 35.231237 ] ] ] } },
{ "type": "Feature", "properties": { "grid_id": "G028927", "child_risk_pct": 0.0, "elderly_risk_pct": 36.54 }, "geometry": { "type": "Polygon", "coordinates": [ [ [ 128.574333, 35.19787 ], [ 128.574345, 35.198772 ], [ 128.573246, 35.198782 ], [ 128.573234, 35.19788 ], [ 128.574333, 35.19787 ] ] ] } },
{ "type": "Feature", "properties": { "grid_id": "G028928", "child_risk_pct": 0.0, "elderly_risk_pct": 9.72 }, "geometry": { "type": "Polygon", "coordinates": [ [ [ 128.574345, 35.198772 ], [ 128.574357, 35.199673 ], [ 128.573258, 35.199683 ], [ 128.573246, 35.198782 ], [ 128.574345, 35.198772 ] ] ] } },
{ "type": "Feature", "properties": { "grid_id": "G028929", "child_risk_pct": 0.0, "elderly_risk_pct": 14.58 }, "geometry": { "type": "Polygon", "coordinates": [ [ [ 128.574357, 35.199673 ], [ 128.574368, 35.200575 ], [ 128.57327, 35.200585 ], [ 128.573258, 35.199683 ], [ 128.574357, 35.199673 ] ] ] } },
{ "type": "Feature", "properties": { "grid_id": "G028930", "child_risk_pct": 0.0, "elderly_risk_pct": 20.65 }, "geometry": { "type": "Polygon", "coordinates": [ [ [ 128.574368, 35.200575 ], [ 128.57438, 35.201476 ], [ 128.573282, 35.201486 ], [ 128.57327, 35.200585 ], [ 128.574368, 35.200575 ] ] ] } },
{ "type": "Feature", "properties": { "grid_id": "G028931", "child_risk_pct": 0.0, "elderly_risk_pct": 0.65 }, "geometry": { "type": "Polygon", "coordinates": [ [ [ 128.57438, 35.201476 ], [ 128.574392, 35.202378 ], [ 128.573294, 35.202388 ], [ 128.573282, 35.201486 ], [ 128.57438, 35.201476 ] ] ] } },
{ "type": "Feature", "properties": { "grid_id": "G028932", "child_risk_pct": 0.0, "elderly_risk_pct": 41.03 }, "geometry": { "type": "Polygon", "coordinates": [ [ [ 128.574392, 35.202378 ], [ 128.574404, 35.20328 ], [ 128.573306, 35.203289 ], [ 128.573294, 35.202388 ], [ 128.574392, 35.202378 ] ] ] } },
{ "type": "Feature", "properties": { "grid_id": "G028933", "child_risk_pct": 0.0, "elderly_risk_pct": 20.0 }, "geometry": { "type": "Polygon", "coordinates": [ [ [ 128.574404, 35.20328 ], [ 128.574416, 35.204181 ], [ 128.573317, 35.204191 ], [ 128.573306, 35.203289 ], [ 128.574404, 35.20328 ] ] ] } },
{ "type": "Feature", "properties": { "grid_id": "G028934", "child_risk_pct": 0.0, "elderly_risk_pct": 9.62 }, "geometry": { "type": "Polygon", "coordinates": [ [ [ 128.574416, 35.204181 ], [ 128.574428, 35.205083 ], [ 128.573329, 35.205092 ], [ 128.573317, 35.204191 ], [ 128.574416, 35.204181 ] ] ] } },
{ "type": "Feature", "properties": { "grid_id": "G028935", "child_risk_pct": 0.0, "elderly_risk_pct": 12.5 }, "geometry": { "type": "Polygon", "coordinates": [ [ [ 128.574428, 35.205083 ], [ 128.57444, 35.205984 ], [ 128.573341, 35.205994 ], [ 128.573329, 35.205092 ], [ 128.574428, 35.205083 ] ] ] } },
{ "type": "Feature", "properties": { "grid_id": "G028936", "child_risk_pct": 0.0, "elderly_risk_pct": 18.75 }, "geometry": { "type": "Polygon", "coordinates": [ [ [ 128.57444, 35.205984 ], [ 128.574452, 35.206886 ], [ 128.573353, 35.206895 ], [ 128.573341, 35.205994 ], [ 128.57444, 35.205984 ] ] ] } },
{ "type": "Feature", "properties": { "grid_id": "G028937", "child_risk_pct": 0.0, "elderly_risk_pct": 33.99 }, "geometry": { "type": "Polygon", "coordinates": [ [ [ 128.574452, 35.206886 ], [ 128.574463, 35.207787 ], [ 128.573365, 35.207797 ], [ 128.573353, 35.206895 ], [ 128.574452, 35.206886 ] ] ] } },
{ "type": "Feature", "properties": { "grid_id": "G028938", "child_risk_pct": 0.0, "elderly_risk_pct": 16.22 }, "geometry": { "type": "Polygon", "coordinates": [ [ [ 128.574463, 35.207787 ], [ 128.574475, 35.208689 ], [ 128.573377, 35.208699 ], [ 128.573365, 35.207797 ], [ 128.574463, 35.207787 ] ] ] } },
{ "type": "Feature", "properties": { "grid_id": "G028940", "child_risk_pct": 0.0, "elderly_risk_pct": 7.24 }, "geometry": { "type": "Polygon", "coordinates": [ [ [ 128.574487, 35.20959 ], [ 128.574499, 35.210492 ], [ 128.573401, 35.210502 ], [ 128.573389, 35.2096 ], [ 128.574487, 35.20959 ] ] ] } },
{ "type": "Feature", "properties": { "grid_id": "G028941", "child_risk_pct": 0.0, "elderly_risk_pct": 37.18 }, "geometry": { "type": "Polygon", "coordinates": [ [ [ 128.574499, 35.210492 ], [ 128.574511, 35.211394 ], [ 128.573412, 35.211403 ], [ 128.573401, 35.210502 ], [ 128.574499, 35.210492 ] ] ] } },
{ "type": "Feature", "properties": { "grid_id": "G028942", "child_risk_pct": 0.0, "elderly_risk_pct": 25.69 }, "geometry": { "type": "Polygon", "coordinates": [ [ [ 128.574511, 35.211394 ], [ 128.574523, 35.212295 ], [ 128.573424, 35.212305 ], [ 128.573412, 35.211403 ], [ 128.574511, 35.211394 ] ] ] } },
{ "type": "Feature", "properties": { "grid_id": "G028945", "child_risk_pct": 0.0, "elderly_risk_pct": 8.72 }, "geometry": { "type": "Polygon", "coordinates": [ [ [ 128.574547, 35.214098 ], [ 128.574558, 35.215 ], [ 128.57346, 35.215009 ], [ 128.573448, 35.214108 ], [ 128.574547, 35.214098 ] ] ] } },
{ "type": "Feature", "properties": { "grid_id": "G028946", "child_risk_pct": 0.0, "elderly_risk_pct": 1.33 }, "geometry": { "type": "Polygon", "coordinates": [ [ [ 128.574558, 35.215 ], [ 128.57457, 35.215901 ], [ 128.573472, 35.215911 ], [ 128.57346, 35.215009 ], [ 128.574558, 35.215 ] ] ] } },
{ "type": "Feature", "properties": { "grid_id": "G028947", "child_risk_pct": 0.0, "elderly_risk_pct": 0.64 }, "geometry": { "type": "Polygon", "coordinates": [ [ [ 128.57457, 35.215901 ], [ 128.574582, 35.216803 ], [ 128.573484, 35.216813 ], [ 128.573472, 35.215911 ], [ 128.57457, 35.215901 ] ] ] } },
{ "type": "Feature", "properties": { "grid_id": "G028948", "child_risk_pct": 0.0, "elderly_risk_pct": 12.58 }, "geometry": { "type": "Polygon", "coordinates": [ [ [ 128.574582, 35.216803 ], [ 128.574594, 35.217704 ], [ 128.573495, 35.217714 ], [ 128.573484, 35.216813 ], [ 128.574582, 35.216803 ] ] ] } },
{ "type": "Feature", "properties": { "grid_id": "G028951", "child_risk_pct": 0.0, "elderly_risk_pct": 2.0 }, "geometry": { "type": "Polygon", "coordinates": [ [ [ 128.574618, 35.219508 ], [ 128.57463, 35.220409 ], [ 128.573531, 35.220419 ], [ 128.573519, 35.219517 ], [ 128.574618, 35.219508 ] ] ] } },
{ "type": "Feature", "properties": { "grid_id": "G028958", "child_risk_pct": 0.0, "elderly_risk_pct": 2.67 }, "geometry": { "type": "Polygon", "coordinates": [ [ [ 128.574701, 35.225818 ], [ 128.574713, 35.22672 ], [ 128.573614, 35.22673 ], [ 128.573602, 35.225828 ], [ 128.574701, 35.225818 ] ] ] } },
{ "type": "Feature", "properties": { "grid_id": "G028960", "child_risk_pct": 0.0, "elderly_risk_pct": 24.31 }, "geometry": { "type": "Polygon", "coordinates": [ [ [ 128.574725, 35.227621 ], [ 128.574737, 35.228523 ], [ 128.573638, 35.228533 ], [ 128.573626, 35.227631 ], [ 128.574725, 35.227621 ] ] ] } },
{ "type": "Feature", "properties": { "grid_id": "G028961", "child_risk_pct": 0.0, "elderly_risk_pct": 53.02 }, "geometry": { "type": "Polygon", "coordinates": [ [ [ 128.574737, 35.228523 ], [ 128.574749, 35.229425 ], [ 128.57365, 35.229434 ], [ 128.573638, 35.228533 ], [ 128.574737, 35.228523 ] ] ] } },
{ "type": "Feature", "properties": { "grid_id": "G028962", "child_risk_pct": 0.0, "elderly_risk_pct": 30.77 }, "geometry": { "type": "Polygon", "coordinates": [ [ [ 128.574749, 35.229425 ], [ 128.57476, 35.230326 ], [ 128.573662, 35.230336 ], [ 128.57365, 35.229434 ], [ 128.574749, 35.229425 ] ] ] } },
{ "type": "Feature", "properties": { "grid_id": "G028963", "child_risk_pct": 0.0, "elderly_risk_pct": 32.43 }, "geometry": { "type": "Polygon", "coordinates": [ [ [ 128.57476, 35.230326 ], [ 128.574772, 35.231228 ], [ 128.573674, 35.231237 ], [ 128.573662, 35.230336 ], [ 128.57476, 35.230326 ] ] ] } },
{ "type": "Feature", "properties": { "grid_id": "G028964", "child_risk_pct": 0.0, "elderly_risk_pct": 13.89 }, "geometry": { "type": "Polygon", "coordinates": [ [ [ 128.574772, 35.231228 ], [ 128.574784, 35.232129 ], [ 128.573685, 35.232139 ], [ 128.573674, 35.231237 ], [ 128.574772, 35.231228 ] ] ] } },
{ "type": "Feature", "properties": { "grid_id": "G028965", "child_risk_pct": 0.0, "elderly_risk_pct": 12.67 }, "geometry": { "type": "Polygon", "coordinates": [ [ [ 128.574784, 35.232129 ], [ 128.574796, 35.233031 ], [ 128.573697, 35.233041 ], [ 128.573685, 35.232139 ], [ 128.574784, 35.232129 ] ] ] } },
{ "type": "Feature", "properties": { "grid_id": "G028966", "child_risk_pct": 0.0, "elderly_risk_pct": 3.33 }, "geometry": { "type": "Polygon", "coordinates": [ [ [ 128.574796, 35.233031 ], [ 128.574808, 35.233932 ], [ 128.573709, 35.233942 ], [ 128.573697, 35.233041 ], [ 128.574796, 35.233031 ] ] ] } },
{ "type": "Feature", "properties": { "grid_id": "G029213", "child_risk_pct": 0.0, "elderly_risk_pct": 4.73 }, "geometry": { "type": "Polygon", "coordinates": [ [ [ 128.575455, 35.199664 ], [ 128.575467, 35.200565 ], [ 128.574368, 35.200575 ], [ 128.574357, 35.199673 ], [ 128.575455, 35.199664 ] ] ] } },
{ "type": "Feature", "properties": { "grid_id": "G029214", "child_risk_pct": 0.0, "elderly_risk_pct": 38.46 }, "geometry": { "type": "Polygon", "coordinates": [ [ [ 128.575467, 35.200565 ], [ 128.575479, 35.201467 ], [ 128.57438, 35.201476 ], [ 128.574368, 35.200575 ], [ 128.575467, 35.200565 ] ] ] } },
{ "type": "Feature", "properties": { "grid_id": "G029215", "child_risk_pct": 0.0, "elderly_risk_pct": 21.74 }, "geometry": { "type": "Polygon", "coordinates": [ [ [ 128.575479, 35.201467 ], [ 128.575491, 35.202368 ], [ 128.574392, 35.202378 ], [ 128.57438, 35.201476 ], [ 128.575479, 35.201467 ] ] ] } },
{ "type": "Feature", "properties": { "grid_id": "G029216", "child_risk_pct": 0.0, "elderly_risk_pct": 47.92 }, "geometry": { "type": "Polygon", "coordinates": [ [ [ 128.575491, 35.202368 ], [ 128.575502, 35.20327 ], [ 128.574404, 35.20328 ], [ 128.574392, 35.202378 ], [ 128.575491, 35.202368 ] ] ] } },
{ "type": "Feature", "properties": { "grid_id": "G029217", "child_risk_pct": 0.0, "elderly_risk_pct": 37.5 }, "geometry": { "type": "Polygon", "coordinates": [ [ [ 128.575502, 35.20327 ], [ 128.575514, 35.204171 ], [ 128.574416, 35.204181 ], [ 128.574404, 35.20328 ], [ 128.575502, 35.20327 ] ] ] } },
{ "type": "Feature", "properties": { "grid_id": "G029218", "child_risk_pct": 0.0, "elderly_risk_pct": 40.91 }, "geometry": { "type": "Polygon", "coordinates": [ [ [ 128.575514, 35.204171 ], [ 128.575526, 35.205073 ], [ 128.574428, 35.205083 ], [ 128.574416, 35.204181 ], [ 128.575514, 35.204171 ] ] ] } },
{ "type": "Feature", "properties": { "grid_id": "G029219", "child_risk_pct": 6.85, "elderly_risk_pct": 2.05 }, "geometry": { "type": "Polygon", "coordinates": [ [ [ 128.575526, 35.205073 ], [ 128.575538, 35.205974 ], [ 128.57444, 35.205984 ], [ 128.574428, 35.205083 ], [ 128.575526, 35.205073 ] ] ] } },
{ "type": "Feature", "properties": { "grid_id": "G029220", "child_risk_pct": 30.56, "elderly_risk_pct": 15.28 }, "geometry": { "type": "Polygon", "coordinates": [ [ [ 128.575538, 35.205974 ], [ 128.57555, 35.206876 ], [ 128.574452, 35.206886 ], [ 128.57444, 35.205984 ], [ 128.575538, 35.205974 ] ] ] } },
{ "type": "Feature", "properties": { "grid_id": "G029221", "child_risk_pct": 0.0, "elderly_risk_pct": 8.44 }, "geometry": { "type": "Polygon", "coordinates": [ [ [ 128.57555, 35.206876 ], [ 128.575562, 35.207778 ], [ 128.574463, 35.207787 ], [ 128.574452, 35.206886 ], [ 128.57555, 35.206876 ] ] ] } },
{ "type": "Feature", "properties": { "grid_id": "G029222", "child_risk_pct": 0.0, "elderly_risk_pct": 8.33 }, "geometry": { "type": "Polygon", "coordinates": [ [ [ 128.575562, 35.207778 ], [ 128.575574, 35.208679 ], [ 128.574475, 35.208689 ], [ 128.574463, 35.207787 ], [ 128.575562, 35.207778 ] ] ] } },
{ "type": "Feature", "properties": { "grid_id": "G029223", "child_risk_pct": 0.0, "elderly_risk_pct": 1.39 }, "geometry": { "type": "Polygon", "coordinates": [ [ [ 128.575574, 35.208679 ], [ 128.575586, 35.209581 ], [ 128.574487, 35.20959 ], [ 128.574475, 35.208689 ], [ 128.575574, 35.208679 ] ] ] } },
{ "type": "Feature", "properties": { "grid_id": "G029224", "child_risk_pct": 0.0, "elderly_risk_pct": 2.08 }, "geometry": { "type": "Polygon", "coordinates": [ [ [ 128.575586, 35.209581 ], [ 128.575598, 35.210482 ], [ 128.574499, 35.210492 ], [ 128.574487, 35.20959 ], [ 128.575586, 35.209581 ] ] ] } },
{ "type": "Feature", "properties": { "grid_id": "G029225", "child_risk_pct": 0.0, "elderly_risk_pct": 6.58 }, "geometry": { "type": "Polygon", "coordinates": [ [ [ 128.575598, 35.210482 ], [ 128.575609, 35.211384 ], [ 128.574511, 35.211394 ], [ 128.574499, 35.210492 ], [ 128.575598, 35.210482 ] ] ] } },
{ "type": "Feature", "properties": { "grid_id": "G029226", "child_risk_pct": 0.0, "elderly_risk_pct": 45.27 }, "geometry": { "type": "Polygon", "coordinates": [ [ [ 128.575609, 35.211384 ], [ 128.575621, 35.212285 ], [ 128.574523, 35.212295 ], [ 128.574511, 35.211394 ], [ 128.575609, 35.211384 ] ] ] } },
{ "type": "Feature", "properties": { "grid_id": "G029227", "child_risk_pct": 0.0, "elderly_risk_pct": 13.19 }, "geometry": { "type": "Polygon", "coordinates": [ [ [ 128.575621, 35.212285 ], [ 128.575633, 35.213187 ], [ 128.574535, 35.213197 ], [ 128.574523, 35.212295 ], [ 128.575621, 35.212285 ] ] ] } },
{ "type": "Feature", "properties": { "grid_id": "G029231", "child_risk_pct": 0.0, "elderly_risk_pct": 0.69 }, "geometry": { "type": "Polygon", "coordinates": [ [ [ 128.575669, 35.215892 ], [ 128.575681, 35.216793 ], [ 128.574582, 35.216803 ], [ 128.57457, 35.215901 ], [ 128.575669, 35.215892 ] ] ] } },
{ "type": "Feature", "properties": { "grid_id": "G029232", "child_risk_pct": 0.0, "elderly_risk_pct": 10.6 }, "geometry": { "type": "Polygon", "coordinates": [ [ [ 128.575681, 35.216793 ], [ 128.575693, 35.217695 ], [ 128.574594, 35.217704 ], [ 128.574582, 35.216803 ], [ 128.575681, 35.216793 ] ] ] } },
{ "type": "Feature", "properties": { "grid_id": "G029234", "child_risk_pct": 11.11, "elderly_risk_pct": 22.92 }, "geometry": { "type": "Polygon", "coordinates": [ [ [ 128.575705, 35.218596 ], [ 128.575716, 35.219498 ], [ 128.574618, 35.219508 ], [ 128.574606, 35.218606 ], [ 128.575705, 35.218596 ] ] ] } },
{ "type": "Feature", "properties": { "grid_id": "G029235", "child_risk_pct": 0.0, "elderly_risk_pct": 3.47 }, "geometry": { "type": "Polygon", "coordinates": [ [ [ 128.575716, 35.219498 ], [ 128.575728, 35.220399 ], [ 128.57463, 35.220409 ], [ 128.574618, 35.219508 ], [ 128.575716, 35.219498 ] ] ] } },
{ "type": "Feature", "properties": { "grid_id": "G029243", "child_risk_pct": 0.0, "elderly_risk_pct": 0.63 }, "geometry": { "type": "Polygon", "coordinates": [ [ [ 128.575812, 35.22671 ], [ 128.575824, 35.227612 ], [ 128.574725, 35.227621 ], [ 128.574713, 35.22672 ], [ 128.575812, 35.22671 ] ] ] } },
{ "type": "Feature", "properties": { "grid_id": "G029244", "child_risk_pct": 0.0, "elderly_risk_pct": 53.21 }, "geometry": { "type": "Polygon", "coordinates": [ [ [ 128.575824, 35.227612 ], [ 128.575835, 35.228513 ], [ 128.574737, 35.228523 ], [ 128.574725, 35.227621 ], [ 128.575824, 35.227612 ] ] ] } },
{ "type": "Feature", "properties": { "grid_id": "G029245", "child_risk_pct": 0.0, "elderly_risk_pct": 13.91 }, "geometry": { "type": "Polygon", "coordinates": [ [ [ 128.575835, 35.228513 ], [ 128.575847, 35.229415 ], [ 128.574749, 35.229425 ], [ 128.574737, 35.228523 ], [ 128.575835, 35.228513 ] ] ] } },
{ "type": "Feature", "properties": { "grid_id": "G029246", "child_risk_pct": 0.0, "elderly_risk_pct": 22.52 }, "geometry": { "type": "Polygon", "coordinates": [ [ [ 128.575847, 35.229415 ], [ 128.575859, 35.230316 ], [ 128.57476, 35.230326 ], [ 128.574749, 35.229425 ], [ 128.575847, 35.229415 ] ] ] } },
{ "type": "Feature", "properties": { "grid_id": "G029247", "child_risk_pct": 0.0, "elderly_risk_pct": 20.13 }, "geometry": { "type": "Polygon", "coordinates": [ [ [ 128.575859, 35.230316 ], [ 128.575871, 35.231218 ], [ 128.574772, 35.231228 ], [ 128.57476, 35.230326 ], [ 128.575859, 35.230316 ] ] ] } },
{ "type": "Feature", "properties": { "grid_id": "G029248", "child_risk_pct": 0.0, "elderly_risk_pct": 8.33 }, "geometry": { "type": "Polygon", "coordinates": [ [ [ 128.575871, 35.231218 ], [ 128.575883, 35.232119 ], [ 128.574784, 35.232129 ], [ 128.574772, 35.231228 ], [ 128.575871, 35.231218 ] ] ] } },
{ "type": "Feature", "properties": { "grid_id": "G029249", "child_risk_pct": 0.0, "elderly_risk_pct": 20.14 }, "geometry": { "type": "Polygon", "coordinates": [ [ [ 128.575883, 35.232119 ], [ 128.575895, 35.233021 ], [ 128.574796, 35.233031 ], [ 128.574784, 35.232129 ], [ 128.575883, 35.232119 ] ] ] } },
{ "type": "Feature", "properties": { "grid_id": "G029250", "child_risk_pct": 0.0, "elderly_risk_pct": 10.9 }, "geometry": { "type": "Polygon", "coordinates": [ [ [ 128.575895, 35.233021 ], [ 128.575907, 35.233923 ], [ 128.574808, 35.233932 ], [ 128.574796, 35.233031 ], [ 128.575895, 35.233021 ] ] ] } },
{ "type": "Feature", "properties": { "grid_id": "G029488", "child_risk_pct": 0.0, "elderly_risk_pct": 0.65 }, "geometry": { "type": "Polygon", "coordinates": [ [ [ 128.576066, 35.16269 ], [ 128.576078, 35.163592 ], [ 128.57498, 35.163601 ], [ 128.574968, 35.1627 ], [ 128.576066, 35.16269 ] ] ] } },
{ "type": "Feature", "properties": { "grid_id": "G029503", "child_risk_pct": 0.0, "elderly_risk_pct": 13.02 }, "geometry": { "type": "Polygon", "coordinates": [ [ [ 128.576541, 35.198752 ], [ 128.576553, 35.199654 ], [ 128.575455, 35.199664 ], [ 128.575443, 35.198762 ], [ 128.576541, 35.198752 ] ] ] } },
{ "type": "Feature", "properties": { "grid_id": "G029504", "child_risk_pct": 0.0, "elderly_risk_pct": 22.37 }, "geometry": { "type": "Polygon", "coordinates": [ [ [ 128.576553, 35.199654 ], [ 128.576565, 35.200555 ], [ 128.575467, 35.200565 ], [ 128.575455, 35.199664 ], [ 128.576553, 35.199654 ] ] ] } },
{ "type": "Feature", "properties": { "grid_id": "G029505", "child_risk_pct": 0.0, "elderly_risk_pct": 46.53 }, "geometry": { "type": "Polygon", "coordinates": [ [ [ 128.576565, 35.200555 ], [ 128.576577, 35.201457 ], [ 128.575479, 35.201467 ], [ 128.575467, 35.200565 ], [ 128.576565, 35.200555 ] ] ] } },
{ "type": "Feature", "properties": { "grid_id": "G029506", "child_risk_pct": 0.0, "elderly_risk_pct": 31.41 }, "geometry": { "type": "Polygon", "coordinates": [ [ [ 128.576577, 35.201457 ], [ 128.576589, 35.202358 ], [ 128.575491, 35.202368 ], [ 128.575479, 35.201467 ], [ 128.576577, 35.201457 ] ] ] } },
{ "type": "Feature", "properties": { "grid_id": "G029507", "child_risk_pct": 0.0, "elderly_risk_pct": 36.81 }, "geometry": { "type": "Polygon", "coordinates": [ [ [ 128.576589, 35.202358 ], [ 128.576601, 35.20326 ], [ 128.575502, 35.20327 ], [ 128.575491, 35.202368 ], [ 128.576589, 35.202358 ] ] ] } },
{ "type": "Feature", "properties": { "grid_id": "G029508", "child_risk_pct": 0.0, "elderly_risk_pct": 37.5 }, "geometry": { "type": "Polygon", "coordinates": [ [ [ 128.576601, 35.20326 ], [ 128.576613, 35.204162 ], [ 128.575514, 35.204171 ], [ 128.575502, 35.20327 ], [ 128.576601, 35.20326 ] ] ] } },
{ "type": "Feature", "properties": { "grid_id": "G029509", "child_risk_pct": 0.0, "elderly_risk_pct": 24.31 }, "geometry": { "type": "Polygon", "coordinates": [ [ [ 128.576613, 35.204162 ], [ 128.576625, 35.205063 ], [ 128.575526, 35.205073 ], [ 128.575514, 35.204171 ], [ 128.576613, 35.204162 ] ] ] } },
{ "type": "Feature", "properties": { "grid_id": "G029510", "child_risk_pct": 0.0, "elderly_risk_pct": 9.82 }, "geometry": { "type": "Polygon", "coordinates": [ [ [ 128.576625, 35.205063 ], [ 128.576637, 35.205965 ], [ 128.575538, 35.205974 ], [ 128.575526, 35.205073 ], [ 128.576625, 35.205063 ] ] ] } },
{ "type": "Feature", "properties": { "grid_id": "G029511", "child_risk_pct": 1.28, "elderly_risk_pct": 2.56 }, "geometry": { "type": "Polygon", "coordinates": [ [ [ 128.576637, 35.205965 ], [ 128.576648, 35.206866 ], [ 128.57555, 35.206876 ], [ 128.575538, 35.205974 ], [ 128.576637, 35.205965 ] ] ] } },
{ "type": "Feature", "properties": { "grid_id": "G029512", "child_risk_pct": 0.0, "elderly_risk_pct": 4.11 }, "geometry": { "type": "Polygon", "coordinates": [ [ [ 128.576648, 35.206866 ], [ 128.57666, 35.207768 ], [ 128.575562, 35.207778 ], [ 128.57555, 35.206876 ], [ 128.576648, 35.206866 ] ] ] } },
{ "type": "Feature", "properties": { "grid_id": "G029513", "child_risk_pct": 0.0, "elderly_risk_pct": 16.88 }, "geometry": { "type": "Polygon", "coordinates": [ [ [ 128.57666, 35.207768 ], [ 128.576672, 35.208669 ], [ 128.575574, 35.208679 ], [ 128.575562, 35.207778 ], [ 128.57666, 35.207768 ] ] ] } },
{ "type": "Feature", "properties": { "grid_id": "G029514", "child_risk_pct": 0.0, "elderly_risk_pct": 15.75 }, "geometry": { "type": "Polygon", "coordinates": [ [ [ 128.576672, 35.208669 ], [ 128.576684, 35.209571 ], [ 128.575586, 35.209581 ], [ 128.575574, 35.208679 ], [ 128.576672, 35.208669 ] ] ] } },
{ "type": "Feature", "properties": { "grid_id": "G029517", "child_risk_pct": 0.0, "elderly_risk_pct": 3.21 }, "geometry": { "type": "Polygon", "coordinates": [ [ [ 128.576708, 35.211374 ], [ 128.57672, 35.212276 ], [ 128.575621, 35.212285 ], [ 128.575609, 35.211384 ], [ 128.576708, 35.211374 ] ] ] } },
{ "type": "Feature", "properties": { "grid_id": "G029518", "child_risk_pct": 0.0, "elderly_risk_pct": 44.23 }, "geometry": { "type": "Polygon", "coordinates": [ [ [ 128.57672, 35.212276 ], [ 128.576732, 35.213177 ], [ 128.575633, 35.213187 ], [ 128.575621, 35.212285 ], [ 128.57672, 35.212276 ] ] ] } },
{ "type": "Feature", "properties": { "grid_id": "G029519", "child_risk_pct": 0.0, "elderly_risk_pct": 0.65 }, "geometry": { "type": "Polygon", "coordinates": [ [ [ 128.576732, 35.213177 ], [ 128.576744, 35.214079 ], [ 128.575645, 35.214088 ], [ 128.575633, 35.213187 ], [ 128.576732, 35.213177 ] ] ] } },
{ "type": "Feature", "properties": { "grid_id": "G029521", "child_risk_pct": 0.0, "elderly_risk_pct": 6.76 }, "geometry": { "type": "Polygon", "coordinates": [ [ [ 128.576756, 35.21498 ], [ 128.576767, 35.215882 ], [ 128.575669, 35.215892 ], [ 128.575657, 35.21499 ], [ 128.576756, 35.21498 ] ] ] } },
{ "type": "Feature", "properties": { "grid_id": "G029522", "child_risk_pct": 0.0, "elderly_risk_pct": 8.33 }, "geometry": { "type": "Polygon", "coordinates": [ [ [ 128.576767, 35.215882 ], [ 128.576779, 35.216783 ], [ 128.575681, 35.216793 ], [ 128.575669, 35.215892 ], [ 128.576767, 35.215882 ] ] ] } },
{ "type": "Feature", "properties": { "grid_id": "G029523", "child_risk_pct": 0.0, "elderly_risk_pct": 8.33 }, "geometry": { "type": "Polygon", "coordinates": [ [ [ 128.576779, 35.216783 ], [ 128.576791, 35.217685 ], [ 128.575693, 35.217695 ], [ 128.575681, 35.216793 ], [ 128.576779, 35.216783 ] ] ] } },
{ "type": "Feature", "properties": { "grid_id": "G029524", "child_risk_pct": 0.0, "elderly_risk_pct": 0.64 }, "geometry": { "type": "Polygon", "coordinates": [ [ [ 128.576791, 35.217685 ], [ 128.576803, 35.218586 ], [ 128.575705, 35.218596 ], [ 128.575693, 35.217695 ], [ 128.576791, 35.217685 ] ] ] } },
{ "type": "Feature", "properties": { "grid_id": "G029525", "child_risk_pct": 32.0, "elderly_risk_pct": 27.33 }, "geometry": { "type": "Polygon", "coordinates": [ [ [ 128.576803, 35.218586 ], [ 128.576815, 35.219488 ], [ 128.575716, 35.219498 ], [ 128.575705, 35.218596 ], [ 128.576803, 35.218586 ] ] ] } },
{ "type": "Feature", "properties": { "grid_id": "G029526", "child_risk_pct": 7.69, "elderly_risk_pct": 16.67 }, "geometry": { "type": "Polygon", "coordinates": [ [ [ 128.576815, 35.219488 ], [ 128.576827, 35.22039 ], [ 128.575728, 35.220399 ], [ 128.575716, 35.219498 ], [ 128.576815, 35.219488 ] ] ] } },
{ "type": "Feature", "properties": { "grid_id": "G029527", "child_risk_pct": 0.0, "elderly_risk_pct": 16.03 }, "geometry": { "type": "Polygon", "coordinates": [ [ [ 128.576827, 35.22039 ], [ 128.576839, 35.221291 ], [ 128.57574, 35.221301 ], [ 128.575728, 35.220399 ], [ 128.576827, 35.22039 ] ] ] } },
{ "type": "Feature", "properties": { "grid_id": "G029536", "child_risk_pct": 0.0, "elderly_risk_pct": 1.39 }, "geometry": { "type": "Polygon", "coordinates": [ [ [ 128.576934, 35.228503 ], [ 128.576946, 35.229405 ], [ 128.575847, 35.229415 ], [ 128.575835, 35.228513 ], [ 128.576934, 35.228503 ] ] ] } },
{ "type": "Feature", "properties": { "grid_id": "G029537", "child_risk_pct": 0.0, "elderly_risk_pct": 14.58 }, "geometry": { "type": "Polygon", "coordinates": [ [ [ 128.576946, 35.229405 ], [ 128.576958, 35.230307 ], [ 128.575859, 35.230316 ], [ 128.575847, 35.229415 ], [ 128.576946, 35.229405 ] ] ] } },
{ "type": "Feature", "properties": { "grid_id": "G029541", "child_risk_pct": 0.0, "elderly_risk_pct": 3.64 }, "geometry": { "type": "Polygon", "coordinates": [ [ [ 128.576994, 35.233011 ], [ 128.577006, 35.233913 ], [ 128.575907, 35.233923 ], [ 128.575895, 35.233021 ], [ 128.576994, 35.233011 ] ] ] } },
{ "type": "Feature", "properties": { "grid_id": "G029542", "child_risk_pct": 0.0, "elderly_risk_pct": 15.79 }, "geometry": { "type": "Polygon", "coordinates": [ [ [ 128.577006, 35.233913 ], [ 128.577018, 35.234814 ], [ 128.575919, 35.234824 ], [ 128.575907, 35.233923 ], [ 128.577006, 35.233913 ] ] ] } },
{ "type": "Feature", "properties": { "grid_id": "G029543", "child_risk_pct": 0.0, "elderly_risk_pct": 4.17 }, "geometry": { "type": "Polygon", "coordinates": [ [ [ 128.577018, 35.234814 ], [ 128.57703, 35.235716 ], [ 128.575931, 35.235726 ], [ 128.575919, 35.234824 ], [ 128.577018, 35.234814 ] ] ] } },
{ "type": "Feature", "properties": { "grid_id": "G029783", "child_risk_pct": 0.0, "elderly_risk_pct": 3.47 }, "geometry": { "type": "Polygon", "coordinates": [ [ [ 128.577152, 35.161779 ], [ 128.577164, 35.16268 ], [ 128.576066, 35.16269 ], [ 128.576054, 35.161788 ], [ 128.577152, 35.161779 ] ] ] } },
{ "type": "Feature", "properties": { "grid_id": "G029784", "child_risk_pct": 0.0, "elderly_risk_pct": 8.0 }, "geometry": { "type": "Polygon", "coordinates": [ [ [ 128.577164, 35.16268 ], [ 128.577176, 35.163582 ], [ 128.576078, 35.163592 ], [ 128.576066, 35.16269 ], [ 128.577164, 35.16268 ] ] ] } },
{ "type": "Feature", "properties": { "grid_id": "G029797", "child_risk_pct": 0.0, "elderly_risk_pct": 29.17 }, "geometry": { "type": "Polygon", "coordinates": [ [ [ 128.577663, 35.200546 ], [ 128.577675, 35.201447 ], [ 128.576577, 35.201457 ], [ 128.576565, 35.200555 ], [ 128.577663, 35.200546 ] ] ] } },
{ "type": "Feature", "properties": { "grid_id": "G029798", "child_risk_pct": 0.0, "elderly_risk_pct": 26.39 }, "geometry": { "type": "Polygon", "coordinates": [ [ [ 128.577675, 35.201447 ], [ 128.577687, 35.202349 ], [ 128.576589, 35.202358 ], [ 128.576577, 35.201457 ], [ 128.577675, 35.201447 ] ] ] } },
{ "type": "Feature", "properties": { "grid_id": "G029799", "child_risk_pct": 0.0, "elderly_risk_pct": 20.51 }, "geometry": { "type": "Polygon", "coordinates": [ [ [ 128.577687, 35.202349 ], [ 128.577699, 35.20325 ], [ 128.576601, 35.20326 ], [ 128.576589, 35.202358 ], [ 128.577687, 35.202349 ] ] ] } },
{ "type": "Feature", "properties": { "grid_id": "G029800", "child_risk_pct": 0.0, "elderly_risk_pct": 36.05 }, "geometry": { "type": "Polygon", "coordinates": [ [ [ 128.577699, 35.20325 ], [ 128.577711, 35.204152 ], [ 128.576613, 35.204162 ], [ 128.576601, 35.20326 ], [ 128.577699, 35.20325 ] ] ] } },
{ "type": "Feature", "properties": { "grid_id": "G029801", "child_risk_pct": 0.0, "elderly_risk_pct": 59.62 }, "geometry": { "type": "Polygon", "coordinates": [ [ [ 128.577711, 35.204152 ], [ 128.577723, 35.205053 ], [ 128.576625, 35.205063 ], [ 128.576613, 35.204162 ], [ 128.577711, 35.204152 ] ] ] } },
{ "type": "Feature", "properties": { "grid_id": "G029802", "child_risk_pct": 0.0, "elderly_risk_pct": 18.01 }, "geometry": { "type": "Polygon", "coordinates": [ [ [ 128.577723, 35.205053 ], [ 128.577735, 35.205955 ], [ 128.576637, 35.205965 ], [ 128.576625, 35.205063 ], [ 128.577723, 35.205053 ] ] ] } },
{ "type": "Feature", "properties": { "grid_id": "G029803", "child_risk_pct": 0.0, "elderly_risk_pct": 8.97 }, "geometry": { "type": "Polygon", "coordinates": [ [ [ 128.577735, 35.205955 ], [ 128.577747, 35.206856 ], [ 128.576648, 35.206866 ], [ 128.576637, 35.205965 ], [ 128.577735, 35.205955 ] ] ] } },
{ "type": "Feature", "properties": { "grid_id": "G029804", "child_risk_pct": 0.0, "elderly_risk_pct": 29.17 }, "geometry": { "type": "Polygon", "coordinates": [ [ [ 128.577747, 35.206856 ], [ 128.577759, 35.207758 ], [ 128.57666, 35.207768 ], [ 128.576648, 35.206866 ], [ 128.577747, 35.206856 ] ] ] } },
{ "type": "Feature", "properties": { "grid_id": "G029805", "child_risk_pct": 0.0, "elderly_risk_pct": 9.03 }, "geometry": { "type": "Polygon", "coordinates": [ [ [ 128.577759, 35.207758 ], [ 128.577771, 35.20866 ], [ 128.576672, 35.208669 ], [ 128.57666, 35.207768 ], [ 128.577759, 35.207758 ] ] ] } },
{ "type": "Feature", "properties": { "grid_id": "G029813", "child_risk_pct": 0.0, "elderly_risk_pct": 30.77 }, "geometry": { "type": "Polygon", "coordinates": [ [ [ 128.577854, 35.21497 ], [ 128.577866, 35.215872 ], [ 128.576767, 35.215882 ], [ 128.576756, 35.21498 ], [ 128.577854, 35.21497 ] ] ] } },
{ "type": "Feature", "properties": { "grid_id": "G029814", "child_risk_pct": 0.0, "elderly_risk_pct": 11.11 }, "geometry": { "type": "Polygon", "coordinates": [ [ [ 128.577866, 35.215872 ], [ 128.577878, 35.216774 ], [ 128.576779, 35.216783 ], [ 128.576767, 35.215882 ], [ 128.577866, 35.215872 ] ] ] } },
{ "type": "Feature", "properties": { "grid_id": "G029817", "child_risk_pct": 1.3, "elderly_risk_pct": 5.84 }, "geometry": { "type": "Polygon", "coordinates": [ [ [ 128.577902, 35.218577 ], [ 128.577914, 35.219478 ], [ 128.576815, 35.219488 ], [ 128.576803, 35.218586 ], [ 128.577902, 35.218577 ] ] ] } },
{ "type": "Feature", "properties": { "grid_id": "G029818", "child_risk_pct": 0.0, "elderly_risk_pct": 35.42 }, "geometry": { "type": "Polygon", "coordinates": [ [ [ 128.577914, 35.219478 ], [ 128.577926, 35.22038 ], [ 128.576827, 35.22039 ], [ 128.576815, 35.219488 ], [ 128.577914, 35.219478 ] ] ] } },
{ "type": "Feature", "properties": { "grid_id": "G029819", "child_risk_pct": 0.0, "elderly_risk_pct": 5.56 }, "geometry": { "type": "Polygon", "coordinates": [ [ [ 128.577926, 35.22038 ], [ 128.577938, 35.221281 ], [ 128.576839, 35.221291 ], [ 128.576827, 35.22039 ], [ 128.577926, 35.22038 ] ] ] } },
{ "type": "Feature", "properties": { "grid_id": "G029828", "child_risk_pct": 0.0, "elderly_risk_pct": 6.94 }, "geometry": { "type": "Polygon", "coordinates": [ [ [ 128.578033, 35.228494 ], [ 128.578045, 35.229395 ], [ 128.576946, 35.229405 ], [ 128.576934, 35.228503 ], [ 128.578033, 35.228494 ] ] ] } },
{ "type": "Feature", "properties": { "grid_id": "G029829", "child_risk_pct": 0.0, "elderly_risk_pct": 25.0 }, "geometry": { "type": "Polygon", "coordinates": [ [ [ 128.578045, 35.229395 ], [ 128.578057, 35.230297 ], [ 128.576958, 35.230307 ], [ 128.576946, 35.229405 ], [ 128.578045, 35.229395 ] ] ] } },
{ "type": "Feature", "properties": { "grid_id": "G029831", "child_risk_pct": 0.0, "elderly_risk_pct": 29.38 }, "geometry": { "type": "Polygon", "coordinates": [ [ [ 128.578069, 35.231198 ], [ 128.578081, 35.2321 ], [ 128.576982, 35.23211 ], [ 128.57697, 35.231208 ], [ 128.578069, 35.231198 ] ] ] } },
{ "type": "Feature", "properties": { "grid_id": "G029832", "child_risk_pct": 0.0, "elderly_risk_pct": 15.79 }, "geometry": { "type": "Polygon", "coordinates": [ [ [ 128.578081, 35.2321 ], [ 128.578093, 35.233001 ], [ 128.576994, 35.233011 ], [ 128.576982, 35.23211 ], [ 128.578081, 35.2321 ] ] ] } },
{ "type": "Feature", "properties": { "grid_id": "G029833", "child_risk_pct": 0.0, "elderly_risk_pct": 9.03 }, "geometry": { "type": "Polygon", "coordinates": [ [ [ 128.578093, 35.233001 ], [ 128.578104, 35.233903 ], [ 128.577006, 35.233913 ], [ 128.576994, 35.233011 ], [ 128.578093, 35.233001 ] ] ] } },
{ "type": "Feature", "properties": { "grid_id": "G029834", "child_risk_pct": 0.0, "elderly_risk_pct": 5.13 }, "geometry": { "type": "Polygon", "coordinates": [ [ [ 128.578104, 35.233903 ], [ 128.578116, 35.234805 ], [ 128.577018, 35.234814 ], [ 128.577006, 35.233913 ], [ 128.578104, 35.233903 ] ] ] } },
{ "type": "Feature", "properties": { "grid_id": "G029835", "child_risk_pct": 0.0, "elderly_risk_pct": 29.17 }, "geometry": { "type": "Polygon", "coordinates": [ [ [ 128.578116, 35.234805 ], [ 128.578128, 35.235706 ], [ 128.57703, 35.235716 ], [ 128.577018, 35.234814 ], [ 128.578116, 35.234805 ] ] ] } },
{ "type": "Feature", "properties": { "grid_id": "G030069", "child_risk_pct": 0.0, "elderly_risk_pct": 3.87 }, "geometry": { "type": "Polygon", "coordinates": [ [ [ 128.578166, 35.155458 ], [ 128.578178, 35.156359 ], [ 128.577081, 35.156369 ], [ 128.577069, 35.155468 ], [ 128.578166, 35.155458 ] ] ] } },
{ "type": "Feature", "properties": { "grid_id": "G030070", "child_risk_pct": 0.0, "elderly_risk_pct": 11.81 }, "geometry": { "type": "Polygon", "coordinates": [ [ [ 128.578178, 35.156359 ], [ 128.57819, 35.157261 ], [ 128.577092, 35.157271 ], [ 128.577081, 35.156369 ], [ 128.578178, 35.156359 ] ] ] } },
{ "type": "Feature", "properties": { "grid_id": "G030089", "child_risk_pct": 0.0, "elderly_risk_pct": 6.94 }, "geometry": { "type": "Polygon", "coordinates": [ [ [ 128.578762, 35.200536 ], [ 128.578774, 35.201437 ], [ 128.577675, 35.201447 ], [ 128.577663, 35.200546 ], [ 128.578762, 35.200536 ] ] ] } },
{ "type": "Feature", "properties": { "grid_id": "G030090", "child_risk_pct": 0.0, "elderly_risk_pct": 29.17 }, "geometry": { "type": "Polygon", "coordinates": [ [ [ 128.578774, 35.201437 ], [ 128.578786, 35.202339 ], [ 128.577687, 35.202349 ], [ 128.577675, 35.201447 ], [ 128.578774, 35.201437 ] ] ] } },
{ "type": "Feature", "properties": { "grid_id": "G030091", "child_risk_pct": 0.0, "elderly_risk_pct": 48.81 }, "geometry": { "type": "Polygon", "coordinates": [ [ [ 128.578786, 35.202339 ], [ 128.578798, 35.20324 ], [ 128.577699, 35.20325 ], [ 128.577687, 35.202349 ], [ 128.578786, 35.202339 ] ] ] } },
{ "type": "Feature", "properties": { "grid_id": "G030092", "child_risk_pct": 0.0, "elderly_risk_pct": 2.61 }, "geometry": { "type": "Polygon", "coordinates": [ [ [ 128.578798, 35.20324 ], [ 128.57881, 35.204142 ], [ 128.577711, 35.204152 ], [ 128.577699, 35.20325 ], [ 128.578798, 35.20324 ] ] ] } },
{ "type": "Feature", "properties": { "grid_id": "G030093", "child_risk_pct": 0.0, "elderly_risk_pct": 39.58 }, "geometry": { "type": "Polygon", "coordinates": [ [ [ 128.57881, 35.204142 ], [ 128.578821, 35.205044 ], [ 128.577723, 35.205053 ], [ 128.577711, 35.204152 ], [ 128.57881, 35.204142 ] ] ] } },
{ "type": "Feature", "properties": { "grid_id": "G030094", "child_risk_pct": 0.0, "elderly_risk_pct": 21.53 }, "geometry": { "type": "Polygon", "coordinates": [ [ [ 128.578821, 35.205044 ], [ 128.578833, 35.205945 ], [ 128.577735, 35.205955 ], [ 128.577723, 35.205053 ], [ 128.578821, 35.205044 ] ] ] } },
{ "type": "Feature", "properties": { "grid_id": "G030095", "child_risk_pct": 0.0, "elderly_risk_pct": 20.51 }, "geometry": { "type": "Polygon", "coordinates": [ [ [ 128.578833, 35.205945 ], [ 128.578845, 35.206847 ], [ 128.577747, 35.206856 ], [ 128.577735, 35.205955 ], [ 128.578833, 35.205945 ] ] ] } },
{ "type": "Feature", "properties": { "grid_id": "G030096", "child_risk_pct": 0.0, "elderly_risk_pct": 47.22 }, "geometry": { "type": "Polygon", "coordinates": [ [ [ 128.578845, 35.206847 ], [ 128.578857, 35.207748 ], [ 128.577759, 35.207758 ], [ 128.577747, 35.206856 ], [ 128.578845, 35.206847 ] ] ] } },
{ "type": "Feature", "properties": { "grid_id": "G030097", "child_risk_pct": 0.0, "elderly_risk_pct": 21.53 }, "geometry": { "type": "Polygon", "coordinates": [ [ [ 128.578857, 35.207748 ], [ 128.578869, 35.20865 ], [ 128.577771, 35.20866 ], [ 128.577759, 35.207758 ], [ 128.578857, 35.207748 ] ] ] } },
{ "type": "Feature", "properties": { "grid_id": "G030098", "child_risk_pct": 0.0, "elderly_risk_pct": 17.39 }, "geometry": { "type": "Polygon", "coordinates": [ [ [ 128.578869, 35.20865 ], [ 128.578881, 35.209551 ], [ 128.577783, 35.209561 ], [ 128.577771, 35.20866 ], [ 128.578869, 35.20865 ] ] ] } },
{ "type": "Feature", "properties": { "grid_id": "G030099", "child_risk_pct": 0.0, "elderly_risk_pct": 1.91 }, "geometry": { "type": "Polygon", "coordinates": [ [ [ 128.578881, 35.209551 ], [ 128.578893, 35.210453 ], [ 128.577795, 35.210463 ], [ 128.577783, 35.209561 ], [ 128.578881, 35.209551 ] ] ] } },
{ "type": "Feature", "properties": { "grid_id": "G030105", "child_risk_pct": 0.0, "elderly_risk_pct": 3.23 }, "geometry": { "type": "Polygon", "coordinates": [ [ [ 128.578953, 35.214961 ], [ 128.578965, 35.215862 ], [ 128.577866, 35.215872 ], [ 128.577854, 35.21497 ], [ 128.578953, 35.214961 ] ] ] } },
{ "type": "Feature", "properties": { "grid_id": "G030106", "child_risk_pct": 0.0, "elderly_risk_pct": 2.56 }, "geometry": { "type": "Polygon", "coordinates": [ [ [ 128.578965, 35.215862 ], [ 128.578977, 35.216764 ], [ 128.577878, 35.216774 ], [ 128.577866, 35.215872 ], [ 128.578965, 35.215862 ] ] ] } },
{ "type": "Feature", "properties": { "grid_id": "G030107", "child_risk_pct": 0.0, "elderly_risk_pct": 17.53 }, "geometry": { "type": "Polygon", "coordinates": [ [ [ 128.578977, 35.216764 ], [ 128.578988, 35.217665 ], [ 128.57789, 35.217675 ], [ 128.577878, 35.216774 ], [ 128.578977, 35.216764 ] ] ] } },
{ "type": "Feature", "properties": { "grid_id": "G030108", "child_risk_pct": 0.0, "elderly_risk_pct": 2.08 }, "geometry": { "type": "Polygon", "coordinates": [ [ [ 128.578988, 35.217665 ], [ 128.579, 35.218567 ], [ 128.577902, 35.218577 ], [ 128.57789, 35.217675 ], [ 128.578988, 35.217665 ] ] ] } },
{ "type": "Feature", "properties": { "grid_id": "G030115", "child_risk_pct": 0.0, "elderly_risk_pct": 0.67 }, "geometry": { "type": "Polygon", "coordinates": [ [ [ 128.579072, 35.223976 ], [ 128.579084, 35.224878 ], [ 128.577985, 35.224888 ], [ 128.577973, 35.223986 ], [ 128.579072, 35.223976 ] ] ] } },
{ "type": "Feature", "properties": { "grid_id": "G030122", "child_risk_pct": 0.0, "elderly_risk_pct": 21.29 }, "geometry": { "type": "Polygon", "coordinates": [ [ [ 128.579156, 35.230287 ], [ 128.579167, 35.231189 ], [ 128.578069, 35.231198 ], [ 128.578057, 35.230297 ], [ 128.579156, 35.230287 ] ] ] } },
{ "type": "Feature", "properties": { "grid_id": "G030125", "child_risk_pct": 15.28, "elderly_risk_pct": 49.31 }, "geometry": { "type": "Polygon", "coordinates": [ [ [ 128.579191, 35.232992 ], [ 128.579203, 35.233893 ], [ 128.578104, 35.233903 ], [ 128.578093, 35.233001 ], [ 128.579191, 35.232992 ] ] ] } },
{ "type": "Feature", "properties": { "grid_id": "G030126", "child_risk_pct": 12.34, "elderly_risk_pct": 0.0 }, "geometry": { "type": "Polygon", "coordinates": [ [ [ 128.579203, 35.233893 ], [ 128.579215, 35.234795 ], [ 128.578116, 35.234805 ], [ 128.578104, 35.233903 ], [ 128.579203, 35.233893 ] ] ] } },
{ "type": "Feature", "properties": { "grid_id": "G030127", "child_risk_pct": 0.0, "elderly_risk_pct": 48.63 }, "geometry": { "type": "Polygon", "coordinates": [ [ [ 128.579215, 35.234795 ], [ 128.579227, 35.235696 ], [ 128.578128, 35.235706 ], [ 128.578116, 35.234805 ], [ 128.579215, 35.234795 ] ] ] } },
{ "type": "Feature", "properties": { "grid_id": "G030128", "child_risk_pct": 0.0, "elderly_risk_pct": 15.54 }, "geometry": { "type": "Polygon", "coordinates": [ [ [ 128.579227, 35.235696 ], [ 128.579239, 35.236598 ], [ 128.57814, 35.236608 ], [ 128.578128, 35.235706 ], [ 128.579227, 35.235696 ] ] ] } },
{ "type": "Feature", "properties": { "grid_id": "G030129", "child_risk_pct": 0.0, "elderly_risk_pct": 4.49 }, "geometry": { "type": "Polygon", "coordinates": [ [ [ 128.579239, 35.236598 ], [ 128.579251, 35.237499 ], [ 128.578152, 35.237509 ], [ 128.57814, 35.236608 ], [ 128.579239, 35.236598 ] ] ] } },
{ "type": "Feature", "properties": { "grid_id": "G030137", "child_risk_pct": 0.0, "elderly_risk_pct": 10.71 }, "geometry": { "type": "Polygon", "coordinates": [ [ [ 128.579335, 35.24381 ], [ 128.579347, 35.244712 ], [ 128.578248, 35.244722 ], [ 128.578236, 35.24382 ], [ 128.579335, 35.24381 ] ] ] } },
{ "type": "Feature", "properties": { "grid_id": "G030138", "child_risk_pct": 0.0, "elderly_risk_pct": 9.72 }, "geometry": { "type": "Polygon", "coordinates": [ [ [ 128.579347, 35.244712 ], [ 128.579359, 35.245613 ], [ 128.57826, 35.245623 ], [ 128.578248, 35.244722 ], [ 128.579347, 35.244712 ] ] ] } },
{ "type": "Feature", "properties": { "grid_id": "G030140", "child_risk_pct": 0.0, "elderly_risk_pct": 4.49 }, "geometry": { "type": "Polygon", "coordinates": [ [ [ 128.579371, 35.246515 ], [ 128.579382, 35.247416 ], [ 128.578284, 35.247426 ], [ 128.578272, 35.246525 ], [ 128.579371, 35.246515 ] ] ] } },
{ "type": "Feature", "properties": { "grid_id": "G030141", "child_risk_pct": 0.0, "elderly_risk_pct": 6.94 }, "geometry": { "type": "Polygon", "coordinates": [ [ [ 128.579382, 35.247416 ], [ 128.579394, 35.248318 ], [ 128.578295, 35.248328 ], [ 128.578284, 35.247426 ], [ 128.579382, 35.247416 ] ] ] } },
{ "type": "Feature", "properties": { "grid_id": "G030190", "child_risk_pct": 2.08, "elderly_risk_pct": 0.0 }, "geometry": { "type": "Polygon", "coordinates": [ [ [ 128.580292, 35.315934 ], [ 128.580304, 35.316835 ], [ 128.579204, 35.316845 ], [ 128.579192, 35.315943 ], [ 128.580292, 35.315934 ] ] ] } },
{ "type": "Feature", "properties": { "grid_id": "G030191", "child_risk_pct": 3.85, "elderly_risk_pct": 0.0 }, "geometry": { "type": "Polygon", "coordinates": [ [ [ 128.580304, 35.316835 ], [ 128.580316, 35.317737 ], [ 128.579216, 35.317746 ], [ 128.579204, 35.316845 ], [ 128.580304, 35.316835 ] ] ] } },
{ "type": "Feature", "properties": { "grid_id": "G030192", "child_risk_pct": 0.0, "elderly_risk_pct": 0.62 }, "geometry": { "type": "Polygon", "coordinates": [ [ [ 128.580316, 35.317737 ], [ 128.580328, 35.318638 ], [ 128.579228, 35.318648 ], [ 128.579216, 35.317746 ], [ 128.580316, 35.317737 ] ] ] } },
{ "type": "Feature", "properties": { "grid_id": "G030193", "child_risk_pct": 0.0, "elderly_risk_pct": 28.48 }, "geometry": { "type": "Polygon", "coordinates": [ [ [ 128.580328, 35.318638 ], [ 128.58034, 35.31954 ], [ 128.57924, 35.31955 ], [ 128.579228, 35.318648 ], [ 128.580328, 35.318638 ] ] ] } },
{ "type": "Feature", "properties": { "grid_id": "G030194", "child_risk_pct": 0.0, "elderly_risk_pct": 2.08 }, "geometry": { "type": "Polygon", "coordinates": [ [ [ 128.58034, 35.31954 ], [ 128.580352, 35.320441 ], [ 128.579252, 35.320451 ], [ 128.57924, 35.31955 ], [ 128.58034, 35.31954 ] ] ] } },
{ "type": "Feature", "properties": { "grid_id": "G030365", "child_risk_pct": 0.0, "elderly_risk_pct": 6.25 }, "geometry": { "type": "Polygon", "coordinates": [ [ [ 128.579276, 35.15635 ], [ 128.579288, 35.157251 ], [ 128.57819, 35.157261 ], [ 128.578178, 35.156359 ], [ 128.579276, 35.15635 ] ] ] } },
{ "type": "Feature", "properties": { "grid_id": "G030386", "child_risk_pct": 0.0, "elderly_risk_pct": 14.74 }, "geometry": { "type": "Polygon", "coordinates": [ [ [ 128.579872, 35.201428 ], [ 128.579884, 35.202329 ], [ 128.578786, 35.202339 ], [ 128.578774, 35.201437 ], [ 128.579872, 35.201428 ] ] ] } },
{ "type": "Feature", "properties": { "grid_id": "G030387", "child_risk_pct": 0.0, "elderly_risk_pct": 16.44 }, "geometry": { "type": "Polygon", "coordinates": [ [ [ 128.579884, 35.202329 ], [ 128.579896, 35.203231 ], [ 128.578798, 35.20324 ], [ 128.578786, 35.202339 ], [ 128.579884, 35.202329 ] ] ] } },
{ "type": "Feature", "properties": { "grid_id": "G030388", "child_risk_pct": 0.0, "elderly_risk_pct": 40.0 }, "geometry": { "type": "Polygon", "coordinates": [ [ [ 128.579896, 35.203231 ], [ 128.579908, 35.204132 ], [ 128.57881, 35.204142 ], [ 128.578798, 35.20324 ], [ 128.579896, 35.203231 ] ] ] } },
{ "type": "Feature", "properties": { "grid_id": "G030389", "child_risk_pct": 0.0, "elderly_risk_pct": 58.33 }, "geometry": { "type": "Polygon", "coordinates": [ [ [ 128.579908, 35.204132 ], [ 128.57992, 35.205034 ], [ 128.578821, 35.205044 ], [ 128.57881, 35.204142 ], [ 128.579908, 35.204132 ] ] ] } },
{ "type": "Feature", "properties": { "grid_id": "G030390", "child_risk_pct": 0.0, "elderly_risk_pct": 4.86 }, "geometry": { "type": "Polygon", "coordinates": [ [ [ 128.57992, 35.205034 ], [ 128.579932, 35.205935 ], [ 128.578833, 35.205945 ], [ 128.578821, 35.205044 ], [ 128.57992, 35.205034 ] ] ] } },
{ "type": "Feature", "properties": { "grid_id": "G030392", "child_risk_pct": 0.0, "elderly_risk_pct": 4.79 }, "geometry": { "type": "Polygon", "coordinates": [ [ [ 128.579944, 35.206837 ], [ 128.579956, 35.207738 ], [ 128.578857, 35.207748 ], [ 128.578845, 35.206847 ], [ 128.579944, 35.206837 ] ] ] } },
{ "type": "Feature", "properties": { "grid_id": "G030393", "child_risk_pct": 0.0, "elderly_risk_pct": 1.28 }, "geometry": { "type": "Polygon", "coordinates": [ [ [ 128.579956, 35.207738 ], [ 128.579968, 35.20864 ], [ 128.578869, 35.20865 ], [ 128.578857, 35.207748 ], [ 128.579956, 35.207738 ] ] ] } },
{ "type": "Feature", "properties": { "grid_id": "G030394", "child_risk_pct": 0.0, "elderly_risk_pct": 2.65 }, "geometry": { "type": "Polygon", "coordinates": [ [ [ 128.579968, 35.20864 ], [ 128.57998, 35.209542 ], [ 128.578881, 35.209551 ], [ 128.578869, 35.20865 ], [ 128.579968, 35.20864 ] ] ] } },
{ "type": "Feature", "properties": { "grid_id": "G030395", "child_risk_pct": 0.0, "elderly_risk_pct": 3.21 }, "geometry": { "type": "Polygon", "coordinates": [ [ [ 128.57998, 35.209542 ], [ 128.579991, 35.210443 ], [ 128.578893, 35.210453 ], [ 128.578881, 35.209551 ], [ 128.57998, 35.209542 ] ] ] } },
{ "type": "Feature", "properties": { "grid_id": "G030397", "child_risk_pct": 0.0, "elderly_risk_pct": 4.86 }, "geometry": { "type": "Polygon", "coordinates": [ [ [ 128.580003, 35.211345 ], [ 128.580015, 35.212246 ], [ 128.578917, 35.212256 ], [ 128.578905, 35.211354 ], [ 128.580003, 35.211345 ] ] ] } },
{ "type": "Feature", "properties": { "grid_id": "G030398", "child_risk_pct": 0.0, "elderly_risk_pct": 17.31 }, "geometry": { "type": "Polygon", "coordinates": [ [ [ 128.580015, 35.212246 ], [ 128.580027, 35.213148 ], [ 128.578929, 35.213158 ], [ 128.578917, 35.212256 ], [ 128.580015, 35.212246 ] ] ] } },
{ "type": "Feature", "properties": { "grid_id": "G030403", "child_risk_pct": 0.0, "elderly_risk_pct": 17.36 }, "geometry": { "type": "Polygon", "coordinates": [ [ [ 128.580075, 35.216754 ], [ 128.580087, 35.217656 ], [ 128.578988, 35.217665 ], [ 128.578977, 35.216764 ], [ 128.580075, 35.216754 ] ] ] } },
{ "type": "Feature", "properties": { "grid_id": "G030411", "child_risk_pct": 0.0, "elderly_risk_pct": 9.03 }, "geometry": { "type": "Polygon", "coordinates": [ [ [ 128.580171, 35.223966 ], [ 128.580183, 35.224868 ], [ 128.579084, 35.224878 ], [ 128.579072, 35.223976 ], [ 128.580171, 35.223966 ] ] ] } },
{ "type": "Feature", "properties": { "grid_id": "G030412", "child_risk_pct": 0.0, "elderly_risk_pct": 8.44 }, "geometry": { "type": "Polygon", "coordinates": [ [ [ 128.580183, 35.224868 ], [ 128.580195, 35.225769 ], [ 128.579096, 35.225779 ], [ 128.579084, 35.224878 ], [ 128.580183, 35.224868 ] ] ] } },
{ "type": "Feature", "properties": { "grid_id": "G030421", "child_risk_pct": 2.78, "elderly_risk_pct": 5.56 }, "geometry": { "type": "Polygon", "coordinates": [ [ [ 128.58029, 35.232982 ], [ 128.580302, 35.233883 ], [ 128.579203, 35.233893 ], [ 128.579191, 35.232992 ], [ 128.58029, 35.232982 ] ] ] } },
{ "type": "Feature", "properties": { "grid_id": "G030422", "child_risk_pct": 31.25, "elderly_risk_pct": 41.67 }, "geometry": { "type": "Polygon", "coordinates": [ [ [ 128.580302, 35.233883 ], [ 128.580314, 35.234785 ], [ 128.579215, 35.234795 ], [ 128.579203, 35.233893 ], [ 128.580302, 35.233883 ] ] ] } },
{ "type": "Feature", "properties": { "grid_id": "G030423", "child_risk_pct": 0.0, "elderly_risk_pct": 26.63 }, "geometry": { "type": "Polygon", "coordinates": [ [ [ 128.580314, 35.234785 ], [ 128.580326, 35.235687 ], [ 128.579227, 35.235696 ], [ 128.579215, 35.234795 ], [ 128.580314, 35.234785 ] ] ] } },
{ "type": "Feature", "properties": { "grid_id": "G030424", "child_risk_pct": 0.0, "elderly_risk_pct": 23.03 }, "geometry": { "type": "Polygon", "coordinates": [ [ [ 128.580326, 35.235687 ], [ 128.580338, 35.236588 ], [ 128.579239, 35.236598 ], [ 128.579227, 35.235696 ], [ 128.580326, 35.235687 ] ] ] } },
{ "type": "Feature", "properties": { "grid_id": "G030425", "child_risk_pct": 0.0, "elderly_risk_pct": 13.89 }, "geometry": { "type": "Polygon", "coordinates": [ [ [ 128.580338, 35.236588 ], [ 128.58035, 35.23749 ], [ 128.579251, 35.237499 ], [ 128.579239, 35.236598 ], [ 128.580338, 35.236588 ] ] ] } },
{ "type": "Feature", "properties": { "grid_id": "G030433", "child_risk_pct": 0.0, "elderly_risk_pct": 6.41 }, "geometry": { "type": "Polygon", "coordinates": [ [ [ 128.580434, 35.2438 ], [ 128.580446, 35.244702 ], [ 128.579347, 35.244712 ], [ 128.579335, 35.24381 ], [ 128.580434, 35.2438 ] ] ] } },
{ "type": "Feature", "properties": { "grid_id": "G030434", "child_risk_pct": 0.0, "elderly_risk_pct": 6.25 }, "geometry": { "type": "Polygon", "coordinates": [ [ [ 128.580446, 35.244702 ], [ 128.580458, 35.245604 ], [ 128.579359, 35.245613 ], [ 128.579347, 35.244712 ], [ 128.580446, 35.244702 ] ] ] } },
{ "type": "Feature", "properties": { "grid_id": "G030492", "child_risk_pct": 0.0, "elderly_risk_pct": 6.25 }, "geometry": { "type": "Polygon", "coordinates": [ [ [ 128.581428, 35.318628 ], [ 128.58144, 35.31953 ], [ 128.58034, 35.31954 ], [ 128.580328, 35.318638 ], [ 128.581428, 35.318628 ] ] ] } },
{ "type": "Feature", "properties": { "grid_id": "G030493", "child_risk_pct": 0.0, "elderly_risk_pct": 2.08 }, "geometry": { "type": "Polygon", "coordinates": [ [ [ 128.58144, 35.31953 ], [ 128.581452, 35.320431 ], [ 128.580352, 35.320441 ], [ 128.58034, 35.31954 ], [ 128.58144, 35.31953 ] ] ] } },
{ "type": "Feature", "properties": { "grid_id": "G030684", "child_risk_pct": 0.0, "elderly_risk_pct": 25.64 }, "geometry": { "type": "Polygon", "coordinates": [ [ [ 128.580994, 35.203221 ], [ 128.581006, 35.204122 ], [ 128.579908, 35.204132 ], [ 128.579896, 35.203231 ], [ 128.580994, 35.203221 ] ] ] } },
{ "type": "Feature", "properties": { "grid_id": "G030685", "child_risk_pct": 0.0, "elderly_risk_pct": 28.47 }, "geometry": { "type": "Polygon", "coordinates": [ [ [ 128.581006, 35.204122 ], [ 128.581018, 35.205024 ], [ 128.57992, 35.205034 ], [ 128.579908, 35.204132 ], [ 128.581006, 35.204122 ] ] ] } },
{ "type": "Feature", "properties": { "grid_id": "G030686", "child_risk_pct": 0.0, "elderly_risk_pct": 9.03 }, "geometry": { "type": "Polygon", "coordinates": [ [ [ 128.581018, 35.205024 ], [ 128.58103, 35.205926 ], [ 128.579932, 35.205935 ], [ 128.57992, 35.205034 ], [ 128.581018, 35.205024 ] ] ] } },
{ "type": "Feature", "properties": { "grid_id": "G030694", "child_risk_pct": 0.0, "elderly_risk_pct": 3.38 }, "geometry": { "type": "Polygon", "coordinates": [ [ [ 128.581114, 35.212236 ], [ 128.581126, 35.213138 ], [ 128.580027, 35.213148 ], [ 128.580015, 35.212246 ], [ 128.581114, 35.212236 ] ] ] } },
{ "type": "Feature", "properties": { "grid_id": "G030698", "child_risk_pct": 0.0, "elderly_risk_pct": 1.28 }, "geometry": { "type": "Polygon", "coordinates": [ [ [ 128.581162, 35.215843 ], [ 128.581174, 35.216744 ], [ 128.580075, 35.216754 ], [ 128.580063, 35.215852 ], [ 128.581162, 35.215843 ] ] ] } },
{ "type": "Feature", "properties": { "grid_id": "G030699", "child_risk_pct": 0.0, "elderly_risk_pct": 22.92 }, "geometry": { "type": "Polygon", "coordinates": [ [ [ 128.581174, 35.216744 ], [ 128.581186, 35.217646 ], [ 128.580087, 35.217656 ], [ 128.580075, 35.216754 ], [ 128.581174, 35.216744 ] ] ] } },
{ "type": "Feature", "properties": { "grid_id": "G030700", "child_risk_pct": 0.0, "elderly_risk_pct": 0.69 }, "geometry": { "type": "Polygon", "coordinates": [ [ [ 128.581186, 35.217646 ], [ 128.581198, 35.218547 ], [ 128.580099, 35.218557 ], [ 128.580087, 35.217656 ], [ 128.581186, 35.217646 ] ] ] } },
{ "type": "Feature", "properties": { "grid_id": "G030701", "child_risk_pct": 0.0, "elderly_risk_pct": 2.08 }, "geometry": { "type": "Polygon", "coordinates": [ [ [ 128.581198, 35.218547 ], [ 128.58121, 35.219449 ], [ 128.580111, 35.219459 ], [ 128.580099, 35.218557 ], [ 128.581198, 35.218547 ] ] ] } },
{ "type": "Feature", "properties": { "grid_id": "G030711", "child_risk_pct": 0.0, "elderly_risk_pct": 4.03 }, "geometry": { "type": "Polygon", "coordinates": [ [ [ 128.581317, 35.227563 ], [ 128.581329, 35.228464 ], [ 128.58023, 35.228474 ], [ 128.580218, 35.227573 ], [ 128.581317, 35.227563 ] ] ] } },
{ "type": "Feature", "properties": { "grid_id": "G030712", "child_risk_pct": 7.1, "elderly_risk_pct": 13.55 }, "geometry": { "type": "Polygon", "coordinates": [ [ [ 128.581329, 35.228464 ], [ 128.581341, 35.229366 ], [ 128.580242, 35.229376 ], [ 128.58023, 35.228474 ], [ 128.581329, 35.228464 ] ] ] } },
{ "type": "Feature", "properties": { "grid_id": "G030717", "child_risk_pct": 0.0, "elderly_risk_pct": 42.86 }, "geometry": { "type": "Polygon", "coordinates": [ [ [ 128.581389, 35.232972 ], [ 128.581401, 35.233874 ], [ 128.580302, 35.233883 ], [ 128.58029, 35.232982 ], [ 128.581389, 35.232972 ] ] ] } },
{ "type": "Feature", "properties": { "grid_id": "G030718", "child_risk_pct": 0.0, "elderly_risk_pct": 23.08 }, "geometry": { "type": "Polygon", "coordinates": [ [ [ 128.581401, 35.233874 ], [ 128.581413, 35.234775 ], [ 128.580314, 35.234785 ], [ 128.580302, 35.233883 ], [ 128.581401, 35.233874 ] ] ] } },
{ "type": "Feature", "properties": { "grid_id": "G030719", "child_risk_pct": 0.0, "elderly_risk_pct": 2.56 }, "geometry": { "type": "Polygon", "coordinates": [ [ [ 128.581413, 35.234775 ], [ 128.581425, 35.235677 ], [ 128.580326, 35.235687 ], [ 128.580314, 35.234785 ], [ 128.581413, 35.234775 ] ] ] } },
{ "type": "Feature", "properties": { "grid_id": "G030720", "child_risk_pct": 0.0, "elderly_risk_pct": 23.61 }, "geometry": { "type": "Polygon", "coordinates": [ [ [ 128.581425, 35.235677 ], [ 128.581437, 35.236578 ], [ 128.580338, 35.236588 ], [ 128.580326, 35.235687 ], [ 128.581425, 35.235677 ] ] ] } },
{ "type": "Feature", "properties": { "grid_id": "G030721", "child_risk_pct": 0.0, "elderly_risk_pct": 38.89 }, "geometry": { "type": "Polygon", "coordinates": [ [ [ 128.581437, 35.236578 ], [ 128.581449, 35.23748 ], [ 128.58035, 35.23749 ], [ 128.580338, 35.236588 ], [ 128.581437, 35.236578 ] ] ] } },
{ "type": "Feature", "properties": { "grid_id": "G030722", "child_risk_pct": 0.0, "elderly_risk_pct": 9.03 }, "geometry": { "type": "Polygon", "coordinates": [ [ [ 128.581449, 35.23748 ], [ 128.581461, 35.238381 ], [ 128.580362, 35.238391 ], [ 128.58035, 35.23749 ], [ 128.581449, 35.23748 ] ] ] } },
{ "type": "Feature", "properties": { "grid_id": "G030723", "child_risk_pct": 0.0, "elderly_risk_pct": 14.74 }, "geometry": { "type": "Polygon", "coordinates": [ [ [ 128.581461, 35.238381 ], [ 128.581473, 35.239283 ], [ 128.580374, 35.239293 ], [ 128.580362, 35.238391 ], [ 128.581461, 35.238381 ] ] ] } },
{ "type": "Feature", "properties": { "grid_id": "G030724", "child_risk_pct": 0.0, "elderly_risk_pct": 9.46 }, "geometry": { "type": "Polygon", "coordinates": [ [ [ 128.581473, 35.239283 ], [ 128.581485, 35.240184 ], [ 128.580386, 35.240194 ], [ 128.580374, 35.239293 ], [ 128.581473, 35.239283 ] ] ] } },
{ "type": "Feature", "properties": { "grid_id": "G030725", "child_risk_pct": 0.0, "elderly_risk_pct": 30.13 }, "geometry": { "type": "Polygon", "coordinates": [ [ [ 128.581485, 35.240184 ], [ 128.581497, 35.241086 ], [ 128.580398, 35.241096 ], [ 128.580386, 35.240194 ], [ 128.581485, 35.240184 ] ] ] } },
{ "type": "Feature", "properties": { "grid_id": "G030726", "child_risk_pct": 0.0, "elderly_risk_pct": 14.81 }, "geometry": { "type": "Polygon", "coordinates": [ [ [ 128.581497, 35.241086 ], [ 128.581509, 35.241988 ], [ 128.58041, 35.241997 ], [ 128.580398, 35.241096 ], [ 128.581497, 35.241086 ] ] ] } },
{ "type": "Feature", "properties": { "grid_id": "G030727", "child_risk_pct": 6.25, "elderly_risk_pct": 8.33 }, "geometry": { "type": "Polygon", "coordinates": [ [ [ 128.581509, 35.241988 ], [ 128.581521, 35.242889 ], [ 128.580422, 35.242899 ], [ 128.58041, 35.241997 ], [ 128.581509, 35.241988 ] ] ] } },
{ "type": "Feature", "properties": { "grid_id": "G030728", "child_risk_pct": 2.08, "elderly_risk_pct": 20.83 }, "geometry": { "type": "Polygon", "coordinates": [ [ [ 128.581521, 35.242889 ], [ 128.581533, 35.243791 ], [ 128.580434, 35.2438 ], [ 128.580422, 35.242899 ], [ 128.581521, 35.242889 ] ] ] } },
{ "type": "Feature", "properties": { "grid_id": "G030729", "child_risk_pct": 0.0, "elderly_risk_pct": 4.83 }, "geometry": { "type": "Polygon", "coordinates": [ [ [ 128.581533, 35.243791 ], [ 128.581545, 35.244692 ], [ 128.580446, 35.244702 ], [ 128.580434, 35.2438 ], [ 128.581533, 35.243791 ] ] ] } },
{ "type": "Feature", "properties": { "grid_id": "G030730", "child_risk_pct": 0.0, "elderly_risk_pct": 3.87 }, "geometry": { "type": "Polygon", "coordinates": [ [ [ 128.581545, 35.244692 ], [ 128.581557, 35.245594 ], [ 128.580458, 35.245604 ], [ 128.580446, 35.244702 ], [ 128.581545, 35.244692 ] ] ] } },
{ "type": "Feature", "properties": { "grid_id": "G030795", "child_risk_pct": 1.8, "elderly_risk_pct": 0.0 }, "geometry": { "type": "Polygon", "coordinates": [ [ [ 128.582564, 35.321323 ], [ 128.582576, 35.322225 ], [ 128.581476, 35.322235 ], [ 128.581464, 35.321333 ], [ 128.582564, 35.321323 ] ] ] } },
{ "type": "Feature", "properties": { "grid_id": "G030796", "child_risk_pct": 6.71, "elderly_risk_pct": 0.0 }, "geometry": { "type": "Polygon", "coordinates": [ [ [ 128.582576, 35.322225 ], [ 128.582588, 35.323126 ], [ 128.581488, 35.323136 ], [ 128.581476, 35.322235 ], [ 128.582576, 35.322225 ] ] ] } },
{ "type": "Feature", "properties": { "grid_id": "G030984", "child_risk_pct": 0.0, "elderly_risk_pct": 6.88 }, "geometry": { "type": "Polygon", "coordinates": [ [ [ 128.582105, 35.204113 ], [ 128.582117, 35.205014 ], [ 128.581018, 35.205024 ], [ 128.581006, 35.204122 ], [ 128.582105, 35.204113 ] ] ] } },
{ "type": "Feature", "properties": { "grid_id": "G030986", "child_risk_pct": 0.0, "elderly_risk_pct": 2.05 }, "geometry": { "type": "Polygon", "coordinates": [ [ [ 128.582129, 35.205916 ], [ 128.582141, 35.206817 ], [ 128.581042, 35.206827 ], [ 128.58103, 35.205926 ], [ 128.582129, 35.205916 ] ] ] } },
{ "type": "Feature", "properties": { "grid_id": "G030987", "child_risk_pct": 0.0, "elderly_risk_pct": 1.92 }, "geometry": { "type": "Polygon", "coordinates": [ [ [ 128.582141, 35.206817 ], [ 128.582153, 35.207719 ], [ 128.581054, 35.207729 ], [ 128.581042, 35.206827 ], [ 128.582141, 35.206817 ] ] ] } },
{ "type": "Feature", "properties": { "grid_id": "G030988", "child_risk_pct": 3.47, "elderly_risk_pct": 36.81 }, "geometry": { "type": "Polygon", "coordinates": [ [ [ 128.582153, 35.207719 ], [ 128.582165, 35.20862 ], [ 128.581066, 35.20863 ], [ 128.581054, 35.207729 ], [ 128.582153, 35.207719 ] ] ] } },
{ "type": "Feature", "properties": { "grid_id": "G030989", "child_risk_pct": 27.78, "elderly_risk_pct": 25.69 }, "geometry": { "type": "Polygon", "coordinates": [ [ [ 128.582165, 35.20862 ], [ 128.582177, 35.209522 ], [ 128.581078, 35.209532 ], [ 128.581066, 35.20863 ], [ 128.582165, 35.20862 ] ] ] } },
{ "type": "Feature", "properties": { "grid_id": "G030990", "child_risk_pct": 4.14, "elderly_risk_pct": 11.03 }, "geometry": { "type": "Polygon", "coordinates": [ [ [ 128.582177, 35.209522 ], [ 128.582188, 35.210423 ], [ 128.58109, 35.210433 ], [ 128.581078, 35.209532 ], [ 128.582177, 35.209522 ] ] ] } },
{ "type": "Feature", "properties": { "grid_id": "G030996", "child_risk_pct": 0.0, "elderly_risk_pct": 2.78 }, "geometry": { "type": "Polygon", "coordinates": [ [ [ 128.582248, 35.214931 ], [ 128.58226, 35.215833 ], [ 128.581162, 35.215843 ], [ 128.58115, 35.214941 ], [ 128.582248, 35.214931 ] ] ] } },
{ "type": "Feature", "properties": { "grid_id": "G030999", "child_risk_pct": 0.0, "elderly_risk_pct": 21.19 }, "geometry": { "type": "Polygon", "coordinates": [ [ [ 128.582284, 35.217636 ], [ 128.582296, 35.218537 ], [ 128.581198, 35.218547 ], [ 128.581186, 35.217646 ], [ 128.582284, 35.217636 ] ] ] } },
{ "type": "Feature", "properties": { "grid_id": "G031000", "child_risk_pct": 0.0, "elderly_risk_pct": 1.92 }, "geometry": { "type": "Polygon", "coordinates": [ [ [ 128.582296, 35.218537 ], [ 128.582308, 35.219439 ], [ 128.58121, 35.219449 ], [ 128.581198, 35.218547 ], [ 128.582296, 35.218537 ] ] ] } },
{ "type": "Feature", "properties": { "grid_id": "G031001", "child_risk_pct": 0.0, "elderly_risk_pct": 18.35 }, "geometry": { "type": "Polygon", "coordinates": [ [ [ 128.582308, 35.219439 ], [ 128.58232, 35.220341 ], [ 128.581222, 35.22035 ], [ 128.58121, 35.219449 ], [ 128.582308, 35.219439 ] ] ] } },
{ "type": "Feature", "properties": { "grid_id": "G031010", "child_risk_pct": 0.0, "elderly_risk_pct": 0.69 }, "geometry": { "type": "Polygon", "coordinates": [ [ [ 128.582416, 35.227553 ], [ 128.582428, 35.228454 ], [ 128.581329, 35.228464 ], [ 128.581317, 35.227563 ], [ 128.582416, 35.227553 ] ] ] } },
{ "type": "Feature", "properties": { "grid_id": "G031011", "child_risk_pct": 28.47, "elderly_risk_pct": 16.67 }, "geometry": { "type": "Polygon", "coordinates": [ [ [ 128.582428, 35.228454 ], [ 128.58244, 35.229356 ], [ 128.581341, 35.229366 ], [ 128.581329, 35.228464 ], [ 128.582428, 35.228454 ] ] ] } },
{ "type": "Feature", "properties": { "grid_id": "G031012", "child_risk_pct": 21.15, "elderly_risk_pct": 34.62 }, "geometry": { "type": "Polygon", "coordinates": [ [ [ 128.58244, 35.229356 ], [ 128.582452, 35.230258 ], [ 128.581353, 35.230267 ], [ 128.581341, 35.229366 ], [ 128.58244, 35.229356 ] ] ] } },
{ "type": "Feature", "properties": { "grid_id": "G031013", "child_risk_pct": 0.0, "elderly_risk_pct": 2.08 }, "geometry": { "type": "Polygon", "coordinates": [ [ [ 128.582452, 35.230258 ], [ 128.582464, 35.231159 ], [ 128.581365, 35.231169 ], [ 128.581353, 35.230267 ], [ 128.582452, 35.230258 ] ] ] } },
{ "type": "Feature", "properties": { "grid_id": "G031014", "child_risk_pct": 0.0, "elderly_risk_pct": 13.25 }, "geometry": { "type": "Polygon", "coordinates": [ [ [ 128.582464, 35.231159 ], [ 128.582476, 35.232061 ], [ 128.581377, 35.23207 ], [ 128.581365, 35.231169 ], [ 128.582464, 35.231159 ] ] ] } },
{ "type": "Feature", "properties": { "grid_id": "G031015", "child_risk_pct": 0.0, "elderly_risk_pct": 11.83 }, "geometry": { "type": "Polygon", "coordinates": [ [ [ 128.582476, 35.232061 ], [ 128.582488, 35.232962 ], [ 128.581389, 35.232972 ], [ 128.581377, 35.23207 ], [ 128.582476, 35.232061 ] ] ] } },
{ "type": "Feature", "properties": { "grid_id": "G031016", "child_risk_pct": 0.0, "elderly_risk_pct": 33.56 }, "geometry": { "type": "Polygon", "coordinates": [ [ [ 128.582488, 35.232962 ], [ 128.5825, 35.233864 ], [ 128.581401, 35.233874 ], [ 128.581389, 35.232972 ], [ 128.582488, 35.232962 ] ] ] } },
{ "type": "Feature", "properties": { "grid_id": "G031017", "child_risk_pct": 0.0, "elderly_risk_pct": 5.56 }, "geometry": { "type": "Polygon", "coordinates": [ [ [ 128.5825, 35.233864 ], [ 128.582512, 35.234765 ], [ 128.581413, 35.234775 ], [ 128.581401, 35.233874 ], [ 128.5825, 35.233864 ] ] ] } },
{ "type": "Feature", "properties": { "grid_id": "G031019", "child_risk_pct": 0.64, "elderly_risk_pct": 6.41 }, "geometry": { "type": "Polygon", "coordinates": [ [ [ 128.582524, 35.235667 ], [ 128.582536, 35.236568 ], [ 128.581437, 35.236578 ], [ 128.581425, 35.235677 ], [ 128.582524, 35.235667 ] ] ] } },
{ "type": "Feature", "properties": { "grid_id": "G031020", "child_risk_pct": 8.33, "elderly_risk_pct": 39.58 }, "geometry": { "type": "Polygon", "coordinates": [ [ [ 128.582536, 35.236568 ], [ 128.582548, 35.23747 ], [ 128.581449, 35.23748 ], [ 128.581437, 35.236578 ], [ 128.582536, 35.236568 ] ] ] } },
{ "type": "Feature", "properties": { "grid_id": "G031021", "child_risk_pct": 0.69, "elderly_risk_pct": 36.81 }, "geometry": { "type": "Polygon", "coordinates": [ [ [ 128.582548, 35.23747 ], [ 128.58256, 35.238372 ], [ 128.581461, 35.238381 ], [ 128.581449, 35.23748 ], [ 128.582548, 35.23747 ] ] ] } },
{ "type": "Feature", "properties": { "grid_id": "G031022", "child_risk_pct": 0.0, "elderly_risk_pct": 26.04 }, "geometry": { "type": "Polygon", "coordinates": [ [ [ 128.58256, 35.238372 ], [ 128.582572, 35.239273 ], [ 128.581473, 35.239283 ], [ 128.581461, 35.238381 ], [ 128.58256, 35.238372 ] ] ] } },
{ "type": "Feature", "properties": { "grid_id": "G031023", "child_risk_pct": 0.0, "elderly_risk_pct": 32.89 }, "geometry": { "type": "Polygon", "coordinates": [ [ [ 128.582572, 35.239273 ], [ 128.582584, 35.240175 ], [ 128.581485, 35.240184 ], [ 128.581473, 35.239283 ], [ 128.582572, 35.239273 ] ] ] } },
{ "type": "Feature", "properties": { "grid_id": "G031024", "child_risk_pct": 0.0, "elderly_risk_pct": 13.89 }, "geometry": { "type": "Polygon", "coordinates": [ [ [ 128.582584, 35.240175 ], [ 128.582596, 35.241076 ], [ 128.581497, 35.241086 ], [ 128.581485, 35.240184 ], [ 128.582584, 35.240175 ] ] ] } },
{ "type": "Feature", "properties": { "grid_id": "G031025", "child_risk_pct": 0.0, "elderly_risk_pct": 8.28 }, "geometry": { "type": "Polygon", "coordinates": [ [ [ 128.582596, 35.241076 ], [ 128.582608, 35.241978 ], [ 128.581509, 35.241988 ], [ 128.581497, 35.241086 ], [ 128.582596, 35.241076 ] ] ] } },
{ "type": "Feature", "properties": { "grid_id": "G031026", "child_risk_pct": 4.52, "elderly_risk_pct": 0.0 }, "geometry": { "type": "Polygon", "coordinates": [ [ [ 128.582608, 35.241978 ], [ 128.58262, 35.242879 ], [ 128.581521, 35.242889 ], [ 128.581509, 35.241988 ], [ 128.582608, 35.241978 ] ] ] } },
{ "type": "Feature", "properties": { "grid_id": "G031027", "child_risk_pct": 1.39, "elderly_risk_pct": 31.25 }, "geometry": { "type": "Polygon", "coordinates": [ [ [ 128.58262, 35.242879 ], [ 128.582632, 35.243781 ], [ 128.581533, 35.243791 ], [ 128.581521, 35.242889 ], [ 128.58262, 35.242879 ] ] ] } },
{ "type": "Feature", "properties": { "grid_id": "G031028", "child_risk_pct": 0.0, "elderly_risk_pct": 32.64 }, "geometry": { "type": "Polygon", "coordinates": [ [ [ 128.582632, 35.243781 ], [ 128.582644, 35.244682 ], [ 128.581545, 35.244692 ], [ 128.581533, 35.243791 ], [ 128.582632, 35.243781 ] ] ] } },
{ "type": "Feature", "properties": { "grid_id": "G031029", "child_risk_pct": 0.0, "elderly_risk_pct": 3.68 }, "geometry": { "type": "Polygon", "coordinates": [ [ [ 128.582644, 35.244682 ], [ 128.582656, 35.245584 ], [ 128.581557, 35.245594 ], [ 128.581545, 35.244692 ], [ 128.582644, 35.244682 ] ] ] } },
{ "type": "Feature", "properties": { "grid_id": "G031101", "child_risk_pct": 15.09, "elderly_risk_pct": 0.0 }, "geometry": { "type": "Polygon", "coordinates": [ [ [ 128.583628, 35.318609 ], [ 128.58364, 35.31951 ], [ 128.58254, 35.31952 ], [ 128.582528, 35.318619 ], [ 128.583628, 35.318609 ] ] ] } },
{ "type": "Feature", "properties": { "grid_id": "G031102", "child_risk_pct": 8.33, "elderly_risk_pct": 0.0 }, "geometry": { "type": "Polygon", "coordinates": [ [ [ 128.58364, 35.31951 ], [ 128.583652, 35.320412 ], [ 128.582552, 35.320422 ], [ 128.58254, 35.31952 ], [ 128.58364, 35.31951 ] ] ] } },
{ "type": "Feature", "properties": { "grid_id": "G031104", "child_risk_pct": 5.13, "elderly_risk_pct": 0.0 }, "geometry": { "type": "Polygon", "coordinates": [ [ [ 128.583664, 35.321313 ], [ 128.583676, 35.322215 ], [ 128.582576, 35.322225 ], [ 128.582564, 35.321323 ], [ 128.583664, 35.321313 ] ] ] } },
{ "type": "Feature", "properties": { "grid_id": "G031105", "child_risk_pct": 23.61, "elderly_risk_pct": 0.0 }, "geometry": { "type": "Polygon", "coordinates": [ [ [ 128.583676, 35.322215 ], [ 128.583688, 35.323116 ], [ 128.582588, 35.323126 ], [ 128.582576, 35.322225 ], [ 128.583676, 35.322215 ] ] ] } },
{ "type": "Feature", "properties": { "grid_id": "G031295", "child_risk_pct": 0.0, "elderly_risk_pct": 2.08 }, "geometry": { "type": "Polygon", "coordinates": [ [ [ 128.583227, 35.205906 ], [ 128.583239, 35.206807 ], [ 128.582141, 35.206817 ], [ 128.582129, 35.205916 ], [ 128.583227, 35.205906 ] ] ] } },
{ "type": "Feature", "properties": { "grid_id": "G031296", "child_risk_pct": 0.0, "elderly_risk_pct": 8.22 }, "geometry": { "type": "Polygon", "coordinates": [ [ [ 128.583239, 35.206807 ], [ 128.583251, 35.207709 ], [ 128.582153, 35.207719 ], [ 128.582141, 35.206817 ], [ 128.583239, 35.206807 ] ] ] } },
{ "type": "Feature", "properties": { "grid_id": "G031297", "child_risk_pct": 22.73, "elderly_risk_pct": 4.55 }, "geometry": { "type": "Polygon", "coordinates": [ [ [ 128.583251, 35.207709 ], [ 128.583263, 35.208611 ], [ 128.582165, 35.20862 ], [ 128.582153, 35.207719 ], [ 128.583251, 35.207709 ] ] ] } },
{ "type": "Feature", "properties": { "grid_id": "G031298", "child_risk_pct": 26.39, "elderly_risk_pct": 13.89 }, "geometry": { "type": "Polygon", "coordinates": [ [ [ 128.583263, 35.208611 ], [ 128.583275, 35.209512 ], [ 128.582177, 35.209522 ], [ 128.582165, 35.20862 ], [ 128.583263, 35.208611 ] ] ] } },
{ "type": "Feature", "properties": { "grid_id": "G031299", "child_risk_pct": 0.0, "elderly_risk_pct": 15.69 }, "geometry": { "type": "Polygon", "coordinates": [ [ [ 128.583275, 35.209512 ], [ 128.583287, 35.210414 ], [ 128.582188, 35.210423 ], [ 128.582177, 35.209522 ], [ 128.583275, 35.209512 ] ] ] } },
{ "type": "Feature", "properties": { "grid_id": "G031304", "child_risk_pct": 0.0, "elderly_risk_pct": 3.87 }, "geometry": { "type": "Polygon", "coordinates": [ [ [ 128.583335, 35.21402 ], [ 128.583347, 35.214921 ], [ 128.582248, 35.214931 ], [ 128.582236, 35.21403 ], [ 128.583335, 35.21402 ] ] ] } },
{ "type": "Feature", "properties": { "grid_id": "G031305", "child_risk_pct": 0.69, "elderly_risk_pct": 17.36 }, "geometry": { "type": "Polygon", "coordinates": [ [ [ 128.583347, 35.214921 ], [ 128.583359, 35.215823 ], [ 128.58226, 35.215833 ], [ 128.582248, 35.214931 ], [ 128.583347, 35.214921 ] ] ] } },
{ "type": "Feature", "properties": { "grid_id": "G031306", "child_risk_pct": 6.12, "elderly_risk_pct": 0.0 }, "geometry": { "type": "Polygon", "coordinates": [ [ [ 128.583359, 35.215823 ], [ 128.583371, 35.216725 ], [ 128.582272, 35.216734 ], [ 128.58226, 35.215833 ], [ 128.583359, 35.215823 ] ] ] } },
{ "type": "Feature", "properties": { "grid_id": "G031307", "child_risk_pct": 0.0, "elderly_risk_pct": 3.55 }, "geometry": { "type": "Polygon", "coordinates": [ [ [ 128.583371, 35.216725 ], [ 128.583383, 35.217626 ], [ 128.582284, 35.217636 ], [ 128.582272, 35.216734 ], [ 128.583371, 35.216725 ] ] ] } },
{ "type": "Feature", "properties": { "grid_id": "G031309", "child_risk_pct": 0.0, "elderly_risk_pct": 9.03 }, "geometry": { "type": "Polygon", "coordinates": [ [ [ 128.583395, 35.218528 ], [ 128.583407, 35.219429 ], [ 128.582308, 35.219439 ], [ 128.582296, 35.218537 ], [ 128.583395, 35.218528 ] ] ] } },
{ "type": "Feature", "properties": { "grid_id": "G031310", "child_risk_pct": 0.0, "elderly_risk_pct": 10.42 }, "geometry": { "type": "Polygon", "coordinates": [ [ [ 128.583407, 35.219429 ], [ 128.583419, 35.220331 ], [ 128.58232, 35.220341 ], [ 128.582308, 35.219439 ], [ 128.583407, 35.219429 ] ] ] } },
{ "type": "Feature", "properties": { "grid_id": "G031320", "child_risk_pct": 0.0, "elderly_risk_pct": 14.58 }, "geometry": { "type": "Polygon", "coordinates": [ [ [ 128.583527, 35.228445 ], [ 128.583539, 35.229346 ], [ 128.58244, 35.229356 ], [ 128.582428, 35.228454 ], [ 128.583527, 35.228445 ] ] ] } },
{ "type": "Feature", "properties": { "grid_id": "G031321", "child_risk_pct": 0.0, "elderly_risk_pct": 7.5 }, "geometry": { "type": "Polygon", "coordinates": [ [ [ 128.583539, 35.229346 ], [ 128.583551, 35.230248 ], [ 128.582452, 35.230258 ], [ 128.58244, 35.229356 ], [ 128.583539, 35.229346 ] ] ] } },
{ "type": "Feature", "properties": { "grid_id": "G031322", "child_risk_pct": 0.0, "elderly_risk_pct": 7.05 }, "geometry": { "type": "Polygon", "coordinates": [ [ [ 128.583551, 35.230248 ], [ 128.583563, 35.231149 ], [ 128.582464, 35.231159 ], [ 128.582452, 35.230258 ], [ 128.583551, 35.230248 ] ] ] } },
{ "type": "Feature", "properties": { "grid_id": "G031323", "child_risk_pct": 0.0, "elderly_risk_pct": 28.19 }, "geometry": { "type": "Polygon", "coordinates": [ [ [ 128.583563, 35.231149 ], [ 128.583575, 35.232051 ], [ 128.582476, 35.232061 ], [ 128.582464, 35.231159 ], [ 128.583563, 35.231149 ] ] ] } },
{ "type": "Feature", "properties": { "grid_id": "G031324", "child_risk_pct": 0.0, "elderly_risk_pct": 6.94 }, "geometry": { "type": "Polygon", "coordinates": [ [ [ 128.583575, 35.232051 ], [ 128.583587, 35.232952 ], [ 128.582488, 35.232962 ], [ 128.582476, 35.232061 ], [ 128.583575, 35.232051 ] ] ] } },
{ "type": "Feature", "properties": { "grid_id": "G031325", "child_risk_pct": 0.0, "elderly_risk_pct": 15.38 }, "geometry": { "type": "Polygon", "coordinates": [ [ [ 128.583587, 35.232952 ], [ 128.583599, 35.233854 ], [ 128.5825, 35.233864 ], [ 128.582488, 35.232962 ], [ 128.583587, 35.232952 ] ] ] } },
{ "type": "Feature", "properties": { "grid_id": "G031328", "child_risk_pct": 1.28, "elderly_risk_pct": 3.21 }, "geometry": { "type": "Polygon", "coordinates": [ [ [ 128.583623, 35.235657 ], [ 128.583635, 35.236559 ], [ 128.582536, 35.236568 ], [ 128.582524, 35.235667 ], [ 128.583623, 35.235657 ] ] ] } },
{ "type": "Feature", "properties": { "grid_id": "G031329", "child_risk_pct": 24.03, "elderly_risk_pct": 14.29 }, "geometry": { "type": "Polygon", "coordinates": [ [ [ 128.583635, 35.236559 ], [ 128.583647, 35.23746 ], [ 128.582548, 35.23747 ], [ 128.582536, 35.236568 ], [ 128.583635, 35.236559 ] ] ] } },
{ "type": "Feature", "properties": { "grid_id": "G031330", "child_risk_pct": 19.87, "elderly_risk_pct": 5.77 }, "geometry": { "type": "Polygon", "coordinates": [ [ [ 128.583647, 35.23746 ], [ 128.583659, 35.238362 ], [ 128.58256, 35.238372 ], [ 128.582548, 35.23747 ], [ 128.583647, 35.23746 ] ] ] } },
{ "type": "Feature", "properties": { "grid_id": "G031331", "child_risk_pct": 2.76, "elderly_risk_pct": 49.66 }, "geometry": { "type": "Polygon", "coordinates": [ [ [ 128.583659, 35.238362 ], [ 128.583671, 35.239263 ], [ 128.582572, 35.239273 ], [ 128.58256, 35.238372 ], [ 128.583659, 35.238362 ] ] ] } },
{ "type": "Feature", "properties": { "grid_id": "G031332", "child_risk_pct": 0.0, "elderly_risk_pct": 46.45 }, "geometry": { "type": "Polygon", "coordinates": [ [ [ 128.583671, 35.239263 ], [ 128.583682, 35.240165 ], [ 128.582584, 35.240175 ], [ 128.582572, 35.239273 ], [ 128.583671, 35.239263 ] ] ] } },
{ "type": "Feature", "properties": { "grid_id": "G031333", "child_risk_pct": 0.0, "elderly_risk_pct": 9.72 }, "geometry": { "type": "Polygon", "coordinates": [ [ [ 128.583682, 35.240165 ], [ 128.583694, 35.241066 ], [ 128.582596, 35.241076 ], [ 128.582584, 35.240175 ], [ 128.583682, 35.240165 ] ] ] } },
{ "type": "Feature", "properties": { "grid_id": "G031334", "child_risk_pct": 0.0, "elderly_risk_pct": 8.33 }, "geometry": { "type": "Polygon", "coordinates": [ [ [ 128.583694, 35.241066 ], [ 128.583706, 35.241968 ], [ 128.582608, 35.241978 ], [ 128.582596, 35.241076 ], [ 128.583694, 35.241066 ] ] ] } },
{ "type": "Feature", "properties": { "grid_id": "G031335", "child_risk_pct": 0.0, "elderly_risk_pct": 31.41 }, "geometry": { "type": "Polygon", "coordinates": [ [ [ 128.583706, 35.241968 ], [ 128.583718, 35.242869 ], [ 128.58262, 35.242879 ], [ 128.582608, 35.241978 ], [ 128.583706, 35.241968 ] ] ] } },
{ "type": "Feature", "properties": { "grid_id": "G031336", "child_risk_pct": 0.0, "elderly_risk_pct": 0.68 }, "geometry": { "type": "Polygon", "coordinates": [ [ [ 128.583718, 35.242869 ], [ 128.58373, 35.243771 ], [ 128.582632, 35.243781 ], [ 128.58262, 35.242879 ], [ 128.583718, 35.242869 ] ] ] } },
{ "type": "Feature", "properties": { "grid_id": "G031412", "child_risk_pct": 1.2, "elderly_risk_pct": 0.0 }, "geometry": { "type": "Polygon", "coordinates": [ [ [ 128.584728, 35.318599 ], [ 128.58474, 35.3195 ], [ 128.58364, 35.31951 ], [ 128.583628, 35.318609 ], [ 128.584728, 35.318599 ] ] ] } },
{ "type": "Feature", "properties": { "grid_id": "G031414", "child_risk_pct": 13.19, "elderly_risk_pct": 9.72 }, "geometry": { "type": "Polygon", "coordinates": [ [ [ 128.584752, 35.320402 ], [ 128.584764, 35.321303 ], [ 128.583664, 35.321313 ], [ 128.583652, 35.320412 ], [ 128.584752, 35.320402 ] ] ] } },
{ "type": "Feature", "properties": { "grid_id": "G031425", "child_risk_pct": 0.0, "elderly_risk_pct": 4.61 }, "geometry": { "type": "Polygon", "coordinates": [ [ [ 128.584885, 35.330319 ], [ 128.584897, 35.33122 ], [ 128.583796, 35.33123 ], [ 128.583784, 35.330329 ], [ 128.584885, 35.330319 ] ] ] } },
{ "type": "Feature", "properties": { "grid_id": "G031426", "child_risk_pct": 0.0, "elderly_risk_pct": 0.61 }, "geometry": { "type": "Polygon", "coordinates": [ [ [ 128.584897, 35.33122 ], [ 128.584909, 35.332122 ], [ 128.583809, 35.332132 ], [ 128.583796, 35.33123 ], [ 128.584897, 35.33122 ] ] ] } },
{ "type": "Feature", "properties": { "grid_id": "G031606", "child_risk_pct": 1.92, "elderly_risk_pct": 0.0 }, "geometry": { "type": "Polygon", "coordinates": [ [ [ 128.584361, 35.208601 ], [ 128.584373, 35.209502 ], [ 128.583275, 35.209512 ], [ 128.583263, 35.208611 ], [ 128.584361, 35.208601 ] ] ] } },
{ "type": "Feature", "properties": { "grid_id": "G031613", "child_risk_pct": 5.13, "elderly_risk_pct": 0.0 }, "geometry": { "type": "Polygon", "coordinates": [ [ [ 128.584445, 35.214912 ], [ 128.584457, 35.215813 ], [ 128.583359, 35.215823 ], [ 128.583347, 35.214921 ], [ 128.584445, 35.214912 ] ] ] } },
{ "type": "Feature", "properties": { "grid_id": "G031614", "child_risk_pct": 26.8, "elderly_risk_pct": 0.0 }, "geometry": { "type": "Polygon", "coordinates": [ [ [ 128.584457, 35.215813 ], [ 128.584469, 35.216715 ], [ 128.583371, 35.216725 ], [ 128.583359, 35.215823 ], [ 128.584457, 35.215813 ] ] ] } },
{ "type": "Feature", "properties": { "grid_id": "G031615", "child_risk_pct": 0.0, "elderly_risk_pct": 11.72 }, "geometry": { "type": "Polygon", "coordinates": [ [ [ 128.584469, 35.216715 ], [ 128.584481, 35.217616 ], [ 128.583383, 35.217626 ], [ 128.583371, 35.216725 ], [ 128.584469, 35.216715 ] ] ] } },
{ "type": "Feature", "properties": { "grid_id": "G031622", "child_risk_pct": 23.81, "elderly_risk_pct": 0.0 }, "geometry": { "type": "Polygon", "coordinates": [ [ [ 128.584553, 35.223026 ], [ 128.584565, 35.223927 ], [ 128.583467, 35.223937 ], [ 128.583455, 35.223035 ], [ 128.584553, 35.223026 ] ] ] } },
{ "type": "Feature", "properties": { "grid_id": "G031623", "child_risk_pct": 1.92, "elderly_risk_pct": 0.0 }, "geometry": { "type": "Polygon", "coordinates": [ [ [ 128.584565, 35.223927 ], [ 128.584577, 35.224829 ], [ 128.583479, 35.224838 ], [ 128.583467, 35.223937 ], [ 128.584565, 35.223927 ] ] ] } },
{ "type": "Feature", "properties": { "grid_id": "G031628", "child_risk_pct": 0.0, "elderly_risk_pct": 35.9 }, "geometry": { "type": "Polygon", "coordinates": [ [ [ 128.584625, 35.228435 ], [ 128.584637, 35.229336 ], [ 128.583539, 35.229346 ], [ 128.583527, 35.228445 ], [ 128.584625, 35.228435 ] ] ] } },
{ "type": "Feature", "properties": { "grid_id": "G031629", "child_risk_pct": 0.0, "elderly_risk_pct": 22.22 }, "geometry": { "type": "Polygon", "coordinates": [ [ [ 128.584637, 35.229336 ], [ 128.584649, 35.230238 ], [ 128.583551, 35.230248 ], [ 128.583539, 35.229346 ], [ 128.584637, 35.229336 ] ] ] } },
{ "type": "Feature", "properties": { "grid_id": "G031630", "child_risk_pct": 0.0, "elderly_risk_pct": 13.46 }, "geometry": { "type": "Polygon", "coordinates": [ [ [ 128.584649, 35.230238 ], [ 128.584661, 35.231139 ], [ 128.583563, 35.231149 ], [ 128.583551, 35.230248 ], [ 128.584649, 35.230238 ] ] ] } },
{ "type": "Feature", "properties": { "grid_id": "G031633", "child_risk_pct": 0.0, "elderly_risk_pct": 7.05 }, "geometry": { "type": "Polygon", "coordinates": [ [ [ 128.584685, 35.232943 ], [ 128.584697, 35.233844 ], [ 128.583599, 35.233854 ], [ 128.583587, 35.232952 ], [ 128.584685, 35.232943 ] ] ] } },
{ "type": "Feature", "properties": { "grid_id": "G031634", "child_risk_pct": 0.0, "elderly_risk_pct": 4.86 }, "geometry": { "type": "Polygon", "coordinates": [ [ [ 128.584697, 35.233844 ], [ 128.584709, 35.234746 ], [ 128.583611, 35.234755 ], [ 128.583599, 35.233854 ], [ 128.584697, 35.233844 ] ] ] } },
{ "type": "Feature", "properties": { "grid_id": "G031635", "child_risk_pct": 4.67, "elderly_risk_pct": 0.0 }, "geometry": { "type": "Polygon", "coordinates": [ [ [ 128.584709, 35.234746 ], [ 128.584721, 35.235647 ], [ 128.583623, 35.235657 ], [ 128.583611, 35.234755 ], [ 128.584709, 35.234746 ] ] ] } },
{ "type": "Feature", "properties": { "grid_id": "G031636", "child_risk_pct": 1.27, "elderly_risk_pct": 1.27 }, "geometry": { "type": "Polygon", "coordinates": [ [ [ 128.584721, 35.235647 ], [ 128.584733, 35.236549 ], [ 128.583635, 35.236559 ], [ 128.583623, 35.235657 ], [ 128.584721, 35.235647 ] ] ] } },
{ "type": "Feature", "properties": { "grid_id": "G031637", "child_risk_pct": 3.82, "elderly_risk_pct": 17.83 }, "geometry": { "type": "Polygon", "coordinates": [ [ [ 128.584733, 35.236549 ], [ 128.584745, 35.23745 ], [ 128.583647, 35.23746 ], [ 128.583635, 35.236559 ], [ 128.584733, 35.236549 ] ] ] } },
{ "type": "Feature", "properties": { "grid_id": "G031638", "child_risk_pct": 34.03, "elderly_risk_pct": 0.0 }, "geometry": { "type": "Polygon", "coordinates": [ [ [ 128.584745, 35.23745 ], [ 128.584757, 35.238352 ], [ 128.583659, 35.238362 ], [ 128.583647, 35.23746 ], [ 128.584745, 35.23745 ] ] ] } },
{ "type": "Feature", "properties": { "grid_id": "G031639", "child_risk_pct": 0.69, "elderly_risk_pct": 13.89 }, "geometry": { "type": "Polygon", "coordinates": [ [ [ 128.584757, 35.238352 ], [ 128.584769, 35.239253 ], [ 128.583671, 35.239263 ], [ 128.583659, 35.238362 ], [ 128.584757, 35.238352 ] ] ] } },
{ "type": "Feature", "properties": { "grid_id": "G031640", "child_risk_pct": 4.49, "elderly_risk_pct": 37.18 }, "geometry": { "type": "Polygon", "coordinates": [ [ [ 128.584769, 35.239253 ], [ 128.584781, 35.240155 ], [ 128.583682, 35.240165 ], [ 128.583671, 35.239263 ], [ 128.584769, 35.239253 ] ] ] } },
{ "type": "Feature", "properties": { "grid_id": "G031641", "child_risk_pct": 16.67, "elderly_risk_pct": 38.89 }, "geometry": { "type": "Polygon", "coordinates": [ [ [ 128.584781, 35.240155 ], [ 128.584793, 35.241056 ], [ 128.583694, 35.241066 ], [ 128.583682, 35.240165 ], [ 128.584781, 35.240155 ] ] ] } },
{ "type": "Feature", "properties": { "grid_id": "G031642", "child_risk_pct": 0.0, "elderly_risk_pct": 6.94 }, "geometry": { "type": "Polygon", "coordinates": [ [ [ 128.584793, 35.241056 ], [ 128.584805, 35.241958 ], [ 128.583706, 35.241968 ], [ 128.583694, 35.241066 ], [ 128.584793, 35.241056 ] ] ] } },
{ "type": "Feature", "properties": { "grid_id": "G031643", "child_risk_pct": 0.0, "elderly_risk_pct": 16.98 }, "geometry": { "type": "Polygon", "coordinates": [ [ [ 128.584805, 35.241958 ], [ 128.584817, 35.24286 ], [ 128.583718, 35.242869 ], [ 128.583706, 35.241968 ], [ 128.584805, 35.241958 ] ] ] } },
{ "type": "Feature", "properties": { "grid_id": "G031644", "child_risk_pct": 0.0, "elderly_risk_pct": 9.26 }, "geometry": { "type": "Polygon", "coordinates": [ [ [ 128.584817, 35.24286 ], [ 128.584829, 35.243761 ], [ 128.58373, 35.243771 ], [ 128.583718, 35.242869 ], [ 128.584817, 35.24286 ] ] ] } },
{ "type": "Feature", "properties": { "grid_id": "G031645", "child_risk_pct": 0.0, "elderly_risk_pct": 6.25 }, "geometry": { "type": "Polygon", "coordinates": [ [ [ 128.584829, 35.243761 ], [ 128.584841, 35.244663 ], [ 128.583742, 35.244673 ], [ 128.58373, 35.243771 ], [ 128.584829, 35.243761 ] ] ] } },
{ "type": "Feature", "properties": { "grid_id": "G031716", "child_risk_pct": 20.83, "elderly_risk_pct": 0.0 }, "geometry": { "type": "Polygon", "coordinates": [ [ [ 128.58578, 35.314983 ], [ 128.585792, 35.315884 ], [ 128.584692, 35.315894 ], [ 128.58468, 35.314993 ], [ 128.58578, 35.314983 ] ] ] } },
{ "type": "Feature", "properties": { "grid_id": "G031721", "child_risk_pct": 3.87, "elderly_risk_pct": 4.52 }, "geometry": { "type": "Polygon", "coordinates": [ [ [ 128.58584, 35.31949 ], [ 128.585852, 35.320392 ], [ 128.584752, 35.320402 ], [ 128.58474, 35.3195 ], [ 128.58584, 35.31949 ] ] ] } },
{ "type": "Feature", "properties": { "grid_id": "G031722", "child_risk_pct": 10.42, "elderly_risk_pct": 7.64 }, "geometry": { "type": "Polygon", "coordinates": [ [ [ 128.585852, 35.320392 ], [ 128.585864, 35.321294 ], [ 128.584764, 35.321303 ], [ 128.584752, 35.320402 ], [ 128.585852, 35.320392 ] ] ] } },
{ "type": "Feature", "properties": { "grid_id": "G031733", "child_risk_pct": 0.0, "elderly_risk_pct": 17.53 }, "geometry": { "type": "Polygon", "coordinates": [ [ [ 128.585985, 35.330309 ], [ 128.585997, 35.33121 ], [ 128.584897, 35.33122 ], [ 128.584885, 35.330319 ], [ 128.585985, 35.330309 ] ] ] } },
{ "type": "Feature", "properties": { "grid_id": "G031734", "child_risk_pct": 0.0, "elderly_risk_pct": 9.62 }, "geometry": { "type": "Polygon", "coordinates": [ [ [ 128.585997, 35.33121 ], [ 128.586009, 35.332112 ], [ 128.584909, 35.332122 ], [ 128.584897, 35.33122 ], [ 128.585997, 35.33121 ] ] ] } },
{ "type": "Feature", "properties": { "grid_id": "G031864", "child_risk_pct": 0.0, "elderly_risk_pct": 0.65 }, "geometry": { "type": "Polygon", "coordinates": [ [ [ 128.584275, 35.119337 ], [ 128.584287, 35.120238 ], [ 128.583189, 35.120248 ], [ 128.583177, 35.119346 ], [ 128.584275, 35.119337 ] ] ] } },
{ "type": "Feature", "properties": { "grid_id": "G031865", "child_risk_pct": 0.0, "elderly_risk_pct": 1.28 }, "geometry": { "type": "Polygon", "coordinates": [ [ [ 128.584287, 35.120238 ], [ 128.584298, 35.12114 ], [ 128.583201, 35.12115 ], [ 128.583189, 35.120248 ], [ 128.584287, 35.120238 ] ] ] } },
{ "type": "Feature", "properties": { "grid_id": "G031914", "child_risk_pct": 0.0, "elderly_risk_pct": 9.03 }, "geometry": { "type": "Polygon", "coordinates": [ [ [ 128.585508, 35.212197 ], [ 128.58552, 35.213099 ], [ 128.584421, 35.213108 ], [ 128.584409, 35.212207 ], [ 128.585508, 35.212197 ] ] ] } },
{ "type": "Feature", "properties": { "grid_id": "G031915", "child_risk_pct": 0.0, "elderly_risk_pct": 1.31 }, "geometry": { "type": "Polygon", "coordinates": [ [ [ 128.58552, 35.213099 ], [ 128.585532, 35.214 ], [ 128.584433, 35.21401 ], [ 128.584421, 35.213108 ], [ 128.58552, 35.213099 ] ] ] } },
{ "type": "Feature", "properties": { "grid_id": "G031921", "child_risk_pct": 0.0, "elderly_risk_pct": 8.33 }, "geometry": { "type": "Polygon", "coordinates": [ [ [ 128.585592, 35.218508 ], [ 128.585604, 35.219409 ], [ 128.584505, 35.219419 ], [ 128.584493, 35.218518 ], [ 128.585592, 35.218508 ] ] ] } },
{ "type": "Feature", "properties": { "grid_id": "G031922", "child_risk_pct": 0.0, "elderly_risk_pct": 9.52 }, "geometry": { "type": "Polygon", "coordinates": [ [ [ 128.585604, 35.219409 ], [ 128.585616, 35.220311 ], [ 128.584517, 35.220321 ], [ 128.584505, 35.219419 ], [ 128.585604, 35.219409 ] ] ] } },
{ "type": "Feature", "properties": { "grid_id": "G031923", "child_risk_pct": 0.0, "elderly_risk_pct": 18.99 }, "geometry": { "type": "Polygon", "coordinates": [ [ [ 128.585616, 35.220311 ], [ 128.585628, 35.221213 ], [ 128.584529, 35.221222 ], [ 128.584517, 35.220321 ], [ 128.585616, 35.220311 ] ] ] } },
{ "type": "Feature", "properties": { "grid_id": "G031931", "child_risk_pct": 0.0, "elderly_risk_pct": 1.2 }, "geometry": { "type": "Polygon", "coordinates": [ [ [ 128.585712, 35.227523 ], [ 128.585724, 35.228425 ], [ 128.584625, 35.228435 ], [ 128.584613, 35.227533 ], [ 128.585712, 35.227523 ] ] ] } },
{ "type": "Feature", "properties": { "grid_id": "G031934", "child_risk_pct": 0.0, "elderly_risk_pct": 16.03 }, "geometry": { "type": "Polygon", "coordinates": [ [ [ 128.585748, 35.230228 ], [ 128.58576, 35.23113 ], [ 128.584661, 35.231139 ], [ 128.584649, 35.230238 ], [ 128.585748, 35.230228 ] ] ] } },
{ "type": "Feature", "properties": { "grid_id": "G031935", "child_risk_pct": 3.47, "elderly_risk_pct": 25.0 }, "geometry": { "type": "Polygon", "coordinates": [ [ [ 128.58576, 35.23113 ], [ 128.585772, 35.232031 ], [ 128.584673, 35.232041 ], [ 128.584661, 35.231139 ], [ 128.58576, 35.23113 ] ] ] } },
{ "type": "Feature", "properties": { "grid_id": "G031936", "child_risk_pct": 6.94, "elderly_risk_pct": 7.64 }, "geometry": { "type": "Polygon", "coordinates": [ [ [ 128.585772, 35.232031 ], [ 128.585784, 35.232933 ], [ 128.584685, 35.232943 ], [ 128.584673, 35.232041 ], [ 128.585772, 35.232031 ] ] ] } },
{ "type": "Feature", "properties": { "grid_id": "G031937", "child_risk_pct": 0.0, "elderly_risk_pct": 30.2 }, "geometry": { "type": "Polygon", "coordinates": [ [ [ 128.585784, 35.232933 ], [ 128.585796, 35.233834 ], [ 128.584697, 35.233844 ], [ 128.584685, 35.232943 ], [ 128.585784, 35.232933 ] ] ] } },
{ "type": "Feature", "properties": { "grid_id": "G031938", "child_risk_pct": 0.0, "elderly_risk_pct": 28.74 }, "geometry": { "type": "Polygon", "coordinates": [ [ [ 128.585796, 35.233834 ], [ 128.585808, 35.234736 ], [ 128.584709, 35.234746 ], [ 128.584697, 35.233844 ], [ 128.585796, 35.233834 ] ] ] } },
{ "type": "Feature", "properties": { "grid_id": "G031939", "child_risk_pct": 16.67, "elderly_risk_pct": 0.0 }, "geometry": { "type": "Polygon", "coordinates": [ [ [ 128.585808, 35.234736 ], [ 128.58582, 35.235637 ], [ 128.584721, 35.235647 ], [ 128.584709, 35.234746 ], [ 128.585808, 35.234736 ] ] ] } },
{ "type": "Feature", "properties": { "grid_id": "G031940", "child_risk_pct": 13.19, "elderly_risk_pct": 1.39 }, "geometry": { "type": "Polygon", "coordinates": [ [ [ 128.58582, 35.235637 ], [ 128.585832, 35.236539 ], [ 128.584733, 35.236549 ], [ 128.584721, 35.235647 ], [ 128.58582, 35.235637 ] ] ] } },
{ "type": "Feature", "properties": { "grid_id": "G031941", "child_risk_pct": 4.49, "elderly_risk_pct": 34.62 }, "geometry": { "type": "Polygon", "coordinates": [ [ [ 128.585832, 35.236539 ], [ 128.585844, 35.23744 ], [ 128.584745, 35.23745 ], [ 128.584733, 35.236549 ], [ 128.585832, 35.236539 ] ] ] } },
{ "type": "Feature", "properties": { "grid_id": "G031942", "child_risk_pct": 15.28, "elderly_risk_pct": 13.89 }, "geometry": { "type": "Polygon", "coordinates": [ [ [ 128.585844, 35.23744 ], [ 128.585856, 35.238342 ], [ 128.584757, 35.238352 ], [ 128.584745, 35.23745 ], [ 128.585844, 35.23744 ] ] ] } },
{ "type": "Feature", "properties": { "grid_id": "G031943", "child_risk_pct": 0.0, "elderly_risk_pct": 29.17 }, "geometry": { "type": "Polygon", "coordinates": [ [ [ 128.585856, 35.238342 ], [ 128.585868, 35.239244 ], [ 128.584769, 35.239253 ], [ 128.584757, 35.238352 ], [ 128.585856, 35.238342 ] ] ] } },
{ "type": "Feature", "properties": { "grid_id": "G031944", "child_risk_pct": 10.88, "elderly_risk_pct": 26.53 }, "geometry": { "type": "Polygon", "coordinates": [ [ [ 128.585868, 35.239244 ], [ 128.58588, 35.240145 ], [ 128.584781, 35.240155 ], [ 128.584769, 35.239253 ], [ 128.585868, 35.239244 ] ] ] } },
{ "type": "Feature", "properties": { "grid_id": "G031945", "child_risk_pct": 11.04, "elderly_risk_pct": 22.09 }, "geometry": { "type": "Polygon", "coordinates": [ [ [ 128.58588, 35.240145 ], [ 128.585892, 35.241047 ], [ 128.584793, 35.241056 ], [ 128.584781, 35.240155 ], [ 128.58588, 35.240145 ] ] ] } },
{ "type": "Feature", "properties": { "grid_id": "G031946", "child_risk_pct": 0.0, "elderly_risk_pct": 39.1 }, "geometry": { "type": "Polygon", "coordinates": [ [ [ 128.585892, 35.241047 ], [ 128.585904, 35.241948 ], [ 128.584805, 35.241958 ], [ 128.584793, 35.241056 ], [ 128.585892, 35.241047 ] ] ] } },
{ "type": "Feature", "properties": { "grid_id": "G031947", "child_risk_pct": 0.0, "elderly_risk_pct": 11.11 }, "geometry": { "type": "Polygon", "coordinates": [ [ [ 128.585904, 35.241948 ], [ 128.585916, 35.24285 ], [ 128.584817, 35.24286 ], [ 128.584805, 35.241958 ], [ 128.585904, 35.241948 ] ] ] } },
{ "type": "Feature", "properties": { "grid_id": "G031948", "child_risk_pct": 0.0, "elderly_risk_pct": 14.74 }, "geometry": { "type": "Polygon", "coordinates": [ [ [ 128.585916, 35.24285 ], [ 128.585928, 35.243751 ], [ 128.584829, 35.243761 ], [ 128.584817, 35.24286 ], [ 128.585916, 35.24285 ] ] ] } },
{ "type": "Feature", "properties": { "grid_id": "G031949", "child_risk_pct": 0.0, "elderly_risk_pct": 13.89 }, "geometry": { "type": "Polygon", "coordinates": [ [ [ 128.585928, 35.243751 ], [ 128.58594, 35.244653 ], [ 128.584841, 35.244663 ], [ 128.584829, 35.243761 ], [ 128.585928, 35.243751 ] ] ] } },
{ "type": "Feature", "properties": { "grid_id": "G032006", "child_risk_pct": 0.0, "elderly_risk_pct": 27.15 }, "geometry": { "type": "Polygon", "coordinates": [ [ [ 128.586687, 35.300548 ], [ 128.586699, 35.30145 ], [ 128.585599, 35.30146 ], [ 128.585587, 35.300558 ], [ 128.586687, 35.300548 ] ] ] } },
{ "type": "Feature", "properties": { "grid_id": "G032007", "child_risk_pct": 0.0, "elderly_risk_pct": 7.1 }, "geometry": { "type": "Polygon", "coordinates": [ [ [ 128.586699, 35.30145 ], [ 128.586711, 35.302351 ], [ 128.585611, 35.302361 ], [ 128.585599, 35.30146 ], [ 128.586699, 35.30145 ] ] ] } },
{ "type": "Feature", "properties": { "grid_id": "G032021", "child_risk_pct": 3.18, "elderly_risk_pct": 0.0 }, "geometry": { "type": "Polygon", "coordinates": [ [ [ 128.586868, 35.314071 ], [ 128.58688, 35.314973 ], [ 128.58578, 35.314983 ], [ 128.585768, 35.314081 ], [ 128.586868, 35.314071 ] ] ] } },
{ "type": "Feature", "properties": { "grid_id": "G032022", "child_risk_pct": 7.69, "elderly_risk_pct": 0.0 }, "geometry": { "type": "Polygon", "coordinates": [ [ [ 128.58688, 35.314973 ], [ 128.586892, 35.315874 ], [ 128.585792, 35.315884 ], [ 128.58578, 35.314983 ], [ 128.58688, 35.314973 ] ] ] } },
{ "type": "Feature", "properties": { "grid_id": "G032039", "child_risk_pct": 0.0, "elderly_risk_pct": 13.89 }, "geometry": { "type": "Polygon", "coordinates": [ [ [ 128.587085, 35.330299 ], [ 128.587097, 35.331201 ], [ 128.585997, 35.33121 ], [ 128.585985, 35.330309 ], [ 128.587085, 35.330299 ] ] ] } },
{ "type": "Feature", "properties": { "grid_id": "G032040", "child_risk_pct": 0.0, "elderly_risk_pct": 3.95 }, "geometry": { "type": "Polygon", "coordinates": [ [ [ 128.587097, 35.331201 ], [ 128.587109, 35.332102 ], [ 128.586009, 35.332112 ], [ 128.585997, 35.33121 ], [ 128.587097, 35.331201 ] ] ] } },
{ "type": "Feature", "properties": { "grid_id": "G032170", "child_risk_pct": 0.0, "elderly_risk_pct": 2.08 }, "geometry": { "type": "Polygon", "coordinates": [ [ [ 128.585372, 35.119327 ], [ 128.585384, 35.120228 ], [ 128.584287, 35.120238 ], [ 128.584275, 35.119337 ], [ 128.585372, 35.119327 ] ] ] } },
{ "type": "Feature", "properties": { "grid_id": "G032171", "child_risk_pct": 0.0, "elderly_risk_pct": 2.65 }, "geometry": { "type": "Polygon", "coordinates": [ [ [ 128.585384, 35.120228 ], [ 128.585396, 35.12113 ], [ 128.584298, 35.12114 ], [ 128.584287, 35.120238 ], [ 128.585384, 35.120228 ] ] ] } },
{ "type": "Feature", "properties": { "grid_id": "G032216", "child_risk_pct": 0.0, "elderly_risk_pct": 29.09 }, "geometry": { "type": "Polygon", "coordinates": [ [ [ 128.586606, 35.212187 ], [ 128.586619, 35.213089 ], [ 128.58552, 35.213099 ], [ 128.585508, 35.212197 ], [ 128.586606, 35.212187 ] ] ] } },
{ "type": "Feature", "properties": { "grid_id": "G032217", "child_risk_pct": 0.0, "elderly_risk_pct": 24.49 }, "geometry": { "type": "Polygon", "coordinates": [ [ [ 128.586619, 35.213089 ], [ 128.586631, 35.21399 ], [ 128.585532, 35.214 ], [ 128.58552, 35.213099 ], [ 128.586619, 35.213089 ] ] ] } },
{ "type": "Feature", "properties": { "grid_id": "G032218", "child_risk_pct": 0.0, "elderly_risk_pct": 11.81 }, "geometry": { "type": "Polygon", "coordinates": [ [ [ 128.586631, 35.21399 ], [ 128.586643, 35.214892 ], [ 128.585544, 35.214902 ], [ 128.585532, 35.214 ], [ 128.586631, 35.21399 ] ] ] } },
{ "type": "Feature", "properties": { "grid_id": "G032223", "child_risk_pct": 0.0, "elderly_risk_pct": 2.42 }, "geometry": { "type": "Polygon", "coordinates": [ [ [ 128.586691, 35.218498 ], [ 128.586703, 35.2194 ], [ 128.585604, 35.219409 ], [ 128.585592, 35.218508 ], [ 128.586691, 35.218498 ] ] ] } },
{ "type": "Feature", "properties": { "grid_id": "G032225", "child_risk_pct": 0.0, "elderly_risk_pct": 5.56 }, "geometry": { "type": "Polygon", "coordinates": [ [ [ 128.586715, 35.220301 ], [ 128.586727, 35.221203 ], [ 128.585628, 35.221213 ], [ 128.585616, 35.220311 ], [ 128.586715, 35.220301 ] ] ] } },
{ "type": "Feature", "properties": { "grid_id": "G032226", "child_risk_pct": 0.0, "elderly_risk_pct": 10.26 }, "geometry": { "type": "Polygon", "coordinates": [ [ [ 128.586727, 35.221203 ], [ 128.586739, 35.222104 ], [ 128.58564, 35.222114 ], [ 128.585628, 35.221213 ], [ 128.586727, 35.221203 ] ] ] } },
{ "type": "Feature", "properties": { "grid_id": "G032227", "child_risk_pct": 0.0, "elderly_risk_pct": 15.28 }, "geometry": { "type": "Polygon", "coordinates": [ [ [ 128.586739, 35.222104 ], [ 128.586751, 35.223006 ], [ 128.585652, 35.223016 ], [ 128.58564, 35.222114 ], [ 128.586739, 35.222104 ] ] ] } },
{ "type": "Feature", "properties": { "grid_id": "G032228", "child_risk_pct": 0.0, "elderly_risk_pct": 2.78 }, "geometry": { "type": "Polygon", "coordinates": [ [ [ 128.586751, 35.223006 ], [ 128.586763, 35.223907 ], [ 128.585664, 35.223917 ], [ 128.585652, 35.223016 ], [ 128.586751, 35.223006 ] ] ] } },
{ "type": "Feature", "properties": { "grid_id": "G032232", "child_risk_pct": 0.0, "elderly_risk_pct": 4.08 }, "geometry": { "type": "Polygon", "coordinates": [ [ [ 128.586799, 35.226612 ], [ 128.586811, 35.227514 ], [ 128.585712, 35.227523 ], [ 128.5857, 35.226622 ], [ 128.586799, 35.226612 ] ] ] } },
{ "type": "Feature", "properties": { "grid_id": "G032233", "child_risk_pct": 0.0, "elderly_risk_pct": 48.08 }, "geometry": { "type": "Polygon", "coordinates": [ [ [ 128.586811, 35.227514 ], [ 128.586823, 35.228415 ], [ 128.585724, 35.228425 ], [ 128.585712, 35.227523 ], [ 128.586811, 35.227514 ] ] ] } },
{ "type": "Feature", "properties": { "grid_id": "G032237", "child_risk_pct": 28.1, "elderly_risk_pct": 26.14 }, "geometry": { "type": "Polygon", "coordinates": [ [ [ 128.586859, 35.23112 ], [ 128.586871, 35.232021 ], [ 128.585772, 35.232031 ], [ 128.58576, 35.23113 ], [ 128.586859, 35.23112 ] ] ] } },
{ "type": "Feature", "properties": { "grid_id": "G032238", "child_risk_pct": 25.0, "elderly_risk_pct": 54.49 }, "geometry": { "type": "Polygon", "coordinates": [ [ [ 128.586871, 35.232021 ], [ 128.586883, 35.232923 ], [ 128.585784, 35.232933 ], [ 128.585772, 35.232031 ], [ 128.586871, 35.232021 ] ] ] } },
{ "type": "Feature", "properties": { "grid_id": "G032239", "child_risk_pct": 0.0, "elderly_risk_pct": 21.57 }, "geometry": { "type": "Polygon", "coordinates": [ [ [ 128.586883, 35.232923 ], [ 128.586895, 35.233824 ], [ 128.585796, 35.233834 ], [ 128.585784, 35.232933 ], [ 128.586883, 35.232923 ] ] ] } },
{ "type": "Feature", "properties": { "grid_id": "G032240", "child_risk_pct": 0.0, "elderly_risk_pct": 8.33 }, "geometry": { "type": "Polygon", "coordinates": [ [ [ 128.586895, 35.233824 ], [ 128.586907, 35.234726 ], [ 128.585808, 35.234736 ], [ 128.585796, 35.233834 ], [ 128.586895, 35.233824 ] ] ] } },
{ "type": "Feature", "properties": { "grid_id": "G032241", "child_risk_pct": 0.69, "elderly_risk_pct": 13.89 }, "geometry": { "type": "Polygon", "coordinates": [ [ [ 128.586907, 35.234726 ], [ 128.586919, 35.235627 ], [ 128.58582, 35.235637 ], [ 128.585808, 35.234736 ], [ 128.586907, 35.234726 ] ] ] } },
{ "type": "Feature", "properties": { "grid_id": "G032242", "child_risk_pct": 0.0, "elderly_risk_pct": 25.0 }, "geometry": { "type": "Polygon", "coordinates": [ [ [ 128.586919, 35.235627 ], [ 128.586931, 35.236529 ], [ 128.585832, 35.236539 ], [ 128.58582, 35.235637 ], [ 128.586919, 35.235627 ] ] ] } },
{ "type": "Feature", "properties": { "grid_id": "G032243", "child_risk_pct": 0.0, "elderly_risk_pct": 37.41 }, "geometry": { "type": "Polygon", "coordinates": [ [ [ 128.586931, 35.236529 ], [ 128.586943, 35.237431 ], [ 128.585844, 35.23744 ], [ 128.585832, 35.236539 ], [ 128.586931, 35.236529 ] ] ] } },
{ "type": "Feature", "properties": { "grid_id": "G032244", "child_risk_pct": 0.0, "elderly_risk_pct": 20.92 }, "geometry": { "type": "Polygon", "coordinates": [ [ [ 128.586943, 35.237431 ], [ 128.586955, 35.238332 ], [ 128.585856, 35.238342 ], [ 128.585844, 35.23744 ], [ 128.586943, 35.237431 ] ] ] } },
{ "type": "Feature", "properties": { "grid_id": "G032245", "child_risk_pct": 0.0, "elderly_risk_pct": 25.33 }, "geometry": { "type": "Polygon", "coordinates": [ [ [ 128.586955, 35.238332 ], [ 128.586967, 35.239234 ], [ 128.585868, 35.239244 ], [ 128.585856, 35.238342 ], [ 128.586955, 35.238332 ] ] ] } },
{ "type": "Feature", "properties": { "grid_id": "G032246", "child_risk_pct": 0.0, "elderly_risk_pct": 30.13 }, "geometry": { "type": "Polygon", "coordinates": [ [ [ 128.586967, 35.239234 ], [ 128.586979, 35.240135 ], [ 128.58588, 35.240145 ], [ 128.585868, 35.239244 ], [ 128.586967, 35.239234 ] ] ] } },
{ "type": "Feature", "properties": { "grid_id": "G032247", "child_risk_pct": 0.0, "elderly_risk_pct": 15.72 }, "geometry": { "type": "Polygon", "coordinates": [ [ [ 128.586979, 35.240135 ], [ 128.586991, 35.241037 ], [ 128.585892, 35.241047 ], [ 128.58588, 35.240145 ], [ 128.586979, 35.240135 ] ] ] } },
{ "type": "Feature", "properties": { "grid_id": "G032248", "child_risk_pct": 0.0, "elderly_risk_pct": 34.72 }, "geometry": { "type": "Polygon", "coordinates": [ [ [ 128.586991, 35.241037 ], [ 128.587003, 35.241938 ], [ 128.585904, 35.241948 ], [ 128.585892, 35.241047 ], [ 128.586991, 35.241037 ] ] ] } },
{ "type": "Feature", "properties": { "grid_id": "G032249", "child_risk_pct": 0.0, "elderly_risk_pct": 2.08 }, "geometry": { "type": "Polygon", "coordinates": [ [ [ 128.587003, 35.241938 ], [ 128.587015, 35.24284 ], [ 128.585916, 35.24285 ], [ 128.585904, 35.241948 ], [ 128.587003, 35.241938 ] ] ] } },
{ "type": "Feature", "properties": { "grid_id": "G032251", "child_risk_pct": 11.26, "elderly_risk_pct": 0.0 }, "geometry": { "type": "Polygon", "coordinates": [ [ [ 128.587027, 35.243741 ], [ 128.587039, 35.244643 ], [ 128.58594, 35.244653 ], [ 128.585928, 35.243751 ], [ 128.587027, 35.243741 ] ] ] } },
{ "type": "Feature", "properties": { "grid_id": "G032252", "child_risk_pct": 8.97, "elderly_risk_pct": 0.0 }, "geometry": { "type": "Polygon", "coordinates": [ [ [ 128.587039, 35.244643 ], [ 128.587051, 35.245544 ], [ 128.585952, 35.245554 ], [ 128.58594, 35.244653 ], [ 128.587039, 35.244643 ] ] ] } },
{ "type": "Feature", "properties": { "grid_id": "G032308", "child_risk_pct": 0.0, "elderly_risk_pct": 14.09 }, "geometry": { "type": "Polygon", "coordinates": [ [ [ 128.587786, 35.300538 ], [ 128.587798, 35.30144 ], [ 128.586699, 35.30145 ], [ 128.586687, 35.300548 ], [ 128.587786, 35.300538 ] ] ] } },
{ "type": "Feature", "properties": { "grid_id": "G032518", "child_risk_pct": 0.0, "elderly_risk_pct": 6.94 }, "geometry": { "type": "Polygon", "coordinates": [ [ [ 128.587717, 35.213079 ], [ 128.587729, 35.21398 ], [ 128.586631, 35.21399 ], [ 128.586619, 35.213089 ], [ 128.587717, 35.213079 ] ] ] } },
{ "type": "Feature", "properties": { "grid_id": "G032519", "child_risk_pct": 0.0, "elderly_risk_pct": 11.11 }, "geometry": { "type": "Polygon", "coordinates": [ [ [ 128.587729, 35.21398 ], [ 128.587741, 35.214882 ], [ 128.586643, 35.214892 ], [ 128.586631, 35.21399 ], [ 128.587729, 35.21398 ] ] ] } },
{ "type": "Feature", "properties": { "grid_id": "G032526", "child_risk_pct": 0.0, "elderly_risk_pct": 5.56 }, "geometry": { "type": "Polygon", "coordinates": [ [ [ 128.587813, 35.220291 ], [ 128.587825, 35.221193 ], [ 128.586727, 35.221203 ], [ 128.586715, 35.220301 ], [ 128.587813, 35.220291 ] ] ] } },
{ "type": "Feature", "properties": { "grid_id": "G032527", "child_risk_pct": 0.0, "elderly_risk_pct": 30.61 }, "geometry": { "type": "Polygon", "coordinates": [ [ [ 128.587825, 35.221193 ], [ 128.587837, 35.222094 ], [ 128.586739, 35.222104 ], [ 128.586727, 35.221203 ], [ 128.587825, 35.221193 ] ] ] } },
{ "type": "Feature", "properties": { "grid_id": "G032528", "child_risk_pct": 0.0, "elderly_risk_pct": 11.76 }, "geometry": { "type": "Polygon", "coordinates": [ [ [ 128.587837, 35.222094 ], [ 128.587849, 35.222996 ], [ 128.586751, 35.223006 ], [ 128.586739, 35.222104 ], [ 128.587837, 35.222094 ] ] ] } },
{ "type": "Feature", "properties": { "grid_id": "G032534", "child_risk_pct": 0.0, "elderly_risk_pct": 4.76 }, "geometry": { "type": "Polygon", "coordinates": [ [ [ 128.58791, 35.227504 ], [ 128.587922, 35.228405 ], [ 128.586823, 35.228415 ], [ 128.586811, 35.227514 ], [ 128.58791, 35.227504 ] ] ] } },
{ "type": "Feature", "properties": { "grid_id": "G032536", "child_risk_pct": 0.0, "elderly_risk_pct": 1.39 }, "geometry": { "type": "Polygon", "coordinates": [ [ [ 128.587934, 35.229307 ], [ 128.587946, 35.230208 ], [ 128.586847, 35.230218 ], [ 128.586835, 35.229317 ], [ 128.587934, 35.229307 ] ] ] } },
{ "type": "Feature", "properties": { "grid_id": "G032537", "child_risk_pct": 0.0, "elderly_risk_pct": 7.84 }, "geometry": { "type": "Polygon", "coordinates": [ [ [ 128.587946, 35.230208 ], [ 128.587958, 35.23111 ], [ 128.586859, 35.23112 ], [ 128.586847, 35.230218 ], [ 128.587946, 35.230208 ] ] ] } },
{ "type": "Feature", "properties": { "grid_id": "G032538", "child_risk_pct": 0.0, "elderly_risk_pct": 6.51 }, "geometry": { "type": "Polygon", "coordinates": [ [ [ 128.587958, 35.23111 ], [ 128.58797, 35.232011 ], [ 128.586871, 35.232021 ], [ 128.586859, 35.23112 ], [ 128.587958, 35.23111 ] ] ] } },
{ "type": "Feature", "properties": { "grid_id": "G032539", "child_risk_pct": 0.0, "elderly_risk_pct": 18.06 }, "geometry": { "type": "Polygon", "coordinates": [ [ [ 128.58797, 35.232011 ], [ 128.587982, 35.232913 ], [ 128.586883, 35.232923 ], [ 128.586871, 35.232021 ], [ 128.58797, 35.232011 ] ] ] } },
{ "type": "Feature", "properties": { "grid_id": "G032540", "child_risk_pct": 0.0, "elderly_risk_pct": 5.56 }, "geometry": { "type": "Polygon", "coordinates": [ [ [ 128.587982, 35.232913 ], [ 128.587994, 35.233815 ], [ 128.586895, 35.233824 ], [ 128.586883, 35.232923 ], [ 128.587982, 35.232913 ] ] ] } },
{ "type": "Feature", "properties": { "grid_id": "G032541", "child_risk_pct": 0.0, "elderly_risk_pct": 5.44 }, "geometry": { "type": "Polygon", "coordinates": [ [ [ 128.587994, 35.233815 ], [ 128.588006, 35.234716 ], [ 128.586907, 35.234726 ], [ 128.586895, 35.233824 ], [ 128.587994, 35.233815 ] ] ] } },
{ "type": "Feature", "properties": { "grid_id": "G032542", "child_risk_pct": 0.0, "elderly_risk_pct": 11.76 }, "geometry": { "type": "Polygon", "coordinates": [ [ [ 128.588006, 35.234716 ], [ 128.588018, 35.235618 ], [ 128.586919, 35.235627 ], [ 128.586907, 35.234726 ], [ 128.588006, 35.234716 ] ] ] } },
{ "type": "Feature", "properties": { "grid_id": "G032543", "child_risk_pct": 2.08, "elderly_risk_pct": 28.47 }, "geometry": { "type": "Polygon", "coordinates": [ [ [ 128.588018, 35.235618 ], [ 128.58803, 35.236519 ], [ 128.586931, 35.236529 ], [ 128.586919, 35.235627 ], [ 128.588018, 35.235618 ] ] ] } },
{ "type": "Feature", "properties": { "grid_id": "G032544", "child_risk_pct": 0.0, "elderly_risk_pct": 2.04 }, "geometry": { "type": "Polygon", "coordinates": [ [ [ 128.58803, 35.236519 ], [ 128.588042, 35.237421 ], [ 128.586943, 35.237431 ], [ 128.586931, 35.236529 ], [ 128.58803, 35.236519 ] ] ] } },
{ "type": "Feature", "properties": { "grid_id": "G032546", "child_risk_pct": 0.0, "elderly_risk_pct": 7.33 }, "geometry": { "type": "Polygon", "coordinates": [ [ [ 128.588054, 35.238322 ], [ 128.588066, 35.239224 ], [ 128.586967, 35.239234 ], [ 128.586955, 35.238332 ], [ 128.588054, 35.238322 ] ] ] } },
{ "type": "Feature", "properties": { "grid_id": "G032547", "child_risk_pct": 0.0, "elderly_risk_pct": 19.44 }, "geometry": { "type": "Polygon", "coordinates": [ [ [ 128.588066, 35.239224 ], [ 128.588078, 35.240125 ], [ 128.586979, 35.240135 ], [ 128.586967, 35.239234 ], [ 128.588066, 35.239224 ] ] ] } },
{ "type": "Feature", "properties": { "grid_id": "G032548", "child_risk_pct": 0.0, "elderly_risk_pct": 38.51 }, "geometry": { "type": "Polygon", "coordinates": [ [ [ 128.588078, 35.240125 ], [ 128.58809, 35.241027 ], [ 128.586991, 35.241037 ], [ 128.586979, 35.240135 ], [ 128.588078, 35.240125 ] ] ] } },
{ "type": "Feature", "properties": { "grid_id": "G032549", "child_risk_pct": 0.0, "elderly_risk_pct": 7.89 }, "geometry": { "type": "Polygon", "coordinates": [ [ [ 128.58809, 35.241027 ], [ 128.588102, 35.241928 ], [ 128.587003, 35.241938 ], [ 128.586991, 35.241037 ], [ 128.58809, 35.241027 ] ] ] } },
{ "type": "Feature", "properties": { "grid_id": "G032550", "child_risk_pct": 0.0, "elderly_risk_pct": 4.86 }, "geometry": { "type": "Polygon", "coordinates": [ [ [ 128.588102, 35.241928 ], [ 128.588114, 35.24283 ], [ 128.587015, 35.24284 ], [ 128.587003, 35.241938 ], [ 128.588102, 35.241928 ] ] ] } },
{ "type": "Feature", "properties": { "grid_id": "G032551", "child_risk_pct": 0.0, "elderly_risk_pct": 9.03 }, "geometry": { "type": "Polygon", "coordinates": [ [ [ 128.588114, 35.24283 ], [ 128.588126, 35.243732 ], [ 128.587027, 35.243741 ], [ 128.587015, 35.24284 ], [ 128.588114, 35.24283 ] ] ] } },
{ "type": "Feature", "properties": { "grid_id": "G032552", "child_risk_pct": 0.6, "elderly_risk_pct": 13.25 }, "geometry": { "type": "Polygon", "coordinates": [ [ [ 128.588126, 35.243732 ], [ 128.588138, 35.244633 ], [ 128.587039, 35.244643 ], [ 128.587027, 35.243741 ], [ 128.588126, 35.243732 ] ] ] } },
{ "type": "Feature", "properties": { "grid_id": "G032553", "child_risk_pct": 6.45, "elderly_risk_pct": 4.52 }, "geometry": { "type": "Polygon", "coordinates": [ [ [ 128.588138, 35.244633 ], [ 128.58815, 35.245535 ], [ 128.587051, 35.245544 ], [ 128.587039, 35.244643 ], [ 128.588138, 35.244633 ] ] ] } },
{ "type": "Feature", "properties": { "grid_id": "G032608", "child_risk_pct": 3.95, "elderly_risk_pct": 0.0 }, "geometry": { "type": "Polygon", "coordinates": [ [ [ 128.588874, 35.299627 ], [ 128.588886, 35.300529 ], [ 128.587786, 35.300538 ], [ 128.587774, 35.299637 ], [ 128.588874, 35.299627 ] ] ] } },
{ "type": "Feature", "properties": { "grid_id": "G032610", "child_risk_pct": 8.33, "elderly_risk_pct": 0.0 }, "geometry": { "type": "Polygon", "coordinates": [ [ [ 128.588898, 35.30143 ], [ 128.58891, 35.302332 ], [ 128.587811, 35.302342 ], [ 128.587798, 35.30144 ], [ 128.588898, 35.30143 ] ] ] } },
{ "type": "Feature", "properties": { "grid_id": "G032611", "child_risk_pct": 4.49, "elderly_risk_pct": 0.0 }, "geometry": { "type": "Polygon", "coordinates": [ [ [ 128.58891, 35.302332 ], [ 128.588922, 35.303233 ], [ 128.587823, 35.303243 ], [ 128.587811, 35.302342 ], [ 128.58891, 35.302332 ] ] ] } },
{ "type": "Feature", "properties": { "grid_id": "G032674", "child_risk_pct": 0.0, "elderly_risk_pct": 4.32 }, "geometry": { "type": "Polygon", "coordinates": [ [ [ 128.589672, 35.359128 ], [ 128.589684, 35.36003 ], [ 128.588584, 35.36004 ], [ 128.588572, 35.359138 ], [ 128.589672, 35.359128 ] ] ] } },
{ "type": "Feature", "properties": { "grid_id": "G032825", "child_risk_pct": 0.0, "elderly_risk_pct": 33.14 }, "geometry": { "type": "Polygon", "coordinates": [ [ [ 128.588852, 35.215774 ], [ 128.588864, 35.216675 ], [ 128.587765, 35.216685 ], [ 128.587753, 35.215784 ], [ 128.588852, 35.215774 ] ] ] } },
{ "type": "Feature", "properties": { "grid_id": "G032826", "child_risk_pct": 0.0, "elderly_risk_pct": 8.78 }, "geometry": { "type": "Polygon", "coordinates": [ [ [ 128.588864, 35.216675 ], [ 128.588876, 35.217577 ], [ 128.587777, 35.217587 ], [ 128.587765, 35.216685 ], [ 128.588864, 35.216675 ] ] ] } },
{ "type": "Feature", "properties": { "grid_id": "G032830", "child_risk_pct": 0.0, "elderly_risk_pct": 11.11 }, "geometry": { "type": "Polygon", "coordinates": [ [ [ 128.588912, 35.220281 ], [ 128.588924, 35.221183 ], [ 128.587825, 35.221193 ], [ 128.587813, 35.220291 ], [ 128.588912, 35.220281 ] ] ] } },
{ "type": "Feature", "properties": { "grid_id": "G032831", "child_risk_pct": 0.0, "elderly_risk_pct": 13.19 }, "geometry": { "type": "Polygon", "coordinates": [ [ [ 128.588924, 35.221183 ], [ 128.588936, 35.222085 ], [ 128.587837, 35.222094 ], [ 128.587825, 35.221193 ], [ 128.588924, 35.221183 ] ] ] } },
{ "type": "Feature", "properties": { "grid_id": "G032832", "child_risk_pct": 0.0, "elderly_risk_pct": 5.36 }, "geometry": { "type": "Polygon", "coordinates": [ [ [ 128.588936, 35.222085 ], [ 128.588948, 35.222986 ], [ 128.587849, 35.222996 ], [ 128.587837, 35.222094 ], [ 128.588936, 35.222085 ] ] ] } },
{ "type": "Feature", "properties": { "grid_id": "G032833", "child_risk_pct": 0.0, "elderly_risk_pct": 30.52 }, "geometry": { "type": "Polygon", "coordinates": [ [ [ 128.588948, 35.222986 ], [ 128.58896, 35.223888 ], [ 128.587861, 35.223897 ], [ 128.587849, 35.222996 ], [ 128.588948, 35.222986 ] ] ] } },
{ "type": "Feature", "properties": { "grid_id": "G032834", "child_risk_pct": 0.0, "elderly_risk_pct": 6.25 }, "geometry": { "type": "Polygon", "coordinates": [ [ [ 128.58896, 35.223888 ], [ 128.588972, 35.224789 ], [ 128.587873, 35.224799 ], [ 128.587861, 35.223897 ], [ 128.58896, 35.223888 ] ] ] } },
{ "type": "Feature", "properties": { "grid_id": "G032836", "child_risk_pct": 0.0, "elderly_risk_pct": 40.13 }, "geometry": { "type": "Polygon", "coordinates": [ [ [ 128.588984, 35.225691 ], [ 128.588996, 35.226592 ], [ 128.587897, 35.226602 ], [ 128.587885, 35.225701 ], [ 128.588984, 35.225691 ] ] ] } },
{ "type": "Feature", "properties": { "grid_id": "G032837", "child_risk_pct": 0.0, "elderly_risk_pct": 4.17 }, "geometry": { "type": "Polygon", "coordinates": [ [ [ 128.588996, 35.226592 ], [ 128.589008, 35.227494 ], [ 128.58791, 35.227504 ], [ 128.587897, 35.226602 ], [ 128.588996, 35.226592 ] ] ] } },
{ "type": "Feature", "properties": { "grid_id": "G032840", "child_risk_pct": 0.0, "elderly_risk_pct": 3.21 }, "geometry": { "type": "Polygon", "coordinates": [ [ [ 128.589032, 35.229297 ], [ 128.589044, 35.230198 ], [ 128.587946, 35.230208 ], [ 128.587934, 35.229307 ], [ 128.589032, 35.229297 ] ] ] } },
{ "type": "Feature", "properties": { "grid_id": "G032841", "child_risk_pct": 0.0, "elderly_risk_pct": 2.04 }, "geometry": { "type": "Polygon", "coordinates": [ [ [ 128.589044, 35.230198 ], [ 128.589056, 35.2311 ], [ 128.587958, 35.23111 ], [ 128.587946, 35.230208 ], [ 128.589044, 35.230198 ] ] ] } },
{ "type": "Feature", "properties": { "grid_id": "G032842", "child_risk_pct": 0.0, "elderly_risk_pct": 8.78 }, "geometry": { "type": "Polygon", "coordinates": [ [ [ 128.589056, 35.2311 ], [ 128.589068, 35.232002 ], [ 128.58797, 35.232011 ], [ 128.587958, 35.23111 ], [ 128.589056, 35.2311 ] ] ] } },
{ "type": "Feature", "properties": { "grid_id": "G032843", "child_risk_pct": 0.0, "elderly_risk_pct": 46.71 }, "geometry": { "type": "Polygon", "coordinates": [ [ [ 128.589068, 35.232002 ], [ 128.589081, 35.232903 ], [ 128.587982, 35.232913 ], [ 128.58797, 35.232011 ], [ 128.589068, 35.232002 ] ] ] } },
{ "type": "Feature", "properties": { "grid_id": "G032844", "child_risk_pct": 0.0, "elderly_risk_pct": 1.39 }, "geometry": { "type": "Polygon", "coordinates": [ [ [ 128.589081, 35.232903 ], [ 128.589093, 35.233805 ], [ 128.587994, 35.233815 ], [ 128.587982, 35.232913 ], [ 128.589081, 35.232903 ] ] ] } },
{ "type": "Feature", "properties": { "grid_id": "G032846", "child_risk_pct": 17.95, "elderly_risk_pct": 0.0 }, "geometry": { "type": "Polygon", "coordinates": [ [ [ 128.589105, 35.234706 ], [ 128.589117, 35.235608 ], [ 128.588018, 35.235618 ], [ 128.588006, 35.234716 ], [ 128.589105, 35.234706 ] ] ] } },
{ "type": "Feature", "properties": { "grid_id": "G032847", "child_risk_pct": 42.95, "elderly_risk_pct": 11.54 }, "geometry": { "type": "Polygon", "coordinates": [ [ [ 128.589117, 35.235608 ], [ 128.589129, 35.236509 ], [ 128.58803, 35.236519 ], [ 128.588018, 35.235618 ], [ 128.589117, 35.235608 ] ] ] } },
{ "type": "Feature", "properties": { "grid_id": "G032848", "child_risk_pct": 0.0, "elderly_risk_pct": 27.45 }, "geometry": { "type": "Polygon", "coordinates": [ [ [ 128.589129, 35.236509 ], [ 128.589141, 35.237411 ], [ 128.588042, 35.237421 ], [ 128.58803, 35.236519 ], [ 128.589129, 35.236509 ] ] ] } },
{ "type": "Feature", "properties": { "grid_id": "G032851", "child_risk_pct": 0.0, "elderly_risk_pct": 3.47 }, "geometry": { "type": "Polygon", "coordinates": [ [ [ 128.589165, 35.239214 ], [ 128.589177, 35.240115 ], [ 128.588078, 35.240125 ], [ 128.588066, 35.239224 ], [ 128.589165, 35.239214 ] ] ] } },
{ "type": "Feature", "properties": { "grid_id": "G032852", "child_risk_pct": 0.0, "elderly_risk_pct": 15.97 }, "geometry": { "type": "Polygon", "coordinates": [ [ [ 128.589177, 35.240115 ], [ 128.589189, 35.241017 ], [ 128.58809, 35.241027 ], [ 128.588078, 35.240125 ], [ 128.589177, 35.240115 ] ] ] } },
{ "type": "Feature", "properties": { "grid_id": "G032853", "child_risk_pct": 0.0, "elderly_risk_pct": 14.1 }, "geometry": { "type": "Polygon", "coordinates": [ [ [ 128.589189, 35.241017 ], [ 128.589201, 35.241919 ], [ 128.588102, 35.241928 ], [ 128.58809, 35.241027 ], [ 128.589189, 35.241017 ] ] ] } },
{ "type": "Feature", "properties": { "grid_id": "G032854", "child_risk_pct": 0.0, "elderly_risk_pct": 11.26 }, "geometry": { "type": "Polygon", "coordinates": [ [ [ 128.589201, 35.241919 ], [ 128.589213, 35.24282 ], [ 128.588114, 35.24283 ], [ 128.588102, 35.241928 ], [ 128.589201, 35.241919 ] ] ] } },
{ "type": "Feature", "properties": { "grid_id": "G032855", "child_risk_pct": 0.0, "elderly_risk_pct": 28.21 }, "geometry": { "type": "Polygon", "coordinates": [ [ [ 128.589213, 35.24282 ], [ 128.589225, 35.243722 ], [ 128.588126, 35.243732 ], [ 128.588114, 35.24283 ], [ 128.589213, 35.24282 ] ] ] } },
{ "type": "Feature", "properties": { "grid_id": "G032856", "child_risk_pct": 0.0, "elderly_risk_pct": 28.76 }, "geometry": { "type": "Polygon", "coordinates": [ [ [ 128.589225, 35.243722 ], [ 128.589237, 35.244623 ], [ 128.588138, 35.244633 ], [ 128.588126, 35.243732 ], [ 128.589225, 35.243722 ] ] ] } },
{ "type": "Feature", "properties": { "grid_id": "G032857", "child_risk_pct": 0.0, "elderly_risk_pct": 14.67 }, "geometry": { "type": "Polygon", "coordinates": [ [ [ 128.589237, 35.244623 ], [ 128.589249, 35.245525 ], [ 128.58815, 35.245535 ], [ 128.588138, 35.244633 ], [ 128.589237, 35.244623 ] ] ] } },
{ "type": "Feature", "properties": { "grid_id": "G032913", "child_risk_pct": 0.0, "elderly_risk_pct": 3.47 }, "geometry": { "type": "Polygon", "coordinates": [ [ [ 128.589986, 35.300519 ], [ 128.589998, 35.30142 ], [ 128.588898, 35.30143 ], [ 128.588886, 35.300529 ], [ 128.589986, 35.300519 ] ] ] } },
{ "type": "Feature", "properties": { "grid_id": "G032914", "child_risk_pct": 27.08, "elderly_risk_pct": 4.86 }, "geometry": { "type": "Polygon", "coordinates": [ [ [ 128.589998, 35.30142 ], [ 128.59001, 35.302322 ], [ 128.58891, 35.302332 ], [ 128.588898, 35.30143 ], [ 128.589998, 35.30142 ] ] ] } },
{ "type": "Feature", "properties": { "grid_id": "G032915", "child_risk_pct": 36.02, "elderly_risk_pct": 0.0 }, "geometry": { "type": "Polygon", "coordinates": [ [ [ 128.59001, 35.302322 ], [ 128.590022, 35.303223 ], [ 128.588922, 35.303233 ], [ 128.58891, 35.302332 ], [ 128.59001, 35.302322 ] ] ] } },
{ "type": "Feature", "properties": { "grid_id": "G032978", "child_risk_pct": 0.0, "elderly_risk_pct": 16.99 }, "geometry": { "type": "Polygon", "coordinates": [ [ [ 128.590773, 35.359118 ], [ 128.590785, 35.36002 ], [ 128.589684, 35.36003 ], [ 128.589672, 35.359128 ], [ 128.590773, 35.359118 ] ] ] } },
{ "type": "Feature", "properties": { "grid_id": "G032979", "child_risk_pct": 0.0, "elderly_risk_pct": 10.2 }, "geometry": { "type": "Polygon", "coordinates": [ [ [ 128.590785, 35.36002 ], [ 128.590797, 35.360921 ], [ 128.589697, 35.360931 ], [ 128.589684, 35.36003 ], [ 128.590785, 35.36002 ] ] ] } },
{ "type": "Feature", "properties": { "grid_id": "G033129", "child_risk_pct": 0.0, "elderly_risk_pct": 7.38 }, "geometry": { "type": "Polygon", "coordinates": [ [ [ 128.58995, 35.215764 ], [ 128.589962, 35.216665 ], [ 128.588864, 35.216675 ], [ 128.588852, 35.215774 ], [ 128.58995, 35.215764 ] ] ] } },
{ "type": "Feature", "properties": { "grid_id": "G033135", "child_risk_pct": 0.0, "elderly_risk_pct": 5.13 }, "geometry": { "type": "Polygon", "coordinates": [ [ [ 128.590023, 35.221173 ], [ 128.590035, 35.222075 ], [ 128.588936, 35.222085 ], [ 128.588924, 35.221183 ], [ 128.590023, 35.221173 ] ] ] } },
{ "type": "Feature", "properties": { "grid_id": "G033136", "child_risk_pct": 0.0, "elderly_risk_pct": 53.02 }, "geometry": { "type": "Polygon", "coordinates": [ [ [ 128.590035, 35.222075 ], [ 128.590047, 35.222976 ], [ 128.588948, 35.222986 ], [ 128.588936, 35.222085 ], [ 128.590035, 35.222075 ] ] ] } },
{ "type": "Feature", "properties": { "grid_id": "G033137", "child_risk_pct": 0.0, "elderly_risk_pct": 34.21 }, "geometry": { "type": "Polygon", "coordinates": [ [ [ 128.590047, 35.222976 ], [ 128.590059, 35.223878 ], [ 128.58896, 35.223888 ], [ 128.588948, 35.222986 ], [ 128.590047, 35.222976 ] ] ] } },
{ "type": "Feature", "properties": { "grid_id": "G033138", "child_risk_pct": 0.0, "elderly_risk_pct": 3.47 }, "geometry": { "type": "Polygon", "coordinates": [ [ [ 128.590059, 35.223878 ], [ 128.590071, 35.224779 ], [ 128.588972, 35.224789 ], [ 128.58896, 35.223888 ], [ 128.590059, 35.223878 ] ] ] } },
{ "type": "Feature", "properties": { "grid_id": "G033140", "child_risk_pct": 0.0, "elderly_risk_pct": 9.62 }, "geometry": { "type": "Polygon", "coordinates": [ [ [ 128.590083, 35.225681 ], [ 128.590095, 35.226582 ], [ 128.588996, 35.226592 ], [ 128.588984, 35.225691 ], [ 128.590083, 35.225681 ] ] ] } },
{ "type": "Feature", "properties": { "grid_id": "G033147", "child_risk_pct": 0.0, "elderly_risk_pct": 8.97 }, "geometry": { "type": "Polygon", "coordinates": [ [ [ 128.590167, 35.231992 ], [ 128.590179, 35.232893 ], [ 128.589081, 35.232903 ], [ 128.589068, 35.232002 ], [ 128.590167, 35.231992 ] ] ] } },
{ "type": "Feature", "properties": { "grid_id": "G033150", "child_risk_pct": 1.23, "elderly_risk_pct": 9.26 }, "geometry": { "type": "Polygon", "coordinates": [ [ [ 128.590203, 35.234696 ], [ 128.590216, 35.235598 ], [ 128.589117, 35.235608 ], [ 128.589105, 35.234706 ], [ 128.590203, 35.234696 ] ] ] } },
{ "type": "Feature", "properties": { "grid_id": "G033151", "child_risk_pct": 0.0, "elderly_risk_pct": 15.89 }, "geometry": { "type": "Polygon", "coordinates": [ [ [ 128.590216, 35.235598 ], [ 128.590228, 35.236499 ], [ 128.589129, 35.236509 ], [ 128.589117, 35.235608 ], [ 128.590216, 35.235598 ] ] ] } },
{ "type": "Feature", "properties": { "grid_id": "G033153", "child_risk_pct": 21.53, "elderly_risk_pct": 0.0 }, "geometry": { "type": "Polygon", "coordinates": [ [ [ 128.59024, 35.237401 ], [ 128.590252, 35.238302 ], [ 128.589153, 35.238312 ], [ 128.589141, 35.237411 ], [ 128.59024, 35.237401 ] ] ] } },
{ "type": "Feature", "properties": { "grid_id": "G033154", "child_risk_pct": 7.69, "elderly_risk_pct": 0.0 }, "geometry": { "type": "Polygon", "coordinates": [ [ [ 128.590252, 35.238302 ], [ 128.590264, 35.239204 ], [ 128.589165, 35.239214 ], [ 128.589153, 35.238312 ], [ 128.590252, 35.238302 ] ] ] } },
{ "type": "Feature", "properties": { "grid_id": "G033155", "child_risk_pct": 2.08, "elderly_risk_pct": 2.08 }, "geometry": { "type": "Polygon", "coordinates": [ [ [ 128.590264, 35.239204 ], [ 128.590276, 35.240106 ], [ 128.589177, 35.240115 ], [ 128.589165, 35.239214 ], [ 128.590264, 35.239204 ] ] ] } },
{ "type": "Feature", "properties": { "grid_id": "G033156", "child_risk_pct": 31.97, "elderly_risk_pct": 23.81 }, "geometry": { "type": "Polygon", "coordinates": [ [ [ 128.590276, 35.240106 ], [ 128.590288, 35.241007 ], [ 128.589189, 35.241017 ], [ 128.589177, 35.240115 ], [ 128.590276, 35.240106 ] ] ] } },
{ "type": "Feature", "properties": { "grid_id": "G033159", "child_risk_pct": 0.0, "elderly_risk_pct": 8.33 }, "geometry": { "type": "Polygon", "coordinates": [ [ [ 128.590312, 35.24281 ], [ 128.590324, 35.243712 ], [ 128.589225, 35.243722 ], [ 128.589213, 35.24282 ], [ 128.590312, 35.24281 ] ] ] } },
{ "type": "Feature", "properties": { "grid_id": "G033160", "child_risk_pct": 0.0, "elderly_risk_pct": 36.11 }, "geometry": { "type": "Polygon", "coordinates": [ [ [ 128.590324, 35.243712 ], [ 128.590336, 35.244613 ], [ 128.589237, 35.244623 ], [ 128.589225, 35.243722 ], [ 128.590324, 35.243712 ] ] ] } },
{ "type": "Feature", "properties": { "grid_id": "G033161", "child_risk_pct": 0.0, "elderly_risk_pct": 33.97 }, "geometry": { "type": "Polygon", "coordinates": [ [ [ 128.590336, 35.244613 ], [ 128.590348, 35.245515 ], [ 128.589249, 35.245525 ], [ 128.589237, 35.244623 ], [ 128.590336, 35.244613 ] ] ] } },
{ "type": "Feature", "properties": { "grid_id": "G033162", "child_risk_pct": 0.0, "elderly_risk_pct": 3.47 }, "geometry": { "type": "Polygon", "coordinates": [ [ [ 128.590348, 35.245515 ], [ 128.59036, 35.246416 ], [ 128.589261, 35.246426 ], [ 128.589249, 35.245525 ], [ 128.590348, 35.245515 ] ] ] } },
{ "type": "Feature", "properties": { "grid_id": "G033163", "child_risk_pct": 0.0, "elderly_risk_pct": 3.47 }, "geometry": { "type": "Polygon", "coordinates": [ [ [ 128.59036, 35.246416 ], [ 128.590372, 35.247318 ], [ 128.589273, 35.247328 ], [ 128.589261, 35.246426 ], [ 128.59036, 35.246416 ] ] ] } },
{ "type": "Feature", "properties": { "grid_id": "G033164", "child_risk_pct": 0.0, "elderly_risk_pct": 6.13 }, "geometry": { "type": "Polygon", "coordinates": [ [ [ 128.590372, 35.247318 ], [ 128.590384, 35.248219 ], [ 128.589285, 35.248229 ], [ 128.589273, 35.247328 ], [ 128.590372, 35.247318 ] ] ] } },
{ "type": "Feature", "properties": { "grid_id": "G033219", "child_risk_pct": 0.0, "elderly_risk_pct": 6.49 }, "geometry": { "type": "Polygon", "coordinates": [ [ [ 128.591086, 35.300509 ], [ 128.591098, 35.30141 ], [ 128.589998, 35.30142 ], [ 128.589986, 35.300519 ], [ 128.591086, 35.300509 ] ] ] } },
{ "type": "Feature", "properties": { "grid_id": "G033220", "child_risk_pct": 3.85, "elderly_risk_pct": 7.69 }, "geometry": { "type": "Polygon", "coordinates": [ [ [ 128.591098, 35.30141 ], [ 128.59111, 35.302312 ], [ 128.59001, 35.302322 ], [ 128.589998, 35.30142 ], [ 128.591098, 35.30141 ] ] ] } },
{ "type": "Feature", "properties": { "grid_id": "G033221", "child_risk_pct": 2.01, "elderly_risk_pct": 0.0 }, "geometry": { "type": "Polygon", "coordinates": [ [ [ 128.59111, 35.302312 ], [ 128.591122, 35.303213 ], [ 128.590022, 35.303223 ], [ 128.59001, 35.302322 ], [ 128.59111, 35.302312 ] ] ] } },
{ "type": "Feature", "properties": { "grid_id": "G033443", "child_risk_pct": 0.0, "elderly_risk_pct": 0.69 }, "geometry": { "type": "Polygon", "coordinates": [ [ [ 128.591133, 35.222065 ], [ 128.591145, 35.222966 ], [ 128.590047, 35.222976 ], [ 128.590035, 35.222075 ], [ 128.591133, 35.222065 ] ] ] } },
{ "type": "Feature", "properties": { "grid_id": "G033458", "child_risk_pct": 0.0, "elderly_risk_pct": 1.28 }, "geometry": { "type": "Polygon", "coordinates": [ [ [ 128.591314, 35.235588 ], [ 128.591326, 35.236489 ], [ 128.590228, 35.236499 ], [ 128.590216, 35.235598 ], [ 128.591314, 35.235588 ] ] ] } },
{ "type": "Feature", "properties": { "grid_id": "G033461", "child_risk_pct": 1.32, "elderly_risk_pct": 0.0 }, "geometry": { "type": "Polygon", "coordinates": [ [ [ 128.591351, 35.238293 ], [ 128.591363, 35.239194 ], [ 128.590264, 35.239204 ], [ 128.590252, 35.238302 ], [ 128.591351, 35.238293 ] ] ] } },
{ "type": "Feature", "properties": { "grid_id": "G033462", "child_risk_pct": 4.32, "elderly_risk_pct": 3.09 }, "geometry": { "type": "Polygon", "coordinates": [ [ [ 128.591363, 35.239194 ], [ 128.591375, 35.240096 ], [ 128.590276, 35.240106 ], [ 128.590264, 35.239204 ], [ 128.591363, 35.239194 ] ] ] } },
{ "type": "Feature", "properties": { "grid_id": "G033468", "child_risk_pct": 0.0, "elderly_risk_pct": 1.97 }, "geometry": { "type": "Polygon", "coordinates": [ [ [ 128.591435, 35.244603 ], [ 128.591447, 35.245505 ], [ 128.590348, 35.245515 ], [ 128.590336, 35.244613 ], [ 128.591435, 35.244603 ] ] ] } },
{ "type": "Feature", "properties": { "grid_id": "G033469", "child_risk_pct": 0.0, "elderly_risk_pct": 16.77 }, "geometry": { "type": "Polygon", "coordinates": [ [ [ 128.591447, 35.245505 ], [ 128.591459, 35.246406 ], [ 128.59036, 35.246416 ], [ 128.590348, 35.245515 ], [ 128.591447, 35.245505 ] ] ] } },
{ "type": "Feature", "properties": { "grid_id": "G033470", "child_risk_pct": 0.0, "elderly_risk_pct": 4.49 }, "geometry": { "type": "Polygon", "coordinates": [ [ [ 128.591459, 35.246406 ], [ 128.591471, 35.247308 ], [ 128.590372, 35.247318 ], [ 128.59036, 35.246416 ], [ 128.591459, 35.246406 ] ] ] } },
{ "type": "Feature", "properties": { "grid_id": "G033471", "child_risk_pct": 0.0, "elderly_risk_pct": 17.81 }, "geometry": { "type": "Polygon", "coordinates": [ [ [ 128.591471, 35.247308 ], [ 128.591483, 35.24821 ], [ 128.590384, 35.248219 ], [ 128.590372, 35.247318 ], [ 128.591471, 35.247308 ] ] ] } },
{ "type": "Feature", "properties": { "grid_id": "G033472", "child_risk_pct": 0.0, "elderly_risk_pct": 7.05 }, "geometry": { "type": "Polygon", "coordinates": [ [ [ 128.591483, 35.24821 ], [ 128.591496, 35.249111 ], [ 128.590397, 35.249121 ], [ 128.590384, 35.248219 ], [ 128.591483, 35.24821 ] ] ] } },
{ "type": "Feature", "properties": { "grid_id": "G033475", "child_risk_pct": 0.0, "elderly_risk_pct": 2.6 }, "geometry": { "type": "Polygon", "coordinates": [ [ [ 128.59152, 35.250914 ], [ 128.591532, 35.251816 ], [ 128.590433, 35.251826 ], [ 128.590421, 35.250924 ], [ 128.59152, 35.250914 ] ] ] } },
{ "type": "Feature", "properties": { "grid_id": "G033782", "child_risk_pct": 17.95, "elderly_risk_pct": 0.0 }, "geometry": { "type": "Polygon", "coordinates": [ [ [ 128.592534, 35.244593 ], [ 128.592546, 35.245495 ], [ 128.591447, 35.245505 ], [ 128.591435, 35.244603 ], [ 128.592534, 35.244593 ] ] ] } },
{ "type": "Feature", "properties": { "grid_id": "G033783", "child_risk_pct": 14.2, "elderly_risk_pct": 2.47 }, "geometry": { "type": "Polygon", "coordinates": [ [ [ 128.592546, 35.245495 ], [ 128.592558, 35.246397 ], [ 128.591459, 35.246406 ], [ 128.591447, 35.245505 ], [ 128.592546, 35.245495 ] ] ] } },
{ "type": "Feature", "properties": { "grid_id": "G033785", "child_risk_pct": 0.0, "elderly_risk_pct": 4.86 }, "geometry": { "type": "Polygon", "coordinates": [ [ [ 128.59257, 35.247298 ], [ 128.592582, 35.2482 ], [ 128.591483, 35.24821 ], [ 128.591471, 35.247308 ], [ 128.59257, 35.247298 ] ] ] } },
{ "type": "Feature", "properties": { "grid_id": "G033786", "child_risk_pct": 0.0, "elderly_risk_pct": 17.53 }, "geometry": { "type": "Polygon", "coordinates": [ [ [ 128.592582, 35.2482 ], [ 128.592595, 35.249101 ], [ 128.591496, 35.249111 ], [ 128.591483, 35.24821 ], [ 128.592582, 35.2482 ] ] ] } },
{ "type": "Feature", "properties": { "grid_id": "G033787", "child_risk_pct": 0.0, "elderly_risk_pct": 15.07 }, "geometry": { "type": "Polygon", "coordinates": [ [ [ 128.592595, 35.249101 ], [ 128.592607, 35.250003 ], [ 128.591508, 35.250013 ], [ 128.591496, 35.249111 ], [ 128.592595, 35.249101 ] ] ] } },
{ "type": "Feature", "properties": { "grid_id": "G033788", "child_risk_pct": 0.0, "elderly_risk_pct": 7.64 }, "geometry": { "type": "Polygon", "coordinates": [ [ [ 128.592607, 35.250003 ], [ 128.592619, 35.250904 ], [ 128.59152, 35.250914 ], [ 128.591508, 35.250013 ], [ 128.592607, 35.250003 ] ] ] } },
{ "type": "Feature", "properties": { "grid_id": "G033789", "child_risk_pct": 0.0, "elderly_risk_pct": 27.92 }, "geometry": { "type": "Polygon", "coordinates": [ [ [ 128.592619, 35.250904 ], [ 128.592631, 35.251806 ], [ 128.591532, 35.251816 ], [ 128.59152, 35.250914 ], [ 128.592619, 35.250904 ] ] ] } },
{ "type": "Feature", "properties": { "grid_id": "G033790", "child_risk_pct": 0.0, "elderly_risk_pct": 2.99 }, "geometry": { "type": "Polygon", "coordinates": [ [ [ 128.592631, 35.251806 ], [ 128.592643, 35.252707 ], [ 128.591544, 35.252717 ], [ 128.591532, 35.251816 ], [ 128.592631, 35.251806 ] ] ] } },
{ "type": "Feature", "properties": { "grid_id": "G033839", "child_risk_pct": 0.0, "elderly_risk_pct": 18.75 }, "geometry": { "type": "Polygon", "coordinates": [ [ [ 128.593224, 35.295981 ], [ 128.593236, 35.296883 ], [ 128.592137, 35.296893 ], [ 128.592125, 35.295991 ], [ 128.593224, 35.295981 ] ] ] } },
{ "type": "Feature", "properties": { "grid_id": "G033840", "child_risk_pct": 0.0, "elderly_risk_pct": 14.58 }, "geometry": { "type": "Polygon", "coordinates": [ [ [ 128.593236, 35.296883 ], [ 128.593249, 35.297784 ], [ 128.592149, 35.297794 ], [ 128.592137, 35.296893 ], [ 128.593236, 35.296883 ] ] ] } },
{ "type": "Feature", "properties": { "grid_id": "G033844", "child_risk_pct": 0.65, "elderly_risk_pct": 0.0 }, "geometry": { "type": "Polygon", "coordinates": [ [ [ 128.593285, 35.300489 ], [ 128.593297, 35.30139 ], [ 128.592197, 35.3014 ], [ 128.592185, 35.300499 ], [ 128.593285, 35.300489 ] ] ] } },
{ "type": "Feature", "properties": { "grid_id": "G034102", "child_risk_pct": 20.14, "elderly_risk_pct": 0.0 }, "geometry": { "type": "Polygon", "coordinates": [ [ [ 128.593633, 35.244584 ], [ 128.593645, 35.245485 ], [ 128.592546, 35.245495 ], [ 128.592534, 35.244593 ], [ 128.593633, 35.244584 ] ] ] } },
{ "type": "Feature", "properties": { "grid_id": "G034103", "child_risk_pct": 5.23, "elderly_risk_pct": 0.0 }, "geometry": { "type": "Polygon", "coordinates": [ [ [ 128.593645, 35.245485 ], [ 128.593657, 35.246387 ], [ 128.592558, 35.246397 ], [ 128.592546, 35.245495 ], [ 128.593645, 35.245485 ] ] ] } },
{ "type": "Feature", "properties": { "grid_id": "G034107", "child_risk_pct": 0.0, "elderly_risk_pct": 15.85 }, "geometry": { "type": "Polygon", "coordinates": [ [ [ 128.593694, 35.249091 ], [ 128.593706, 35.249993 ], [ 128.592607, 35.250003 ], [ 128.592595, 35.249101 ], [ 128.593694, 35.249091 ] ] ] } },
{ "type": "Feature", "properties": { "grid_id": "G034108", "child_risk_pct": 0.0, "elderly_risk_pct": 2.56 }, "geometry": { "type": "Polygon", "coordinates": [ [ [ 128.593706, 35.249993 ], [ 128.593718, 35.250894 ], [ 128.592619, 35.250904 ], [ 128.592607, 35.250003 ], [ 128.593706, 35.249993 ] ] ] } },
{ "type": "Feature", "properties": { "grid_id": "G034110", "child_risk_pct": 0.0, "elderly_risk_pct": 9.62 }, "geometry": { "type": "Polygon", "coordinates": [ [ [ 128.59373, 35.251796 ], [ 128.593742, 35.252697 ], [ 128.592643, 35.252707 ], [ 128.592631, 35.251806 ], [ 128.59373, 35.251796 ] ] ] } },
{ "type": "Feature", "properties": { "grid_id": "G034111", "child_risk_pct": 0.0, "elderly_risk_pct": 0.69 }, "geometry": { "type": "Polygon", "coordinates": [ [ [ 128.593742, 35.252697 ], [ 128.593754, 35.253599 ], [ 128.592655, 35.253609 ], [ 128.592643, 35.252707 ], [ 128.593742, 35.252697 ] ] ] } },
{ "type": "Feature", "properties": { "grid_id": "G034159", "child_risk_pct": 0.0, "elderly_risk_pct": 9.15 }, "geometry": { "type": "Polygon", "coordinates": [ [ [ 128.594324, 35.295971 ], [ 128.594336, 35.296873 ], [ 128.593236, 35.296883 ], [ 128.593224, 35.295981 ], [ 128.594324, 35.295971 ] ] ] } },
{ "type": "Feature", "properties": { "grid_id": "G034160", "child_risk_pct": 0.0, "elderly_risk_pct": 11.54 }, "geometry": { "type": "Polygon", "coordinates": [ [ [ 128.594336, 35.296873 ], [ 128.594348, 35.297774 ], [ 128.593249, 35.297784 ], [ 128.593236, 35.296883 ], [ 128.594336, 35.296873 ] ] ] } },
{ "type": "Feature", "properties": { "grid_id": "G034163", "child_risk_pct": 18.75, "elderly_risk_pct": 0.0 }, "geometry": { "type": "Polygon", "coordinates": [ [ [ 128.594373, 35.299577 ], [ 128.594385, 35.300479 ], [ 128.593285, 35.300489 ], [ 128.593273, 35.299587 ], [ 128.594373, 35.299577 ] ] ] } },
{ "type": "Feature", "properties": { "grid_id": "G034164", "child_risk_pct": 10.42, "elderly_risk_pct": 0.0 }, "geometry": { "type": "Polygon", "coordinates": [ [ [ 128.594385, 35.300479 ], [ 128.594397, 35.30138 ], [ 128.593297, 35.30139 ], [ 128.593285, 35.300489 ], [ 128.594385, 35.300479 ] ] ] } },
{ "type": "Feature", "properties": { "grid_id": "G034187", "child_risk_pct": 0.0, "elderly_risk_pct": 13.19 }, "geometry": { "type": "Polygon", "coordinates": [ [ [ 128.594664, 35.321214 ], [ 128.594676, 35.322116 ], [ 128.593576, 35.322126 ], [ 128.593564, 35.321224 ], [ 128.594664, 35.321214 ] ] ] } },
{ "type": "Feature", "properties": { "grid_id": "G034188", "child_risk_pct": 0.0, "elderly_risk_pct": 3.14 }, "geometry": { "type": "Polygon", "coordinates": [ [ [ 128.594676, 35.322116 ], [ 128.594688, 35.323017 ], [ 128.593588, 35.323027 ], [ 128.593576, 35.322126 ], [ 128.594676, 35.322116 ] ] ] } },
{ "type": "Feature", "properties": { "grid_id": "G034250", "child_risk_pct": 0.0, "elderly_risk_pct": 29.17 }, "geometry": { "type": "Polygon", "coordinates": [ [ [ 128.595431, 35.37801 ], [ 128.595443, 35.378912 ], [ 128.594342, 35.378922 ], [ 128.59433, 35.37802 ], [ 128.595431, 35.37801 ] ] ] } },
{ "type": "Feature", "properties": { "grid_id": "G034251", "child_risk_pct": 0.0, "elderly_risk_pct": 9.62 }, "geometry": { "type": "Polygon", "coordinates": [ [ [ 128.595443, 35.378912 ], [ 128.595455, 35.379813 ], [ 128.594354, 35.379823 ], [ 128.594342, 35.378922 ], [ 128.595443, 35.378912 ] ] ] } },
{ "type": "Feature", "properties": { "grid_id": "G034406", "child_risk_pct": 0.0, "elderly_risk_pct": 1.18 }, "geometry": { "type": "Polygon", "coordinates": [ [ [ 128.594417, 35.221133 ], [ 128.594429, 35.222035 ], [ 128.593331, 35.222045 ], [ 128.593318, 35.221143 ], [ 128.594417, 35.221133 ] ] ] } },
{ "type": "Feature", "properties": { "grid_id": "G034434", "child_risk_pct": 0.0, "elderly_risk_pct": 13.46 }, "geometry": { "type": "Polygon", "coordinates": [ [ [ 128.594756, 35.246377 ], [ 128.594768, 35.247278 ], [ 128.593669, 35.247288 ], [ 128.593657, 35.246387 ], [ 128.594756, 35.246377 ] ] ] } },
{ "type": "Feature", "properties": { "grid_id": "G034435", "child_risk_pct": 0.0, "elderly_risk_pct": 1.35 }, "geometry": { "type": "Polygon", "coordinates": [ [ [ 128.594768, 35.247278 ], [ 128.59478, 35.24818 ], [ 128.593681, 35.24819 ], [ 128.593669, 35.247288 ], [ 128.594768, 35.247278 ] ] ] } },
{ "type": "Feature", "properties": { "grid_id": "G034436", "child_risk_pct": 0.0, "elderly_risk_pct": 2.56 }, "geometry": { "type": "Polygon", "coordinates": [ [ [ 128.59478, 35.24818 ], [ 128.594793, 35.249081 ], [ 128.593694, 35.249091 ], [ 128.593681, 35.24819 ], [ 128.59478, 35.24818 ] ] ] } },
{ "type": "Feature", "properties": { "grid_id": "G034437", "child_risk_pct": 0.0, "elderly_risk_pct": 16.25 }, "geometry": { "type": "Polygon", "coordinates": [ [ [ 128.594793, 35.249081 ], [ 128.594805, 35.249983 ], [ 128.593706, 35.249993 ], [ 128.593694, 35.249091 ], [ 128.594793, 35.249081 ] ] ] } },
{ "type": "Feature", "properties": { "grid_id": "G034440", "child_risk_pct": 0.0, "elderly_risk_pct": 29.17 }, "geometry": { "type": "Polygon", "coordinates": [ [ [ 128.594829, 35.251786 ], [ 128.594841, 35.252687 ], [ 128.593742, 35.252697 ], [ 128.59373, 35.251796 ], [ 128.594829, 35.251786 ] ] ] } },
{ "type": "Feature", "properties": { "grid_id": "G034441", "child_risk_pct": 0.0, "elderly_risk_pct": 8.97 }, "geometry": { "type": "Polygon", "coordinates": [ [ [ 128.594841, 35.252687 ], [ 128.594853, 35.253589 ], [ 128.593754, 35.253599 ], [ 128.593742, 35.252697 ], [ 128.594841, 35.252687 ] ] ] } },
{ "type": "Feature", "properties": { "grid_id": "G034444", "child_risk_pct": 0.0, "elderly_risk_pct": 23.49 }, "geometry": { "type": "Polygon", "coordinates": [ [ [ 128.594877, 35.255392 ], [ 128.59489, 35.256294 ], [ 128.59379, 35.256304 ], [ 128.593778, 35.255402 ], [ 128.594877, 35.255392 ] ] ] } },
{ "type": "Feature", "properties": { "grid_id": "G034445", "child_risk_pct": 0.0, "elderly_risk_pct": 24.31 }, "geometry": { "type": "Polygon", "coordinates": [ [ [ 128.59489, 35.256294 ], [ 128.594902, 35.257195 ], [ 128.593803, 35.257205 ], [ 128.59379, 35.256304 ], [ 128.59489, 35.256294 ] ] ] } },
{ "type": "Feature", "properties": { "grid_id": "G034494", "child_risk_pct": 10.27, "elderly_risk_pct": 0.0 }, "geometry": { "type": "Polygon", "coordinates": [ [ [ 128.595484, 35.300469 ], [ 128.595497, 35.30137 ], [ 128.594397, 35.30138 ], [ 128.594385, 35.300479 ], [ 128.595484, 35.300469 ] ] ] } },
{ "type": "Feature", "properties": { "grid_id": "G034495", "child_risk_pct": 29.17, "elderly_risk_pct": 0.0 }, "geometry": { "type": "Polygon", "coordinates": [ [ [ 128.595497, 35.30137 ], [ 128.595509, 35.302272 ], [ 128.594409, 35.302282 ], [ 128.594397, 35.30138 ], [ 128.595497, 35.30137 ] ] ] } },
{ "type": "Feature", "properties": { "grid_id": "G034496", "child_risk_pct": 5.23, "elderly_risk_pct": 0.0 }, "geometry": { "type": "Polygon", "coordinates": [ [ [ 128.595509, 35.302272 ], [ 128.595521, 35.303174 ], [ 128.594421, 35.303184 ], [ 128.594409, 35.302282 ], [ 128.595509, 35.302272 ] ] ] } },
{ "type": "Feature", "properties": { "grid_id": "G034517", "child_risk_pct": 0.0, "elderly_risk_pct": 7.69 }, "geometry": { "type": "Polygon", "coordinates": [ [ [ 128.595764, 35.321204 ], [ 128.595776, 35.322106 ], [ 128.594676, 35.322116 ], [ 128.594664, 35.321214 ], [ 128.595764, 35.321204 ] ] ] } },
{ "type": "Feature", "properties": { "grid_id": "G034580", "child_risk_pct": 0.0, "elderly_risk_pct": 6.94 }, "geometry": { "type": "Polygon", "coordinates": [ [ [ 128.596531, 35.378 ], [ 128.596544, 35.378902 ], [ 128.595443, 35.378912 ], [ 128.595431, 35.37801 ], [ 128.596531, 35.378 ] ] ] } },
{ "type": "Feature", "properties": { "grid_id": "G034581", "child_risk_pct": 0.0, "elderly_risk_pct": 1.92 }, "geometry": { "type": "Polygon", "coordinates": [ [ [ 128.596544, 35.378902 ], [ 128.596556, 35.379803 ], [ 128.595455, 35.379813 ], [ 128.595443, 35.378912 ], [ 128.596544, 35.378902 ] ] ] } },
{ "type": "Feature", "properties": { "grid_id": "G034740", "child_risk_pct": 0.0, "elderly_risk_pct": 33.33 }, "geometry": { "type": "Polygon", "coordinates": [ [ [ 128.595504, 35.220222 ], [ 128.595516, 35.221123 ], [ 128.594417, 35.221133 ], [ 128.594405, 35.220232 ], [ 128.595504, 35.220222 ] ] ] } },
{ "type": "Feature", "properties": { "grid_id": "G034741", "child_risk_pct": 0.0, "elderly_risk_pct": 25.0 }, "geometry": { "type": "Polygon", "coordinates": [ [ [ 128.595516, 35.221123 ], [ 128.595528, 35.222025 ], [ 128.594429, 35.222035 ], [ 128.594417, 35.221133 ], [ 128.595516, 35.221123 ] ] ] } },
{ "type": "Feature", "properties": { "grid_id": "G034769", "child_risk_pct": 0.0, "elderly_risk_pct": 26.79 }, "geometry": { "type": "Polygon", "coordinates": [ [ [ 128.595855, 35.246367 ], [ 128.595867, 35.247268 ], [ 128.594768, 35.247278 ], [ 128.594756, 35.246377 ], [ 128.595855, 35.246367 ] ] ] } },
{ "type": "Feature", "properties": { "grid_id": "G034770", "child_risk_pct": 0.0, "elderly_risk_pct": 3.27 }, "geometry": { "type": "Polygon", "coordinates": [ [ [ 128.595867, 35.247268 ], [ 128.595879, 35.24817 ], [ 128.59478, 35.24818 ], [ 128.594768, 35.247278 ], [ 128.595867, 35.247268 ] ] ] } },
{ "type": "Feature", "properties": { "grid_id": "G034772", "child_risk_pct": 0.0, "elderly_risk_pct": 17.36 }, "geometry": { "type": "Polygon", "coordinates": [ [ [ 128.595892, 35.249071 ], [ 128.595904, 35.249973 ], [ 128.594805, 35.249983 ], [ 128.594793, 35.249081 ], [ 128.595892, 35.249071 ] ] ] } },
{ "type": "Feature", "properties": { "grid_id": "G034773", "child_risk_pct": 0.0, "elderly_risk_pct": 2.56 }, "geometry": { "type": "Polygon", "coordinates": [ [ [ 128.595904, 35.249973 ], [ 128.595916, 35.250874 ], [ 128.594817, 35.250884 ], [ 128.594805, 35.249983 ], [ 128.595904, 35.249973 ] ] ] } },
{ "type": "Feature", "properties": { "grid_id": "G034777", "child_risk_pct": 0.0, "elderly_risk_pct": 3.21 }, "geometry": { "type": "Polygon", "coordinates": [ [ [ 128.595952, 35.253579 ], [ 128.595964, 35.254481 ], [ 128.594865, 35.254491 ], [ 128.594853, 35.253589 ], [ 128.595952, 35.253579 ] ] ] } },
{ "type": "Feature", "properties": { "grid_id": "G034778", "child_risk_pct": 0.0, "elderly_risk_pct": 24.14 }, "geometry": { "type": "Polygon", "coordinates": [ [ [ 128.595964, 35.254481 ], [ 128.595977, 35.255382 ], [ 128.594877, 35.255392 ], [ 128.594865, 35.254491 ], [ 128.595964, 35.254481 ] ] ] } },
{ "type": "Feature", "properties": { "grid_id": "G034779", "child_risk_pct": 0.0, "elderly_risk_pct": 5.48 }, "geometry": { "type": "Polygon", "coordinates": [ [ [ 128.595977, 35.255382 ], [ 128.595989, 35.256284 ], [ 128.59489, 35.256294 ], [ 128.594877, 35.255392 ], [ 128.595977, 35.255382 ] ] ] } },
{ "type": "Feature", "properties": { "grid_id": "G034780", "child_risk_pct": 0.0, "elderly_risk_pct": 4.55 }, "geometry": { "type": "Polygon", "coordinates": [ [ [ 128.595989, 35.256284 ], [ 128.596001, 35.257185 ], [ 128.594902, 35.257195 ], [ 128.59489, 35.256294 ], [ 128.595989, 35.256284 ] ] ] } },
{ "type": "Feature", "properties": { "grid_id": "G034829", "child_risk_pct": 11.04, "elderly_risk_pct": 0.0 }, "geometry": { "type": "Polygon", "coordinates": [ [ [ 128.596584, 35.300459 ], [ 128.596596, 35.301361 ], [ 128.595497, 35.30137 ], [ 128.595484, 35.300469 ], [ 128.596584, 35.300459 ] ] ] } },
{ "type": "Feature", "properties": { "grid_id": "G034830", "child_risk_pct": 42.36, "elderly_risk_pct": 0.0 }, "geometry": { "type": "Polygon", "coordinates": [ [ [ 128.596596, 35.301361 ], [ 128.596608, 35.302262 ], [ 128.595509, 35.302272 ], [ 128.595497, 35.30137 ], [ 128.596596, 35.301361 ] ] ] } },
{ "type": "Feature", "properties": { "grid_id": "G034831", "child_risk_pct": 8.33, "elderly_risk_pct": 0.0 }, "geometry": { "type": "Polygon", "coordinates": [ [ [ 128.596608, 35.302262 ], [ 128.596621, 35.303164 ], [ 128.595521, 35.303174 ], [ 128.595509, 35.302272 ], [ 128.596608, 35.302262 ] ] ] } },
{ "type": "Feature", "properties": { "grid_id": "G035076", "child_risk_pct": 0.0, "elderly_risk_pct": 11.54 }, "geometry": { "type": "Polygon", "coordinates": [ [ [ 128.596627, 35.222015 ], [ 128.596639, 35.222917 ], [ 128.59554, 35.222927 ], [ 128.595528, 35.222025 ], [ 128.596627, 35.222015 ] ] ] } },
{ "type": "Feature", "properties": { "grid_id": "G035106", "child_risk_pct": 0.0, "elderly_risk_pct": 22.22 }, "geometry": { "type": "Polygon", "coordinates": [ [ [ 128.596991, 35.249061 ], [ 128.597003, 35.249963 ], [ 128.595904, 35.249973 ], [ 128.595892, 35.249071 ], [ 128.596991, 35.249061 ] ] ] } },
{ "type": "Feature", "properties": { "grid_id": "G035107", "child_risk_pct": 0.0, "elderly_risk_pct": 9.62 }, "geometry": { "type": "Polygon", "coordinates": [ [ [ 128.597003, 35.249963 ], [ 128.597015, 35.250864 ], [ 128.595916, 35.250874 ], [ 128.595904, 35.249973 ], [ 128.597003, 35.249963 ] ] ] } },
{ "type": "Feature", "properties": { "grid_id": "G035111", "child_risk_pct": 0.0, "elderly_risk_pct": 0.65 }, "geometry": { "type": "Polygon", "coordinates": [ [ [ 128.597051, 35.253569 ], [ 128.597064, 35.254471 ], [ 128.595964, 35.254481 ], [ 128.595952, 35.253579 ], [ 128.597051, 35.253569 ] ] ] } },
{ "type": "Feature", "properties": { "grid_id": "G035112", "child_risk_pct": 0.0, "elderly_risk_pct": 25.0 }, "geometry": { "type": "Polygon", "coordinates": [ [ [ 128.597064, 35.254471 ], [ 128.597076, 35.255372 ], [ 128.595977, 35.255382 ], [ 128.595964, 35.254481 ], [ 128.597064, 35.254471 ] ] ] } },
{ "type": "Feature", "properties": { "grid_id": "G035113", "child_risk_pct": 0.0, "elderly_risk_pct": 11.81 }, "geometry": { "type": "Polygon", "coordinates": [ [ [ 128.597076, 35.255372 ], [ 128.597088, 35.256274 ], [ 128.595989, 35.256284 ], [ 128.595977, 35.255382 ], [ 128.597076, 35.255372 ] ] ] } },
{ "type": "Feature", "properties": { "grid_id": "G035118", "child_risk_pct": 3.29, "elderly_risk_pct": 0.0 }, "geometry": { "type": "Polygon", "coordinates": [ [ [ 128.597136, 35.25988 ], [ 128.597149, 35.260781 ], [ 128.596049, 35.260791 ], [ 128.596037, 35.25989 ], [ 128.597136, 35.25988 ] ] ] } },
{ "type": "Feature", "properties": { "grid_id": "G035119", "child_risk_pct": 2.08, "elderly_risk_pct": 0.0 }, "geometry": { "type": "Polygon", "coordinates": [ [ [ 128.597149, 35.260781 ], [ 128.597161, 35.261683 ], [ 128.596062, 35.261693 ], [ 128.596049, 35.260791 ], [ 128.597149, 35.260781 ] ] ] } },
{ "type": "Feature", "properties": { "grid_id": "G035144", "child_risk_pct": 0.0, "elderly_risk_pct": 3.47 }, "geometry": { "type": "Polygon", "coordinates": [ [ [ 128.597453, 35.28332 ], [ 128.597465, 35.284221 ], [ 128.596365, 35.284231 ], [ 128.596353, 35.28333 ], [ 128.597453, 35.28332 ] ] ] } },
{ "type": "Feature", "properties": { "grid_id": "G035408", "child_risk_pct": 0.0, "elderly_risk_pct": 1.39 }, "geometry": { "type": "Polygon", "coordinates": [ [ [ 128.597713, 35.221104 ], [ 128.597725, 35.222005 ], [ 128.596627, 35.222015 ], [ 128.596614, 35.221114 ], [ 128.597713, 35.221104 ] ] ] } },
{ "type": "Feature", "properties": { "grid_id": "G035409", "child_risk_pct": 0.0, "elderly_risk_pct": 24.68 }, "geometry": { "type": "Polygon", "coordinates": [ [ [ 128.597725, 35.222005 ], [ 128.597737, 35.222907 ], [ 128.596639, 35.222917 ], [ 128.596627, 35.222015 ], [ 128.597725, 35.222005 ] ] ] } },
{ "type": "Feature", "properties": { "grid_id": "G035440", "child_risk_pct": 0.0, "elderly_risk_pct": 6.37 }, "geometry": { "type": "Polygon", "coordinates": [ [ [ 128.598102, 35.249953 ], [ 128.598114, 35.250855 ], [ 128.597015, 35.250864 ], [ 128.597003, 35.249963 ], [ 128.598102, 35.249953 ] ] ] } },
{ "type": "Feature", "properties": { "grid_id": "G035441", "child_risk_pct": 0.0, "elderly_risk_pct": 12.88 }, "geometry": { "type": "Polygon", "coordinates": [ [ [ 128.598114, 35.250855 ], [ 128.598126, 35.251756 ], [ 128.597027, 35.251766 ], [ 128.597015, 35.250864 ], [ 128.598114, 35.250855 ] ] ] } },
{ "type": "Feature", "properties": { "grid_id": "G035444", "child_risk_pct": 0.0, "elderly_risk_pct": 19.23 }, "geometry": { "type": "Polygon", "coordinates": [ [ [ 128.59815, 35.253559 ], [ 128.598163, 35.254461 ], [ 128.597064, 35.254471 ], [ 128.597051, 35.253569 ], [ 128.59815, 35.253559 ] ] ] } },
{ "type": "Feature", "properties": { "grid_id": "G035445", "child_risk_pct": 0.0, "elderly_risk_pct": 25.69 }, "geometry": { "type": "Polygon", "coordinates": [ [ [ 128.598163, 35.254461 ], [ 128.598175, 35.255362 ], [ 128.597076, 35.255372 ], [ 128.597064, 35.254471 ], [ 128.598163, 35.254461 ] ] ] } },
{ "type": "Feature", "properties": { "grid_id": "G035448", "child_risk_pct": 14.02, "elderly_risk_pct": 4.88 }, "geometry": { "type": "Polygon", "coordinates": [ [ [ 128.598199, 35.257165 ], [ 128.598211, 35.258067 ], [ 128.597112, 35.258077 ], [ 128.5971, 35.257175 ], [ 128.598199, 35.257165 ] ] ] } },
{ "type": "Feature", "properties": { "grid_id": "G035449", "child_risk_pct": 2.78, "elderly_risk_pct": 15.28 }, "geometry": { "type": "Polygon", "coordinates": [ [ [ 128.598211, 35.258067 ], [ 128.598223, 35.258968 ], [ 128.597124, 35.258978 ], [ 128.597112, 35.258077 ], [ 128.598211, 35.258067 ] ] ] } },
{ "type": "Feature", "properties": { "grid_id": "G035451", "child_risk_pct": 27.56, "elderly_risk_pct": 0.0 }, "geometry": { "type": "Polygon", "coordinates": [ [ [ 128.598236, 35.25987 ], [ 128.598248, 35.260771 ], [ 128.597149, 35.260781 ], [ 128.597136, 35.25988 ], [ 128.598236, 35.25987 ] ] ] } },
{ "type": "Feature", "properties": { "grid_id": "G035452", "child_risk_pct": 6.94, "elderly_risk_pct": 0.0 }, "geometry": { "type": "Polygon", "coordinates": [ [ [ 128.598248, 35.260771 ], [ 128.59826, 35.261673 ], [ 128.597161, 35.261683 ], [ 128.597149, 35.260781 ], [ 128.598248, 35.260771 ] ] ] } },
{ "type": "Feature", "properties": { "grid_id": "G035476", "child_risk_pct": 0.0, "elderly_risk_pct": 4.76 }, "geometry": { "type": "Polygon", "coordinates": [ [ [ 128.59854, 35.282408 ], [ 128.598552, 35.28331 ], [ 128.597453, 35.28332 ], [ 128.59744, 35.282418 ], [ 128.59854, 35.282408 ] ] ] } },
{ "type": "Feature", "properties": { "grid_id": "G035477", "child_risk_pct": 0.0, "elderly_risk_pct": 5.77 }, "geometry": { "type": "Polygon", "coordinates": [ [ [ 128.598552, 35.28331 ], [ 128.598564, 35.284211 ], [ 128.597465, 35.284221 ], [ 128.597453, 35.28332 ], [ 128.598552, 35.28331 ] ] ] } },
{ "type": "Feature", "properties": { "grid_id": "G035508", "child_risk_pct": 0.0, "elderly_risk_pct": 1.38 }, "geometry": { "type": "Polygon", "coordinates": [ [ [ 128.59893, 35.311257 ], [ 128.598942, 35.312159 ], [ 128.597842, 35.312169 ], [ 128.59783, 35.311267 ], [ 128.59893, 35.311257 ] ] ] } },
{ "type": "Feature", "properties": { "grid_id": "G035509", "child_risk_pct": 0.0, "elderly_risk_pct": 29.49 }, "geometry": { "type": "Polygon", "coordinates": [ [ [ 128.598942, 35.312159 ], [ 128.598954, 35.31306 ], [ 128.597854, 35.31307 ], [ 128.597842, 35.312169 ], [ 128.598942, 35.312159 ] ] ] } },
{ "type": "Feature", "properties": { "grid_id": "G035671", "child_risk_pct": 2.68, "elderly_risk_pct": 0.0 }, "geometry": { "type": "Polygon", "coordinates": [ [ [ 128.59743, 35.118317 ], [ 128.597442, 35.119218 ], [ 128.596345, 35.119228 ], [ 128.596332, 35.118327 ], [ 128.59743, 35.118317 ] ] ] } },
{ "type": "Feature", "properties": { "grid_id": "G035672", "child_risk_pct": 0.66, "elderly_risk_pct": 0.0 }, "geometry": { "type": "Polygon", "coordinates": [ [ [ 128.597442, 35.119218 ], [ 128.597454, 35.12012 ], [ 128.596357, 35.12013 ], [ 128.596345, 35.119228 ], [ 128.597442, 35.119218 ] ] ] } },
{ "type": "Feature", "properties": { "grid_id": "G035771", "child_risk_pct": 0.0, "elderly_risk_pct": 9.03 }, "geometry": { "type": "Polygon", "coordinates": [ [ [ 128.599201, 35.249943 ], [ 128.599213, 35.250845 ], [ 128.598114, 35.250855 ], [ 128.598102, 35.249953 ], [ 128.599201, 35.249943 ] ] ] } },
{ "type": "Feature", "properties": { "grid_id": "G035772", "child_risk_pct": 0.0, "elderly_risk_pct": 21.15 }, "geometry": { "type": "Polygon", "coordinates": [ [ [ 128.599213, 35.250845 ], [ 128.599225, 35.251746 ], [ 128.598126, 35.251756 ], [ 128.598114, 35.250855 ], [ 128.599213, 35.250845 ] ] ] } },
{ "type": "Feature", "properties": { "grid_id": "G035773", "child_risk_pct": 0.0, "elderly_risk_pct": 4.17 }, "geometry": { "type": "Polygon", "coordinates": [ [ [ 128.599225, 35.251746 ], [ 128.599237, 35.252648 ], [ 128.598138, 35.252658 ], [ 128.598126, 35.251756 ], [ 128.599225, 35.251746 ] ] ] } },
{ "type": "Feature", "properties": { "grid_id": "G035776", "child_risk_pct": 0.0, "elderly_risk_pct": 3.77 }, "geometry": { "type": "Polygon", "coordinates": [ [ [ 128.599262, 35.254451 ], [ 128.599274, 35.255352 ], [ 128.598175, 35.255362 ], [ 128.598163, 35.254461 ], [ 128.599262, 35.254451 ] ] ] } },
{ "type": "Feature", "properties": { "grid_id": "G035778", "child_risk_pct": 0.0, "elderly_risk_pct": 5.44 }, "geometry": { "type": "Polygon", "coordinates": [ [ [ 128.599286, 35.256254 ], [ 128.599298, 35.257155 ], [ 128.598199, 35.257165 ], [ 128.598187, 35.256264 ], [ 128.599286, 35.256254 ] ] ] } },
{ "type": "Feature", "properties": { "grid_id": "G035779", "child_risk_pct": 26.92, "elderly_risk_pct": 16.67 }, "geometry": { "type": "Polygon", "coordinates": [ [ [ 128.599298, 35.257155 ], [ 128.59931, 35.258057 ], [ 128.598211, 35.258067 ], [ 128.598199, 35.257165 ], [ 128.599298, 35.257155 ] ] ] } },
{ "type": "Feature", "properties": { "grid_id": "G035780", "child_risk_pct": 2.78, "elderly_risk_pct": 17.36 }, "geometry": { "type": "Polygon", "coordinates": [ [ [ 128.59931, 35.258057 ], [ 128.599323, 35.258958 ], [ 128.598223, 35.258968 ], [ 128.598211, 35.258067 ], [ 128.59931, 35.258057 ] ] ] } },
{ "type": "Feature", "properties": { "grid_id": "G035782", "child_risk_pct": 0.67, "elderly_risk_pct": 0.0 }, "geometry": { "type": "Polygon", "coordinates": [ [ [ 128.599335, 35.25986 ], [ 128.599347, 35.260761 ], [ 128.598248, 35.260771 ], [ 128.598236, 35.25987 ], [ 128.599335, 35.25986 ] ] ] } },
{ "type": "Feature", "properties": { "grid_id": "G035840", "child_risk_pct": 0.0, "elderly_risk_pct": 14.74 }, "geometry": { "type": "Polygon", "coordinates": [ [ [ 128.600042, 35.312149 ], [ 128.600054, 35.31305 ], [ 128.598954, 35.31306 ], [ 128.598942, 35.312159 ], [ 128.600042, 35.312149 ] ] ] } },
{ "type": "Feature", "properties": { "grid_id": "G036002", "child_risk_pct": 3.47, "elderly_risk_pct": 0.0 }, "geometry": { "type": "Polygon", "coordinates": [ [ [ 128.598527, 35.118307 ], [ 128.598539, 35.119208 ], [ 128.597442, 35.119218 ], [ 128.59743, 35.118317 ], [ 128.598527, 35.118307 ] ] ] } },
{ "type": "Feature", "properties": { "grid_id": "G036003", "child_risk_pct": 7.55, "elderly_risk_pct": 0.0 }, "geometry": { "type": "Polygon", "coordinates": [ [ [ 128.598539, 35.119208 ], [ 128.598551, 35.12011 ], [ 128.597454, 35.12012 ], [ 128.597442, 35.119218 ], [ 128.598539, 35.119208 ] ] ] } },
{ "type": "Feature", "properties": { "grid_id": "G036066", "child_risk_pct": 0.0, "elderly_risk_pct": 17.24 }, "geometry": { "type": "Polygon", "coordinates": [ [ [ 128.599886, 35.219281 ], [ 128.599898, 35.220182 ], [ 128.598799, 35.220192 ], [ 128.598787, 35.219291 ], [ 128.599886, 35.219281 ] ] ] } },
{ "type": "Feature", "properties": { "grid_id": "G036101", "child_risk_pct": 0.0, "elderly_risk_pct": 23.97 }, "geometry": { "type": "Polygon", "coordinates": [ [ [ 128.600312, 35.250835 ], [ 128.600324, 35.251736 ], [ 128.599225, 35.251746 ], [ 128.599213, 35.250845 ], [ 128.600312, 35.250835 ] ] ] } },
{ "type": "Feature", "properties": { "grid_id": "G036102", "child_risk_pct": 0.0, "elderly_risk_pct": 27.27 }, "geometry": { "type": "Polygon", "coordinates": [ [ [ 128.600324, 35.251736 ], [ 128.600336, 35.252638 ], [ 128.599237, 35.252648 ], [ 128.599225, 35.251746 ], [ 128.600324, 35.251736 ] ] ] } },
{ "type": "Feature", "properties": { "grid_id": "G036103", "child_risk_pct": 17.69, "elderly_risk_pct": 0.0 }, "geometry": { "type": "Polygon", "coordinates": [ [ [ 128.600336, 35.252638 ], [ 128.600349, 35.253539 ], [ 128.599249, 35.253549 ], [ 128.599237, 35.252648 ], [ 128.600336, 35.252638 ] ] ] } },
{ "type": "Feature", "properties": { "grid_id": "G036104", "child_risk_pct": 7.05, "elderly_risk_pct": 5.13 }, "geometry": { "type": "Polygon", "coordinates": [ [ [ 128.600349, 35.253539 ], [ 128.600361, 35.254441 ], [ 128.599262, 35.254451 ], [ 128.599249, 35.253549 ], [ 128.600349, 35.253539 ] ] ] } },
{ "type": "Feature", "properties": { "grid_id": "G036105", "child_risk_pct": 0.0, "elderly_risk_pct": 22.7 }, "geometry": { "type": "Polygon", "coordinates": [ [ [ 128.600361, 35.254441 ], [ 128.600373, 35.255342 ], [ 128.599274, 35.255352 ], [ 128.599262, 35.254451 ], [ 128.600361, 35.254441 ] ] ] } },
{ "type": "Feature", "properties": { "grid_id": "G036107", "child_risk_pct": 0.0, "elderly_risk_pct": 17.36 }, "geometry": { "type": "Polygon", "coordinates": [ [ [ 128.600385, 35.256244 ], [ 128.600397, 35.257145 ], [ 128.599298, 35.257155 ], [ 128.599286, 35.256254 ], [ 128.600385, 35.256244 ] ] ] } },
{ "type": "Feature", "properties": { "grid_id": "G036108", "child_risk_pct": 0.0, "elderly_risk_pct": 24.16 }, "geometry": { "type": "Polygon", "coordinates": [ [ [ 128.600397, 35.257145 ], [ 128.600409, 35.258047 ], [ 128.59931, 35.258057 ], [ 128.599298, 35.257155 ], [ 128.600397, 35.257145 ] ] ] } },
{ "type": "Feature", "properties": { "grid_id": "G036109", "child_risk_pct": 0.0, "elderly_risk_pct": 7.95 }, "geometry": { "type": "Polygon", "coordinates": [ [ [ 128.600409, 35.258047 ], [ 128.600422, 35.258948 ], [ 128.599323, 35.258958 ], [ 128.59931, 35.258057 ], [ 128.600409, 35.258047 ] ] ] } },
{ "type": "Feature", "properties": { "grid_id": "G036163", "child_risk_pct": 0.0, "elderly_risk_pct": 8.88 }, "geometry": { "type": "Polygon", "coordinates": [ [ [ 128.601068, 35.30673 ], [ 128.601081, 35.307631 ], [ 128.599981, 35.307641 ], [ 128.599969, 35.30674 ], [ 128.601068, 35.30673 ] ] ] } },
{ "type": "Feature", "properties": { "grid_id": "G036164", "child_risk_pct": 0.0, "elderly_risk_pct": 14.09 }, "geometry": { "type": "Polygon", "coordinates": [ [ [ 128.601081, 35.307631 ], [ 128.601093, 35.308533 ], [ 128.599993, 35.308543 ], [ 128.599981, 35.307641 ], [ 128.601081, 35.307631 ] ] ] } },
{ "type": "Feature", "properties": { "grid_id": "G036397", "child_risk_pct": 0.0, "elderly_risk_pct": 3.23 }, "geometry": { "type": "Polygon", "coordinates": [ [ [ 128.600985, 35.219271 ], [ 128.600997, 35.220172 ], [ 128.599898, 35.220182 ], [ 128.599886, 35.219281 ], [ 128.600985, 35.219271 ] ] ] } },
{ "type": "Feature", "properties": { "grid_id": "G036430", "child_risk_pct": 0.0, "elderly_risk_pct": 17.53 }, "geometry": { "type": "Polygon", "coordinates": [ [ [ 128.601387, 35.249021 ], [ 128.601399, 35.249923 ], [ 128.6003, 35.249933 ], [ 128.600288, 35.249031 ], [ 128.601387, 35.249021 ] ] ] } },
{ "type": "Feature", "properties": { "grid_id": "G036431", "child_risk_pct": 0.0, "elderly_risk_pct": 8.33 }, "geometry": { "type": "Polygon", "coordinates": [ [ [ 128.601399, 35.249923 ], [ 128.601411, 35.250825 ], [ 128.600312, 35.250835 ], [ 128.6003, 35.249933 ], [ 128.601399, 35.249923 ] ] ] } },
{ "type": "Feature", "properties": { "grid_id": "G036434", "child_risk_pct": 4.58, "elderly_risk_pct": 0.0 }, "geometry": { "type": "Polygon", "coordinates": [ [ [ 128.601435, 35.252628 ], [ 128.601448, 35.253529 ], [ 128.600349, 35.253539 ], [ 128.600336, 35.252638 ], [ 128.601435, 35.252628 ] ] ] } },
{ "type": "Feature", "properties": { "grid_id": "G036435", "child_risk_pct": 3.47, "elderly_risk_pct": 0.0 }, "geometry": { "type": "Polygon", "coordinates": [ [ [ 128.601448, 35.253529 ], [ 128.60146, 35.254431 ], [ 128.600361, 35.254441 ], [ 128.600349, 35.253539 ], [ 128.601448, 35.253529 ] ] ] } },
{ "type": "Feature", "properties": { "grid_id": "G036643", "child_risk_pct": 0.0, "elderly_risk_pct": 4.55 }, "geometry": { "type": "Polygon", "coordinates": [ [ [ 128.600515, 35.10296 ], [ 128.600527, 35.103862 ], [ 128.59943, 35.103872 ], [ 128.599418, 35.10297 ], [ 128.600515, 35.10296 ] ] ] } },
{ "type": "Feature", "properties": { "grid_id": "G036764", "child_risk_pct": 0.0, "elderly_risk_pct": 4.49 }, "geometry": { "type": "Polygon", "coordinates": [ [ [ 128.602486, 35.249011 ], [ 128.602498, 35.249913 ], [ 128.601399, 35.249923 ], [ 128.601387, 35.249021 ], [ 128.602486, 35.249011 ] ] ] } },
{ "type": "Feature", "properties": { "grid_id": "G036765", "child_risk_pct": 0.0, "elderly_risk_pct": 4.58 }, "geometry": { "type": "Polygon", "coordinates": [ [ [ 128.602498, 35.249913 ], [ 128.60251, 35.250815 ], [ 128.601411, 35.250825 ], [ 128.601399, 35.249923 ], [ 128.602498, 35.249913 ] ] ] } },
{ "type": "Feature", "properties": { "grid_id": "G036774", "child_risk_pct": 0.0, "elderly_risk_pct": 18.06 }, "geometry": { "type": "Polygon", "coordinates": [ [ [ 128.602608, 35.258027 ], [ 128.60262, 35.258928 ], [ 128.601521, 35.258938 ], [ 128.601509, 35.258037 ], [ 128.602608, 35.258027 ] ] ] } },
{ "type": "Feature", "properties": { "grid_id": "G036895", "child_risk_pct": 0.0, "elderly_risk_pct": 19.87 }, "geometry": { "type": "Polygon", "coordinates": [ [ [ 128.604089, 35.367112 ], [ 128.604102, 35.368013 ], [ 128.603001, 35.368024 ], [ 128.602989, 35.367122 ], [ 128.604089, 35.367112 ] ] ] } },
{ "type": "Feature", "properties": { "grid_id": "G036896", "child_risk_pct": 0.0, "elderly_risk_pct": 5.56 }, "geometry": { "type": "Polygon", "coordinates": [ [ [ 128.604102, 35.368013 ], [ 128.604114, 35.368915 ], [ 128.603013, 35.368925 ], [ 128.603001, 35.368024 ], [ 128.604102, 35.368013 ] ] ] } },
{ "type": "Feature", "properties": { "grid_id": "G036974", "child_risk_pct": 0.0, "elderly_risk_pct": 1.96 }, "geometry": { "type": "Polygon", "coordinates": [ [ [ 128.6016, 35.102049 ], [ 128.601612, 35.10295 ], [ 128.600515, 35.10296 ], [ 128.600503, 35.102059 ], [ 128.6016, 35.102049 ] ] ] } },
{ "type": "Feature", "properties": { "grid_id": "G036975", "child_risk_pct": 0.0, "elderly_risk_pct": 14.29 }, "geometry": { "type": "Polygon", "coordinates": [ [ [ 128.601612, 35.10295 ], [ 128.601625, 35.103852 ], [ 128.600527, 35.103862 ], [ 128.600515, 35.10296 ], [ 128.601612, 35.10295 ] ] ] } },
{ "type": "Feature", "properties": { "grid_id": "G037086", "child_risk_pct": 0.0, "elderly_risk_pct": 6.88 }, "geometry": { "type": "Polygon", "coordinates": [ [ [ 128.603585, 35.249001 ], [ 128.603597, 35.249903 ], [ 128.602498, 35.249913 ], [ 128.602486, 35.249011 ], [ 128.603585, 35.249001 ] ] ] } },
{ "type": "Feature", "properties": { "grid_id": "G037087", "child_risk_pct": 0.0, "elderly_risk_pct": 19.87 }, "geometry": { "type": "Polygon", "coordinates": [ [ [ 128.603597, 35.249903 ], [ 128.603609, 35.250805 ], [ 128.60251, 35.250815 ], [ 128.602498, 35.249913 ], [ 128.603597, 35.249903 ] ] ] } },
{ "type": "Feature", "properties": { "grid_id": "G037096", "child_risk_pct": 0.0, "elderly_risk_pct": 11.81 }, "geometry": { "type": "Polygon", "coordinates": [ [ [ 128.603707, 35.258017 ], [ 128.603719, 35.258918 ], [ 128.60262, 35.258928 ], [ 128.602608, 35.258027 ], [ 128.603707, 35.258017 ] ] ] } },
{ "type": "Feature", "properties": { "grid_id": "G037217", "child_risk_pct": 0.0, "elderly_risk_pct": 2.55 }, "geometry": { "type": "Polygon", "coordinates": [ [ [ 128.60519, 35.367102 ], [ 128.605202, 35.368003 ], [ 128.604102, 35.368013 ], [ 128.604089, 35.367112 ], [ 128.60519, 35.367102 ] ] ] } },
{ "type": "Feature", "properties": { "grid_id": "G037218", "child_risk_pct": 0.0, "elderly_risk_pct": 1.24 }, "geometry": { "type": "Polygon", "coordinates": [ [ [ 128.605202, 35.368003 ], [ 128.605215, 35.368905 ], [ 128.604114, 35.368915 ], [ 128.604102, 35.368013 ], [ 128.605202, 35.368003 ] ] ] } },
{ "type": "Feature", "properties": { "grid_id": "G037397", "child_risk_pct": 0.0, "elderly_risk_pct": 6.25 }, "geometry": { "type": "Polygon", "coordinates": [ [ [ 128.604684, 35.248991 ], [ 128.604696, 35.249893 ], [ 128.603597, 35.249903 ], [ 128.603585, 35.249001 ], [ 128.604684, 35.248991 ] ] ] } },
{ "type": "Feature", "properties": { "grid_id": "G037398", "child_risk_pct": 0.0, "elderly_risk_pct": 5.77 }, "geometry": { "type": "Polygon", "coordinates": [ [ [ 128.604696, 35.249893 ], [ 128.604708, 35.250794 ], [ 128.603609, 35.250805 ], [ 128.603597, 35.249903 ], [ 128.604696, 35.249893 ] ] ] } },
{ "type": "Feature", "properties": { "grid_id": "G037443", "child_risk_pct": 0.0, "elderly_risk_pct": 11.26 }, "geometry": { "type": "Polygon", "coordinates": [ [ [ 128.605247, 35.290462 ], [ 128.605259, 35.291364 ], [ 128.60416, 35.291374 ], [ 128.604147, 35.290472 ], [ 128.605247, 35.290462 ] ] ] } },
{ "type": "Feature", "properties": { "grid_id": "G037460", "child_risk_pct": 0.0, "elderly_risk_pct": 8.67 }, "geometry": { "type": "Polygon", "coordinates": [ [ [ 128.605455, 35.305788 ], [ 128.605468, 35.30669 ], [ 128.604368, 35.3067 ], [ 128.604355, 35.305798 ], [ 128.605455, 35.305788 ] ] ] } },
{ "type": "Feature", "properties": { "grid_id": "G037461", "child_risk_pct": 0.0, "elderly_risk_pct": 0.64 }, "geometry": { "type": "Polygon", "coordinates": [ [ [ 128.605468, 35.30669 ], [ 128.60548, 35.307591 ], [ 128.60438, 35.307601 ], [ 128.604368, 35.3067 ], [ 128.605468, 35.30669 ] ] ] } },
{ "type": "Feature", "properties": { "grid_id": "G037505", "child_risk_pct": 0.0, "elderly_risk_pct": 10.9 }, "geometry": { "type": "Polygon", "coordinates": [ [ [ 128.606008, 35.346357 ], [ 128.60602, 35.347258 ], [ 128.60492, 35.347268 ], [ 128.604907, 35.346367 ], [ 128.606008, 35.346357 ] ] ] } },
{ "type": "Feature", "properties": { "grid_id": "G037506", "child_risk_pct": 0.0, "elderly_risk_pct": 4.88 }, "geometry": { "type": "Polygon", "coordinates": [ [ [ 128.60602, 35.347258 ], [ 128.606032, 35.34816 ], [ 128.604932, 35.34817 ], [ 128.60492, 35.347268 ], [ 128.60602, 35.347258 ] ] ] } },
{ "type": "Feature", "properties": { "grid_id": "G037749", "child_risk_pct": 0.0, "elderly_risk_pct": 3.21 }, "geometry": { "type": "Polygon", "coordinates": [ [ [ 128.606346, 35.290452 ], [ 128.606359, 35.291354 ], [ 128.605259, 35.291364 ], [ 128.605247, 35.290462 ], [ 128.606346, 35.290452 ] ] ] } },
{ "type": "Feature", "properties": { "grid_id": "G037812", "child_risk_pct": 0.0, "elderly_risk_pct": 6.58 }, "geometry": { "type": "Polygon", "coordinates": [ [ [ 128.60712, 35.347248 ], [ 128.607133, 35.34815 ], [ 128.606032, 35.34816 ], [ 128.60602, 35.347258 ], [ 128.60712, 35.347248 ] ] ] } },
{ "type": "Feature", "properties": { "grid_id": "G037820", "child_risk_pct": 0.0, "elderly_risk_pct": 4.86 }, "geometry": { "type": "Polygon", "coordinates": [ [ [ 128.607219, 35.35446 ], [ 128.607231, 35.355362 ], [ 128.606131, 35.355372 ], [ 128.606118, 35.354471 ], [ 128.607219, 35.35446 ] ] ] } },
{ "type": "Feature", "properties": { "grid_id": "G037821", "child_risk_pct": 0.0, "elderly_risk_pct": 1.39 }, "geometry": { "type": "Polygon", "coordinates": [ [ [ 128.607231, 35.355362 ], [ 128.607243, 35.356263 ], [ 128.606143, 35.356274 ], [ 128.606131, 35.355372 ], [ 128.607231, 35.355362 ] ] ] } },
{ "type": "Feature", "properties": { "grid_id": "G038013", "child_risk_pct": 0.0, "elderly_risk_pct": 1.34 }, "geometry": { "type": "Polygon", "coordinates": [ [ [ 128.606955, 35.254381 ], [ 128.606967, 35.255282 ], [ 128.605868, 35.255292 ], [ 128.605856, 35.254391 ], [ 128.606955, 35.254381 ] ] ] } },
{ "type": "Feature", "properties": { "grid_id": "G038014", "child_risk_pct": 0.0, "elderly_risk_pct": 49.31 }, "geometry": { "type": "Polygon", "coordinates": [ [ [ 128.606967, 35.255282 ], [ 128.60698, 35.256184 ], [ 128.605881, 35.256194 ], [ 128.605868, 35.255292 ], [ 128.606967, 35.255282 ] ] ] } },
{ "type": "Feature", "properties": { "grid_id": "G038015", "child_risk_pct": 0.0, "elderly_risk_pct": 19.44 }, "geometry": { "type": "Polygon", "coordinates": [ [ [ 128.60698, 35.256184 ], [ 128.606992, 35.257085 ], [ 128.605893, 35.257095 ], [ 128.605881, 35.256194 ], [ 128.60698, 35.256184 ] ] ] } },
{ "type": "Feature", "properties": { "grid_id": "G038016", "child_risk_pct": 0.0, "elderly_risk_pct": 0.6 }, "geometry": { "type": "Polygon", "coordinates": [ [ [ 128.606992, 35.257085 ], [ 128.607004, 35.257987 ], [ 128.605905, 35.257997 ], [ 128.605893, 35.257095 ], [ 128.606992, 35.257085 ] ] ] } },
{ "type": "Feature", "properties": { "grid_id": "G038065", "child_risk_pct": 0.0, "elderly_risk_pct": 18.75 }, "geometry": { "type": "Polygon", "coordinates": [ [ [ 128.607593, 35.30126 ], [ 128.607606, 35.302162 ], [ 128.606506, 35.302172 ], [ 128.606494, 35.30127 ], [ 128.607593, 35.30126 ] ] ] } },
{ "type": "Feature", "properties": { "grid_id": "G038066", "child_risk_pct": 0.0, "elderly_risk_pct": 23.61 }, "geometry": { "type": "Polygon", "coordinates": [ [ [ 128.607606, 35.302162 ], [ 128.607618, 35.303063 ], [ 128.606518, 35.303073 ], [ 128.606506, 35.302172 ], [ 128.607606, 35.302162 ] ] ] } },
{ "type": "Feature", "properties": { "grid_id": "G038119", "child_risk_pct": 0.0, "elderly_risk_pct": 18.59 }, "geometry": { "type": "Polygon", "coordinates": [ [ [ 128.608258, 35.349943 ], [ 128.60827, 35.350844 ], [ 128.60717, 35.350854 ], [ 128.607157, 35.349953 ], [ 128.608258, 35.349943 ] ] ] } },
{ "type": "Feature", "properties": { "grid_id": "G038120", "child_risk_pct": 0.0, "elderly_risk_pct": 4.38 }, "geometry": { "type": "Polygon", "coordinates": [ [ [ 128.60827, 35.350844 ], [ 128.608282, 35.351746 ], [ 128.607182, 35.351756 ], [ 128.60717, 35.350854 ], [ 128.60827, 35.350844 ] ] ] } },
{ "type": "Feature", "properties": { "grid_id": "G038124", "child_risk_pct": 0.0, "elderly_risk_pct": 12.84 }, "geometry": { "type": "Polygon", "coordinates": [ [ [ 128.608319, 35.35445 ], [ 128.608332, 35.355352 ], [ 128.607231, 35.355362 ], [ 128.607219, 35.35446 ], [ 128.608319, 35.35445 ] ] ] } },
{ "type": "Feature", "properties": { "grid_id": "G038125", "child_risk_pct": 0.0, "elderly_risk_pct": 16.33 }, "geometry": { "type": "Polygon", "coordinates": [ [ [ 128.608332, 35.355352 ], [ 128.608344, 35.356253 ], [ 128.607243, 35.356263 ], [ 128.607231, 35.355362 ], [ 128.608332, 35.355352 ] ] ] } },
{ "type": "Feature", "properties": { "grid_id": "G038317", "child_risk_pct": 0.0, "elderly_risk_pct": 10.9 }, "geometry": { "type": "Polygon", "coordinates": [ [ [ 128.608054, 35.25437 ], [ 128.608067, 35.255272 ], [ 128.606967, 35.255282 ], [ 128.606955, 35.254381 ], [ 128.608054, 35.25437 ] ] ] } },
{ "type": "Feature", "properties": { "grid_id": "G038318", "child_risk_pct": 0.0, "elderly_risk_pct": 46.71 }, "geometry": { "type": "Polygon", "coordinates": [ [ [ 128.608067, 35.255272 ], [ 128.608079, 35.256174 ], [ 128.60698, 35.256184 ], [ 128.606967, 35.255282 ], [ 128.608067, 35.255272 ] ] ] } },
{ "type": "Feature", "properties": { "grid_id": "G038319", "child_risk_pct": 0.0, "elderly_risk_pct": 29.49 }, "geometry": { "type": "Polygon", "coordinates": [ [ [ 128.608079, 35.256174 ], [ 128.608091, 35.257075 ], [ 128.606992, 35.257085 ], [ 128.60698, 35.256184 ], [ 128.608079, 35.256174 ] ] ] } },
{ "type": "Feature", "properties": { "grid_id": "G038320", "child_risk_pct": 0.0, "elderly_risk_pct": 7.74 }, "geometry": { "type": "Polygon", "coordinates": [ [ [ 128.608091, 35.257075 ], [ 128.608103, 35.257977 ], [ 128.607004, 35.257987 ], [ 128.606992, 35.257085 ], [ 128.608091, 35.257075 ] ] ] } },
{ "type": "Feature", "properties": { "grid_id": "G038321", "child_risk_pct": 0.0, "elderly_risk_pct": 1.36 }, "geometry": { "type": "Polygon", "coordinates": [ [ [ 128.608103, 35.257977 ], [ 128.608116, 35.258878 ], [ 128.607017, 35.258888 ], [ 128.607004, 35.257987 ], [ 128.608103, 35.257977 ] ] ] } },
{ "type": "Feature", "properties": { "grid_id": "G038369", "child_risk_pct": 0.0, "elderly_risk_pct": 8.72 }, "geometry": { "type": "Polygon", "coordinates": [ [ [ 128.608693, 35.30125 ], [ 128.608705, 35.302152 ], [ 128.607606, 35.302162 ], [ 128.607593, 35.30126 ], [ 128.608693, 35.30125 ] ] ] } },
{ "type": "Feature", "properties": { "grid_id": "G038370", "child_risk_pct": 0.0, "elderly_risk_pct": 11.54 }, "geometry": { "type": "Polygon", "coordinates": [ [ [ 128.608705, 35.302152 ], [ 128.608718, 35.303053 ], [ 128.607618, 35.303063 ], [ 128.607606, 35.302162 ], [ 128.608705, 35.302152 ] ] ] } },
{ "type": "Feature", "properties": { "grid_id": "G038418", "child_risk_pct": 0.0, "elderly_risk_pct": 0.64 }, "geometry": { "type": "Polygon", "coordinates": [ [ [ 128.609296, 35.345425 ], [ 128.609309, 35.346327 ], [ 128.608208, 35.346337 ], [ 128.608196, 35.345435 ], [ 128.609296, 35.345425 ] ] ] } },
{ "type": "Feature", "properties": { "grid_id": "G038419", "child_risk_pct": 0.0, "elderly_risk_pct": 7.64 }, "geometry": { "type": "Polygon", "coordinates": [ [ [ 128.609309, 35.346327 ], [ 128.609321, 35.347228 ], [ 128.608221, 35.347238 ], [ 128.608208, 35.346337 ], [ 128.609309, 35.346327 ] ] ] } },
{ "type": "Feature", "properties": { "grid_id": "G038423", "child_risk_pct": 0.0, "elderly_risk_pct": 6.94 }, "geometry": { "type": "Polygon", "coordinates": [ [ [ 128.609358, 35.349933 ], [ 128.60937, 35.350834 ], [ 128.60827, 35.350844 ], [ 128.608258, 35.349943 ], [ 128.609358, 35.349933 ] ] ] } },
{ "type": "Feature", "properties": { "grid_id": "G038424", "child_risk_pct": 0.0, "elderly_risk_pct": 4.08 }, "geometry": { "type": "Polygon", "coordinates": [ [ [ 128.60937, 35.350834 ], [ 128.609383, 35.351736 ], [ 128.608282, 35.351746 ], [ 128.60827, 35.350844 ], [ 128.60937, 35.350834 ] ] ] } },
{ "type": "Feature", "properties": { "grid_id": "G038427", "child_risk_pct": 0.0, "elderly_risk_pct": 4.14 }, "geometry": { "type": "Polygon", "coordinates": [ [ [ 128.609407, 35.353539 ], [ 128.60942, 35.35444 ], [ 128.608319, 35.35445 ], [ 128.608307, 35.353549 ], [ 128.609407, 35.353539 ] ] ] } },
{ "type": "Feature", "properties": { "grid_id": "G038428", "child_risk_pct": 0.0, "elderly_risk_pct": 7.1 }, "geometry": { "type": "Polygon", "coordinates": [ [ [ 128.60942, 35.35444 ], [ 128.609432, 35.355342 ], [ 128.608332, 35.355352 ], [ 128.608319, 35.35445 ], [ 128.60942, 35.35444 ] ] ] } },
{ "type": "Feature", "properties": { "grid_id": "G038479", "child_risk_pct": 0.0, "elderly_risk_pct": 9.4 }, "geometry": { "type": "Polygon", "coordinates": [ [ [ 128.606647, 35.069542 ], [ 128.606659, 35.070444 ], [ 128.605562, 35.070454 ], [ 128.60555, 35.069552 ], [ 128.606647, 35.069542 ] ] ] } },
{ "type": "Feature", "properties": { "grid_id": "G038520", "child_risk_pct": 0.0, "elderly_risk_pct": 10.98 }, "geometry": { "type": "Polygon", "coordinates": [ [ [ 128.607903, 35.162403 ], [ 128.607916, 35.163304 ], [ 128.606818, 35.163315 ], [ 128.606806, 35.162413 ], [ 128.607903, 35.162403 ] ] ] } },
{ "type": "Feature", "properties": { "grid_id": "G038521", "child_risk_pct": 0.0, "elderly_risk_pct": 11.81 }, "geometry": { "type": "Polygon", "coordinates": [ [ [ 128.607916, 35.163304 ], [ 128.607928, 35.164206 ], [ 128.60683, 35.164216 ], [ 128.606818, 35.163315 ], [ 128.607916, 35.163304 ] ] ] } },
{ "type": "Feature", "properties": { "grid_id": "G038621", "child_risk_pct": 0.0, "elderly_risk_pct": 6.06 }, "geometry": { "type": "Polygon", "coordinates": [ [ [ 128.609153, 35.25436 ], [ 128.609166, 35.255262 ], [ 128.608067, 35.255272 ], [ 128.608054, 35.25437 ], [ 128.609153, 35.25436 ] ] ] } },
{ "type": "Feature", "properties": { "grid_id": "G038622", "child_risk_pct": 0.0, "elderly_risk_pct": 34.87 }, "geometry": { "type": "Polygon", "coordinates": [ [ [ 128.609166, 35.255262 ], [ 128.609178, 35.256163 ], [ 128.608079, 35.256174 ], [ 128.608067, 35.255272 ], [ 128.609166, 35.255262 ] ] ] } },
{ "type": "Feature", "properties": { "grid_id": "G038623", "child_risk_pct": 0.0, "elderly_risk_pct": 46.53 }, "geometry": { "type": "Polygon", "coordinates": [ [ [ 128.609178, 35.256163 ], [ 128.60919, 35.257065 ], [ 128.608091, 35.257075 ], [ 128.608079, 35.256174 ], [ 128.609178, 35.256163 ] ] ] } },
{ "type": "Feature", "properties": { "grid_id": "G038624", "child_risk_pct": 0.0, "elderly_risk_pct": 46.53 }, "geometry": { "type": "Polygon", "coordinates": [ [ [ 128.60919, 35.257065 ], [ 128.609203, 35.257967 ], [ 128.608103, 35.257977 ], [ 128.608091, 35.257075 ], [ 128.60919, 35.257065 ] ] ] } },
{ "type": "Feature", "properties": { "grid_id": "G038625", "child_risk_pct": 0.0, "elderly_risk_pct": 17.31 }, "geometry": { "type": "Polygon", "coordinates": [ [ [ 128.609203, 35.257967 ], [ 128.609215, 35.258868 ], [ 128.608116, 35.258878 ], [ 128.608103, 35.257977 ], [ 128.609203, 35.257967 ] ] ] } },
{ "type": "Feature", "properties": { "grid_id": "G038722", "child_risk_pct": 0.0, "elderly_risk_pct": 0.65 }, "geometry": { "type": "Polygon", "coordinates": [ [ [ 128.610397, 35.345415 ], [ 128.610409, 35.346316 ], [ 128.609309, 35.346327 ], [ 128.609296, 35.345425 ], [ 128.610397, 35.345415 ] ] ] } },
{ "type": "Feature", "properties": { "grid_id": "G038724", "child_risk_pct": 0.0, "elderly_risk_pct": 7.24 }, "geometry": { "type": "Polygon", "coordinates": [ [ [ 128.610421, 35.347218 ], [ 128.610434, 35.348119 ], [ 128.609333, 35.34813 ], [ 128.609321, 35.347228 ], [ 128.610421, 35.347218 ] ] ] } },
{ "type": "Feature", "properties": { "grid_id": "G038725", "child_risk_pct": 0.0, "elderly_risk_pct": 11.11 }, "geometry": { "type": "Polygon", "coordinates": [ [ [ 128.610434, 35.348119 ], [ 128.610446, 35.349021 ], [ 128.609346, 35.349031 ], [ 128.609333, 35.34813 ], [ 128.610434, 35.348119 ] ] ] } },
{ "type": "Feature", "properties": { "grid_id": "G038731", "child_risk_pct": 0.0, "elderly_risk_pct": 9.68 }, "geometry": { "type": "Polygon", "coordinates": [ [ [ 128.610508, 35.353529 ], [ 128.61052, 35.35443 ], [ 128.60942, 35.35444 ], [ 128.609407, 35.353539 ], [ 128.610508, 35.353529 ] ] ] } },
{ "type": "Feature", "properties": { "grid_id": "G038732", "child_risk_pct": 0.0, "elderly_risk_pct": 11.69 }, "geometry": { "type": "Polygon", "coordinates": [ [ [ 128.61052, 35.35443 ], [ 128.610532, 35.355332 ], [ 128.609432, 35.355342 ], [ 128.60942, 35.35444 ], [ 128.61052, 35.35443 ] ] ] } },
{ "type": "Feature", "properties": { "grid_id": "G038756", "child_risk_pct": 0.0, "elderly_risk_pct": 3.47 }, "geometry": { "type": "Polygon", "coordinates": [ [ [ 128.610816, 35.376067 ], [ 128.610829, 35.376968 ], [ 128.609728, 35.376978 ], [ 128.609716, 35.376077 ], [ 128.610816, 35.376067 ] ] ] } },
{ "type": "Feature", "properties": { "grid_id": "G038782", "child_risk_pct": 0.0, "elderly_risk_pct": 4.0 }, "geometry": { "type": "Polygon", "coordinates": [ [ [ 128.607744, 35.069532 ], [ 128.607756, 35.070434 ], [ 128.606659, 35.070444 ], [ 128.606647, 35.069542 ], [ 128.607744, 35.069532 ] ] ] } },
{ "type": "Feature", "properties": { "grid_id": "G038920", "child_risk_pct": 0.0, "elderly_risk_pct": 16.67 }, "geometry": { "type": "Polygon", "coordinates": [ [ [ 128.610277, 35.256153 ], [ 128.610289, 35.257055 ], [ 128.60919, 35.257065 ], [ 128.609178, 35.256163 ], [ 128.610277, 35.256153 ] ] ] } },
{ "type": "Feature", "properties": { "grid_id": "G038921", "child_risk_pct": 0.0, "elderly_risk_pct": 14.58 }, "geometry": { "type": "Polygon", "coordinates": [ [ [ 128.610289, 35.257055 ], [ 128.610302, 35.257956 ], [ 128.609203, 35.257967 ], [ 128.60919, 35.257065 ], [ 128.610289, 35.257055 ] ] ] } },
{ "type": "Feature", "properties": { "grid_id": "G038922", "child_risk_pct": 11.61, "elderly_risk_pct": 3.87 }, "geometry": { "type": "Polygon", "coordinates": [ [ [ 128.610302, 35.257956 ], [ 128.610314, 35.258858 ], [ 128.609215, 35.258868 ], [ 128.609203, 35.257967 ], [ 128.610302, 35.257956 ] ] ] } },
{ "type": "Feature", "properties": { "grid_id": "G038923", "child_risk_pct": 14.94, "elderly_risk_pct": 0.0 }, "geometry": { "type": "Polygon", "coordinates": [ [ [ 128.610314, 35.258858 ], [ 128.610326, 35.25976 ], [ 128.609227, 35.25977 ], [ 128.609215, 35.258868 ], [ 128.610314, 35.258858 ] ] ] } },
{ "type": "Feature", "properties": { "grid_id": "G039021", "child_risk_pct": 0.0, "elderly_risk_pct": 9.72 }, "geometry": { "type": "Polygon", "coordinates": [ [ [ 128.611522, 35.347208 ], [ 128.611534, 35.348109 ], [ 128.610434, 35.348119 ], [ 128.610421, 35.347218 ], [ 128.611522, 35.347208 ] ] ] } },
{ "type": "Feature", "properties": { "grid_id": "G039022", "child_risk_pct": 0.0, "elderly_risk_pct": 0.69 }, "geometry": { "type": "Polygon", "coordinates": [ [ [ 128.611534, 35.348109 ], [ 128.611546, 35.349011 ], [ 128.610446, 35.349021 ], [ 128.610434, 35.348119 ], [ 128.611534, 35.348109 ] ] ] } },
{ "type": "Feature", "properties": { "grid_id": "G039053", "child_risk_pct": 0.0, "elderly_risk_pct": 16.23 }, "geometry": { "type": "Polygon", "coordinates": [ [ [ 128.611917, 35.376056 ], [ 128.61193, 35.376958 ], [ 128.610829, 35.376968 ], [ 128.610816, 35.376067 ], [ 128.611917, 35.376056 ] ] ] } },
{ "type": "Feature", "properties": { "grid_id": "G039117", "child_risk_pct": 0.0, "elderly_risk_pct": 14.58 }, "geometry": { "type": "Polygon", "coordinates": [ [ [ 128.609989, 35.154269 ], [ 128.610001, 35.15517 ], [ 128.608903, 35.15518 ], [ 128.608891, 35.154279 ], [ 128.609989, 35.154269 ] ] ] } },
{ "type": "Feature", "properties": { "grid_id": "G039118", "child_risk_pct": 0.0, "elderly_risk_pct": 3.47 }, "geometry": { "type": "Polygon", "coordinates": [ [ [ 128.610001, 35.15517 ], [ 128.610013, 35.156072 ], [ 128.608916, 35.156082 ], [ 128.608903, 35.15518 ], [ 128.610001, 35.15517 ] ] ] } },
{ "type": "Feature", "properties": { "grid_id": "G039226", "child_risk_pct": 5.77, "elderly_risk_pct": 0.0 }, "geometry": { "type": "Polygon", "coordinates": [ [ [ 128.611401, 35.257946 ], [ 128.611413, 35.258848 ], [ 128.610314, 35.258858 ], [ 128.610302, 35.257956 ], [ 128.611401, 35.257946 ] ] ] } },
{ "type": "Feature", "properties": { "grid_id": "G039227", "child_risk_pct": 7.5, "elderly_risk_pct": 0.0 }, "geometry": { "type": "Polygon", "coordinates": [ [ [ 128.611413, 35.258848 ], [ 128.611425, 35.259749 ], [ 128.610326, 35.25976 ], [ 128.610314, 35.258858 ], [ 128.611413, 35.258848 ] ] ] } },
{ "type": "Feature", "properties": { "grid_id": "G039422", "child_risk_pct": 0.0, "elderly_risk_pct": 7.24 }, "geometry": { "type": "Polygon", "coordinates": [ [ [ 128.611087, 35.154259 ], [ 128.611099, 35.15516 ], [ 128.610001, 35.15517 ], [ 128.609989, 35.154269 ], [ 128.611087, 35.154259 ] ] ] } },
{ "type": "Feature", "properties": { "grid_id": "G039530", "child_risk_pct": 2.04, "elderly_risk_pct": 4.08 }, "geometry": { "type": "Polygon", "coordinates": [ [ [ 128.612438, 35.253429 ], [ 128.612451, 35.25433 ], [ 128.611352, 35.25434 ], [ 128.611339, 35.253439 ], [ 128.612438, 35.253429 ] ] ] } },
{ "type": "Feature", "properties": { "grid_id": "G039531", "child_risk_pct": 10.42, "elderly_risk_pct": 0.0 }, "geometry": { "type": "Polygon", "coordinates": [ [ [ 128.612451, 35.25433 ], [ 128.612463, 35.255232 ], [ 128.611364, 35.255242 ], [ 128.611352, 35.25434 ], [ 128.612451, 35.25433 ] ] ] } },
{ "type": "Feature", "properties": { "grid_id": "G039534", "child_risk_pct": 0.0, "elderly_risk_pct": 8.67 }, "geometry": { "type": "Polygon", "coordinates": [ [ [ 128.612488, 35.257035 ], [ 128.6125, 35.257936 ], [ 128.611401, 35.257946 ], [ 128.611388, 35.257045 ], [ 128.612488, 35.257035 ] ] ] } },
{ "type": "Feature", "properties": { "grid_id": "G039535", "child_risk_pct": 0.0, "elderly_risk_pct": 29.17 }, "geometry": { "type": "Polygon", "coordinates": [ [ [ 128.6125, 35.257936 ], [ 128.612512, 35.258838 ], [ 128.611413, 35.258848 ], [ 128.611401, 35.257946 ], [ 128.6125, 35.257936 ] ] ] } },
{ "type": "Feature", "properties": { "grid_id": "G039536", "child_risk_pct": 0.0, "elderly_risk_pct": 9.62 }, "geometry": { "type": "Polygon", "coordinates": [ [ [ 128.612512, 35.258838 ], [ 128.612525, 35.259739 ], [ 128.611425, 35.259749 ], [ 128.611413, 35.258848 ], [ 128.612512, 35.258838 ] ] ] } },
{ "type": "Feature", "properties": { "grid_id": "G039736", "child_risk_pct": 1.92, "elderly_risk_pct": 0.0 }, "geometry": { "type": "Polygon", "coordinates": [ [ [ 128.612295, 35.162363 ], [ 128.612307, 35.163264 ], [ 128.611209, 35.163274 ], [ 128.611197, 35.162373 ], [ 128.612295, 35.162363 ] ] ] } },
{ "type": "Feature", "properties": { "grid_id": "G039825", "child_risk_pct": 0.0, "elderly_risk_pct": 8.0 }, "geometry": { "type": "Polygon", "coordinates": [ [ [ 128.613402, 35.243502 ], [ 128.613414, 35.244403 ], [ 128.612315, 35.244413 ], [ 128.612303, 35.243512 ], [ 128.613402, 35.243502 ] ] ] } },
{ "type": "Feature", "properties": { "grid_id": "G039826", "child_risk_pct": 0.0, "elderly_risk_pct": 28.67 }, "geometry": { "type": "Polygon", "coordinates": [ [ [ 128.613414, 35.244403 ], [ 128.613426, 35.245305 ], [ 128.612327, 35.245315 ], [ 128.612315, 35.244413 ], [ 128.613414, 35.244403 ] ] ] } },
{ "type": "Feature", "properties": { "grid_id": "G039836", "child_risk_pct": 9.62, "elderly_risk_pct": 32.05 }, "geometry": { "type": "Polygon", "coordinates": [ [ [ 128.613537, 35.253419 ], [ 128.61355, 35.25432 ], [ 128.612451, 35.25433 ], [ 128.612438, 35.253429 ], [ 128.613537, 35.253419 ] ] ] } },
{ "type": "Feature", "properties": { "grid_id": "G039837", "child_risk_pct": 47.74, "elderly_risk_pct": 23.87 }, "geometry": { "type": "Polygon", "coordinates": [ [ [ 128.61355, 35.25432 ], [ 128.613562, 35.255222 ], [ 128.612463, 35.255232 ], [ 128.612451, 35.25433 ], [ 128.61355, 35.25432 ] ] ] } },
{ "type": "Feature", "properties": { "grid_id": "G039838", "child_risk_pct": 0.0, "elderly_risk_pct": 25.97 }, "geometry": { "type": "Polygon", "coordinates": [ [ [ 128.613562, 35.255222 ], [ 128.613574, 35.256123 ], [ 128.612475, 35.256133 ], [ 128.612463, 35.255232 ], [ 128.613562, 35.255222 ] ] ] } },
{ "type": "Feature", "properties": { "grid_id": "G039840", "child_risk_pct": 0.0, "elderly_risk_pct": 0.69 }, "geometry": { "type": "Polygon", "coordinates": [ [ [ 128.613587, 35.257025 ], [ 128.613599, 35.257926 ], [ 128.6125, 35.257936 ], [ 128.612488, 35.257035 ], [ 128.613587, 35.257025 ] ] ] } },
{ "type": "Feature", "properties": { "grid_id": "G039841", "child_risk_pct": 0.0, "elderly_risk_pct": 22.92 }, "geometry": { "type": "Polygon", "coordinates": [ [ [ 128.613599, 35.257926 ], [ 128.613611, 35.258828 ], [ 128.612512, 35.258838 ], [ 128.6125, 35.257936 ], [ 128.613599, 35.257926 ] ] ] } },
{ "type": "Feature", "properties": { "grid_id": "G039842", "child_risk_pct": 0.0, "elderly_risk_pct": 34.72 }, "geometry": { "type": "Polygon", "coordinates": [ [ [ 128.613611, 35.258828 ], [ 128.613624, 35.259729 ], [ 128.612525, 35.259739 ], [ 128.612512, 35.258838 ], [ 128.613611, 35.258828 ] ] ] } },
{ "type": "Feature", "properties": { "grid_id": "G040041", "child_risk_pct": 22.22, "elderly_risk_pct": 0.0 }, "geometry": { "type": "Polygon", "coordinates": [ [ [ 128.613393, 35.162353 ], [ 128.613405, 35.163254 ], [ 128.612307, 35.163264 ], [ 128.612295, 35.162363 ], [ 128.613393, 35.162353 ] ] ] } },
{ "type": "Feature", "properties": { "grid_id": "G040042", "child_risk_pct": 14.58, "elderly_risk_pct": 0.0 }, "geometry": { "type": "Polygon", "coordinates": [ [ [ 128.613405, 35.163254 ], [ 128.613417, 35.164156 ], [ 128.612319, 35.164166 ], [ 128.612307, 35.163264 ], [ 128.613405, 35.163254 ] ] ] } },
{ "type": "Feature", "properties": { "grid_id": "G040130", "child_risk_pct": 0.0, "elderly_risk_pct": 0.69 }, "geometry": { "type": "Polygon", "coordinates": [ [ [ 128.614501, 35.243491 ], [ 128.614513, 35.244393 ], [ 128.613414, 35.244403 ], [ 128.613402, 35.243502 ], [ 128.614501, 35.243491 ] ] ] } },
{ "type": "Feature", "properties": { "grid_id": "G040131", "child_risk_pct": 0.0, "elderly_risk_pct": 11.54 }, "geometry": { "type": "Polygon", "coordinates": [ [ [ 128.614513, 35.244393 ], [ 128.614525, 35.245295 ], [ 128.613426, 35.245305 ], [ 128.613414, 35.244403 ], [ 128.614513, 35.244393 ] ] ] } },
{ "type": "Feature", "properties": { "grid_id": "G040139", "child_risk_pct": 0.0, "elderly_risk_pct": 9.03 }, "geometry": { "type": "Polygon", "coordinates": [ [ [ 128.614612, 35.251605 ], [ 128.614624, 35.252507 ], [ 128.613525, 35.252517 ], [ 128.613513, 35.251615 ], [ 128.614612, 35.251605 ] ] ] } },
{ "type": "Feature", "properties": { "grid_id": "G040140", "child_risk_pct": 0.0, "elderly_risk_pct": 3.97 }, "geometry": { "type": "Polygon", "coordinates": [ [ [ 128.614624, 35.252507 ], [ 128.614636, 35.253408 ], [ 128.613537, 35.253419 ], [ 128.613525, 35.252517 ], [ 128.614624, 35.252507 ] ] ] } },
{ "type": "Feature", "properties": { "grid_id": "G040142", "child_risk_pct": 0.0, "elderly_risk_pct": 1.36 }, "geometry": { "type": "Polygon", "coordinates": [ [ [ 128.614649, 35.25431 ], [ 128.614661, 35.255211 ], [ 128.613562, 35.255222 ], [ 128.61355, 35.25432 ], [ 128.614649, 35.25431 ] ] ] } },
{ "type": "Feature", "properties": { "grid_id": "G040143", "child_risk_pct": 0.0, "elderly_risk_pct": 10.42 }, "geometry": { "type": "Polygon", "coordinates": [ [ [ 128.614661, 35.255211 ], [ 128.614673, 35.256113 ], [ 128.613574, 35.256123 ], [ 128.613562, 35.255222 ], [ 128.614661, 35.255211 ] ] ] } },
{ "type": "Feature", "properties": { "grid_id": "G040147", "child_risk_pct": 0.0, "elderly_risk_pct": 0.68 }, "geometry": { "type": "Polygon", "coordinates": [ [ [ 128.61471, 35.258818 ], [ 128.614723, 35.259719 ], [ 128.613624, 35.259729 ], [ 128.613611, 35.258828 ], [ 128.61471, 35.258818 ] ] ] } },
{ "type": "Feature", "properties": { "grid_id": "G040150", "child_risk_pct": 0.0, "elderly_risk_pct": 6.25 }, "geometry": { "type": "Polygon", "coordinates": [ [ [ 128.614748, 35.261522 ], [ 128.61476, 35.262424 ], [ 128.613661, 35.262434 ], [ 128.613648, 35.261532 ], [ 128.614748, 35.261522 ] ] ] } },
{ "type": "Feature", "properties": { "grid_id": "G040151", "child_risk_pct": 0.0, "elderly_risk_pct": 19.86 }, "geometry": { "type": "Polygon", "coordinates": [ [ [ 128.61476, 35.262424 ], [ 128.614772, 35.263325 ], [ 128.613673, 35.263335 ], [ 128.613661, 35.262434 ], [ 128.61476, 35.262424 ] ] ] } },
{ "type": "Feature", "properties": { "grid_id": "G040152", "child_risk_pct": 0.0, "elderly_risk_pct": 24.68 }, "geometry": { "type": "Polygon", "coordinates": [ [ [ 128.614772, 35.263325 ], [ 128.614785, 35.264227 ], [ 128.613685, 35.264237 ], [ 128.613673, 35.263335 ], [ 128.614772, 35.263325 ] ] ] } },
{ "type": "Feature", "properties": { "grid_id": "G040350", "child_risk_pct": 0.0, "elderly_risk_pct": 5.26 }, "geometry": { "type": "Polygon", "coordinates": [ [ [ 128.614577, 35.168653 ], [ 128.614589, 35.169555 ], [ 128.613491, 35.169565 ], [ 128.613479, 35.168663 ], [ 128.614577, 35.168653 ] ] ] } },
{ "type": "Feature", "properties": { "grid_id": "G040398", "child_risk_pct": 0.0, "elderly_risk_pct": 11.32 }, "geometry": { "type": "Polygon", "coordinates": [ [ [ 128.61518, 35.212829 ], [ 128.615192, 35.213731 ], [ 128.614094, 35.213741 ], [ 128.614082, 35.212839 ], [ 128.61518, 35.212829 ] ] ] } },
{ "type": "Feature", "properties": { "grid_id": "G040399", "child_risk_pct": 0.0, "elderly_risk_pct": 2.0 }, "geometry": { "type": "Polygon", "coordinates": [ [ [ 128.615192, 35.213731 ], [ 128.615205, 35.214632 ], [ 128.614106, 35.214642 ], [ 128.614094, 35.213741 ], [ 128.615192, 35.213731 ] ] ] } },
{ "type": "Feature", "properties": { "grid_id": "G040441", "child_risk_pct": 0.0, "elderly_risk_pct": 30.82 }, "geometry": { "type": "Polygon", "coordinates": [ [ [ 128.615711, 35.251595 ], [ 128.615723, 35.252497 ], [ 128.614624, 35.252507 ], [ 128.614612, 35.251605 ], [ 128.615711, 35.251595 ] ] ] } },
{ "type": "Feature", "properties": { "grid_id": "G040442", "child_risk_pct": 0.0, "elderly_risk_pct": 22.82 }, "geometry": { "type": "Polygon", "coordinates": [ [ [ 128.615723, 35.252497 ], [ 128.615735, 35.253398 ], [ 128.614636, 35.253408 ], [ 128.614624, 35.252507 ], [ 128.615723, 35.252497 ] ] ] } },
{ "type": "Feature", "properties": { "grid_id": "G040450", "child_risk_pct": 0.0, "elderly_risk_pct": 2.76 }, "geometry": { "type": "Polygon", "coordinates": [ [ [ 128.615822, 35.259709 ], [ 128.615834, 35.260611 ], [ 128.614735, 35.260621 ], [ 128.614723, 35.259719 ], [ 128.615822, 35.259709 ] ] ] } },
{ "type": "Feature", "properties": { "grid_id": "G040451", "child_risk_pct": 0.0, "elderly_risk_pct": 9.03 }, "geometry": { "type": "Polygon", "coordinates": [ [ [ 128.615834, 35.260611 ], [ 128.615847, 35.261512 ], [ 128.614748, 35.261522 ], [ 128.614735, 35.260621 ], [ 128.615834, 35.260611 ] ] ] } },
{ "type": "Feature", "properties": { "grid_id": "G040452", "child_risk_pct": 0.0, "elderly_risk_pct": 57.64 }, "geometry": { "type": "Polygon", "coordinates": [ [ [ 128.615847, 35.261512 ], [ 128.615859, 35.262414 ], [ 128.61476, 35.262424 ], [ 128.614748, 35.261522 ], [ 128.615847, 35.261512 ] ] ] } },
{ "type": "Feature", "properties": { "grid_id": "G040453", "child_risk_pct": 0.0, "elderly_risk_pct": 32.64 }, "geometry": { "type": "Polygon", "coordinates": [ [ [ 128.615859, 35.262414 ], [ 128.615871, 35.263315 ], [ 128.614772, 35.263325 ], [ 128.61476, 35.262424 ], [ 128.615859, 35.262414 ] ] ] } },
{ "type": "Feature", "properties": { "grid_id": "G040454", "child_risk_pct": 0.0, "elderly_risk_pct": 5.77 }, "geometry": { "type": "Polygon", "coordinates": [ [ [ 128.615871, 35.263315 ], [ 128.615884, 35.264217 ], [ 128.614785, 35.264227 ], [ 128.614772, 35.263325 ], [ 128.615871, 35.263315 ] ] ] } },
{ "type": "Feature", "properties": { "grid_id": "G040465", "child_risk_pct": 0.0, "elderly_risk_pct": 19.59 }, "geometry": { "type": "Polygon", "coordinates": [ [ [ 128.616007, 35.273232 ], [ 128.61602, 35.274134 ], [ 128.61492, 35.274144 ], [ 128.614908, 35.273242 ], [ 128.616007, 35.273232 ] ] ] } },
{ "type": "Feature", "properties": { "grid_id": "G040466", "child_risk_pct": 0.0, "elderly_risk_pct": 2.78 }, "geometry": { "type": "Polygon", "coordinates": [ [ [ 128.61602, 35.274134 ], [ 128.616032, 35.275035 ], [ 128.614933, 35.275045 ], [ 128.61492, 35.274144 ], [ 128.61602, 35.274134 ] ] ] } },
{ "type": "Feature", "properties": { "grid_id": "G040643", "child_risk_pct": 0.0, "elderly_risk_pct": 2.68 }, "geometry": { "type": "Polygon", "coordinates": [ [ [ 128.615638, 35.165939 ], [ 128.61565, 35.16684 ], [ 128.614552, 35.16685 ], [ 128.61454, 35.165949 ], [ 128.615638, 35.165939 ] ] ] } },
{ "type": "Feature", "properties": { "grid_id": "G040645", "child_risk_pct": 0.0, "elderly_risk_pct": 2.08 }, "geometry": { "type": "Polygon", "coordinates": [ [ [ 128.615662, 35.167742 ], [ 128.615674, 35.168643 ], [ 128.614577, 35.168653 ], [ 128.614564, 35.167752 ], [ 128.615662, 35.167742 ] ] ] } },
{ "type": "Feature", "properties": { "grid_id": "G040646", "child_risk_pct": 0.0, "elderly_risk_pct": 19.87 }, "geometry": { "type": "Polygon", "coordinates": [ [ [ 128.615674, 35.168643 ], [ 128.615687, 35.169545 ], [ 128.614589, 35.169555 ], [ 128.614577, 35.168653 ], [ 128.615674, 35.168643 ] ] ] } },
{ "type": "Feature", "properties": { "grid_id": "G040694", "child_risk_pct": 0.0, "elderly_risk_pct": 26.39 }, "geometry": { "type": "Polygon", "coordinates": [ [ [ 128.616279, 35.212819 ], [ 128.616291, 35.21372 ], [ 128.615192, 35.213731 ], [ 128.61518, 35.212829 ], [ 128.616279, 35.212819 ] ] ] } },
{ "type": "Feature", "properties": { "grid_id": "G040695", "child_risk_pct": 0.0, "elderly_risk_pct": 9.62 }, "geometry": { "type": "Polygon", "coordinates": [ [ [ 128.616291, 35.21372 ], [ 128.616303, 35.214622 ], [ 128.615205, 35.214632 ], [ 128.615192, 35.213731 ], [ 128.616291, 35.21372 ] ] ] } },
{ "type": "Feature", "properties": { "grid_id": "G040738", "child_risk_pct": 0.69, "elderly_risk_pct": 0.0 }, "geometry": { "type": "Polygon", "coordinates": [ [ [ 128.616822, 35.252487 ], [ 128.616835, 35.253388 ], [ 128.615735, 35.253398 ], [ 128.615723, 35.252497 ], [ 128.616822, 35.252487 ] ] ] } },
{ "type": "Feature", "properties": { "grid_id": "G040740", "child_risk_pct": 0.0, "elderly_risk_pct": 0.64 }, "geometry": { "type": "Polygon", "coordinates": [ [ [ 128.616847, 35.25429 ], [ 128.616859, 35.255191 ], [ 128.61576, 35.255201 ], [ 128.615748, 35.2543 ], [ 128.616847, 35.25429 ] ] ] } },
{ "type": "Feature", "properties": { "grid_id": "G040741", "child_risk_pct": 0.0, "elderly_risk_pct": 0.69 }, "geometry": { "type": "Polygon", "coordinates": [ [ [ 128.616859, 35.255191 ], [ 128.616872, 35.256093 ], [ 128.615773, 35.256103 ], [ 128.61576, 35.255201 ], [ 128.616859, 35.255191 ] ] ] } },
{ "type": "Feature", "properties": { "grid_id": "G040742", "child_risk_pct": 0.0, "elderly_risk_pct": 0.65 }, "geometry": { "type": "Polygon", "coordinates": [ [ [ 128.616872, 35.256093 ], [ 128.616884, 35.256994 ], [ 128.615785, 35.257004 ], [ 128.615773, 35.256103 ], [ 128.616872, 35.256093 ] ] ] } },
{ "type": "Feature", "properties": { "grid_id": "G040746", "child_risk_pct": 0.0, "elderly_risk_pct": 5.56 }, "geometry": { "type": "Polygon", "coordinates": [ [ [ 128.616921, 35.259699 ], [ 128.616933, 35.2606 ], [ 128.615834, 35.260611 ], [ 128.615822, 35.259709 ], [ 128.616921, 35.259699 ] ] ] } },
{ "type": "Feature", "properties": { "grid_id": "G040747", "child_risk_pct": 0.0, "elderly_risk_pct": 23.72 }, "geometry": { "type": "Polygon", "coordinates": [ [ [ 128.616933, 35.2606 ], [ 128.616946, 35.261502 ], [ 128.615847, 35.261512 ], [ 128.615834, 35.260611 ], [ 128.616933, 35.2606 ] ] ] } },
{ "type": "Feature", "properties": { "grid_id": "G040748", "child_risk_pct": 0.0, "elderly_risk_pct": 39.58 }, "geometry": { "type": "Polygon", "coordinates": [ [ [ 128.616946, 35.261502 ], [ 128.616958, 35.262403 ], [ 128.615859, 35.262414 ], [ 128.615847, 35.261512 ], [ 128.616946, 35.261502 ] ] ] } },
{ "type": "Feature", "properties": { "grid_id": "G040749", "child_risk_pct": 0.0, "elderly_risk_pct": 5.33 }, "geometry": { "type": "Polygon", "coordinates": [ [ [ 128.616958, 35.262403 ], [ 128.616971, 35.263305 ], [ 128.615871, 35.263315 ], [ 128.615859, 35.262414 ], [ 128.616958, 35.262403 ] ] ] } },
{ "type": "Feature", "properties": { "grid_id": "G040752", "child_risk_pct": 0.0, "elderly_risk_pct": 8.33 }, "geometry": { "type": "Polygon", "coordinates": [ [ [ 128.616995, 35.265108 ], [ 128.617008, 35.26601 ], [ 128.615908, 35.26602 ], [ 128.615896, 35.265118 ], [ 128.616995, 35.265108 ] ] ] } },
{ "type": "Feature", "properties": { "grid_id": "G040753", "child_risk_pct": 0.0, "elderly_risk_pct": 15.28 }, "geometry": { "type": "Polygon", "coordinates": [ [ [ 128.617008, 35.26601 ], [ 128.61702, 35.266911 ], [ 128.615921, 35.266921 ], [ 128.615908, 35.26602 ], [ 128.617008, 35.26601 ] ] ] } },
{ "type": "Feature", "properties": { "grid_id": "G040761", "child_risk_pct": 0.0, "elderly_risk_pct": 8.33 }, "geometry": { "type": "Polygon", "coordinates": [ [ [ 128.617107, 35.273222 ], [ 128.617119, 35.274123 ], [ 128.61602, 35.274134 ], [ 128.616007, 35.273232 ], [ 128.617107, 35.273222 ] ] ] } },
{ "type": "Feature", "properties": { "grid_id": "G040940", "child_risk_pct": 0.0, "elderly_risk_pct": 1.28 }, "geometry": { "type": "Polygon", "coordinates": [ [ [ 128.616735, 35.165928 ], [ 128.616748, 35.16683 ], [ 128.61565, 35.16684 ], [ 128.615638, 35.165939 ], [ 128.616735, 35.165928 ] ] ] } },
{ "type": "Feature", "properties": { "grid_id": "G040941", "child_risk_pct": 0.0, "elderly_risk_pct": 2.78 }, "geometry": { "type": "Polygon", "coordinates": [ [ [ 128.616748, 35.16683 ], [ 128.61676, 35.167732 ], [ 128.615662, 35.167742 ], [ 128.61565, 35.16684 ], [ 128.616748, 35.16683 ] ] ] } },
{ "type": "Feature", "properties": { "grid_id": "G040943", "child_risk_pct": 0.0, "elderly_risk_pct": 2.01 }, "geometry": { "type": "Polygon", "coordinates": [ [ [ 128.616772, 35.168633 ], [ 128.616785, 35.169535 ], [ 128.615687, 35.169545 ], [ 128.615674, 35.168643 ], [ 128.616772, 35.168633 ] ] ] } },
{ "type": "Feature", "properties": { "grid_id": "G041034", "child_risk_pct": 26.45, "elderly_risk_pct": 7.1 }, "geometry": { "type": "Polygon", "coordinates": [ [ [ 128.617909, 35.251575 ], [ 128.617921, 35.252476 ], [ 128.616822, 35.252487 ], [ 128.61681, 35.251585 ], [ 128.617909, 35.251575 ] ] ] } },
{ "type": "Feature", "properties": { "grid_id": "G041035", "child_risk_pct": 19.31, "elderly_risk_pct": 7.59 }, "geometry": { "type": "Polygon", "coordinates": [ [ [ 128.617921, 35.252476 ], [ 128.617934, 35.253378 ], [ 128.616835, 35.253388 ], [ 128.616822, 35.252487 ], [ 128.617921, 35.252476 ] ] ] } },
{ "type": "Feature", "properties": { "grid_id": "G041036", "child_risk_pct": 35.42, "elderly_risk_pct": 34.03 }, "geometry": { "type": "Polygon", "coordinates": [ [ [ 128.617934, 35.253378 ], [ 128.617946, 35.254279 ], [ 128.616847, 35.25429 ], [ 128.616835, 35.253388 ], [ 128.617934, 35.253378 ] ] ] } },
{ "type": "Feature", "properties": { "grid_id": "G041037", "child_risk_pct": 0.67, "elderly_risk_pct": 1.34 }, "geometry": { "type": "Polygon", "coordinates": [ [ [ 128.617946, 35.254279 ], [ 128.617958, 35.255181 ], [ 128.616859, 35.255191 ], [ 128.616847, 35.25429 ], [ 128.617946, 35.254279 ] ] ] } },
{ "type": "Feature", "properties": { "grid_id": "G041038", "child_risk_pct": 0.0, "elderly_risk_pct": 13.61 }, "geometry": { "type": "Polygon", "coordinates": [ [ [ 128.617958, 35.255181 ], [ 128.617971, 35.256083 ], [ 128.616872, 35.256093 ], [ 128.616859, 35.255191 ], [ 128.617958, 35.255181 ] ] ] } },
{ "type": "Feature", "properties": { "grid_id": "G041039", "child_risk_pct": 0.0, "elderly_risk_pct": 0.68 }, "geometry": { "type": "Polygon", "coordinates": [ [ [ 128.617971, 35.256083 ], [ 128.617983, 35.256984 ], [ 128.616884, 35.256994 ], [ 128.616872, 35.256093 ], [ 128.617971, 35.256083 ] ] ] } },
{ "type": "Feature", "properties": { "grid_id": "G041045", "child_risk_pct": 0.0, "elderly_risk_pct": 15.57 }, "geometry": { "type": "Polygon", "coordinates": [ [ [ 128.618045, 35.261492 ], [ 128.618057, 35.262393 ], [ 128.616958, 35.262403 ], [ 128.616946, 35.261502 ], [ 128.618045, 35.261492 ] ] ] } },
{ "type": "Feature", "properties": { "grid_id": "G041046", "child_risk_pct": 0.0, "elderly_risk_pct": 14.67 }, "geometry": { "type": "Polygon", "coordinates": [ [ [ 128.618057, 35.262393 ], [ 128.61807, 35.263295 ], [ 128.616971, 35.263305 ], [ 128.616958, 35.262403 ], [ 128.618057, 35.262393 ] ] ] } },
{ "type": "Feature", "properties": { "grid_id": "G041047", "child_risk_pct": 0.0, "elderly_risk_pct": 27.08 }, "geometry": { "type": "Polygon", "coordinates": [ [ [ 128.61807, 35.263295 ], [ 128.618082, 35.264196 ], [ 128.616983, 35.264207 ], [ 128.616971, 35.263305 ], [ 128.61807, 35.263295 ] ] ] } },
{ "type": "Feature", "properties": { "grid_id": "G041048", "child_risk_pct": 0.0, "elderly_risk_pct": 14.74 }, "geometry": { "type": "Polygon", "coordinates": [ [ [ 128.618082, 35.264196 ], [ 128.618095, 35.265098 ], [ 128.616995, 35.265108 ], [ 128.616983, 35.264207 ], [ 128.618082, 35.264196 ] ] ] } },
{ "type": "Feature", "properties": { "grid_id": "G041049", "child_risk_pct": 0.0, "elderly_risk_pct": 6.94 }, "geometry": { "type": "Polygon", "coordinates": [ [ [ 128.618095, 35.265098 ], [ 128.618107, 35.265999 ], [ 128.617008, 35.26601 ], [ 128.616995, 35.265108 ], [ 128.618095, 35.265098 ] ] ] } },
{ "type": "Feature", "properties": { "grid_id": "G041050", "child_risk_pct": 0.0, "elderly_risk_pct": 7.64 }, "geometry": { "type": "Polygon", "coordinates": [ [ [ 128.618107, 35.265999 ], [ 128.618119, 35.266901 ], [ 128.61702, 35.266911 ], [ 128.617008, 35.26601 ], [ 128.618107, 35.265999 ] ] ] } },
{ "type": "Feature", "properties": { "grid_id": "G041329", "child_risk_pct": 5.56, "elderly_risk_pct": 4.17 }, "geometry": { "type": "Polygon", "coordinates": [ [ [ 128.618995, 35.250663 ], [ 128.619008, 35.251565 ], [ 128.617909, 35.251575 ], [ 128.617896, 35.250673 ], [ 128.618995, 35.250663 ] ] ] } },
{ "type": "Feature", "properties": { "grid_id": "G041330", "child_risk_pct": 25.69, "elderly_risk_pct": 22.92 }, "geometry": { "type": "Polygon", "coordinates": [ [ [ 128.619008, 35.251565 ], [ 128.61902, 35.252466 ], [ 128.617921, 35.252476 ], [ 128.617909, 35.251575 ], [ 128.619008, 35.251565 ] ] ] } },
{ "type": "Feature", "properties": { "grid_id": "G041331", "child_risk_pct": 2.53, "elderly_risk_pct": 21.52 }, "geometry": { "type": "Polygon", "coordinates": [ [ [ 128.61902, 35.252466 ], [ 128.619033, 35.253368 ], [ 128.617934, 35.253378 ], [ 128.617921, 35.252476 ], [ 128.61902, 35.252466 ] ] ] } },
{ "type": "Feature", "properties": { "grid_id": "G041332", "child_risk_pct": 16.03, "elderly_risk_pct": 14.1 }, "geometry": { "type": "Polygon", "coordinates": [ [ [ 128.619033, 35.253368 ], [ 128.619045, 35.254269 ], [ 128.617946, 35.254279 ], [ 128.617934, 35.253378 ], [ 128.619033, 35.253368 ] ] ] } },
{ "type": "Feature", "properties": { "grid_id": "G041333", "child_risk_pct": 0.0, "elderly_risk_pct": 15.89 }, "geometry": { "type": "Polygon", "coordinates": [ [ [ 128.619045, 35.254269 ], [ 128.619057, 35.255171 ], [ 128.617958, 35.255181 ], [ 128.617946, 35.254279 ], [ 128.619045, 35.254269 ] ] ] } },
{ "type": "Feature", "properties": { "grid_id": "G041334", "child_risk_pct": 0.0, "elderly_risk_pct": 4.49 }, "geometry": { "type": "Polygon", "coordinates": [ [ [ 128.619057, 35.255171 ], [ 128.61907, 35.256072 ], [ 128.617971, 35.256083 ], [ 128.617958, 35.255181 ], [ 128.619057, 35.255171 ] ] ] } },
{ "type": "Feature", "properties": { "grid_id": "G041341", "child_risk_pct": 0.0, "elderly_risk_pct": 16.67 }, "geometry": { "type": "Polygon", "coordinates": [ [ [ 128.619144, 35.261482 ], [ 128.619157, 35.262383 ], [ 128.618057, 35.262393 ], [ 128.618045, 35.261492 ], [ 128.619144, 35.261482 ] ] ] } },
{ "type": "Feature", "properties": { "grid_id": "G041342", "child_risk_pct": 0.0, "elderly_risk_pct": 15.28 }, "geometry": { "type": "Polygon", "coordinates": [ [ [ 128.619157, 35.262383 ], [ 128.619169, 35.263285 ], [ 128.61807, 35.263295 ], [ 128.618057, 35.262393 ], [ 128.619157, 35.262383 ] ] ] } },
{ "type": "Feature", "properties": { "grid_id": "G041343", "child_risk_pct": 0.0, "elderly_risk_pct": 49.31 }, "geometry": { "type": "Polygon", "coordinates": [ [ [ 128.619169, 35.263285 ], [ 128.619181, 35.264186 ], [ 128.618082, 35.264196 ], [ 128.61807, 35.263295 ], [ 128.619169, 35.263285 ] ] ] } },
{ "type": "Feature", "properties": { "grid_id": "G041344", "child_risk_pct": 0.0, "elderly_risk_pct": 15.44 }, "geometry": { "type": "Polygon", "coordinates": [ [ [ 128.619181, 35.264186 ], [ 128.619194, 35.265088 ], [ 128.618095, 35.265098 ], [ 128.618082, 35.264196 ], [ 128.619181, 35.264186 ] ] ] } },
{ "type": "Feature", "properties": { "grid_id": "G041346", "child_risk_pct": 4.61, "elderly_risk_pct": 0.0 }, "geometry": { "type": "Polygon", "coordinates": [ [ [ 128.619206, 35.265989 ], [ 128.619219, 35.266891 ], [ 128.618119, 35.266901 ], [ 128.618107, 35.265999 ], [ 128.619206, 35.265989 ] ] ] } },
{ "type": "Feature", "properties": { "grid_id": "G041630", "child_risk_pct": 9.04, "elderly_risk_pct": 0.0 }, "geometry": { "type": "Polygon", "coordinates": [ [ [ 128.620119, 35.252456 ], [ 128.620132, 35.253358 ], [ 128.619033, 35.253368 ], [ 128.61902, 35.252466 ], [ 128.620119, 35.252456 ] ] ] } },
{ "type": "Feature", "properties": { "grid_id": "G041631", "child_risk_pct": 0.69, "elderly_risk_pct": 0.0 }, "geometry": { "type": "Polygon", "coordinates": [ [ [ 128.620132, 35.253358 ], [ 128.620144, 35.254259 ], [ 128.619045, 35.254269 ], [ 128.619033, 35.253368 ], [ 128.620132, 35.253358 ] ] ] } },
{ "type": "Feature", "properties": { "grid_id": "G041641", "child_risk_pct": 7.19, "elderly_risk_pct": 0.0 }, "geometry": { "type": "Polygon", "coordinates": [ [ [ 128.620256, 35.262373 ], [ 128.620268, 35.263274 ], [ 128.619169, 35.263285 ], [ 128.619157, 35.262383 ], [ 128.620256, 35.262373 ] ] ] } },
{ "type": "Feature", "properties": { "grid_id": "G041642", "child_risk_pct": 33.33, "elderly_risk_pct": 4.17 }, "geometry": { "type": "Polygon", "coordinates": [ [ [ 128.620268, 35.263274 ], [ 128.620281, 35.264176 ], [ 128.619181, 35.264186 ], [ 128.619169, 35.263285 ], [ 128.620268, 35.263274 ] ] ] } },
{ "type": "Feature", "properties": { "grid_id": "G041643", "child_risk_pct": 0.0, "elderly_risk_pct": 25.68 }, "geometry": { "type": "Polygon", "coordinates": [ [ [ 128.620281, 35.264176 ], [ 128.620293, 35.265078 ], [ 128.619194, 35.265088 ], [ 128.619181, 35.264186 ], [ 128.620281, 35.264176 ] ] ] } },
{ "type": "Feature", "properties": { "grid_id": "G041644", "child_risk_pct": 3.55, "elderly_risk_pct": 31.36 }, "geometry": { "type": "Polygon", "coordinates": [ [ [ 128.620293, 35.265078 ], [ 128.620305, 35.265979 ], [ 128.619206, 35.265989 ], [ 128.619194, 35.265088 ], [ 128.620293, 35.265078 ] ] ] } },
{ "type": "Feature", "properties": { "grid_id": "G041645", "child_risk_pct": 35.14, "elderly_risk_pct": 5.41 }, "geometry": { "type": "Polygon", "coordinates": [ [ [ 128.620305, 35.265979 ], [ 128.620318, 35.266881 ], [ 128.619219, 35.266891 ], [ 128.619206, 35.265989 ], [ 128.620305, 35.265979 ] ] ] } },
{ "type": "Feature", "properties": { "grid_id": "G041926", "child_risk_pct": 0.69, "elderly_risk_pct": 0.0 }, "geometry": { "type": "Polygon", "coordinates": [ [ [ 128.621218, 35.252446 ], [ 128.621231, 35.253347 ], [ 128.620132, 35.253358 ], [ 128.620119, 35.252456 ], [ 128.621218, 35.252446 ] ] ] } },
{ "type": "Feature", "properties": { "grid_id": "G041927", "child_risk_pct": 0.64, "elderly_risk_pct": 0.0 }, "geometry": { "type": "Polygon", "coordinates": [ [ [ 128.621231, 35.253347 ], [ 128.621243, 35.254249 ], [ 128.620144, 35.254259 ], [ 128.620132, 35.253358 ], [ 128.621231, 35.253347 ] ] ] } },
{ "type": "Feature", "properties": { "grid_id": "G041937", "child_risk_pct": 1.9, "elderly_risk_pct": 0.0 }, "geometry": { "type": "Polygon", "coordinates": [ [ [ 128.621355, 35.262363 ], [ 128.621367, 35.263264 ], [ 128.620268, 35.263274 ], [ 128.620256, 35.262373 ], [ 128.621355, 35.262363 ] ] ] } },
{ "type": "Feature", "properties": { "grid_id": "G041938", "child_risk_pct": 6.41, "elderly_risk_pct": 14.1 }, "geometry": { "type": "Polygon", "coordinates": [ [ [ 128.621367, 35.263264 ], [ 128.62138, 35.264166 ], [ 128.620281, 35.264176 ], [ 128.620268, 35.263274 ], [ 128.621367, 35.263264 ] ] ] } },
{ "type": "Feature", "properties": { "grid_id": "G041939", "child_risk_pct": 0.0, "elderly_risk_pct": 38.16 }, "geometry": { "type": "Polygon", "coordinates": [ [ [ 128.62138, 35.264166 ], [ 128.621392, 35.265067 ], [ 128.620293, 35.265078 ], [ 128.620281, 35.264176 ], [ 128.62138, 35.264166 ] ] ] } },
{ "type": "Feature", "properties": { "grid_id": "G041940", "child_risk_pct": 0.0, "elderly_risk_pct": 20.13 }, "geometry": { "type": "Polygon", "coordinates": [ [ [ 128.621392, 35.265067 ], [ 128.621405, 35.265969 ], [ 128.620305, 35.265979 ], [ 128.620293, 35.265078 ], [ 128.621392, 35.265067 ] ] ] } },
{ "type": "Feature", "properties": { "grid_id": "G041941", "child_risk_pct": 0.0, "elderly_risk_pct": 31.13 }, "geometry": { "type": "Polygon", "coordinates": [ [ [ 128.621405, 35.265969 ], [ 128.621417, 35.26687 ], [ 128.620318, 35.266881 ], [ 128.620305, 35.265979 ], [ 128.621405, 35.265969 ] ] ] } },
{ "type": "Feature", "properties": { "grid_id": "G042230", "child_risk_pct": 0.0, "elderly_risk_pct": 7.14 }, "geometry": { "type": "Polygon", "coordinates": [ [ [ 128.622442, 35.261451 ], [ 128.622454, 35.262353 ], [ 128.621355, 35.262363 ], [ 128.621343, 35.261461 ], [ 128.622442, 35.261451 ] ] ] } },
{ "type": "Feature", "properties": { "grid_id": "G042231", "child_risk_pct": 0.0, "elderly_risk_pct": 11.95 }, "geometry": { "type": "Polygon", "coordinates": [ [ [ 128.622454, 35.262353 ], [ 128.622467, 35.263254 ], [ 128.621367, 35.263264 ], [ 128.621355, 35.262363 ], [ 128.622454, 35.262353 ] ] ] } },
{ "type": "Feature", "properties": { "grid_id": "G042233", "child_risk_pct": 0.0, "elderly_risk_pct": 45.83 }, "geometry": { "type": "Polygon", "coordinates": [ [ [ 128.622479, 35.264156 ], [ 128.622491, 35.265057 ], [ 128.621392, 35.265067 ], [ 128.62138, 35.264166 ], [ 128.622479, 35.264156 ] ] ] } },
{ "type": "Feature", "properties": { "grid_id": "G042234", "child_risk_pct": 0.0, "elderly_risk_pct": 25.0 }, "geometry": { "type": "Polygon", "coordinates": [ [ [ 128.622491, 35.265057 ], [ 128.622504, 35.265959 ], [ 128.621405, 35.265969 ], [ 128.621392, 35.265067 ], [ 128.622491, 35.265057 ] ] ] } },
{ "type": "Feature", "properties": { "grid_id": "G042503", "child_risk_pct": 0.0, "elderly_risk_pct": 4.86 }, "geometry": { "type": "Polygon", "coordinates": [ [ [ 128.62328, 35.242509 ], [ 128.623292, 35.24341 ], [ 128.622193, 35.24342 ], [ 128.622181, 35.242519 ], [ 128.62328, 35.242509 ] ] ] } },
{ "type": "Feature", "properties": { "grid_id": "G042504", "child_risk_pct": 0.0, "elderly_risk_pct": 0.69 }, "geometry": { "type": "Polygon", "coordinates": [ [ [ 128.623292, 35.24341 ], [ 128.623305, 35.244312 ], [ 128.622206, 35.244322 ], [ 128.622193, 35.24342 ], [ 128.623292, 35.24341 ] ] ] } },
{ "type": "Feature", "properties": { "grid_id": "G042524", "child_risk_pct": 0.0, "elderly_risk_pct": 10.27 }, "geometry": { "type": "Polygon", "coordinates": [ [ [ 128.623541, 35.261441 ], [ 128.623553, 35.262342 ], [ 128.622454, 35.262353 ], [ 128.622442, 35.261451 ], [ 128.623541, 35.261441 ] ] ] } },
{ "type": "Feature", "properties": { "grid_id": "G042525", "child_risk_pct": 0.0, "elderly_risk_pct": 34.72 }, "geometry": { "type": "Polygon", "coordinates": [ [ [ 128.623553, 35.262342 ], [ 128.623566, 35.263244 ], [ 128.622467, 35.263254 ], [ 128.622454, 35.262353 ], [ 128.623553, 35.262342 ] ] ] } },
{ "type": "Feature", "properties": { "grid_id": "G042526", "child_risk_pct": 0.0, "elderly_risk_pct": 28.21 }, "geometry": { "type": "Polygon", "coordinates": [ [ [ 128.623566, 35.263244 ], [ 128.623578, 35.264145 ], [ 128.622479, 35.264156 ], [ 128.622467, 35.263254 ], [ 128.623566, 35.263244 ] ] ] } },
{ "type": "Feature", "properties": { "grid_id": "G042527", "child_risk_pct": 0.0, "elderly_risk_pct": 27.08 }, "geometry": { "type": "Polygon", "coordinates": [ [ [ 128.623578, 35.264145 ], [ 128.623591, 35.265047 ], [ 128.622491, 35.265057 ], [ 128.622479, 35.264156 ], [ 128.623578, 35.264145 ] ] ] } },
{ "type": "Feature", "properties": { "grid_id": "G042528", "child_risk_pct": 0.0, "elderly_risk_pct": 4.86 }, "geometry": { "type": "Polygon", "coordinates": [ [ [ 128.623591, 35.265047 ], [ 128.623603, 35.265949 ], [ 128.622504, 35.265959 ], [ 128.622491, 35.265057 ], [ 128.623591, 35.265047 ] ] ] } },
{ "type": "Feature", "properties": { "grid_id": "G042531", "child_risk_pct": 0.0, "elderly_risk_pct": 2.68 }, "geometry": { "type": "Polygon", "coordinates": [ [ [ 128.623628, 35.267752 ], [ 128.62364, 35.268653 ], [ 128.622541, 35.268663 ], [ 128.622529, 35.267762 ], [ 128.623628, 35.267752 ] ] ] } },
{ "type": "Feature", "properties": { "grid_id": "G042559", "child_risk_pct": 0.0, "elderly_risk_pct": 23.08 }, "geometry": { "type": "Polygon", "coordinates": [ [ [ 128.623977, 35.292994 ], [ 128.623989, 35.293896 ], [ 128.62289, 35.293906 ], [ 128.622877, 35.293005 ], [ 128.623977, 35.292994 ] ] ] } },
{ "type": "Feature", "properties": { "grid_id": "G042560", "child_risk_pct": 0.0, "elderly_risk_pct": 0.62 }, "geometry": { "type": "Polygon", "coordinates": [ [ [ 128.623989, 35.293896 ], [ 128.624002, 35.294797 ], [ 128.622902, 35.294808 ], [ 128.62289, 35.293906 ], [ 128.623989, 35.293896 ] ] ] } },
{ "type": "Feature", "properties": { "grid_id": "G042794", "child_risk_pct": 0.0, "elderly_risk_pct": 6.16 }, "geometry": { "type": "Polygon", "coordinates": [ [ [ 128.624379, 35.242498 ], [ 128.624391, 35.2434 ], [ 128.623292, 35.24341 ], [ 128.62328, 35.242509 ], [ 128.624379, 35.242498 ] ] ] } },
{ "type": "Feature", "properties": { "grid_id": "G042809", "child_risk_pct": 9.72, "elderly_risk_pct": 0.0 }, "geometry": { "type": "Polygon", "coordinates": [ [ [ 128.624565, 35.256021 ], [ 128.624578, 35.256923 ], [ 128.623479, 35.256933 ], [ 128.623466, 35.256032 ], [ 128.624565, 35.256021 ] ] ] } },
{ "type": "Feature", "properties": { "grid_id": "G042812", "child_risk_pct": 0.0, "elderly_risk_pct": 5.13 }, "geometry": { "type": "Polygon", "coordinates": [ [ [ 128.624603, 35.258726 ], [ 128.624615, 35.259628 ], [ 128.623516, 35.259638 ], [ 128.623504, 35.258736 ], [ 128.624603, 35.258726 ] ] ] } },
{ "type": "Feature", "properties": { "grid_id": "G042813", "child_risk_pct": 0.0, "elderly_risk_pct": 42.67 }, "geometry": { "type": "Polygon", "coordinates": [ [ [ 128.624615, 35.259628 ], [ 128.624628, 35.260529 ], [ 128.623528, 35.260539 ], [ 128.623516, 35.259638 ], [ 128.624615, 35.259628 ] ] ] } },
{ "type": "Feature", "properties": { "grid_id": "G042815", "child_risk_pct": 0.0, "elderly_risk_pct": 9.72 }, "geometry": { "type": "Polygon", "coordinates": [ [ [ 128.62464, 35.261431 ], [ 128.624652, 35.262332 ], [ 128.623553, 35.262342 ], [ 128.623541, 35.261441 ], [ 128.62464, 35.261431 ] ] ] } },
{ "type": "Feature", "properties": { "grid_id": "G042816", "child_risk_pct": 0.0, "elderly_risk_pct": 34.03 }, "geometry": { "type": "Polygon", "coordinates": [ [ [ 128.624652, 35.262332 ], [ 128.624665, 35.263234 ], [ 128.623566, 35.263244 ], [ 128.623553, 35.262342 ], [ 128.624652, 35.262332 ] ] ] } },
{ "type": "Feature", "properties": { "grid_id": "G042817", "child_risk_pct": 0.0, "elderly_risk_pct": 18.0 }, "geometry": { "type": "Polygon", "coordinates": [ [ [ 128.624665, 35.263234 ], [ 128.624677, 35.264135 ], [ 128.623578, 35.264145 ], [ 128.623566, 35.263244 ], [ 128.624665, 35.263234 ] ] ] } },
{ "type": "Feature", "properties": { "grid_id": "G042818", "child_risk_pct": 0.0, "elderly_risk_pct": 38.0 }, "geometry": { "type": "Polygon", "coordinates": [ [ [ 128.624677, 35.264135 ], [ 128.62469, 35.265037 ], [ 128.623591, 35.265047 ], [ 128.623578, 35.264145 ], [ 128.624677, 35.264135 ] ] ] } },
{ "type": "Feature", "properties": { "grid_id": "G042819", "child_risk_pct": 0.0, "elderly_risk_pct": 32.69 }, "geometry": { "type": "Polygon", "coordinates": [ [ [ 128.62469, 35.265037 ], [ 128.624702, 35.265938 ], [ 128.623603, 35.265949 ], [ 128.623591, 35.265047 ], [ 128.62469, 35.265037 ] ] ] } },
{ "type": "Feature", "properties": { "grid_id": "G042820", "child_risk_pct": 0.0, "elderly_risk_pct": 19.61 }, "geometry": { "type": "Polygon", "coordinates": [ [ [ 128.624702, 35.265938 ], [ 128.624715, 35.26684 ], [ 128.623616, 35.26685 ], [ 128.623603, 35.265949 ], [ 128.624702, 35.265938 ] ] ] } },
{ "type": "Feature", "properties": { "grid_id": "G042821", "child_risk_pct": 0.0, "elderly_risk_pct": 15.38 }, "geometry": { "type": "Polygon", "coordinates": [ [ [ 128.624715, 35.26684 ], [ 128.624727, 35.267741 ], [ 128.623628, 35.267752 ], [ 128.623616, 35.26685 ], [ 128.624715, 35.26684 ] ] ] } },
{ "type": "Feature", "properties": { "grid_id": "G042822", "child_risk_pct": 0.0, "elderly_risk_pct": 29.86 }, "geometry": { "type": "Polygon", "coordinates": [ [ [ 128.624727, 35.267741 ], [ 128.62474, 35.268643 ], [ 128.62364, 35.268653 ], [ 128.623628, 35.267752 ], [ 128.624727, 35.267741 ] ] ] } },
{ "type": "Feature", "properties": { "grid_id": "G042850", "child_risk_pct": 0.0, "elderly_risk_pct": 6.94 }, "geometry": { "type": "Polygon", "coordinates": [ [ [ 128.625076, 35.292984 ], [ 128.625089, 35.293886 ], [ 128.623989, 35.293896 ], [ 128.623977, 35.292994 ], [ 128.625076, 35.292984 ] ] ] } },
{ "type": "Feature", "properties": { "grid_id": "G042851", "child_risk_pct": 0.0, "elderly_risk_pct": 0.68 }, "geometry": { "type": "Polygon", "coordinates": [ [ [ 128.625089, 35.293886 ], [ 128.625101, 35.294787 ], [ 128.624002, 35.294797 ], [ 128.623989, 35.293896 ], [ 128.625089, 35.293886 ] ] ] } },
{ "type": "Feature", "properties": { "grid_id": "G043044", "child_risk_pct": 0.0, "elderly_risk_pct": 20.83 }, "geometry": { "type": "Polygon", "coordinates": [ [ [ 128.625017, 35.209131 ], [ 128.625029, 35.210033 ], [ 128.623931, 35.210043 ], [ 128.623918, 35.209142 ], [ 128.625017, 35.209131 ] ] ] } },
{ "type": "Feature", "properties": { "grid_id": "G043045", "child_risk_pct": 0.0, "elderly_risk_pct": 8.33 }, "geometry": { "type": "Polygon", "coordinates": [ [ [ 128.625029, 35.210033 ], [ 128.625042, 35.210934 ], [ 128.623943, 35.210945 ], [ 128.623931, 35.210043 ], [ 128.625029, 35.210033 ] ] ] } },
{ "type": "Feature", "properties": { "grid_id": "G043096", "child_risk_pct": 29.17, "elderly_risk_pct": 0.0 }, "geometry": { "type": "Polygon", "coordinates": [ [ [ 128.625664, 35.256011 ], [ 128.625677, 35.256913 ], [ 128.624578, 35.256923 ], [ 128.624565, 35.256021 ], [ 128.625664, 35.256011 ] ] ] } },
{ "type": "Feature", "properties": { "grid_id": "G043097", "child_risk_pct": 7.74, "elderly_risk_pct": 0.0 }, "geometry": { "type": "Polygon", "coordinates": [ [ [ 128.625677, 35.256913 ], [ 128.625689, 35.257814 ], [ 128.62459, 35.257825 ], [ 128.624578, 35.256923 ], [ 128.625677, 35.256913 ] ] ] } },
{ "type": "Feature", "properties": { "grid_id": "G043100", "child_risk_pct": 0.0, "elderly_risk_pct": 18.75 }, "geometry": { "type": "Polygon", "coordinates": [ [ [ 128.625714, 35.259617 ], [ 128.625727, 35.260519 ], [ 128.624628, 35.260529 ], [ 128.624615, 35.259628 ], [ 128.625714, 35.259617 ] ] ] } },
{ "type": "Feature", "properties": { "grid_id": "G043101", "child_risk_pct": 0.0, "elderly_risk_pct": 2.68 }, "geometry": { "type": "Polygon", "coordinates": [ [ [ 128.625727, 35.260519 ], [ 128.625739, 35.26142 ], [ 128.62464, 35.261431 ], [ 128.624628, 35.260529 ], [ 128.625727, 35.260519 ] ] ] } },
{ "type": "Feature", "properties": { "grid_id": "G043102", "child_risk_pct": 0.0, "elderly_risk_pct": 5.96 }, "geometry": { "type": "Polygon", "coordinates": [ [ [ 128.625739, 35.26142 ], [ 128.625752, 35.262322 ], [ 128.624652, 35.262332 ], [ 128.62464, 35.261431 ], [ 128.625739, 35.26142 ] ] ] } },
{ "type": "Feature", "properties": { "grid_id": "G043103", "child_risk_pct": 0.0, "elderly_risk_pct": 42.36 }, "geometry": { "type": "Polygon", "coordinates": [ [ [ 128.625752, 35.262322 ], [ 128.625764, 35.263223 ], [ 128.624665, 35.263234 ], [ 128.624652, 35.262332 ], [ 128.625752, 35.262322 ] ] ] } },
{ "type": "Feature", "properties": { "grid_id": "G043104", "child_risk_pct": 0.0, "elderly_risk_pct": 0.66 }, "geometry": { "type": "Polygon", "coordinates": [ [ [ 128.625764, 35.263223 ], [ 128.625777, 35.264125 ], [ 128.624677, 35.264135 ], [ 128.624665, 35.263234 ], [ 128.625764, 35.263223 ] ] ] } },
{ "type": "Feature", "properties": { "grid_id": "G043105", "child_risk_pct": 0.0, "elderly_risk_pct": 2.96 }, "geometry": { "type": "Polygon", "coordinates": [ [ [ 128.625777, 35.264125 ], [ 128.625789, 35.265027 ], [ 128.62469, 35.265037 ], [ 128.624677, 35.264135 ], [ 128.625777, 35.264125 ] ] ] } },
{ "type": "Feature", "properties": { "grid_id": "G043106", "child_risk_pct": 0.0, "elderly_risk_pct": 4.17 }, "geometry": { "type": "Polygon", "coordinates": [ [ [ 128.625789, 35.265027 ], [ 128.625802, 35.265928 ], [ 128.624702, 35.265938 ], [ 128.62469, 35.265037 ], [ 128.625789, 35.265027 ] ] ] } },
{ "type": "Feature", "properties": { "grid_id": "G043107", "child_risk_pct": 0.69, "elderly_risk_pct": 44.44 }, "geometry": { "type": "Polygon", "coordinates": [ [ [ 128.625802, 35.265928 ], [ 128.625814, 35.26683 ], [ 128.624715, 35.26684 ], [ 128.624702, 35.265938 ], [ 128.625802, 35.265928 ] ] ] } },
{ "type": "Feature", "properties": { "grid_id": "G043108", "child_risk_pct": 13.82, "elderly_risk_pct": 5.92 }, "geometry": { "type": "Polygon", "coordinates": [ [ [ 128.625814, 35.26683 ], [ 128.625826, 35.267731 ], [ 128.624727, 35.267741 ], [ 128.624715, 35.26684 ], [ 128.625814, 35.26683 ] ] ] } },
{ "type": "Feature", "properties": { "grid_id": "G043109", "child_risk_pct": 23.65, "elderly_risk_pct": 12.84 }, "geometry": { "type": "Polygon", "coordinates": [ [ [ 128.625826, 35.267731 ], [ 128.625839, 35.268633 ], [ 128.62474, 35.268643 ], [ 128.624727, 35.267741 ], [ 128.625826, 35.267731 ] ] ] } },
{ "type": "Feature", "properties": { "grid_id": "G043313", "child_risk_pct": 8.67, "elderly_risk_pct": 0.0 }, "geometry": { "type": "Polygon", "coordinates": [ [ [ 128.625941, 35.1965 ], [ 128.625954, 35.197401 ], [ 128.624855, 35.197411 ], [ 128.624843, 35.19651 ], [ 128.625941, 35.1965 ] ] ] } },
{ "type": "Feature", "properties": { "grid_id": "G043314", "child_risk_pct": 4.49, "elderly_risk_pct": 0.0 }, "geometry": { "type": "Polygon", "coordinates": [ [ [ 128.625954, 35.197401 ], [ 128.625966, 35.198303 ], [ 128.624868, 35.198313 ], [ 128.624855, 35.197411 ], [ 128.625954, 35.197401 ] ] ] } },
{ "type": "Feature", "properties": { "grid_id": "G043327", "child_risk_pct": 0.0, "elderly_risk_pct": 13.79 }, "geometry": { "type": "Polygon", "coordinates": [ [ [ 128.626115, 35.209121 ], [ 128.626128, 35.210023 ], [ 128.625029, 35.210033 ], [ 128.625017, 35.209131 ], [ 128.626115, 35.209121 ] ] ] } },
{ "type": "Feature", "properties": { "grid_id": "G043378", "child_risk_pct": 3.05, "elderly_risk_pct": 0.0 }, "geometry": { "type": "Polygon", "coordinates": [ [ [ 128.626751, 35.255099 ], [ 128.626763, 35.256001 ], [ 128.625664, 35.256011 ], [ 128.625652, 35.25511 ], [ 128.626751, 35.255099 ] ] ] } },
{ "type": "Feature", "properties": { "grid_id": "G043379", "child_risk_pct": 2.56, "elderly_risk_pct": 0.0 }, "geometry": { "type": "Polygon", "coordinates": [ [ [ 128.626763, 35.256001 ], [ 128.626776, 35.256903 ], [ 128.625677, 35.256913 ], [ 128.625664, 35.256011 ], [ 128.626763, 35.256001 ] ] ] } },
{ "type": "Feature", "properties": { "grid_id": "G043382", "child_risk_pct": 0.0, "elderly_risk_pct": 0.65 }, "geometry": { "type": "Polygon", "coordinates": [ [ [ 128.626801, 35.258706 ], [ 128.626813, 35.259607 ], [ 128.625714, 35.259617 ], [ 128.625702, 35.258716 ], [ 128.626801, 35.258706 ] ] ] } },
{ "type": "Feature", "properties": { "grid_id": "G043383", "child_risk_pct": 0.0, "elderly_risk_pct": 56.25 }, "geometry": { "type": "Polygon", "coordinates": [ [ [ 128.626813, 35.259607 ], [ 128.626826, 35.260509 ], [ 128.625727, 35.260519 ], [ 128.625714, 35.259617 ], [ 128.626813, 35.259607 ] ] ] } },
{ "type": "Feature", "properties": { "grid_id": "G043384", "child_risk_pct": 0.0, "elderly_risk_pct": 2.08 }, "geometry": { "type": "Polygon", "coordinates": [ [ [ 128.626826, 35.260509 ], [ 128.626838, 35.26141 ], [ 128.625739, 35.26142 ], [ 128.625727, 35.260519 ], [ 128.626826, 35.260509 ] ] ] } },
{ "type": "Feature", "properties": { "grid_id": "G043385", "child_risk_pct": 0.0, "elderly_risk_pct": 6.83 }, "geometry": { "type": "Polygon", "coordinates": [ [ [ 128.626838, 35.26141 ], [ 128.626851, 35.262312 ], [ 128.625752, 35.262322 ], [ 128.625739, 35.26142 ], [ 128.626838, 35.26141 ] ] ] } },
{ "type": "Feature", "properties": { "grid_id": "G043386", "child_risk_pct": 0.0, "elderly_risk_pct": 36.54 }, "geometry": { "type": "Polygon", "coordinates": [ [ [ 128.626851, 35.262312 ], [ 128.626863, 35.263213 ], [ 128.625764, 35.263223 ], [ 128.625752, 35.262322 ], [ 128.626851, 35.262312 ] ] ] } },
{ "type": "Feature", "properties": { "grid_id": "G043389", "child_risk_pct": 3.36, "elderly_risk_pct": 0.0 }, "geometry": { "type": "Polygon", "coordinates": [ [ [ 128.626888, 35.265016 ], [ 128.626901, 35.265918 ], [ 128.625802, 35.265928 ], [ 128.625789, 35.265027 ], [ 128.626888, 35.265016 ] ] ] } },
{ "type": "Feature", "properties": { "grid_id": "G043390", "child_risk_pct": 36.81, "elderly_risk_pct": 0.0 }, "geometry": { "type": "Polygon", "coordinates": [ [ [ 128.626901, 35.265918 ], [ 128.626913, 35.266819 ], [ 128.625814, 35.26683 ], [ 128.625802, 35.265928 ], [ 128.626901, 35.265918 ] ] ] } },
{ "type": "Feature", "properties": { "grid_id": "G043391", "child_risk_pct": 2.78, "elderly_risk_pct": 9.72 }, "geometry": { "type": "Polygon", "coordinates": [ [ [ 128.626913, 35.266819 ], [ 128.626926, 35.267721 ], [ 128.625826, 35.267731 ], [ 128.625814, 35.26683 ], [ 128.626913, 35.266819 ] ] ] } },
{ "type": "Feature", "properties": { "grid_id": "G043392", "child_risk_pct": 10.06, "elderly_risk_pct": 22.01 }, "geometry": { "type": "Polygon", "coordinates": [ [ [ 128.626926, 35.267721 ], [ 128.626938, 35.268622 ], [ 128.625839, 35.268633 ], [ 128.625826, 35.267731 ], [ 128.626926, 35.267721 ] ] ] } },
{ "type": "Feature", "properties": { "grid_id": "G043589", "child_risk_pct": 4.67, "elderly_risk_pct": 0.0 }, "geometry": { "type": "Polygon", "coordinates": [ [ [ 128.627039, 35.196489 ], [ 128.627052, 35.197391 ], [ 128.625954, 35.197401 ], [ 128.625941, 35.1965 ], [ 128.627039, 35.196489 ] ] ] } },
{ "type": "Feature", "properties": { "grid_id": "G043590", "child_risk_pct": 1.39, "elderly_risk_pct": 0.0 }, "geometry": { "type": "Polygon", "coordinates": [ [ [ 128.627052, 35.197391 ], [ 128.627064, 35.198293 ], [ 128.625966, 35.198303 ], [ 128.625954, 35.197401 ], [ 128.627052, 35.197391 ] ] ] } },
{ "type": "Feature", "properties": { "grid_id": "G043599", "child_risk_pct": 0.0, "elderly_risk_pct": 5.77 }, "geometry": { "type": "Polygon", "coordinates": [ [ [ 128.627164, 35.205505 ], [ 128.627176, 35.206406 ], [ 128.626078, 35.206417 ], [ 128.626066, 35.205515 ], [ 128.627164, 35.205505 ] ] ] } },
{ "type": "Feature", "properties": { "grid_id": "G043600", "child_risk_pct": 0.0, "elderly_risk_pct": 28.47 }, "geometry": { "type": "Polygon", "coordinates": [ [ [ 128.627176, 35.206406 ], [ 128.627189, 35.207308 ], [ 128.62609, 35.207318 ], [ 128.626078, 35.206417 ], [ 128.627176, 35.206406 ] ] ] } },
{ "type": "Feature", "properties": { "grid_id": "G043658", "child_risk_pct": 0.0, "elderly_risk_pct": 3.21 }, "geometry": { "type": "Polygon", "coordinates": [ [ [ 128.6279, 35.258695 ], [ 128.627913, 35.259597 ], [ 128.626813, 35.259607 ], [ 128.626801, 35.258706 ], [ 128.6279, 35.258695 ] ] ] } },
{ "type": "Feature", "properties": { "grid_id": "G043659", "child_risk_pct": 0.0, "elderly_risk_pct": 32.41 }, "geometry": { "type": "Polygon", "coordinates": [ [ [ 128.627913, 35.259597 ], [ 128.627925, 35.260498 ], [ 128.626826, 35.260509 ], [ 128.626813, 35.259607 ], [ 128.627913, 35.259597 ] ] ] } },
{ "type": "Feature", "properties": { "grid_id": "G043662", "child_risk_pct": 0.0, "elderly_risk_pct": 1.32 }, "geometry": { "type": "Polygon", "coordinates": [ [ [ 128.62795, 35.262301 ], [ 128.627963, 35.263203 ], [ 128.626863, 35.263213 ], [ 128.626851, 35.262312 ], [ 128.62795, 35.262301 ] ] ] } },
{ "type": "Feature", "properties": { "grid_id": "G043666", "child_risk_pct": 2.78, "elderly_risk_pct": 4.17 }, "geometry": { "type": "Polygon", "coordinates": [ [ [ 128.628, 35.265908 ], [ 128.628013, 35.266809 ], [ 128.626913, 35.266819 ], [ 128.626901, 35.265918 ], [ 128.628, 35.265908 ] ] ] } },
{ "type": "Feature", "properties": { "grid_id": "G043667", "child_risk_pct": 0.0, "elderly_risk_pct": 15.48 }, "geometry": { "type": "Polygon", "coordinates": [ [ [ 128.628013, 35.266809 ], [ 128.628025, 35.267711 ], [ 128.626926, 35.267721 ], [ 128.626913, 35.266819 ], [ 128.628013, 35.266809 ] ] ] } },
{ "type": "Feature", "properties": { "grid_id": "G043668", "child_risk_pct": 0.0, "elderly_risk_pct": 0.61 }, "geometry": { "type": "Polygon", "coordinates": [ [ [ 128.628025, 35.267711 ], [ 128.628037, 35.268612 ], [ 128.626938, 35.268622 ], [ 128.626926, 35.267721 ], [ 128.628025, 35.267711 ] ] ] } },
{ "type": "Feature", "properties": { "grid_id": "G043857", "child_risk_pct": 0.0, "elderly_risk_pct": 0.65 }, "geometry": { "type": "Polygon", "coordinates": [ [ [ 128.628138, 35.196479 ], [ 128.62815, 35.197381 ], [ 128.627052, 35.197391 ], [ 128.627039, 35.196489 ], [ 128.628138, 35.196479 ] ] ] } },
{ "type": "Feature", "properties": { "grid_id": "G043858", "child_risk_pct": 0.0, "elderly_risk_pct": 4.17 }, "geometry": { "type": "Polygon", "coordinates": [ [ [ 128.62815, 35.197381 ], [ 128.628163, 35.198282 ], [ 128.627064, 35.198293 ], [ 128.627052, 35.197391 ], [ 128.62815, 35.197381 ] ] ] } },
{ "type": "Feature", "properties": { "grid_id": "G043867", "child_risk_pct": 0.0, "elderly_risk_pct": 5.13 }, "geometry": { "type": "Polygon", "coordinates": [ [ [ 128.628262, 35.205495 ], [ 128.628275, 35.206396 ], [ 128.627176, 35.206406 ], [ 128.627164, 35.205505 ], [ 128.628262, 35.205495 ] ] ] } },
{ "type": "Feature", "properties": { "grid_id": "G043868", "child_risk_pct": 0.0, "elderly_risk_pct": 29.73 }, "geometry": { "type": "Polygon", "coordinates": [ [ [ 128.628275, 35.206396 ], [ 128.628287, 35.207298 ], [ 128.627189, 35.207308 ], [ 128.627176, 35.206406 ], [ 128.628275, 35.206396 ] ] ] } },
{ "type": "Feature", "properties": { "grid_id": "G043869", "child_risk_pct": 0.0, "elderly_risk_pct": 0.64 }, "geometry": { "type": "Polygon", "coordinates": [ [ [ 128.628287, 35.207298 ], [ 128.6283, 35.208199 ], [ 128.627201, 35.208209 ], [ 128.627189, 35.207308 ], [ 128.628287, 35.207298 ] ] ] } },
{ "type": "Feature", "properties": { "grid_id": "G043928", "child_risk_pct": 0.0, "elderly_risk_pct": 4.17 }, "geometry": { "type": "Polygon", "coordinates": [ [ [ 128.629024, 35.260488 ], [ 128.629037, 35.26139 ], [ 128.627938, 35.2614 ], [ 128.627925, 35.260498 ], [ 128.629024, 35.260488 ] ] ] } },
{ "type": "Feature", "properties": { "grid_id": "G043929", "child_risk_pct": 0.0, "elderly_risk_pct": 32.64 }, "geometry": { "type": "Polygon", "coordinates": [ [ [ 128.629037, 35.26139 ], [ 128.629049, 35.262291 ], [ 128.62795, 35.262301 ], [ 128.627938, 35.2614 ], [ 128.629037, 35.26139 ] ] ] } },
{ "type": "Feature", "properties": { "grid_id": "G043931", "child_risk_pct": 0.0, "elderly_risk_pct": 26.39 }, "geometry": { "type": "Polygon", "coordinates": [ [ [ 128.629062, 35.263193 ], [ 128.629074, 35.264094 ], [ 128.627975, 35.264105 ], [ 128.627963, 35.263203 ], [ 128.629062, 35.263193 ] ] ] } },
{ "type": "Feature", "properties": { "grid_id": "G043932", "child_risk_pct": 0.0, "elderly_risk_pct": 13.89 }, "geometry": { "type": "Polygon", "coordinates": [ [ [ 128.629074, 35.264094 ], [ 128.629087, 35.264996 ], [ 128.627988, 35.265006 ], [ 128.627975, 35.264105 ], [ 128.629074, 35.264094 ] ] ] } },
{ "type": "Feature", "properties": { "grid_id": "G043933", "child_risk_pct": 0.0, "elderly_risk_pct": 4.4 }, "geometry": { "type": "Polygon", "coordinates": [ [ [ 128.629087, 35.264996 ], [ 128.629099, 35.265897 ], [ 128.628, 35.265908 ], [ 128.627988, 35.265006 ], [ 128.629087, 35.264996 ] ] ] } },
{ "type": "Feature", "properties": { "grid_id": "G043934", "child_risk_pct": 0.0, "elderly_risk_pct": 33.54 }, "geometry": { "type": "Polygon", "coordinates": [ [ [ 128.629099, 35.265897 ], [ 128.629112, 35.266799 ], [ 128.628013, 35.266809 ], [ 128.628, 35.265908 ], [ 128.629099, 35.265897 ] ] ] } },
{ "type": "Feature", "properties": { "grid_id": "G043935", "child_risk_pct": 0.0, "elderly_risk_pct": 29.66 }, "geometry": { "type": "Polygon", "coordinates": [ [ [ 128.629112, 35.266799 ], [ 128.629124, 35.2677 ], [ 128.628025, 35.267711 ], [ 128.628013, 35.266809 ], [ 128.629112, 35.266799 ] ] ] } },
{ "type": "Feature", "properties": { "grid_id": "G043936", "child_risk_pct": 0.0, "elderly_risk_pct": 1.39 }, "geometry": { "type": "Polygon", "coordinates": [ [ [ 128.629124, 35.2677 ], [ 128.629137, 35.268602 ], [ 128.628037, 35.268612 ], [ 128.628025, 35.267711 ], [ 128.629124, 35.2677 ] ] ] } },
{ "type": "Feature", "properties": { "grid_id": "G044034", "child_risk_pct": 0.0, "elderly_risk_pct": 2.37 }, "geometry": { "type": "Polygon", "coordinates": [ [ [ 128.630353, 35.35605 ], [ 128.630365, 35.356951 ], [ 128.629265, 35.356961 ], [ 128.629252, 35.35606 ], [ 128.630353, 35.35605 ] ] ] } },
{ "type": "Feature", "properties": { "grid_id": "G044035", "child_risk_pct": 0.0, "elderly_risk_pct": 2.0 }, "geometry": { "type": "Polygon", "coordinates": [ [ [ 128.630365, 35.356951 ], [ 128.630378, 35.357853 ], [ 128.629278, 35.357863 ], [ 128.629265, 35.356961 ], [ 128.630365, 35.356951 ] ] ] } },
{ "type": "Feature", "properties": { "grid_id": "G044122", "child_risk_pct": 0.0, "elderly_risk_pct": 26.92 }, "geometry": { "type": "Polygon", "coordinates": [ [ [ 128.629236, 35.196469 ], [ 128.629248, 35.197371 ], [ 128.62815, 35.197381 ], [ 128.628138, 35.196479 ], [ 128.629236, 35.196469 ] ] ] } },
{ "type": "Feature", "properties": { "grid_id": "G044123", "child_risk_pct": 0.0, "elderly_risk_pct": 31.25 }, "geometry": { "type": "Polygon", "coordinates": [ [ [ 128.629248, 35.197371 ], [ 128.629261, 35.198272 ], [ 128.628163, 35.198282 ], [ 128.62815, 35.197381 ], [ 128.629248, 35.197371 ] ] ] } },
{ "type": "Feature", "properties": { "grid_id": "G044193", "child_risk_pct": 0.0, "elderly_risk_pct": 6.25 }, "geometry": { "type": "Polygon", "coordinates": [ [ [ 128.630123, 35.260478 ], [ 128.630136, 35.261379 ], [ 128.629037, 35.26139 ], [ 128.629024, 35.260488 ], [ 128.630123, 35.260478 ] ] ] } },
{ "type": "Feature", "properties": { "grid_id": "G044194", "child_risk_pct": 0.0, "elderly_risk_pct": 32.64 }, "geometry": { "type": "Polygon", "coordinates": [ [ [ 128.630136, 35.261379 ], [ 128.630148, 35.262281 ], [ 128.629049, 35.262291 ], [ 128.629037, 35.26139 ], [ 128.630136, 35.261379 ] ] ] } },
{ "type": "Feature", "properties": { "grid_id": "G044196", "child_risk_pct": 0.0, "elderly_risk_pct": 11.11 }, "geometry": { "type": "Polygon", "coordinates": [ [ [ 128.630161, 35.263182 ], [ 128.630173, 35.264084 ], [ 128.629074, 35.264094 ], [ 128.629062, 35.263193 ], [ 128.630161, 35.263182 ] ] ] } },
{ "type": "Feature", "properties": { "grid_id": "G044197", "child_risk_pct": 0.0, "elderly_risk_pct": 7.05 }, "geometry": { "type": "Polygon", "coordinates": [ [ [ 128.630173, 35.264084 ], [ 128.630186, 35.264986 ], [ 128.629087, 35.264996 ], [ 128.629074, 35.264094 ], [ 128.630173, 35.264084 ] ] ] } },
{ "type": "Feature", "properties": { "grid_id": "G044200", "child_risk_pct": 0.0, "elderly_risk_pct": 18.06 }, "geometry": { "type": "Polygon", "coordinates": [ [ [ 128.630211, 35.266789 ], [ 128.630223, 35.26769 ], [ 128.629124, 35.2677 ], [ 128.629112, 35.266799 ], [ 128.630211, 35.266789 ] ] ] } },
{ "type": "Feature", "properties": { "grid_id": "G044386", "child_risk_pct": 0.0, "elderly_risk_pct": 1.35 }, "geometry": { "type": "Polygon", "coordinates": [ [ [ 128.630334, 35.196459 ], [ 128.630347, 35.19736 ], [ 128.629248, 35.197371 ], [ 128.629236, 35.196469 ], [ 128.630334, 35.196459 ] ] ] } },
{ "type": "Feature", "properties": { "grid_id": "G044458", "child_risk_pct": 0.0, "elderly_risk_pct": 4.17 }, "geometry": { "type": "Polygon", "coordinates": [ [ [ 128.631235, 35.261369 ], [ 128.631248, 35.262271 ], [ 128.630148, 35.262281 ], [ 128.630136, 35.261379 ], [ 128.631235, 35.261369 ] ] ] } },
{ "type": "Feature", "properties": { "grid_id": "G044459", "child_risk_pct": 0.0, "elderly_risk_pct": 15.38 }, "geometry": { "type": "Polygon", "coordinates": [ [ [ 128.631248, 35.262271 ], [ 128.63126, 35.263172 ], [ 128.630161, 35.263182 ], [ 128.630148, 35.262281 ], [ 128.631248, 35.262271 ] ] ] } },
{ "type": "Feature", "properties": { "grid_id": "G044720", "child_risk_pct": 0.0, "elderly_risk_pct": 7.05 }, "geometry": { "type": "Polygon", "coordinates": [ [ [ 128.632334, 35.261359 ], [ 128.632347, 35.26226 ], [ 128.631248, 35.262271 ], [ 128.631235, 35.261369 ], [ 128.632334, 35.261359 ] ] ] } },
{ "type": "Feature", "properties": { "grid_id": "G044721", "child_risk_pct": 0.0, "elderly_risk_pct": 24.31 }, "geometry": { "type": "Polygon", "coordinates": [ [ [ 128.632347, 35.26226 ], [ 128.632359, 35.263162 ], [ 128.63126, 35.263172 ], [ 128.631248, 35.262271 ], [ 128.632347, 35.26226 ] ] ] } },
{ "type": "Feature", "properties": { "grid_id": "G045231", "child_risk_pct": 0.69, "elderly_risk_pct": 0.0 }, "geometry": { "type": "Polygon", "coordinates": [ [ [ 128.634432, 35.254126 ], [ 128.634445, 35.255028 ], [ 128.633345, 35.255038 ], [ 128.633333, 35.254136 ], [ 128.634432, 35.254126 ] ] ] } },
{ "type": "Feature", "properties": { "grid_id": "G045232", "child_risk_pct": 0.64, "elderly_risk_pct": 0.0 }, "geometry": { "type": "Polygon", "coordinates": [ [ [ 128.634445, 35.255028 ], [ 128.634457, 35.255929 ], [ 128.633358, 35.255939 ], [ 128.633345, 35.255038 ], [ 128.634445, 35.255028 ] ] ] } },
{ "type": "Feature", "properties": { "grid_id": "G045234", "child_risk_pct": 0.0, "elderly_risk_pct": 29.86 }, "geometry": { "type": "Polygon", "coordinates": [ [ [ 128.63447, 35.256831 ], [ 128.634482, 35.257732 ], [ 128.633383, 35.257742 ], [ 128.633371, 35.256841 ], [ 128.63447, 35.256831 ] ] ] } },
{ "type": "Feature", "properties": { "grid_id": "G045235", "child_risk_pct": 0.0, "elderly_risk_pct": 9.88 }, "geometry": { "type": "Polygon", "coordinates": [ [ [ 128.634482, 35.257732 ], [ 128.634495, 35.258634 ], [ 128.633396, 35.258644 ], [ 128.633383, 35.257742 ], [ 128.634482, 35.257732 ] ] ] } },
{ "type": "Feature", "properties": { "grid_id": "G045498", "child_risk_pct": 0.0, "elderly_risk_pct": 11.54 }, "geometry": { "type": "Polygon", "coordinates": [ [ [ 128.635569, 35.25682 ], [ 128.635581, 35.257722 ], [ 128.634482, 35.257732 ], [ 128.63447, 35.256831 ], [ 128.635569, 35.25682 ] ] ] } },
{ "type": "Feature", "properties": { "grid_id": "G045499", "child_risk_pct": 0.0, "elderly_risk_pct": 5.56 }, "geometry": { "type": "Polygon", "coordinates": [ [ [ 128.635581, 35.257722 ], [ 128.635594, 35.258623 ], [ 128.634495, 35.258634 ], [ 128.634482, 35.257732 ], [ 128.635581, 35.257722 ] ] ] } },
{ "type": "Feature", "properties": { "grid_id": "G045565", "child_risk_pct": 0.0, "elderly_risk_pct": 16.11 }, "geometry": { "type": "Polygon", "coordinates": [ [ [ 128.636413, 35.317222 ], [ 128.636425, 35.318124 ], [ 128.635325, 35.318134 ], [ 128.635313, 35.317233 ], [ 128.636413, 35.317222 ] ] ] } },
{ "type": "Feature", "properties": { "grid_id": "G045566", "child_risk_pct": 0.0, "elderly_risk_pct": 0.69 }, "geometry": { "type": "Polygon", "coordinates": [ [ [ 128.636425, 35.318124 ], [ 128.636438, 35.319025 ], [ 128.635338, 35.319036 ], [ 128.635325, 35.318134 ], [ 128.636425, 35.318124 ] ] ] } },
{ "type": "Feature", "properties": { "grid_id": "G045755", "child_risk_pct": 0.0, "elderly_risk_pct": 0.69 }, "geometry": { "type": "Polygon", "coordinates": [ [ [ 128.63658, 35.250499 ], [ 128.636592, 35.251401 ], [ 128.635493, 35.251411 ], [ 128.635481, 35.25051 ], [ 128.63658, 35.250499 ] ] ] } },
{ "type": "Feature", "properties": { "grid_id": "G045756", "child_risk_pct": 0.0, "elderly_risk_pct": 9.72 }, "geometry": { "type": "Polygon", "coordinates": [ [ [ 128.636592, 35.251401 ], [ 128.636605, 35.252302 ], [ 128.635506, 35.252313 ], [ 128.635493, 35.251411 ], [ 128.636592, 35.251401 ] ] ] } },
{ "type": "Feature", "properties": { "grid_id": "G045762", "child_risk_pct": 0.0, "elderly_risk_pct": 2.08 }, "geometry": { "type": "Polygon", "coordinates": [ [ [ 128.636668, 35.25681 ], [ 128.63668, 35.257712 ], [ 128.635581, 35.257722 ], [ 128.635569, 35.25682 ], [ 128.636668, 35.25681 ] ] ] } },
{ "type": "Feature", "properties": { "grid_id": "G045763", "child_risk_pct": 0.0, "elderly_risk_pct": 34.72 }, "geometry": { "type": "Polygon", "coordinates": [ [ [ 128.63668, 35.257712 ], [ 128.636693, 35.258613 ], [ 128.635594, 35.258623 ], [ 128.635581, 35.257722 ], [ 128.63668, 35.257712 ] ] ] } },
{ "type": "Feature", "properties": { "grid_id": "G045764", "child_risk_pct": 0.0, "elderly_risk_pct": 1.33 }, "geometry": { "type": "Polygon", "coordinates": [ [ [ 128.636693, 35.258613 ], [ 128.636706, 35.259515 ], [ 128.635607, 35.259525 ], [ 128.635594, 35.258623 ], [ 128.636693, 35.258613 ] ] ] } },
{ "type": "Feature", "properties": { "grid_id": "G045765", "child_risk_pct": 0.0, "elderly_risk_pct": 16.0 }, "geometry": { "type": "Polygon", "coordinates": [ [ [ 128.636706, 35.259515 ], [ 128.636718, 35.260416 ], [ 128.635619, 35.260426 ], [ 128.635607, 35.259525 ], [ 128.636706, 35.259515 ] ] ] } },
{ "type": "Feature", "properties": { "grid_id": "G045766", "child_risk_pct": 0.0, "elderly_risk_pct": 2.72 }, "geometry": { "type": "Polygon", "coordinates": [ [ [ 128.636718, 35.260416 ], [ 128.636731, 35.261318 ], [ 128.635632, 35.261328 ], [ 128.635619, 35.260426 ], [ 128.636718, 35.260416 ] ] ] } },
{ "type": "Feature", "properties": { "grid_id": "G045829", "child_risk_pct": 0.0, "elderly_risk_pct": 2.56 }, "geometry": { "type": "Polygon", "coordinates": [ [ [ 128.637513, 35.317212 ], [ 128.637525, 35.318114 ], [ 128.636425, 35.318124 ], [ 128.636413, 35.317222 ], [ 128.637513, 35.317212 ] ] ] } },
{ "type": "Feature", "properties": { "grid_id": "G045830", "child_risk_pct": 0.0, "elderly_risk_pct": 1.37 }, "geometry": { "type": "Polygon", "coordinates": [ [ [ 128.637525, 35.318114 ], [ 128.637538, 35.319015 ], [ 128.636438, 35.319025 ], [ 128.636425, 35.318124 ], [ 128.637525, 35.318114 ] ] ] } },
{ "type": "Feature", "properties": { "grid_id": "G045900", "child_risk_pct": 0.0, "elderly_risk_pct": 3.47 }, "geometry": { "type": "Polygon", "coordinates": [ [ [ 128.635158, 35.069279 ], [ 128.635171, 35.070181 ], [ 128.634074, 35.070191 ], [ 128.634062, 35.069289 ], [ 128.635158, 35.069279 ] ] ] } },
{ "type": "Feature", "properties": { "grid_id": "G045994", "child_risk_pct": 0.0, "elderly_risk_pct": 25.0 }, "geometry": { "type": "Polygon", "coordinates": [ [ [ 128.637364, 35.227951 ], [ 128.637377, 35.228852 ], [ 128.636278, 35.228863 ], [ 128.636265, 35.227961 ], [ 128.637364, 35.227951 ] ] ] } },
{ "type": "Feature", "properties": { "grid_id": "G045995", "child_risk_pct": 0.0, "elderly_risk_pct": 14.48 }, "geometry": { "type": "Polygon", "coordinates": [ [ [ 128.637377, 35.228852 ], [ 128.637389, 35.229754 ], [ 128.63629, 35.229764 ], [ 128.636278, 35.228863 ], [ 128.637377, 35.228852 ] ] ] } },
{ "type": "Feature", "properties": { "grid_id": "G046019", "child_risk_pct": 0.0, "elderly_risk_pct": 14.38 }, "geometry": { "type": "Polygon", "coordinates": [ [ [ 128.637679, 35.250489 ], [ 128.637691, 35.251391 ], [ 128.636592, 35.251401 ], [ 128.63658, 35.250499 ], [ 128.637679, 35.250489 ] ] ] } },
{ "type": "Feature", "properties": { "grid_id": "G046020", "child_risk_pct": 0.0, "elderly_risk_pct": 16.67 }, "geometry": { "type": "Polygon", "coordinates": [ [ [ 128.637691, 35.251391 ], [ 128.637704, 35.252292 ], [ 128.636605, 35.252302 ], [ 128.636592, 35.251401 ], [ 128.637691, 35.251391 ] ] ] } },
{ "type": "Feature", "properties": { "grid_id": "G046023", "child_risk_pct": 0.0, "elderly_risk_pct": 17.88 }, "geometry": { "type": "Polygon", "coordinates": [ [ [ 128.637729, 35.254095 ], [ 128.637742, 35.254997 ], [ 128.636643, 35.255007 ], [ 128.63663, 35.254105 ], [ 128.637729, 35.254095 ] ] ] } },
{ "type": "Feature", "properties": { "grid_id": "G046024", "child_risk_pct": 0.0, "elderly_risk_pct": 17.36 }, "geometry": { "type": "Polygon", "coordinates": [ [ [ 128.637742, 35.254997 ], [ 128.637754, 35.255898 ], [ 128.636655, 35.255908 ], [ 128.636643, 35.255007 ], [ 128.637742, 35.254997 ] ] ] } },
{ "type": "Feature", "properties": { "grid_id": "G046026", "child_risk_pct": 0.0, "elderly_risk_pct": 0.66 }, "geometry": { "type": "Polygon", "coordinates": [ [ [ 128.637767, 35.2568 ], [ 128.63778, 35.257701 ], [ 128.63668, 35.257712 ], [ 128.636668, 35.25681 ], [ 128.637767, 35.2568 ] ] ] } },
{ "type": "Feature", "properties": { "grid_id": "G046027", "child_risk_pct": 0.0, "elderly_risk_pct": 15.28 }, "geometry": { "type": "Polygon", "coordinates": [ [ [ 128.63778, 35.257701 ], [ 128.637792, 35.258603 ], [ 128.636693, 35.258613 ], [ 128.63668, 35.257712 ], [ 128.63778, 35.257701 ] ] ] } },
{ "type": "Feature", "properties": { "grid_id": "G046028", "child_risk_pct": 0.0, "elderly_risk_pct": 19.44 }, "geometry": { "type": "Polygon", "coordinates": [ [ [ 128.637792, 35.258603 ], [ 128.637805, 35.259504 ], [ 128.636706, 35.259515 ], [ 128.636693, 35.258613 ], [ 128.637792, 35.258603 ] ] ] } },
{ "type": "Feature", "properties": { "grid_id": "G046029", "child_risk_pct": 0.0, "elderly_risk_pct": 22.62 }, "geometry": { "type": "Polygon", "coordinates": [ [ [ 128.637805, 35.259504 ], [ 128.637817, 35.260406 ], [ 128.636718, 35.260416 ], [ 128.636706, 35.259515 ], [ 128.637805, 35.259504 ] ] ] } },
{ "type": "Feature", "properties": { "grid_id": "G046030", "child_risk_pct": 0.0, "elderly_risk_pct": 1.96 }, "geometry": { "type": "Polygon", "coordinates": [ [ [ 128.637817, 35.260406 ], [ 128.63783, 35.261307 ], [ 128.636731, 35.261318 ], [ 128.636718, 35.260416 ], [ 128.637817, 35.260406 ] ] ] } },
{ "type": "Feature", "properties": { "grid_id": "G046032", "child_risk_pct": 0.0, "elderly_risk_pct": 23.03 }, "geometry": { "type": "Polygon", "coordinates": [ [ [ 128.637843, 35.262209 ], [ 128.637855, 35.26311 ], [ 128.636756, 35.263121 ], [ 128.636743, 35.262219 ], [ 128.637843, 35.262209 ] ] ] } },
{ "type": "Feature", "properties": { "grid_id": "G046033", "child_risk_pct": 0.0, "elderly_risk_pct": 3.38 }, "geometry": { "type": "Polygon", "coordinates": [ [ [ 128.637855, 35.26311 ], [ 128.637868, 35.264012 ], [ 128.636769, 35.264022 ], [ 128.636756, 35.263121 ], [ 128.637855, 35.26311 ] ] ] } },
{ "type": "Feature", "properties": { "grid_id": "G046163", "child_risk_pct": 0.0, "elderly_risk_pct": 4.86 }, "geometry": { "type": "Polygon", "coordinates": [ [ [ 128.636255, 35.069269 ], [ 128.636267, 35.07017 ], [ 128.635171, 35.070181 ], [ 128.635158, 35.069279 ], [ 128.636255, 35.069269 ] ] ] } },
{ "type": "Feature", "properties": { "grid_id": "G046164", "child_risk_pct": 0.0, "elderly_risk_pct": 11.64 }, "geometry": { "type": "Polygon", "coordinates": [ [ [ 128.636267, 35.07017 ], [ 128.63628, 35.071072 ], [ 128.635183, 35.071082 ], [ 128.635171, 35.070181 ], [ 128.636267, 35.07017 ] ] ] } },
{ "type": "Feature", "properties": { "grid_id": "G046256", "child_risk_pct": 0.0, "elderly_risk_pct": 11.81 }, "geometry": { "type": "Polygon", "coordinates": [ [ [ 128.638463, 35.22794 ], [ 128.638475, 35.228842 ], [ 128.637377, 35.228852 ], [ 128.637364, 35.227951 ], [ 128.638463, 35.22794 ] ] ] } },
{ "type": "Feature", "properties": { "grid_id": "G046257", "child_risk_pct": 0.0, "elderly_risk_pct": 14.74 }, "geometry": { "type": "Polygon", "coordinates": [ [ [ 128.638475, 35.228842 ], [ 128.638488, 35.229743 ], [ 128.637389, 35.229754 ], [ 128.637377, 35.228852 ], [ 128.638475, 35.228842 ] ] ] } },
{ "type": "Feature", "properties": { "grid_id": "G046280", "child_risk_pct": 0.0, "elderly_risk_pct": 22.22 }, "geometry": { "type": "Polygon", "coordinates": [ [ [ 128.638765, 35.249577 ], [ 128.638778, 35.250479 ], [ 128.637679, 35.250489 ], [ 128.637666, 35.249587 ], [ 128.638765, 35.249577 ] ] ] } },
{ "type": "Feature", "properties": { "grid_id": "G046281", "child_risk_pct": 0.0, "elderly_risk_pct": 3.85 }, "geometry": { "type": "Polygon", "coordinates": [ [ [ 128.638778, 35.250479 ], [ 128.63879, 35.25138 ], [ 128.637691, 35.251391 ], [ 128.637679, 35.250489 ], [ 128.638778, 35.250479 ] ] ] } },
{ "type": "Feature", "properties": { "grid_id": "G046286", "child_risk_pct": 0.0, "elderly_risk_pct": 1.39 }, "geometry": { "type": "Polygon", "coordinates": [ [ [ 128.638841, 35.254986 ], [ 128.638853, 35.255888 ], [ 128.637754, 35.255898 ], [ 128.637742, 35.254997 ], [ 128.638841, 35.254986 ] ] ] } },
{ "type": "Feature", "properties": { "grid_id": "G046288", "child_risk_pct": 0.0, "elderly_risk_pct": 10.9 }, "geometry": { "type": "Polygon", "coordinates": [ [ [ 128.638866, 35.256789 ], [ 128.638879, 35.257691 ], [ 128.63778, 35.257701 ], [ 128.637767, 35.2568 ], [ 128.638866, 35.256789 ] ] ] } },
{ "type": "Feature", "properties": { "grid_id": "G046289", "child_risk_pct": 0.0, "elderly_risk_pct": 28.29 }, "geometry": { "type": "Polygon", "coordinates": [ [ [ 128.638879, 35.257691 ], [ 128.638891, 35.258592 ], [ 128.637792, 35.258603 ], [ 128.63778, 35.257701 ], [ 128.638879, 35.257691 ] ] ] } },
{ "type": "Feature", "properties": { "grid_id": "G046290", "child_risk_pct": 0.0, "elderly_risk_pct": 3.21 }, "geometry": { "type": "Polygon", "coordinates": [ [ [ 128.638891, 35.258592 ], [ 128.638904, 35.259494 ], [ 128.637805, 35.259504 ], [ 128.637792, 35.258603 ], [ 128.638891, 35.258592 ] ] ] } },
{ "type": "Feature", "properties": { "grid_id": "G046292", "child_risk_pct": 22.82, "elderly_risk_pct": 0.0 }, "geometry": { "type": "Polygon", "coordinates": [ [ [ 128.638917, 35.260395 ], [ 128.638929, 35.261297 ], [ 128.63783, 35.261307 ], [ 128.637817, 35.260406 ], [ 128.638917, 35.260395 ] ] ] } },
{ "type": "Feature", "properties": { "grid_id": "G046293", "child_risk_pct": 13.19, "elderly_risk_pct": 0.0 }, "geometry": { "type": "Polygon", "coordinates": [ [ [ 128.638929, 35.261297 ], [ 128.638942, 35.262199 ], [ 128.637843, 35.262209 ], [ 128.63783, 35.261307 ], [ 128.638929, 35.261297 ] ] ] } },
{ "type": "Feature", "properties": { "grid_id": "G046294", "child_risk_pct": 0.0, "elderly_risk_pct": 17.36 }, "geometry": { "type": "Polygon", "coordinates": [ [ [ 128.638942, 35.262199 ], [ 128.638954, 35.2631 ], [ 128.637855, 35.26311 ], [ 128.637843, 35.262209 ], [ 128.638942, 35.262199 ] ] ] } },
{ "type": "Feature", "properties": { "grid_id": "G046295", "child_risk_pct": 0.0, "elderly_risk_pct": 4.49 }, "geometry": { "type": "Polygon", "coordinates": [ [ [ 128.638954, 35.2631 ], [ 128.638967, 35.264002 ], [ 128.637868, 35.264012 ], [ 128.637855, 35.26311 ], [ 128.638954, 35.2631 ] ] ] } },
{ "type": "Feature", "properties": { "grid_id": "G046528", "child_risk_pct": 3.85, "elderly_risk_pct": 0.0 }, "geometry": { "type": "Polygon", "coordinates": [ [ [ 128.639751, 35.241453 ], [ 128.639763, 35.242355 ], [ 128.638664, 35.242365 ], [ 128.638652, 35.241463 ], [ 128.639751, 35.241453 ] ] ] } },
{ "type": "Feature", "properties": { "grid_id": "G046529", "child_risk_pct": 17.36, "elderly_risk_pct": 0.0 }, "geometry": { "type": "Polygon", "coordinates": [ [ [ 128.639763, 35.242355 ], [ 128.639776, 35.243256 ], [ 128.638677, 35.243266 ], [ 128.638664, 35.242365 ], [ 128.639763, 35.242355 ] ] ] } },
{ "type": "Feature", "properties": { "grid_id": "G046530", "child_risk_pct": 1.33, "elderly_risk_pct": 0.0 }, "geometry": { "type": "Polygon", "coordinates": [ [ [ 128.639776, 35.243256 ], [ 128.639788, 35.244158 ], [ 128.63869, 35.244168 ], [ 128.638677, 35.243266 ], [ 128.639776, 35.243256 ] ] ] } },
{ "type": "Feature", "properties": { "grid_id": "G046531", "child_risk_pct": 0.0, "elderly_risk_pct": 5.7 }, "geometry": { "type": "Polygon", "coordinates": [ [ [ 128.639788, 35.244158 ], [ 128.639801, 35.245059 ], [ 128.638702, 35.245069 ], [ 128.63869, 35.244168 ], [ 128.639788, 35.244158 ] ] ] } },
{ "type": "Feature", "properties": { "grid_id": "G046532", "child_risk_pct": 0.0, "elderly_risk_pct": 0.64 }, "geometry": { "type": "Polygon", "coordinates": [ [ [ 128.639801, 35.245059 ], [ 128.639814, 35.245961 ], [ 128.638715, 35.245971 ], [ 128.638702, 35.245069 ], [ 128.639801, 35.245059 ] ] ] } },
{ "type": "Feature", "properties": { "grid_id": "G046537", "child_risk_pct": 0.0, "elderly_risk_pct": 8.05 }, "geometry": { "type": "Polygon", "coordinates": [ [ [ 128.639864, 35.249567 ], [ 128.639877, 35.250468 ], [ 128.638778, 35.250479 ], [ 128.638765, 35.249577 ], [ 128.639864, 35.249567 ] ] ] } },
{ "type": "Feature", "properties": { "grid_id": "G046539", "child_risk_pct": 16.03, "elderly_risk_pct": 0.0 }, "geometry": { "type": "Polygon", "coordinates": [ [ [ 128.639889, 35.25137 ], [ 128.639902, 35.252271 ], [ 128.638803, 35.252282 ], [ 128.63879, 35.25138 ], [ 128.639889, 35.25137 ] ] ] } },
{ "type": "Feature", "properties": { "grid_id": "G046540", "child_risk_pct": 4.17, "elderly_risk_pct": 0.0 }, "geometry": { "type": "Polygon", "coordinates": [ [ [ 128.639902, 35.252271 ], [ 128.639915, 35.253173 ], [ 128.638816, 35.253183 ], [ 128.638803, 35.252282 ], [ 128.639902, 35.252271 ] ] ] } },
{ "type": "Feature", "properties": { "grid_id": "G046542", "child_risk_pct": 0.0, "elderly_risk_pct": 8.33 }, "geometry": { "type": "Polygon", "coordinates": [ [ [ 128.639927, 35.254074 ], [ 128.63994, 35.254976 ], [ 128.638841, 35.254986 ], [ 128.638828, 35.254085 ], [ 128.639927, 35.254074 ] ] ] } },
{ "type": "Feature", "properties": { "grid_id": "G046543", "child_risk_pct": 0.0, "elderly_risk_pct": 4.86 }, "geometry": { "type": "Polygon", "coordinates": [ [ [ 128.63994, 35.254976 ], [ 128.639953, 35.255877 ], [ 128.638853, 35.255888 ], [ 128.638841, 35.254986 ], [ 128.63994, 35.254976 ] ] ] } },
{ "type": "Feature", "properties": { "grid_id": "G046545", "child_risk_pct": 0.0, "elderly_risk_pct": 2.47 }, "geometry": { "type": "Polygon", "coordinates": [ [ [ 128.639965, 35.256779 ], [ 128.639978, 35.257681 ], [ 128.638879, 35.257691 ], [ 128.638866, 35.256789 ], [ 128.639965, 35.256779 ] ] ] } },
{ "type": "Feature", "properties": { "grid_id": "G046546", "child_risk_pct": 0.0, "elderly_risk_pct": 7.1 }, "geometry": { "type": "Polygon", "coordinates": [ [ [ 128.639978, 35.257681 ], [ 128.63999, 35.258582 ], [ 128.638891, 35.258592 ], [ 128.638879, 35.257691 ], [ 128.639978, 35.257681 ] ] ] } },
{ "type": "Feature", "properties": { "grid_id": "G046548", "child_risk_pct": 14.58, "elderly_risk_pct": 0.0 }, "geometry": { "type": "Polygon", "coordinates": [ [ [ 128.640003, 35.259484 ], [ 128.640016, 35.260385 ], [ 128.638917, 35.260395 ], [ 128.638904, 35.259494 ], [ 128.640003, 35.259484 ] ] ] } },
{ "type": "Feature", "properties": { "grid_id": "G046549", "child_risk_pct": 33.33, "elderly_risk_pct": 0.0 }, "geometry": { "type": "Polygon", "coordinates": [ [ [ 128.640016, 35.260385 ], [ 128.640028, 35.261287 ], [ 128.638929, 35.261297 ], [ 128.638917, 35.260395 ], [ 128.640016, 35.260385 ] ] ] } },
{ "type": "Feature", "properties": { "grid_id": "G046550", "child_risk_pct": 3.47, "elderly_risk_pct": 0.0 }, "geometry": { "type": "Polygon", "coordinates": [ [ [ 128.640028, 35.261287 ], [ 128.640041, 35.262188 ], [ 128.638942, 35.262199 ], [ 128.638929, 35.261297 ], [ 128.640028, 35.261287 ] ] ] } },
{ "type": "Feature", "properties": { "grid_id": "G046551", "child_risk_pct": 0.0, "elderly_risk_pct": 8.22 }, "geometry": { "type": "Polygon", "coordinates": [ [ [ 128.640041, 35.262188 ], [ 128.640054, 35.26309 ], [ 128.638954, 35.2631 ], [ 128.638942, 35.262199 ], [ 128.640041, 35.262188 ] ] ] } },
{ "type": "Feature", "properties": { "grid_id": "G046552", "child_risk_pct": 0.0, "elderly_risk_pct": 26.06 }, "geometry": { "type": "Polygon", "coordinates": [ [ [ 128.640054, 35.26309 ], [ 128.640066, 35.263991 ], [ 128.638967, 35.264002 ], [ 128.638954, 35.2631 ], [ 128.640054, 35.26309 ] ] ] } },
{ "type": "Feature", "properties": { "grid_id": "G046553", "child_risk_pct": 0.0, "elderly_risk_pct": 2.6 }, "geometry": { "type": "Polygon", "coordinates": [ [ [ 128.640066, 35.263991 ], [ 128.640079, 35.264893 ], [ 128.63898, 35.264903 ], [ 128.638967, 35.264002 ], [ 128.640066, 35.263991 ] ] ] } },
{ "type": "Feature", "properties": { "grid_id": "G046774", "child_risk_pct": 0.0, "elderly_risk_pct": 25.68 }, "geometry": { "type": "Polygon", "coordinates": [ [ [ 128.640786, 35.236935 ], [ 128.640799, 35.237837 ], [ 128.6397, 35.237847 ], [ 128.639688, 35.236945 ], [ 128.640786, 35.236935 ] ] ] } },
{ "type": "Feature", "properties": { "grid_id": "G046778", "child_risk_pct": 2.08, "elderly_risk_pct": 0.0 }, "geometry": { "type": "Polygon", "coordinates": [ [ [ 128.640837, 35.240541 ], [ 128.64085, 35.241443 ], [ 128.639751, 35.241453 ], [ 128.639738, 35.240551 ], [ 128.640837, 35.240541 ] ] ] } },
{ "type": "Feature", "properties": { "grid_id": "G046779", "child_risk_pct": 33.33, "elderly_risk_pct": 0.0 }, "geometry": { "type": "Polygon", "coordinates": [ [ [ 128.64085, 35.241443 ], [ 128.640862, 35.242344 ], [ 128.639763, 35.242355 ], [ 128.639751, 35.241453 ], [ 128.64085, 35.241443 ] ] ] } },
{ "type": "Feature", "properties": { "grid_id": "G046780", "child_risk_pct": 41.07, "elderly_risk_pct": 2.38 }, "geometry": { "type": "Polygon", "coordinates": [ [ [ 128.640862, 35.242344 ], [ 128.640875, 35.243246 ], [ 128.639776, 35.243256 ], [ 128.639763, 35.242355 ], [ 128.640862, 35.242344 ] ] ] } },
{ "type": "Feature", "properties": { "grid_id": "G046781", "child_risk_pct": 6.67, "elderly_risk_pct": 1.33 }, "geometry": { "type": "Polygon", "coordinates": [ [ [ 128.640875, 35.243246 ], [ 128.640887, 35.244147 ], [ 128.639788, 35.244158 ], [ 128.639776, 35.243256 ], [ 128.640875, 35.243246 ] ] ] } },
{ "type": "Feature", "properties": { "grid_id": "G046782", "child_risk_pct": 0.0, "elderly_risk_pct": 25.0 }, "geometry": { "type": "Polygon", "coordinates": [ [ [ 128.640887, 35.244147 ], [ 128.6409, 35.245049 ], [ 128.639801, 35.245059 ], [ 128.639788, 35.244158 ], [ 128.640887, 35.244147 ] ] ] } },
{ "type": "Feature", "properties": { "grid_id": "G046783", "child_risk_pct": 0.0, "elderly_risk_pct": 9.62 }, "geometry": { "type": "Polygon", "coordinates": [ [ [ 128.6409, 35.245049 ], [ 128.640913, 35.24595 ], [ 128.639814, 35.245961 ], [ 128.639801, 35.245059 ], [ 128.6409, 35.245049 ] ] ] } },
{ "type": "Feature", "properties": { "grid_id": "G046790", "child_risk_pct": 15.38, "elderly_risk_pct": 0.0 }, "geometry": { "type": "Polygon", "coordinates": [ [ [ 128.640988, 35.251359 ], [ 128.641001, 35.252261 ], [ 128.639902, 35.252271 ], [ 128.639889, 35.25137 ], [ 128.640988, 35.251359 ] ] ] } },
{ "type": "Feature", "properties": { "grid_id": "G046791", "child_risk_pct": 14.58, "elderly_risk_pct": 0.0 }, "geometry": { "type": "Polygon", "coordinates": [ [ [ 128.641001, 35.252261 ], [ 128.641014, 35.253163 ], [ 128.639915, 35.253173 ], [ 128.639902, 35.252271 ], [ 128.641001, 35.252261 ] ] ] } },
{ "type": "Feature", "properties": { "grid_id": "G046793", "child_risk_pct": 0.0, "elderly_risk_pct": 19.46 }, "geometry": { "type": "Polygon", "coordinates": [ [ [ 128.641026, 35.254064 ], [ 128.641039, 35.254966 ], [ 128.63994, 35.254976 ], [ 128.639927, 35.254074 ], [ 128.641026, 35.254064 ] ] ] } },
{ "type": "Feature", "properties": { "grid_id": "G046794", "child_risk_pct": 0.0, "elderly_risk_pct": 15.95 }, "geometry": { "type": "Polygon", "coordinates": [ [ [ 128.641039, 35.254966 ], [ 128.641052, 35.255867 ], [ 128.639953, 35.255877 ], [ 128.63994, 35.254976 ], [ 128.641039, 35.254966 ] ] ] } },
{ "type": "Feature", "properties": { "grid_id": "G046799", "child_risk_pct": 3.47, "elderly_risk_pct": 0.0 }, "geometry": { "type": "Polygon", "coordinates": [ [ [ 128.641102, 35.259473 ], [ 128.641115, 35.260375 ], [ 128.640016, 35.260385 ], [ 128.640003, 35.259484 ], [ 128.641102, 35.259473 ] ] ] } },
{ "type": "Feature", "properties": { "grid_id": "G046800", "child_risk_pct": 4.61, "elderly_risk_pct": 0.0 }, "geometry": { "type": "Polygon", "coordinates": [ [ [ 128.641115, 35.260375 ], [ 128.641127, 35.261276 ], [ 128.640028, 35.261287 ], [ 128.640016, 35.260385 ], [ 128.641115, 35.260375 ] ] ] } },
{ "type": "Feature", "properties": { "grid_id": "G046804", "child_risk_pct": 0.0, "elderly_risk_pct": 1.28 }, "geometry": { "type": "Polygon", "coordinates": [ [ [ 128.641165, 35.263981 ], [ 128.641178, 35.264882 ], [ 128.640079, 35.264893 ], [ 128.640066, 35.263991 ], [ 128.641165, 35.263981 ] ] ] } },
{ "type": "Feature", "properties": { "grid_id": "G046921", "child_risk_pct": 0.0, "elderly_risk_pct": 11.8 }, "geometry": { "type": "Polygon", "coordinates": [ [ [ 128.642648, 35.369458 ], [ 128.642661, 35.37036 ], [ 128.64156, 35.37037 ], [ 128.641548, 35.369469 ], [ 128.642648, 35.369458 ] ] ] } },
{ "type": "Feature", "properties": { "grid_id": "G047019", "child_risk_pct": 0.65, "elderly_risk_pct": 0.65 }, "geometry": { "type": "Polygon", "coordinates": [ [ [ 128.64186, 35.235122 ], [ 128.641873, 35.236023 ], [ 128.640774, 35.236033 ], [ 128.640761, 35.235132 ], [ 128.64186, 35.235122 ] ] ] } },
{ "type": "Feature", "properties": { "grid_id": "G047020", "child_risk_pct": 3.85, "elderly_risk_pct": 4.49 }, "geometry": { "type": "Polygon", "coordinates": [ [ [ 128.641873, 35.236023 ], [ 128.641885, 35.236925 ], [ 128.640786, 35.236935 ], [ 128.640774, 35.236033 ], [ 128.641873, 35.236023 ] ] ] } },
{ "type": "Feature", "properties": { "grid_id": "G047021", "child_risk_pct": 0.0, "elderly_risk_pct": 2.08 }, "geometry": { "type": "Polygon", "coordinates": [ [ [ 128.641885, 35.236925 ], [ 128.641898, 35.237826 ], [ 128.640799, 35.237837 ], [ 128.640786, 35.236935 ], [ 128.641885, 35.236925 ] ] ] } },
{ "type": "Feature", "properties": { "grid_id": "G047026", "child_risk_pct": 3.25, "elderly_risk_pct": 0.0 }, "geometry": { "type": "Polygon", "coordinates": [ [ [ 128.641948, 35.241432 ], [ 128.641961, 35.242334 ], [ 128.640862, 35.242344 ], [ 128.64085, 35.241443 ], [ 128.641948, 35.241432 ] ] ] } },
{ "type": "Feature", "properties": { "grid_id": "G047027", "child_risk_pct": 23.72, "elderly_risk_pct": 11.54 }, "geometry": { "type": "Polygon", "coordinates": [ [ [ 128.641961, 35.242334 ], [ 128.641974, 35.243235 ], [ 128.640875, 35.243246 ], [ 128.640862, 35.242344 ], [ 128.641961, 35.242334 ] ] ] } },
{ "type": "Feature", "properties": { "grid_id": "G047028", "child_risk_pct": 0.0, "elderly_risk_pct": 21.53 }, "geometry": { "type": "Polygon", "coordinates": [ [ [ 128.641974, 35.243235 ], [ 128.641986, 35.244137 ], [ 128.640887, 35.244147 ], [ 128.640875, 35.243246 ], [ 128.641974, 35.243235 ] ] ] } },
{ "type": "Feature", "properties": { "grid_id": "G047168", "child_risk_pct": 0.0, "elderly_risk_pct": 8.64 }, "geometry": { "type": "Polygon", "coordinates": [ [ [ 128.643749, 35.369448 ], [ 128.643762, 35.370349 ], [ 128.642661, 35.37036 ], [ 128.642648, 35.369458 ], [ 128.643749, 35.369448 ] ] ] } },
{ "type": "Feature", "properties": { "grid_id": "G047266", "child_risk_pct": 26.39, "elderly_risk_pct": 25.0 }, "geometry": { "type": "Polygon", "coordinates": [ [ [ 128.642959, 35.235111 ], [ 128.642971, 35.236013 ], [ 128.641873, 35.236023 ], [ 128.64186, 35.235122 ], [ 128.642959, 35.235111 ] ] ] } },
{ "type": "Feature", "properties": { "grid_id": "G047267", "child_risk_pct": 25.69, "elderly_risk_pct": 22.92 }, "geometry": { "type": "Polygon", "coordinates": [ [ [ 128.642971, 35.236013 ], [ 128.642984, 35.236914 ], [ 128.641885, 35.236925 ], [ 128.641873, 35.236023 ], [ 128.642971, 35.236013 ] ] ] } },
{ "type": "Feature", "properties": { "grid_id": "G047274", "child_risk_pct": 8.97, "elderly_risk_pct": 0.0 }, "geometry": { "type": "Polygon", "coordinates": [ [ [ 128.64306, 35.242323 ], [ 128.643073, 35.243225 ], [ 128.641974, 35.243235 ], [ 128.641961, 35.242334 ], [ 128.64306, 35.242323 ] ] ] } },
{ "type": "Feature", "properties": { "grid_id": "G047275", "child_risk_pct": 1.29, "elderly_risk_pct": 0.0 }, "geometry": { "type": "Polygon", "coordinates": [ [ [ 128.643073, 35.243225 ], [ 128.643085, 35.244127 ], [ 128.641986, 35.244137 ], [ 128.641974, 35.243235 ], [ 128.643073, 35.243225 ] ] ] } },
{ "type": "Feature", "properties": { "grid_id": "G047285", "child_risk_pct": 0.0, "elderly_risk_pct": 15.98 }, "geometry": { "type": "Polygon", "coordinates": [ [ [ 128.643199, 35.25224 ], [ 128.643212, 35.253142 ], [ 128.642113, 35.253152 ], [ 128.6421, 35.252251 ], [ 128.643199, 35.25224 ] ] ] } },
{ "type": "Feature", "properties": { "grid_id": "G047286", "child_risk_pct": 0.0, "elderly_risk_pct": 26.35 }, "geometry": { "type": "Polygon", "coordinates": [ [ [ 128.643212, 35.253142 ], [ 128.643224, 35.254043 ], [ 128.642125, 35.254054 ], [ 128.642113, 35.253152 ], [ 128.643212, 35.253142 ] ] ] } },
{ "type": "Feature", "properties": { "grid_id": "G047451", "child_risk_pct": 0.0, "elderly_risk_pct": 4.24 }, "geometry": { "type": "Polygon", "coordinates": [ [ [ 128.643286, 35.180107 ], [ 128.643299, 35.181009 ], [ 128.642201, 35.181019 ], [ 128.642188, 35.180118 ], [ 128.643286, 35.180107 ] ] ] } },
{ "type": "Feature", "properties": { "grid_id": "G047452", "child_risk_pct": 0.0, "elderly_risk_pct": 0.67 }, "geometry": { "type": "Polygon", "coordinates": [ [ [ 128.643299, 35.181009 ], [ 128.643312, 35.18191 ], [ 128.642214, 35.181921 ], [ 128.642201, 35.181019 ], [ 128.643299, 35.181009 ] ] ] } },
{ "type": "Feature", "properties": { "grid_id": "G047514", "child_risk_pct": 0.0, "elderly_risk_pct": 8.23 }, "geometry": { "type": "Polygon", "coordinates": [ [ [ 128.644083, 35.236904 ], [ 128.644096, 35.237805 ], [ 128.642997, 35.237816 ], [ 128.642984, 35.236914 ], [ 128.644083, 35.236904 ] ] ] } },
{ "type": "Feature", "properties": { "grid_id": "G047518", "child_risk_pct": 8.39, "elderly_risk_pct": 0.0 }, "geometry": { "type": "Polygon", "coordinates": [ [ [ 128.644134, 35.24051 ], [ 128.644146, 35.241412 ], [ 128.643047, 35.241422 ], [ 128.643035, 35.24052 ], [ 128.644134, 35.24051 ] ] ] } },
{ "type": "Feature", "properties": { "grid_id": "G047519", "child_risk_pct": 20.83, "elderly_risk_pct": 0.0 }, "geometry": { "type": "Polygon", "coordinates": [ [ [ 128.644146, 35.241412 ], [ 128.644159, 35.242313 ], [ 128.64306, 35.242323 ], [ 128.643047, 35.241422 ], [ 128.644146, 35.241412 ] ] ] } },
{ "type": "Feature", "properties": { "grid_id": "G047526", "child_risk_pct": 0.0, "elderly_risk_pct": 0.69 }, "geometry": { "type": "Polygon", "coordinates": [ [ [ 128.644235, 35.247722 ], [ 128.644248, 35.248624 ], [ 128.643149, 35.248634 ], [ 128.643136, 35.247733 ], [ 128.644235, 35.247722 ] ] ] } },
{ "type": "Feature", "properties": { "grid_id": "G047528", "child_risk_pct": 17.95, "elderly_risk_pct": 0.0 }, "geometry": { "type": "Polygon", "coordinates": [ [ [ 128.64426, 35.249525 ], [ 128.644273, 35.250427 ], [ 128.643174, 35.250437 ], [ 128.643161, 35.249536 ], [ 128.64426, 35.249525 ] ] ] } },
{ "type": "Feature", "properties": { "grid_id": "G047703", "child_risk_pct": 0.0, "elderly_risk_pct": 16.67 }, "geometry": { "type": "Polygon", "coordinates": [ [ [ 128.644384, 35.180097 ], [ 128.644397, 35.180998 ], [ 128.643299, 35.181009 ], [ 128.643286, 35.180107 ], [ 128.644384, 35.180097 ] ] ] } },
{ "type": "Feature", "properties": { "grid_id": "G047765", "child_risk_pct": 0.0, "elderly_risk_pct": 9.74 }, "geometry": { "type": "Polygon", "coordinates": [ [ [ 128.645169, 35.235992 ], [ 128.645182, 35.236894 ], [ 128.644083, 35.236904 ], [ 128.64407, 35.236002 ], [ 128.645169, 35.235992 ] ] ] } },
{ "type": "Feature", "properties": { "grid_id": "G047766", "child_risk_pct": 0.0, "elderly_risk_pct": 40.0 }, "geometry": { "type": "Polygon", "coordinates": [ [ [ 128.645182, 35.236894 ], [ 128.645194, 35.237795 ], [ 128.644096, 35.237805 ], [ 128.644083, 35.236904 ], [ 128.645182, 35.236894 ] ] ] } },
{ "type": "Feature", "properties": { "grid_id": "G047770", "child_risk_pct": 10.26, "elderly_risk_pct": 4.49 }, "geometry": { "type": "Polygon", "coordinates": [ [ [ 128.645232, 35.2405 ], [ 128.645245, 35.241401 ], [ 128.644146, 35.241412 ], [ 128.644134, 35.24051 ], [ 128.645232, 35.2405 ] ] ] } },
{ "type": "Feature", "properties": { "grid_id": "G047771", "child_risk_pct": 22.22, "elderly_risk_pct": 0.69 }, "geometry": { "type": "Polygon", "coordinates": [ [ [ 128.645245, 35.241401 ], [ 128.645258, 35.242303 ], [ 128.644159, 35.242313 ], [ 128.644146, 35.241412 ], [ 128.645245, 35.241401 ] ] ] } },
{ "type": "Feature", "properties": { "grid_id": "G047775", "child_risk_pct": 0.0, "elderly_risk_pct": 0.69 }, "geometry": { "type": "Polygon", "coordinates": [ [ [ 128.645296, 35.245007 ], [ 128.645308, 35.245909 ], [ 128.64421, 35.245919 ], [ 128.644197, 35.245018 ], [ 128.645296, 35.245007 ] ] ] } },
{ "type": "Feature", "properties": { "grid_id": "G047778", "child_risk_pct": 0.0, "elderly_risk_pct": 25.0 }, "geometry": { "type": "Polygon", "coordinates": [ [ [ 128.645334, 35.247712 ], [ 128.645347, 35.248613 ], [ 128.644248, 35.248624 ], [ 128.644235, 35.247722 ], [ 128.645334, 35.247712 ] ] ] } },
{ "type": "Feature", "properties": { "grid_id": "G047779", "child_risk_pct": 0.0, "elderly_risk_pct": 14.47 }, "geometry": { "type": "Polygon", "coordinates": [ [ [ 128.645347, 35.248613 ], [ 128.645359, 35.249515 ], [ 128.64426, 35.249525 ], [ 128.644248, 35.248624 ], [ 128.645347, 35.248613 ] ] ] } },
{ "type": "Feature", "properties": { "grid_id": "G047780", "child_risk_pct": 12.5, "elderly_risk_pct": 0.0 }, "geometry": { "type": "Polygon", "coordinates": [ [ [ 128.645359, 35.249515 ], [ 128.645372, 35.250416 ], [ 128.644273, 35.250427 ], [ 128.64426, 35.249525 ], [ 128.645359, 35.249515 ] ] ] } },
{ "type": "Feature", "properties": { "grid_id": "G047781", "child_risk_pct": 0.65, "elderly_risk_pct": 0.0 }, "geometry": { "type": "Polygon", "coordinates": [ [ [ 128.645372, 35.250416 ], [ 128.645385, 35.251318 ], [ 128.644286, 35.251328 ], [ 128.644273, 35.250427 ], [ 128.645372, 35.250416 ] ] ] } },
{ "type": "Feature", "properties": { "grid_id": "G047805", "child_risk_pct": 0.0, "elderly_risk_pct": 6.49 }, "geometry": { "type": "Polygon", "coordinates": [ [ [ 128.645676, 35.272053 ], [ 128.645689, 35.272955 ], [ 128.64459, 35.272965 ], [ 128.644577, 35.272063 ], [ 128.645676, 35.272053 ] ] ] } },
{ "type": "Feature", "properties": { "grid_id": "G047806", "child_risk_pct": 0.0, "elderly_risk_pct": 6.94 }, "geometry": { "type": "Polygon", "coordinates": [ [ [ 128.645689, 35.272955 ], [ 128.645702, 35.273856 ], [ 128.644602, 35.273866 ], [ 128.64459, 35.272965 ], [ 128.645689, 35.272955 ] ] ] } },
{ "type": "Feature", "properties": { "grid_id": "G048021", "child_risk_pct": 0.0, "elderly_risk_pct": 2.08 }, "geometry": { "type": "Polygon", "coordinates": [ [ [ 128.646319, 35.239588 ], [ 128.646331, 35.240489 ], [ 128.645232, 35.2405 ], [ 128.64522, 35.239598 ], [ 128.646319, 35.239588 ] ] ] } },
{ "type": "Feature", "properties": { "grid_id": "G048022", "child_risk_pct": 0.0, "elderly_risk_pct": 14.0 }, "geometry": { "type": "Polygon", "coordinates": [ [ [ 128.646331, 35.240489 ], [ 128.646344, 35.241391 ], [ 128.645245, 35.241401 ], [ 128.645232, 35.2405 ], [ 128.646331, 35.240489 ] ] ] } },
{ "type": "Feature", "properties": { "grid_id": "G048023", "child_risk_pct": 0.0, "elderly_risk_pct": 22.16 }, "geometry": { "type": "Polygon", "coordinates": [ [ [ 128.646344, 35.241391 ], [ 128.646357, 35.242292 ], [ 128.645258, 35.242303 ], [ 128.645245, 35.241401 ], [ 128.646344, 35.241391 ] ] ] } },
{ "type": "Feature", "properties": { "grid_id": "G048026", "child_risk_pct": 0.0, "elderly_risk_pct": 10.26 }, "geometry": { "type": "Polygon", "coordinates": [ [ [ 128.646382, 35.244095 ], [ 128.646395, 35.244997 ], [ 128.645296, 35.245007 ], [ 128.645283, 35.244106 ], [ 128.646382, 35.244095 ] ] ] } },
{ "type": "Feature", "properties": { "grid_id": "G048027", "child_risk_pct": 0.0, "elderly_risk_pct": 54.86 }, "geometry": { "type": "Polygon", "coordinates": [ [ [ 128.646395, 35.244997 ], [ 128.646407, 35.245898 ], [ 128.645308, 35.245909 ], [ 128.645296, 35.245007 ], [ 128.646395, 35.244997 ] ] ] } },
{ "type": "Feature", "properties": { "grid_id": "G048029", "child_risk_pct": 0.0, "elderly_risk_pct": 0.67 }, "geometry": { "type": "Polygon", "coordinates": [ [ [ 128.64642, 35.2468 ], [ 128.646433, 35.247701 ], [ 128.645334, 35.247712 ], [ 128.645321, 35.24681 ], [ 128.64642, 35.2468 ] ] ] } },
{ "type": "Feature", "properties": { "grid_id": "G048030", "child_risk_pct": 0.0, "elderly_risk_pct": 19.28 }, "geometry": { "type": "Polygon", "coordinates": [ [ [ 128.646433, 35.247701 ], [ 128.646445, 35.248603 ], [ 128.645347, 35.248613 ], [ 128.645334, 35.247712 ], [ 128.646433, 35.247701 ] ] ] } },
{ "type": "Feature", "properties": { "grid_id": "G048031", "child_risk_pct": 2.7, "elderly_risk_pct": 2.03 }, "geometry": { "type": "Polygon", "coordinates": [ [ [ 128.646445, 35.248603 ], [ 128.646458, 35.249504 ], [ 128.645359, 35.249515 ], [ 128.645347, 35.248613 ], [ 128.646445, 35.248603 ] ] ] } },
{ "type": "Feature", "properties": { "grid_id": "G048032", "child_risk_pct": 6.25, "elderly_risk_pct": 13.19 }, "geometry": { "type": "Polygon", "coordinates": [ [ [ 128.646458, 35.249504 ], [ 128.646471, 35.250406 ], [ 128.645372, 35.250416 ], [ 128.645359, 35.249515 ], [ 128.646458, 35.249504 ] ] ] } },
{ "type": "Feature", "properties": { "grid_id": "G048058", "child_risk_pct": 0.0, "elderly_risk_pct": 7.05 }, "geometry": { "type": "Polygon", "coordinates": [ [ [ 128.646788, 35.272944 ], [ 128.646801, 35.273846 ], [ 128.645702, 35.273856 ], [ 128.645689, 35.272955 ], [ 128.646788, 35.272944 ] ] ] } },
{ "type": "Feature", "properties": { "grid_id": "G048273", "child_risk_pct": 0.0, "elderly_risk_pct": 3.87 }, "geometry": { "type": "Polygon", "coordinates": [ [ [ 128.647405, 35.238676 ], [ 128.647417, 35.239577 ], [ 128.646319, 35.239588 ], [ 128.646306, 35.238686 ], [ 128.647405, 35.238676 ] ] ] } },
{ "type": "Feature", "properties": { "grid_id": "G048274", "child_risk_pct": 0.0, "elderly_risk_pct": 53.21 }, "geometry": { "type": "Polygon", "coordinates": [ [ [ 128.647417, 35.239577 ], [ 128.64743, 35.240479 ], [ 128.646331, 35.240489 ], [ 128.646319, 35.239588 ], [ 128.647417, 35.239577 ] ] ] } },
{ "type": "Feature", "properties": { "grid_id": "G048275", "child_risk_pct": 0.0, "elderly_risk_pct": 6.58 }, "geometry": { "type": "Polygon", "coordinates": [ [ [ 128.64743, 35.240479 ], [ 128.647443, 35.24138 ], [ 128.646344, 35.241391 ], [ 128.646331, 35.240489 ], [ 128.64743, 35.240479 ] ] ] } },
{ "type": "Feature", "properties": { "grid_id": "G048280", "child_risk_pct": 0.0, "elderly_risk_pct": 3.92 }, "geometry": { "type": "Polygon", "coordinates": [ [ [ 128.647494, 35.244986 ], [ 128.647506, 35.245888 ], [ 128.646407, 35.245898 ], [ 128.646395, 35.244997 ], [ 128.647494, 35.244986 ] ] ] } },
{ "type": "Feature", "properties": { "grid_id": "G048283", "child_risk_pct": 0.0, "elderly_risk_pct": 14.74 }, "geometry": { "type": "Polygon", "coordinates": [ [ [ 128.647532, 35.247691 ], [ 128.647544, 35.248593 ], [ 128.646445, 35.248603 ], [ 128.646433, 35.247701 ], [ 128.647532, 35.247691 ] ] ] } },
{ "type": "Feature", "properties": { "grid_id": "G048284", "child_risk_pct": 28.47, "elderly_risk_pct": 45.83 }, "geometry": { "type": "Polygon", "coordinates": [ [ [ 128.647544, 35.248593 ], [ 128.647557, 35.249494 ], [ 128.646458, 35.249504 ], [ 128.646445, 35.248603 ], [ 128.647544, 35.248593 ] ] ] } },
{ "type": "Feature", "properties": { "grid_id": "G048285", "child_risk_pct": 13.19, "elderly_risk_pct": 25.0 }, "geometry": { "type": "Polygon", "coordinates": [ [ [ 128.647557, 35.249494 ], [ 128.64757, 35.250396 ], [ 128.646471, 35.250406 ], [ 128.646458, 35.249504 ], [ 128.647557, 35.249494 ] ] ] } },
{ "type": "Feature", "properties": { "grid_id": "G048287", "child_risk_pct": 0.0, "elderly_risk_pct": 6.58 }, "geometry": { "type": "Polygon", "coordinates": [ [ [ 128.647583, 35.251297 ], [ 128.647595, 35.252199 ], [ 128.646496, 35.252209 ], [ 128.646484, 35.251308 ], [ 128.647583, 35.251297 ] ] ] } },
{ "type": "Feature", "properties": { "grid_id": "G048289", "child_risk_pct": 0.0, "elderly_risk_pct": 2.6 }, "geometry": { "type": "Polygon", "coordinates": [ [ [ 128.647608, 35.2531 ], [ 128.647621, 35.254002 ], [ 128.646522, 35.254012 ], [ 128.646509, 35.253111 ], [ 128.647608, 35.2531 ] ] ] } },
{ "type": "Feature", "properties": { "grid_id": "G048525", "child_risk_pct": 0.0, "elderly_risk_pct": 3.29 }, "geometry": { "type": "Polygon", "coordinates": [ [ [ 128.648491, 35.237764 ], [ 128.648504, 35.238665 ], [ 128.647405, 35.238676 ], [ 128.647392, 35.237774 ], [ 128.648491, 35.237764 ] ] ] } },
{ "type": "Feature", "properties": { "grid_id": "G048526", "child_risk_pct": 0.0, "elderly_risk_pct": 47.34 }, "geometry": { "type": "Polygon", "coordinates": [ [ [ 128.648504, 35.238665 ], [ 128.648516, 35.239567 ], [ 128.647417, 35.239577 ], [ 128.647405, 35.238676 ], [ 128.648504, 35.238665 ] ] ] } },
{ "type": "Feature", "properties": { "grid_id": "G048527", "child_risk_pct": 0.0, "elderly_risk_pct": 13.19 }, "geometry": { "type": "Polygon", "coordinates": [ [ [ 128.648516, 35.239567 ], [ 128.648529, 35.240468 ], [ 128.64743, 35.240479 ], [ 128.647417, 35.239577 ], [ 128.648516, 35.239567 ] ] ] } },
{ "type": "Feature", "properties": { "grid_id": "G048531", "child_risk_pct": 0.0, "elderly_risk_pct": 2.08 }, "geometry": { "type": "Polygon", "coordinates": [ [ [ 128.648567, 35.243173 ], [ 128.64858, 35.244074 ], [ 128.647481, 35.244085 ], [ 128.647468, 35.243183 ], [ 128.648567, 35.243173 ] ] ] } },
{ "type": "Feature", "properties": { "grid_id": "G048533", "child_risk_pct": 0.0, "elderly_risk_pct": 1.18 }, "geometry": { "type": "Polygon", "coordinates": [ [ [ 128.648593, 35.244976 ], [ 128.648605, 35.245878 ], [ 128.647506, 35.245888 ], [ 128.647494, 35.244986 ], [ 128.648593, 35.244976 ] ] ] } },
{ "type": "Feature", "properties": { "grid_id": "G048534", "child_risk_pct": 0.0, "elderly_risk_pct": 22.07 }, "geometry": { "type": "Polygon", "coordinates": [ [ [ 128.648605, 35.245878 ], [ 128.648618, 35.246779 ], [ 128.647519, 35.246789 ], [ 128.647506, 35.245888 ], [ 128.648605, 35.245878 ] ] ] } },
{ "type": "Feature", "properties": { "grid_id": "G048537", "child_risk_pct": 0.0, "elderly_risk_pct": 3.27 }, "geometry": { "type": "Polygon", "coordinates": [ [ [ 128.648643, 35.248582 ], [ 128.648656, 35.249484 ], [ 128.647557, 35.249494 ], [ 128.647544, 35.248593 ], [ 128.648643, 35.248582 ] ] ] } },
{ "type": "Feature", "properties": { "grid_id": "G048538", "child_risk_pct": 0.0, "elderly_risk_pct": 27.08 }, "geometry": { "type": "Polygon", "coordinates": [ [ [ 128.648656, 35.249484 ], [ 128.648669, 35.250385 ], [ 128.64757, 35.250396 ], [ 128.647557, 35.249494 ], [ 128.648656, 35.249484 ] ] ] } },
{ "type": "Feature", "properties": { "grid_id": "G048539", "child_risk_pct": 0.0, "elderly_risk_pct": 5.33 }, "geometry": { "type": "Polygon", "coordinates": [ [ [ 128.648669, 35.250385 ], [ 128.648682, 35.251287 ], [ 128.647583, 35.251297 ], [ 128.64757, 35.250396 ], [ 128.648669, 35.250385 ] ] ] } },
{ "type": "Feature", "properties": { "grid_id": "G048540", "child_risk_pct": 0.0, "elderly_risk_pct": 34.32 }, "geometry": { "type": "Polygon", "coordinates": [ [ [ 128.648682, 35.251287 ], [ 128.648694, 35.252188 ], [ 128.647595, 35.252199 ], [ 128.647583, 35.251297 ], [ 128.648682, 35.251287 ] ] ] } },
{ "type": "Feature", "properties": { "grid_id": "G048541", "child_risk_pct": 0.0, "elderly_risk_pct": 24.14 }, "geometry": { "type": "Polygon", "coordinates": [ [ [ 128.648694, 35.252188 ], [ 128.648707, 35.25309 ], [ 128.647608, 35.2531 ], [ 128.647595, 35.252199 ], [ 128.648694, 35.252188 ] ] ] } },
{ "type": "Feature", "properties": { "grid_id": "G048542", "child_risk_pct": 0.0, "elderly_risk_pct": 10.42 }, "geometry": { "type": "Polygon", "coordinates": [ [ [ 128.648707, 35.25309 ], [ 128.64872, 35.253991 ], [ 128.647621, 35.254002 ], [ 128.647608, 35.2531 ], [ 128.648707, 35.25309 ] ] ] } },
{ "type": "Feature", "properties": { "grid_id": "G048784", "child_risk_pct": 0.0, "elderly_risk_pct": 34.48 }, "geometry": { "type": "Polygon", "coordinates": [ [ [ 128.649602, 35.238655 ], [ 128.649615, 35.239556 ], [ 128.648516, 35.239567 ], [ 128.648504, 35.238665 ], [ 128.649602, 35.238655 ] ] ] } },
{ "type": "Feature", "properties": { "grid_id": "G048787", "child_risk_pct": 0.0, "elderly_risk_pct": 2.08 }, "geometry": { "type": "Polygon", "coordinates": [ [ [ 128.649641, 35.241359 ], [ 128.649653, 35.242261 ], [ 128.648554, 35.242271 ], [ 128.648542, 35.24137 ], [ 128.649641, 35.241359 ] ] ] } },
{ "type": "Feature", "properties": { "grid_id": "G048788", "child_risk_pct": 0.0, "elderly_risk_pct": 7.55 }, "geometry": { "type": "Polygon", "coordinates": [ [ [ 128.649653, 35.242261 ], [ 128.649666, 35.243163 ], [ 128.648567, 35.243173 ], [ 128.648554, 35.242271 ], [ 128.649653, 35.242261 ] ] ] } },
{ "type": "Feature", "properties": { "grid_id": "G048789", "child_risk_pct": 0.0, "elderly_risk_pct": 40.38 }, "geometry": { "type": "Polygon", "coordinates": [ [ [ 128.649666, 35.243163 ], [ 128.649679, 35.244064 ], [ 128.64858, 35.244074 ], [ 128.648567, 35.243173 ], [ 128.649666, 35.243163 ] ] ] } },
{ "type": "Feature", "properties": { "grid_id": "G048790", "child_risk_pct": 0.0, "elderly_risk_pct": 17.45 }, "geometry": { "type": "Polygon", "coordinates": [ [ [ 128.649679, 35.244064 ], [ 128.649692, 35.244966 ], [ 128.648593, 35.244976 ], [ 128.64858, 35.244074 ], [ 128.649679, 35.244064 ] ] ] } },
{ "type": "Feature", "properties": { "grid_id": "G048791", "child_risk_pct": 0.0, "elderly_risk_pct": 0.68 }, "geometry": { "type": "Polygon", "coordinates": [ [ [ 128.649692, 35.244966 ], [ 128.649704, 35.245867 ], [ 128.648605, 35.245878 ], [ 128.648593, 35.244976 ], [ 128.649692, 35.244966 ] ] ] } },
{ "type": "Feature", "properties": { "grid_id": "G048792", "child_risk_pct": 0.0, "elderly_risk_pct": 5.88 }, "geometry": { "type": "Polygon", "coordinates": [ [ [ 128.649704, 35.245867 ], [ 128.649717, 35.246769 ], [ 128.648618, 35.246779 ], [ 128.648605, 35.245878 ], [ 128.649704, 35.245867 ] ] ] } },
{ "type": "Feature", "properties": { "grid_id": "G048796", "child_risk_pct": 0.0, "elderly_risk_pct": 28.85 }, "geometry": { "type": "Polygon", "coordinates": [ [ [ 128.649755, 35.249473 ], [ 128.649768, 35.250375 ], [ 128.648669, 35.250385 ], [ 128.648656, 35.249484 ], [ 128.649755, 35.249473 ] ] ] } },
{ "type": "Feature", "properties": { "grid_id": "G048797", "child_risk_pct": 0.0, "elderly_risk_pct": 10.67 }, "geometry": { "type": "Polygon", "coordinates": [ [ [ 128.649768, 35.250375 ], [ 128.649781, 35.251276 ], [ 128.648682, 35.251287 ], [ 128.648669, 35.250385 ], [ 128.649768, 35.250375 ] ] ] } },
{ "type": "Feature", "properties": { "grid_id": "G049009", "child_risk_pct": 0.0, "elderly_risk_pct": 28.85 }, "geometry": { "type": "Polygon", "coordinates": [ [ [ 128.65018, 35.201682 ], [ 128.650192, 35.202583 ], [ 128.649094, 35.202594 ], [ 128.649081, 35.201692 ], [ 128.65018, 35.201682 ] ] ] } },
{ "type": "Feature", "properties": { "grid_id": "G049042", "child_risk_pct": 6.94, "elderly_risk_pct": 0.0 }, "geometry": { "type": "Polygon", "coordinates": [ [ [ 128.650599, 35.231432 ], [ 128.650612, 35.232334 ], [ 128.649513, 35.232344 ], [ 128.649501, 35.231443 ], [ 128.650599, 35.231432 ] ] ] } },
{ "type": "Feature", "properties": { "grid_id": "G049043", "child_risk_pct": 1.39, "elderly_risk_pct": 0.0 }, "geometry": { "type": "Polygon", "coordinates": [ [ [ 128.650612, 35.232334 ], [ 128.650625, 35.233235 ], [ 128.649526, 35.233246 ], [ 128.649513, 35.232344 ], [ 128.650612, 35.232334 ] ] ] } },
{ "type": "Feature", "properties": { "grid_id": "G049053", "child_risk_pct": 0.0, "elderly_risk_pct": 22.58 }, "geometry": { "type": "Polygon", "coordinates": [ [ [ 128.65074, 35.241349 ], [ 128.650752, 35.242251 ], [ 128.649653, 35.242261 ], [ 128.649641, 35.241359 ], [ 128.65074, 35.241349 ] ] ] } },
{ "type": "Feature", "properties": { "grid_id": "G049054", "child_risk_pct": 0.0, "elderly_risk_pct": 71.15 }, "geometry": { "type": "Polygon", "coordinates": [ [ [ 128.650752, 35.242251 ], [ 128.650765, 35.243152 ], [ 128.649666, 35.243163 ], [ 128.649653, 35.242261 ], [ 128.650752, 35.242251 ] ] ] } },
{ "type": "Feature", "properties": { "grid_id": "G049055", "child_risk_pct": 0.0, "elderly_risk_pct": 24.68 }, "geometry": { "type": "Polygon", "coordinates": [ [ [ 128.650765, 35.243152 ], [ 128.650778, 35.244054 ], [ 128.649679, 35.244064 ], [ 128.649666, 35.243163 ], [ 128.650765, 35.243152 ] ] ] } },
{ "type": "Feature", "properties": { "grid_id": "G049056", "child_risk_pct": 0.0, "elderly_risk_pct": 1.39 }, "geometry": { "type": "Polygon", "coordinates": [ [ [ 128.650778, 35.244054 ], [ 128.65079, 35.244955 ], [ 128.649692, 35.244966 ], [ 128.649679, 35.244064 ], [ 128.650778, 35.244054 ] ] ] } },
{ "type": "Feature", "properties": { "grid_id": "G049057", "child_risk_pct": 0.0, "elderly_risk_pct": 2.78 }, "geometry": { "type": "Polygon", "coordinates": [ [ [ 128.65079, 35.244955 ], [ 128.650803, 35.245857 ], [ 128.649704, 35.245867 ], [ 128.649692, 35.244966 ], [ 128.65079, 35.244955 ] ] ] } },
{ "type": "Feature", "properties": { "grid_id": "G049062", "child_risk_pct": 0.0, "elderly_risk_pct": 3.92 }, "geometry": { "type": "Polygon", "coordinates": [ [ [ 128.650854, 35.249463 ], [ 128.650867, 35.250364 ], [ 128.649768, 35.250375 ], [ 128.649755, 35.249473 ], [ 128.650854, 35.249463 ] ] ] } },
{ "type": "Feature", "properties": { "grid_id": "G049063", "child_risk_pct": 0.0, "elderly_risk_pct": 9.72 }, "geometry": { "type": "Polygon", "coordinates": [ [ [ 128.650867, 35.250364 ], [ 128.65088, 35.251266 ], [ 128.649781, 35.251276 ], [ 128.649768, 35.250375 ], [ 128.650867, 35.250364 ] ] ] } },
{ "type": "Feature", "properties": { "grid_id": "G049064", "child_risk_pct": 0.0, "elderly_risk_pct": 10.42 }, "geometry": { "type": "Polygon", "coordinates": [ [ [ 128.65088, 35.251266 ], [ 128.650892, 35.252167 ], [ 128.649793, 35.252178 ], [ 128.649781, 35.251276 ], [ 128.65088, 35.251266 ] ] ] } },
{ "type": "Feature", "properties": { "grid_id": "G049313", "child_risk_pct": 15.97, "elderly_risk_pct": 0.0 }, "geometry": { "type": "Polygon", "coordinates": [ [ [ 128.651698, 35.231422 ], [ 128.651711, 35.232323 ], [ 128.650612, 35.232334 ], [ 128.650599, 35.231432 ], [ 128.651698, 35.231422 ] ] ] } },
{ "type": "Feature", "properties": { "grid_id": "G049314", "child_risk_pct": 18.06, "elderly_risk_pct": 0.0 }, "geometry": { "type": "Polygon", "coordinates": [ [ [ 128.651711, 35.232323 ], [ 128.651724, 35.233225 ], [ 128.650625, 35.233235 ], [ 128.650612, 35.232334 ], [ 128.651711, 35.232323 ] ] ] } },
{ "type": "Feature", "properties": { "grid_id": "G049325", "child_risk_pct": 0.0, "elderly_risk_pct": 22.22 }, "geometry": { "type": "Polygon", "coordinates": [ [ [ 128.651851, 35.24224 ], [ 128.651864, 35.243142 ], [ 128.650765, 35.243152 ], [ 128.650752, 35.242251 ], [ 128.651851, 35.24224 ] ] ] } },
{ "type": "Feature", "properties": { "grid_id": "G049326", "child_risk_pct": 0.0, "elderly_risk_pct": 41.03 }, "geometry": { "type": "Polygon", "coordinates": [ [ [ 128.651864, 35.243142 ], [ 128.651877, 35.244043 ], [ 128.650778, 35.244054 ], [ 128.650765, 35.243152 ], [ 128.651864, 35.243142 ] ] ] } },
{ "type": "Feature", "properties": { "grid_id": "G049327", "child_risk_pct": 0.0, "elderly_risk_pct": 32.64 }, "geometry": { "type": "Polygon", "coordinates": [ [ [ 128.651877, 35.244043 ], [ 128.651889, 35.244945 ], [ 128.65079, 35.244955 ], [ 128.650778, 35.244054 ], [ 128.651877, 35.244043 ] ] ] } },
{ "type": "Feature", "properties": { "grid_id": "G049328", "child_risk_pct": 0.0, "elderly_risk_pct": 9.72 }, "geometry": { "type": "Polygon", "coordinates": [ [ [ 128.651889, 35.244945 ], [ 128.651902, 35.245846 ], [ 128.650803, 35.245857 ], [ 128.65079, 35.244955 ], [ 128.651889, 35.244945 ] ] ] } },
{ "type": "Feature", "properties": { "grid_id": "G049334", "child_risk_pct": 0.0, "elderly_risk_pct": 2.08 }, "geometry": { "type": "Polygon", "coordinates": [ [ [ 128.651966, 35.250354 ], [ 128.651979, 35.251255 ], [ 128.65088, 35.251266 ], [ 128.650867, 35.250364 ], [ 128.651966, 35.250354 ] ] ] } },
{ "type": "Feature", "properties": { "grid_id": "G049335", "child_risk_pct": 0.0, "elderly_risk_pct": 7.64 }, "geometry": { "type": "Polygon", "coordinates": [ [ [ 128.651979, 35.251255 ], [ 128.651991, 35.252157 ], [ 128.650892, 35.252167 ], [ 128.65088, 35.251266 ], [ 128.651979, 35.251255 ] ] ] } },
{ "type": "Feature", "properties": { "grid_id": "G049593", "child_risk_pct": 9.62, "elderly_risk_pct": 8.33 }, "geometry": { "type": "Polygon", "coordinates": [ [ [ 128.652899, 35.238624 ], [ 128.652912, 35.239525 ], [ 128.651813, 35.239536 ], [ 128.6518, 35.238634 ], [ 128.652899, 35.238624 ] ] ] } },
{ "type": "Feature", "properties": { "grid_id": "G049594", "child_risk_pct": 2.67, "elderly_risk_pct": 2.0 }, "geometry": { "type": "Polygon", "coordinates": [ [ [ 128.652912, 35.239525 ], [ 128.652925, 35.240427 ], [ 128.651826, 35.240437 ], [ 128.651813, 35.239536 ], [ 128.652912, 35.239525 ] ] ] } },
{ "type": "Feature", "properties": { "grid_id": "G049597", "child_risk_pct": 0.0, "elderly_risk_pct": 0.69 }, "geometry": { "type": "Polygon", "coordinates": [ [ [ 128.65295, 35.24223 ], [ 128.652963, 35.243131 ], [ 128.651864, 35.243142 ], [ 128.651851, 35.24224 ], [ 128.65295, 35.24223 ] ] ] } },
{ "type": "Feature", "properties": { "grid_id": "G049598", "child_risk_pct": 0.0, "elderly_risk_pct": 10.88 }, "geometry": { "type": "Polygon", "coordinates": [ [ [ 128.652963, 35.243131 ], [ 128.652976, 35.244033 ], [ 128.651877, 35.244043 ], [ 128.651864, 35.243142 ], [ 128.652963, 35.243131 ] ] ] } },
{ "type": "Feature", "properties": { "grid_id": "G049599", "child_risk_pct": 0.0, "elderly_risk_pct": 7.74 }, "geometry": { "type": "Polygon", "coordinates": [ [ [ 128.652976, 35.244033 ], [ 128.652988, 35.244934 ], [ 128.651889, 35.244945 ], [ 128.651877, 35.244043 ], [ 128.652976, 35.244033 ] ] ] } },
{ "type": "Feature", "properties": { "grid_id": "G049865", "child_risk_pct": 11.11, "elderly_risk_pct": 10.42 }, "geometry": { "type": "Polygon", "coordinates": [ [ [ 128.653998, 35.238613 ], [ 128.654011, 35.239515 ], [ 128.652912, 35.239525 ], [ 128.652899, 35.238624 ], [ 128.653998, 35.238613 ] ] ] } },
{ "type": "Feature", "properties": { "grid_id": "G049867", "child_risk_pct": 0.0, "elderly_risk_pct": 19.86 }, "geometry": { "type": "Polygon", "coordinates": [ [ [ 128.654023, 35.240416 ], [ 128.654036, 35.241318 ], [ 128.652937, 35.241328 ], [ 128.652925, 35.240427 ], [ 128.654023, 35.240416 ] ] ] } },
{ "type": "Feature", "properties": { "grid_id": "G049868", "child_risk_pct": 0.0, "elderly_risk_pct": 19.48 }, "geometry": { "type": "Polygon", "coordinates": [ [ [ 128.654036, 35.241318 ], [ 128.654049, 35.242219 ], [ 128.65295, 35.24223 ], [ 128.652937, 35.241328 ], [ 128.654036, 35.241318 ] ] ] } },
{ "type": "Feature", "properties": { "grid_id": "G049872", "child_risk_pct": 0.0, "elderly_risk_pct": 3.47 }, "geometry": { "type": "Polygon", "coordinates": [ [ [ 128.654087, 35.244924 ], [ 128.6541, 35.245825 ], [ 128.653001, 35.245836 ], [ 128.652988, 35.244934 ], [ 128.654087, 35.244924 ] ] ] } },
{ "type": "Feature", "properties": { "grid_id": "G049873", "child_risk_pct": 0.0, "elderly_risk_pct": 6.94 }, "geometry": { "type": "Polygon", "coordinates": [ [ [ 128.6541, 35.245825 ], [ 128.654113, 35.246727 ], [ 128.653014, 35.246737 ], [ 128.653001, 35.245836 ], [ 128.6541, 35.245825 ] ] ] } },
{ "type": "Feature", "properties": { "grid_id": "G050135", "child_risk_pct": 9.68, "elderly_risk_pct": 0.0 }, "geometry": { "type": "Polygon", "coordinates": [ [ [ 128.655097, 35.238603 ], [ 128.655109, 35.239504 ], [ 128.654011, 35.239515 ], [ 128.653998, 35.238613 ], [ 128.655097, 35.238603 ] ] ] } },
{ "type": "Feature", "properties": { "grid_id": "G050136", "child_risk_pct": 4.86, "elderly_risk_pct": 0.0 }, "geometry": { "type": "Polygon", "coordinates": [ [ [ 128.655109, 35.239504 ], [ 128.655122, 35.240406 ], [ 128.654023, 35.240416 ], [ 128.654011, 35.239515 ], [ 128.655109, 35.239504 ] ] ] } },
{ "type": "Feature", "properties": { "grid_id": "G050137", "child_risk_pct": 0.0, "elderly_risk_pct": 13.19 }, "geometry": { "type": "Polygon", "coordinates": [ [ [ 128.655122, 35.240406 ], [ 128.655135, 35.241307 ], [ 128.654036, 35.241318 ], [ 128.654023, 35.240416 ], [ 128.655122, 35.240406 ] ] ] } },
{ "type": "Feature", "properties": { "grid_id": "G050138", "child_risk_pct": 0.0, "elderly_risk_pct": 12.42 }, "geometry": { "type": "Polygon", "coordinates": [ [ [ 128.655135, 35.241307 ], [ 128.655148, 35.242209 ], [ 128.654049, 35.242219 ], [ 128.654036, 35.241318 ], [ 128.655135, 35.241307 ] ] ] } },
{ "type": "Feature", "properties": { "grid_id": "G050142", "child_risk_pct": 0.0, "elderly_risk_pct": 8.44 }, "geometry": { "type": "Polygon", "coordinates": [ [ [ 128.655186, 35.244913 ], [ 128.655199, 35.245815 ], [ 128.6541, 35.245825 ], [ 128.654087, 35.244924 ], [ 128.655186, 35.244913 ] ] ] } },
{ "type": "Feature", "properties": { "grid_id": "G050143", "child_risk_pct": 0.0, "elderly_risk_pct": 29.86 }, "geometry": { "type": "Polygon", "coordinates": [ [ [ 128.655199, 35.245815 ], [ 128.655212, 35.246716 ], [ 128.654113, 35.246727 ], [ 128.6541, 35.245825 ], [ 128.655199, 35.245815 ] ] ] } },
{ "type": "Feature", "properties": { "grid_id": "G050406", "child_risk_pct": 1.28, "elderly_risk_pct": 0.0 }, "geometry": { "type": "Polygon", "coordinates": [ [ [ 128.656196, 35.238592 ], [ 128.656208, 35.239494 ], [ 128.655109, 35.239504 ], [ 128.655097, 35.238603 ], [ 128.656196, 35.238592 ] ] ] } },
{ "type": "Feature", "properties": { "grid_id": "G050407", "child_risk_pct": 4.17, "elderly_risk_pct": 0.0 }, "geometry": { "type": "Polygon", "coordinates": [ [ [ 128.656208, 35.239494 ], [ 128.656221, 35.240395 ], [ 128.655122, 35.240406 ], [ 128.655109, 35.239504 ], [ 128.656208, 35.239494 ] ] ] } },
{ "type": "Feature", "properties": { "grid_id": "G050413", "child_risk_pct": 7.69, "elderly_risk_pct": 0.0 }, "geometry": { "type": "Polygon", "coordinates": [ [ [ 128.656285, 35.244903 ], [ 128.656298, 35.245804 ], [ 128.655199, 35.245815 ], [ 128.655186, 35.244913 ], [ 128.656285, 35.244903 ] ] ] } },
{ "type": "Feature", "properties": { "grid_id": "G050414", "child_risk_pct": 2.78, "elderly_risk_pct": 0.0 }, "geometry": { "type": "Polygon", "coordinates": [ [ [ 128.656298, 35.245804 ], [ 128.656311, 35.246706 ], [ 128.655212, 35.246716 ], [ 128.655199, 35.245815 ], [ 128.656298, 35.245804 ] ] ] } },
{ "type": "Feature", "properties": { "grid_id": "G050677", "child_risk_pct": 0.0, "elderly_risk_pct": 13.89 }, "geometry": { "type": "Polygon", "coordinates": [ [ [ 128.657282, 35.23768 ], [ 128.657294, 35.238582 ], [ 128.656196, 35.238592 ], [ 128.656183, 35.237691 ], [ 128.657282, 35.23768 ] ] ] } },
{ "type": "Feature", "properties": { "grid_id": "G050685", "child_risk_pct": 18.18, "elderly_risk_pct": 0.0 }, "geometry": { "type": "Polygon", "coordinates": [ [ [ 128.657384, 35.244892 ], [ 128.657397, 35.245794 ], [ 128.656298, 35.245804 ], [ 128.656285, 35.244903 ], [ 128.657384, 35.244892 ] ] ] } },
{ "type": "Feature", "properties": { "grid_id": "G050686", "child_risk_pct": 4.22, "elderly_risk_pct": 0.0 }, "geometry": { "type": "Polygon", "coordinates": [ [ [ 128.657397, 35.245794 ], [ 128.65741, 35.246695 ], [ 128.656311, 35.246706 ], [ 128.656298, 35.245804 ], [ 128.657397, 35.245794 ] ] ] } },
{ "type": "Feature", "properties": { "grid_id": "G050852", "child_risk_pct": 0.0, "elderly_risk_pct": 20.99 }, "geometry": { "type": "Polygon", "coordinates": [ [ [ 128.657127, 35.14932 ], [ 128.65714, 35.150221 ], [ 128.656042, 35.150232 ], [ 128.656029, 35.14933 ], [ 128.657127, 35.14932 ] ] ] } },
{ "type": "Feature", "properties": { "grid_id": "G050853", "child_risk_pct": 0.0, "elderly_risk_pct": 6.67 }, "geometry": { "type": "Polygon", "coordinates": [ [ [ 128.65714, 35.150221 ], [ 128.657152, 35.151123 ], [ 128.656055, 35.151133 ], [ 128.656042, 35.150232 ], [ 128.65714, 35.150221 ] ] ] } },
{ "type": "Feature", "properties": { "grid_id": "G050957", "child_risk_pct": 0.0, "elderly_risk_pct": 1.28 }, "geometry": { "type": "Polygon", "coordinates": [ [ [ 128.65847, 35.24398 ], [ 128.658483, 35.244882 ], [ 128.657384, 35.244892 ], [ 128.657371, 35.243991 ], [ 128.65847, 35.24398 ] ] ] } },
{ "type": "Feature", "properties": { "grid_id": "G050958", "child_risk_pct": 0.0, "elderly_risk_pct": 26.85 }, "geometry": { "type": "Polygon", "coordinates": [ [ [ 128.658483, 35.244882 ], [ 128.658496, 35.245783 ], [ 128.657397, 35.245794 ], [ 128.657384, 35.244892 ], [ 128.658483, 35.244882 ] ] ] } },
{ "type": "Feature", "properties": { "grid_id": "G051036", "child_risk_pct": 0.0, "elderly_risk_pct": 16.67 }, "geometry": { "type": "Polygon", "coordinates": [ [ [ 128.659485, 35.3152 ], [ 128.659498, 35.316102 ], [ 128.658398, 35.316112 ], [ 128.658385, 35.315211 ], [ 128.659485, 35.3152 ] ] ] } },
{ "type": "Feature", "properties": { "grid_id": "G051037", "child_risk_pct": 0.0, "elderly_risk_pct": 5.26 }, "geometry": { "type": "Polygon", "coordinates": [ [ [ 128.659498, 35.316102 ], [ 128.659511, 35.317003 ], [ 128.658411, 35.317014 ], [ 128.658398, 35.316112 ], [ 128.659498, 35.316102 ] ] ] } },
{ "type": "Feature", "properties": { "grid_id": "G051121", "child_risk_pct": 0.0, "elderly_risk_pct": 0.69 }, "geometry": { "type": "Polygon", "coordinates": [ [ [ 128.658161, 35.144801 ], [ 128.658173, 35.145703 ], [ 128.657076, 35.145713 ], [ 128.657063, 35.144812 ], [ 128.658161, 35.144801 ] ] ] } },
{ "type": "Feature", "properties": { "grid_id": "G051122", "child_risk_pct": 0.0, "elderly_risk_pct": 2.08 }, "geometry": { "type": "Polygon", "coordinates": [ [ [ 128.658173, 35.145703 ], [ 128.658186, 35.146604 ], [ 128.657089, 35.146615 ], [ 128.657076, 35.145713 ], [ 128.658173, 35.145703 ] ] ] } },
{ "type": "Feature", "properties": { "grid_id": "G051124", "child_risk_pct": 5.66, "elderly_risk_pct": 0.0 }, "geometry": { "type": "Polygon", "coordinates": [ [ [ 128.658199, 35.147506 ], [ 128.658212, 35.148408 ], [ 128.657114, 35.148418 ], [ 128.657101, 35.147516 ], [ 128.658199, 35.147506 ] ] ] } },
{ "type": "Feature", "properties": { "grid_id": "G051125", "child_risk_pct": 21.48, "elderly_risk_pct": 0.0 }, "geometry": { "type": "Polygon", "coordinates": [ [ [ 128.658212, 35.148408 ], [ 128.658224, 35.149309 ], [ 128.657127, 35.14932 ], [ 128.657114, 35.148418 ], [ 128.658212, 35.148408 ] ] ] } },
{ "type": "Feature", "properties": { "grid_id": "G051126", "child_risk_pct": 1.39, "elderly_risk_pct": 13.19 }, "geometry": { "type": "Polygon", "coordinates": [ [ [ 128.658224, 35.149309 ], [ 128.658237, 35.150211 ], [ 128.65714, 35.150221 ], [ 128.657127, 35.14932 ], [ 128.658224, 35.149309 ] ] ] } },
{ "type": "Feature", "properties": { "grid_id": "G051127", "child_risk_pct": 0.0, "elderly_risk_pct": 1.92 }, "geometry": { "type": "Polygon", "coordinates": [ [ [ 128.658237, 35.150211 ], [ 128.65825, 35.151112 ], [ 128.657152, 35.151123 ], [ 128.65714, 35.150221 ], [ 128.658237, 35.150211 ] ] ] } },
{ "type": "Feature", "properties": { "grid_id": "G051129", "child_risk_pct": 5.56, "elderly_risk_pct": 0.0 }, "geometry": { "type": "Polygon", "coordinates": [ [ [ 128.658263, 35.152014 ], [ 128.658276, 35.152915 ], [ 128.657178, 35.152926 ], [ 128.657165, 35.152024 ], [ 128.658263, 35.152014 ] ] ] } },
{ "type": "Feature", "properties": { "grid_id": "G051225", "child_risk_pct": 0.0, "elderly_risk_pct": 11.11 }, "geometry": { "type": "Polygon", "coordinates": [ [ [ 128.659492, 35.238561 ], [ 128.659505, 35.239462 ], [ 128.658406, 35.239473 ], [ 128.658393, 35.238571 ], [ 128.659492, 35.238561 ] ] ] } },
{ "type": "Feature", "properties": { "grid_id": "G051226", "child_risk_pct": 0.0, "elderly_risk_pct": 0.68 }, "geometry": { "type": "Polygon", "coordinates": [ [ [ 128.659505, 35.239462 ], [ 128.659518, 35.240364 ], [ 128.658419, 35.240374 ], [ 128.658406, 35.239473 ], [ 128.659505, 35.239462 ] ] ] } },
{ "type": "Feature", "properties": { "grid_id": "G051230", "child_risk_pct": 0.0, "elderly_risk_pct": 4.24 }, "geometry": { "type": "Polygon", "coordinates": [ [ [ 128.659556, 35.243068 ], [ 128.659569, 35.24397 ], [ 128.65847, 35.24398 ], [ 128.658457, 35.243079 ], [ 128.659556, 35.243068 ] ] ] } },
{ "type": "Feature", "properties": { "grid_id": "G051231", "child_risk_pct": 0.0, "elderly_risk_pct": 5.56 }, "geometry": { "type": "Polygon", "coordinates": [ [ [ 128.659569, 35.24397 ], [ 128.659582, 35.244871 ], [ 128.658483, 35.244882 ], [ 128.65847, 35.24398 ], [ 128.659569, 35.24397 ] ] ] } },
{ "type": "Feature", "properties": { "grid_id": "G051232", "child_risk_pct": 0.0, "elderly_risk_pct": 33.33 }, "geometry": { "type": "Polygon", "coordinates": [ [ [ 128.659582, 35.244871 ], [ 128.659595, 35.245773 ], [ 128.658496, 35.245783 ], [ 128.658483, 35.244882 ], [ 128.659582, 35.244871 ] ] ] } },
{ "type": "Feature", "properties": { "grid_id": "G051233", "child_risk_pct": 0.0, "elderly_risk_pct": 23.13 }, "geometry": { "type": "Polygon", "coordinates": [ [ [ 128.659595, 35.245773 ], [ 128.659608, 35.246674 ], [ 128.658509, 35.246685 ], [ 128.658496, 35.245783 ], [ 128.659595, 35.245773 ] ] ] } },
{ "type": "Feature", "properties": { "grid_id": "G051311", "child_risk_pct": 0.0, "elderly_risk_pct": 1.39 }, "geometry": { "type": "Polygon", "coordinates": [ [ [ 128.660598, 35.316091 ], [ 128.660611, 35.316993 ], [ 128.659511, 35.317003 ], [ 128.659498, 35.316102 ], [ 128.660598, 35.316091 ] ] ] } },
{ "type": "Feature", "properties": { "grid_id": "G051396", "child_risk_pct": 0.0, "elderly_risk_pct": 6.25 }, "geometry": { "type": "Polygon", "coordinates": [ [ [ 128.659258, 35.144791 ], [ 128.659271, 35.145692 ], [ 128.658173, 35.145703 ], [ 128.658161, 35.144801 ], [ 128.659258, 35.144791 ] ] ] } },
{ "type": "Feature", "properties": { "grid_id": "G051397", "child_risk_pct": 0.0, "elderly_risk_pct": 35.53 }, "geometry": { "type": "Polygon", "coordinates": [ [ [ 128.659271, 35.145692 ], [ 128.659284, 35.146594 ], [ 128.658186, 35.146604 ], [ 128.658173, 35.145703 ], [ 128.659271, 35.145692 ] ] ] } },
{ "type": "Feature", "properties": { "grid_id": "G051398", "child_risk_pct": 0.0, "elderly_risk_pct": 1.29 }, "geometry": { "type": "Polygon", "coordinates": [ [ [ 128.659284, 35.146594 ], [ 128.659297, 35.147495 ], [ 128.658199, 35.147506 ], [ 128.658186, 35.146604 ], [ 128.659284, 35.146594 ] ] ] } },
{ "type": "Feature", "properties": { "grid_id": "G051399", "child_risk_pct": 4.49, "elderly_risk_pct": 0.0 }, "geometry": { "type": "Polygon", "coordinates": [ [ [ 128.659297, 35.147495 ], [ 128.659309, 35.148397 ], [ 128.658212, 35.148408 ], [ 128.658199, 35.147506 ], [ 128.659297, 35.147495 ] ] ] } },
{ "type": "Feature", "properties": { "grid_id": "G051400", "child_risk_pct": 50.0, "elderly_risk_pct": 2.08 }, "geometry": { "type": "Polygon", "coordinates": [ [ [ 128.659309, 35.148397 ], [ 128.659322, 35.149299 ], [ 128.658224, 35.149309 ], [ 128.658212, 35.148408 ], [ 128.659309, 35.148397 ] ] ] } },
{ "type": "Feature", "properties": { "grid_id": "G051401", "child_risk_pct": 1.39, "elderly_risk_pct": 0.0 }, "geometry": { "type": "Polygon", "coordinates": [ [ [ 128.659322, 35.149299 ], [ 128.659335, 35.1502 ], [ 128.658237, 35.150211 ], [ 128.658224, 35.149309 ], [ 128.659322, 35.149299 ] ] ] } },
{ "type": "Feature", "properties": { "grid_id": "G051403", "child_risk_pct": 17.33, "elderly_risk_pct": 0.0 }, "geometry": { "type": "Polygon", "coordinates": [ [ [ 128.659348, 35.151102 ], [ 128.65936, 35.152003 ], [ 128.658263, 35.152014 ], [ 128.65825, 35.151112 ], [ 128.659348, 35.151102 ] ] ] } },
{ "type": "Feature", "properties": { "grid_id": "G051404", "child_risk_pct": 37.5, "elderly_risk_pct": 0.0 }, "geometry": { "type": "Polygon", "coordinates": [ [ [ 128.65936, 35.152003 ], [ 128.659373, 35.152905 ], [ 128.658276, 35.152915 ], [ 128.658263, 35.152014 ], [ 128.65936, 35.152003 ] ] ] } },
{ "type": "Feature", "properties": { "grid_id": "G051406", "child_risk_pct": 0.0, "elderly_risk_pct": 14.74 }, "geometry": { "type": "Polygon", "coordinates": [ [ [ 128.659386, 35.153806 ], [ 128.659399, 35.154708 ], [ 128.658301, 35.154718 ], [ 128.658288, 35.153817 ], [ 128.659386, 35.153806 ] ] ] } },
{ "type": "Feature", "properties": { "grid_id": "G051423", "child_risk_pct": 0.0, "elderly_risk_pct": 1.39 }, "geometry": { "type": "Polygon", "coordinates": [ [ [ 128.659604, 35.169132 ], [ 128.659616, 35.170034 ], [ 128.658518, 35.170044 ], [ 128.658506, 35.169143 ], [ 128.659604, 35.169132 ] ] ] } },
{ "type": "Feature", "properties": { "grid_id": "G051494", "child_risk_pct": 0.0, "elderly_risk_pct": 13.19 }, "geometry": { "type": "Polygon", "coordinates": [ [ [ 128.660514, 35.233141 ], [ 128.660527, 35.234042 ], [ 128.659428, 35.234053 ], [ 128.659415, 35.233151 ], [ 128.660514, 35.233141 ] ] ] } },
{ "type": "Feature", "properties": { "grid_id": "G051500", "child_risk_pct": 0.0, "elderly_risk_pct": 20.14 }, "geometry": { "type": "Polygon", "coordinates": [ [ [ 128.660591, 35.23855 ], [ 128.660604, 35.239452 ], [ 128.659505, 35.239462 ], [ 128.659492, 35.238561 ], [ 128.660591, 35.23855 ] ] ] } },
{ "type": "Feature", "properties": { "grid_id": "G051501", "child_risk_pct": 0.0, "elderly_risk_pct": 22.22 }, "geometry": { "type": "Polygon", "coordinates": [ [ [ 128.660604, 35.239452 ], [ 128.660617, 35.240353 ], [ 128.659518, 35.240364 ], [ 128.659505, 35.239462 ], [ 128.660604, 35.239452 ] ] ] } },
{ "type": "Feature", "properties": { "grid_id": "G051503", "child_risk_pct": 0.0, "elderly_risk_pct": 3.21 }, "geometry": { "type": "Polygon", "coordinates": [ [ [ 128.660629, 35.241255 ], [ 128.660642, 35.242156 ], [ 128.659543, 35.242167 ], [ 128.659531, 35.241265 ], [ 128.660629, 35.241255 ] ] ] } },
{ "type": "Feature", "properties": { "grid_id": "G051504", "child_risk_pct": 0.0, "elderly_risk_pct": 9.66 }, "geometry": { "type": "Polygon", "coordinates": [ [ [ 128.660642, 35.242156 ], [ 128.660655, 35.243058 ], [ 128.659556, 35.243068 ], [ 128.659543, 35.242167 ], [ 128.660642, 35.242156 ] ] ] } },
{ "type": "Feature", "properties": { "grid_id": "G051505", "child_risk_pct": 0.0, "elderly_risk_pct": 17.12 }, "geometry": { "type": "Polygon", "coordinates": [ [ [ 128.660655, 35.243058 ], [ 128.660668, 35.243959 ], [ 128.659569, 35.24397 ], [ 128.659556, 35.243068 ], [ 128.660655, 35.243058 ] ] ] } },
{ "type": "Feature", "properties": { "grid_id": "G051506", "child_risk_pct": 0.0, "elderly_risk_pct": 32.47 }, "geometry": { "type": "Polygon", "coordinates": [ [ [ 128.660668, 35.243959 ], [ 128.660681, 35.244861 ], [ 128.659582, 35.244871 ], [ 128.659569, 35.24397 ], [ 128.660668, 35.243959 ] ] ] } },
{ "type": "Feature", "properties": { "grid_id": "G051507", "child_risk_pct": 0.0, "elderly_risk_pct": 22.22 }, "geometry": { "type": "Polygon", "coordinates": [ [ [ 128.660681, 35.244861 ], [ 128.660694, 35.245762 ], [ 128.659595, 35.245773 ], [ 128.659582, 35.244871 ], [ 128.660681, 35.244861 ] ] ] } },
{ "type": "Feature", "properties": { "grid_id": "G051508", "child_risk_pct": 0.0, "elderly_risk_pct": 9.72 }, "geometry": { "type": "Polygon", "coordinates": [ [ [ 128.660694, 35.245762 ], [ 128.660707, 35.246664 ], [ 128.659608, 35.246674 ], [ 128.659595, 35.245773 ], [ 128.660694, 35.245762 ] ] ] } },
{ "type": "Feature", "properties": { "grid_id": "G051679", "child_risk_pct": 0.0, "elderly_risk_pct": 11.11 }, "geometry": { "type": "Polygon", "coordinates": [ [ [ 128.660381, 35.146583 ], [ 128.660394, 35.147485 ], [ 128.659297, 35.147495 ], [ 128.659284, 35.146594 ], [ 128.660381, 35.146583 ] ] ] } },
{ "type": "Feature", "properties": { "grid_id": "G051680", "child_risk_pct": 0.0, "elderly_risk_pct": 11.11 }, "geometry": { "type": "Polygon", "coordinates": [ [ [ 128.660394, 35.147485 ], [ 128.660407, 35.148386 ], [ 128.659309, 35.148397 ], [ 128.659297, 35.147495 ], [ 128.660394, 35.147485 ] ] ] } },
{ "type": "Feature", "properties": { "grid_id": "G051681", "child_risk_pct": 0.0, "elderly_risk_pct": 77.55 }, "geometry": { "type": "Polygon", "coordinates": [ [ [ 128.660407, 35.148386 ], [ 128.66042, 35.149288 ], [ 128.659322, 35.149299 ], [ 128.659309, 35.148397 ], [ 128.660407, 35.148386 ] ] ] } },
{ "type": "Feature", "properties": { "grid_id": "G051682", "child_risk_pct": 0.0, "elderly_risk_pct": 23.61 }, "geometry": { "type": "Polygon", "coordinates": [ [ [ 128.66042, 35.149288 ], [ 128.660433, 35.15019 ], [ 128.659335, 35.1502 ], [ 128.659322, 35.149299 ], [ 128.66042, 35.149288 ] ] ] } },
{ "type": "Feature", "properties": { "grid_id": "G051687", "child_risk_pct": 0.0, "elderly_risk_pct": 18.49 }, "geometry": { "type": "Polygon", "coordinates": [ [ [ 128.660484, 35.153796 ], [ 128.660497, 35.154697 ], [ 128.659399, 35.154708 ], [ 128.659386, 35.153806 ], [ 128.660484, 35.153796 ] ] ] } },
{ "type": "Feature", "properties": { "grid_id": "G051688", "child_risk_pct": 0.0, "elderly_risk_pct": 29.22 }, "geometry": { "type": "Polygon", "coordinates": [ [ [ 128.660497, 35.154697 ], [ 128.660509, 35.155599 ], [ 128.659412, 35.155609 ], [ 128.659399, 35.154708 ], [ 128.660497, 35.154697 ] ] ] } },
{ "type": "Feature", "properties": { "grid_id": "G051766", "child_risk_pct": 0.0, "elderly_risk_pct": 21.79 }, "geometry": { "type": "Polygon", "coordinates": [ [ [ 128.661497, 35.225017 ], [ 128.66151, 35.225918 ], [ 128.660411, 35.225929 ], [ 128.660398, 35.225027 ], [ 128.661497, 35.225017 ] ] ] } },
{ "type": "Feature", "properties": { "grid_id": "G051775", "child_risk_pct": 0.0, "elderly_risk_pct": 9.62 }, "geometry": { "type": "Polygon", "coordinates": [ [ [ 128.661613, 35.23313 ], [ 128.661625, 35.234032 ], [ 128.660527, 35.234042 ], [ 128.660514, 35.233141 ], [ 128.661613, 35.23313 ] ] ] } },
{ "type": "Feature", "properties": { "grid_id": "G051784", "child_risk_pct": 0.0, "elderly_risk_pct": 7.74 }, "geometry": { "type": "Polygon", "coordinates": [ [ [ 128.661728, 35.241244 ], [ 128.661741, 35.242146 ], [ 128.660642, 35.242156 ], [ 128.660629, 35.241255 ], [ 128.661728, 35.241244 ] ] ] } },
{ "type": "Feature", "properties": { "grid_id": "G051785", "child_risk_pct": 0.0, "elderly_risk_pct": 31.25 }, "geometry": { "type": "Polygon", "coordinates": [ [ [ 128.661741, 35.242146 ], [ 128.661754, 35.243047 ], [ 128.660655, 35.243058 ], [ 128.660642, 35.242156 ], [ 128.661741, 35.242146 ] ] ] } },
{ "type": "Feature", "properties": { "grid_id": "G051786", "child_risk_pct": 0.0, "elderly_risk_pct": 3.47 }, "geometry": { "type": "Polygon", "coordinates": [ [ [ 128.661754, 35.243047 ], [ 128.661767, 35.243949 ], [ 128.660668, 35.243959 ], [ 128.660655, 35.243058 ], [ 128.661754, 35.243047 ] ] ] } },
{ "type": "Feature", "properties": { "grid_id": "G051787", "child_risk_pct": 0.0, "elderly_risk_pct": 1.92 }, "geometry": { "type": "Polygon", "coordinates": [ [ [ 128.661767, 35.243949 ], [ 128.66178, 35.24485 ], [ 128.660681, 35.244861 ], [ 128.660668, 35.243959 ], [ 128.661767, 35.243949 ] ] ] } },
{ "type": "Feature", "properties": { "grid_id": "G051788", "child_risk_pct": 0.0, "elderly_risk_pct": 2.05 }, "geometry": { "type": "Polygon", "coordinates": [ [ [ 128.66178, 35.24485 ], [ 128.661793, 35.245752 ], [ 128.660694, 35.245762 ], [ 128.660681, 35.244861 ], [ 128.66178, 35.24485 ] ] ] } },
{ "type": "Feature", "properties": { "grid_id": "G051789", "child_risk_pct": 0.0, "elderly_risk_pct": 25.0 }, "geometry": { "type": "Polygon", "coordinates": [ [ [ 128.661793, 35.245752 ], [ 128.661806, 35.246653 ], [ 128.660707, 35.246664 ], [ 128.660694, 35.245762 ], [ 128.661793, 35.245752 ] ] ] } },
{ "type": "Feature", "properties": { "grid_id": "G051790", "child_risk_pct": 0.0, "elderly_risk_pct": 1.31 }, "geometry": { "type": "Polygon", "coordinates": [ [ [ 128.661806, 35.246653 ], [ 128.661818, 35.247555 ], [ 128.660719, 35.247565 ], [ 128.660707, 35.246664 ], [ 128.661806, 35.246653 ] ] ] } },
{ "type": "Feature", "properties": { "grid_id": "G051791", "child_risk_pct": 0.0, "elderly_risk_pct": 2.61 }, "geometry": { "type": "Polygon", "coordinates": [ [ [ 128.661818, 35.247555 ], [ 128.661831, 35.248456 ], [ 128.660732, 35.248467 ], [ 128.660719, 35.247565 ], [ 128.661818, 35.247555 ] ] ] } },
{ "type": "Feature", "properties": { "grid_id": "G051958", "child_risk_pct": 0.0, "elderly_risk_pct": 26.62 }, "geometry": { "type": "Polygon", "coordinates": [ [ [ 128.661441, 35.143868 ], [ 128.661453, 35.14477 ], [ 128.660356, 35.14478 ], [ 128.660343, 35.143879 ], [ 128.661441, 35.143868 ] ] ] } },
{ "type": "Feature", "properties": { "grid_id": "G051959", "child_risk_pct": 0.0, "elderly_risk_pct": 16.67 }, "geometry": { "type": "Polygon", "coordinates": [ [ [ 128.661453, 35.14477 ], [ 128.661466, 35.145671 ], [ 128.660369, 35.145682 ], [ 128.660356, 35.14478 ], [ 128.661453, 35.14477 ] ] ] } },
{ "type": "Feature", "properties": { "grid_id": "G051961", "child_risk_pct": 0.0, "elderly_risk_pct": 22.92 }, "geometry": { "type": "Polygon", "coordinates": [ [ [ 128.661479, 35.146573 ], [ 128.661492, 35.147474 ], [ 128.660394, 35.147485 ], [ 128.660381, 35.146583 ], [ 128.661479, 35.146573 ] ] ] } },
{ "type": "Feature", "properties": { "grid_id": "G051962", "child_risk_pct": 0.0, "elderly_risk_pct": 17.36 }, "geometry": { "type": "Polygon", "coordinates": [ [ [ 128.661492, 35.147474 ], [ 128.661505, 35.148376 ], [ 128.660407, 35.148386 ], [ 128.660394, 35.147485 ], [ 128.661492, 35.147474 ] ] ] } },
{ "type": "Feature", "properties": { "grid_id": "G051963", "child_risk_pct": 0.0, "elderly_risk_pct": 23.08 }, "geometry": { "type": "Polygon", "coordinates": [ [ [ 128.661505, 35.148376 ], [ 128.661517, 35.149278 ], [ 128.66042, 35.149288 ], [ 128.660407, 35.148386 ], [ 128.661505, 35.148376 ] ] ] } },
{ "type": "Feature", "properties": { "grid_id": "G051964", "child_risk_pct": 0.0, "elderly_risk_pct": 50.98 }, "geometry": { "type": "Polygon", "coordinates": [ [ [ 128.661517, 35.149278 ], [ 128.66153, 35.150179 ], [ 128.660433, 35.15019 ], [ 128.66042, 35.149288 ], [ 128.661517, 35.149278 ] ] ] } },
{ "type": "Feature", "properties": { "grid_id": "G051965", "child_risk_pct": 0.0, "elderly_risk_pct": 5.19 }, "geometry": { "type": "Polygon", "coordinates": [ [ [ 128.66153, 35.150179 ], [ 128.661543, 35.151081 ], [ 128.660445, 35.151091 ], [ 128.660433, 35.15019 ], [ 128.66153, 35.150179 ] ] ] } },
{ "type": "Feature", "properties": { "grid_id": "G051966", "child_risk_pct": 0.0, "elderly_risk_pct": 2.68 }, "geometry": { "type": "Polygon", "coordinates": [ [ [ 128.661543, 35.151081 ], [ 128.661556, 35.151982 ], [ 128.660458, 35.151993 ], [ 128.660445, 35.151091 ], [ 128.661543, 35.151081 ] ] ] } },
{ "type": "Feature", "properties": { "grid_id": "G051969", "child_risk_pct": 0.0, "elderly_risk_pct": 3.47 }, "geometry": { "type": "Polygon", "coordinates": [ [ [ 128.661581, 35.153785 ], [ 128.661594, 35.154687 ], [ 128.660497, 35.154697 ], [ 128.660484, 35.153796 ], [ 128.661581, 35.153785 ] ] ] } },
{ "type": "Feature", "properties": { "grid_id": "G051970", "child_risk_pct": 0.0, "elderly_risk_pct": 16.67 }, "geometry": { "type": "Polygon", "coordinates": [ [ [ 128.661594, 35.154687 ], [ 128.661607, 35.155588 ], [ 128.660509, 35.155599 ], [ 128.660497, 35.154697 ], [ 128.661594, 35.154687 ] ] ] } },
{ "type": "Feature", "properties": { "grid_id": "G051972", "child_risk_pct": 0.0, "elderly_risk_pct": 33.77 }, "geometry": { "type": "Polygon", "coordinates": [ [ [ 128.66162, 35.15649 ], [ 128.661633, 35.157391 ], [ 128.660535, 35.157402 ], [ 128.660522, 35.1565 ], [ 128.66162, 35.15649 ] ] ] } },
{ "type": "Feature", "properties": { "grid_id": "G051973", "child_risk_pct": 0.0, "elderly_risk_pct": 5.56 }, "geometry": { "type": "Polygon", "coordinates": [ [ [ 128.661633, 35.157391 ], [ 128.661646, 35.158293 ], [ 128.660548, 35.158303 ], [ 128.660535, 35.157402 ], [ 128.661633, 35.157391 ] ] ] } },
{ "type": "Feature", "properties": { "grid_id": "G051979", "child_risk_pct": 0.0, "elderly_risk_pct": 17.53 }, "geometry": { "type": "Polygon", "coordinates": [ [ [ 128.66171, 35.162801 ], [ 128.661722, 35.163702 ], [ 128.660625, 35.163713 ], [ 128.660612, 35.162811 ], [ 128.66171, 35.162801 ] ] ] } },
{ "type": "Feature", "properties": { "grid_id": "G052048", "child_risk_pct": 0.0, "elderly_risk_pct": 5.19 }, "geometry": { "type": "Polygon", "coordinates": [ [ [ 128.662596, 35.225006 ], [ 128.662609, 35.225908 ], [ 128.66151, 35.225918 ], [ 128.661497, 35.225017 ], [ 128.662596, 35.225006 ] ] ] } },
{ "type": "Feature", "properties": { "grid_id": "G052049", "child_risk_pct": 0.0, "elderly_risk_pct": 6.02 }, "geometry": { "type": "Polygon", "coordinates": [ [ [ 128.662609, 35.225908 ], [ 128.662621, 35.226809 ], [ 128.661523, 35.22682 ], [ 128.66151, 35.225918 ], [ 128.662609, 35.225908 ] ] ] } },
{ "type": "Feature", "properties": { "grid_id": "G052065", "child_risk_pct": 0.0, "elderly_risk_pct": 1.39 }, "geometry": { "type": "Polygon", "coordinates": [ [ [ 128.662814, 35.240332 ], [ 128.662827, 35.241233 ], [ 128.661728, 35.241244 ], [ 128.661715, 35.240343 ], [ 128.662814, 35.240332 ] ] ] } },
{ "type": "Feature", "properties": { "grid_id": "G052066", "child_risk_pct": 0.0, "elderly_risk_pct": 8.33 }, "geometry": { "type": "Polygon", "coordinates": [ [ [ 128.662827, 35.241233 ], [ 128.66284, 35.242135 ], [ 128.661741, 35.242146 ], [ 128.661728, 35.241244 ], [ 128.662827, 35.241233 ] ] ] } },
{ "type": "Feature", "properties": { "grid_id": "G052070", "child_risk_pct": 0.0, "elderly_risk_pct": 0.61 }, "geometry": { "type": "Polygon", "coordinates": [ [ [ 128.662879, 35.24484 ], [ 128.662892, 35.245741 ], [ 128.661793, 35.245752 ], [ 128.66178, 35.24485 ], [ 128.662879, 35.24484 ] ] ] } },
{ "type": "Feature", "properties": { "grid_id": "G052071", "child_risk_pct": 0.0, "elderly_risk_pct": 25.0 }, "geometry": { "type": "Polygon", "coordinates": [ [ [ 128.662892, 35.245741 ], [ 128.662904, 35.246643 ], [ 128.661806, 35.246653 ], [ 128.661793, 35.245752 ], [ 128.662892, 35.245741 ] ] ] } },
{ "type": "Feature", "properties": { "grid_id": "G052072", "child_risk_pct": 0.0, "elderly_risk_pct": 26.39 }, "geometry": { "type": "Polygon", "coordinates": [ [ [ 128.662904, 35.246643 ], [ 128.662917, 35.247544 ], [ 128.661818, 35.247555 ], [ 128.661806, 35.246653 ], [ 128.662904, 35.246643 ] ] ] } },
{ "type": "Feature", "properties": { "grid_id": "G052073", "child_risk_pct": 0.0, "elderly_risk_pct": 15.38 }, "geometry": { "type": "Polygon", "coordinates": [ [ [ 128.662917, 35.247544 ], [ 128.66293, 35.248446 ], [ 128.661831, 35.248456 ], [ 128.661818, 35.247555 ], [ 128.662917, 35.247544 ] ] ] } },
{ "type": "Feature", "properties": { "grid_id": "G052075", "child_risk_pct": 1.39, "elderly_risk_pct": 0.0 }, "geometry": { "type": "Polygon", "coordinates": [ [ [ 128.662943, 35.249347 ], [ 128.662956, 35.250249 ], [ 128.661857, 35.250259 ], [ 128.661844, 35.249358 ], [ 128.662943, 35.249347 ] ] ] } },
{ "type": "Feature", "properties": { "grid_id": "G052193", "child_risk_pct": 0.0, "elderly_risk_pct": 1.39 }, "geometry": { "type": "Polygon", "coordinates": [ [ [ 128.664466, 35.355726 ], [ 128.664479, 35.356627 ], [ 128.663379, 35.356638 ], [ 128.663366, 35.355736 ], [ 128.664466, 35.355726 ] ] ] } },
{ "type": "Feature", "properties": { "grid_id": "G052194", "child_risk_pct": 0.0, "elderly_risk_pct": 3.14 }, "geometry": { "type": "Polygon", "coordinates": [ [ [ 128.664479, 35.356627 ], [ 128.664492, 35.357529 ], [ 128.663392, 35.357539 ], [ 128.663379, 35.356638 ], [ 128.664479, 35.356627 ] ] ] } },
{ "type": "Feature", "properties": { "grid_id": "G052242", "child_risk_pct": 0.0, "elderly_risk_pct": 27.08 }, "geometry": { "type": "Polygon", "coordinates": [ [ [ 128.662641, 35.15107 ], [ 128.662654, 35.151972 ], [ 128.661556, 35.151982 ], [ 128.661543, 35.151081 ], [ 128.662641, 35.15107 ] ] ] } },
{ "type": "Feature", "properties": { "grid_id": "G052243", "child_risk_pct": 0.0, "elderly_risk_pct": 20.51 }, "geometry": { "type": "Polygon", "coordinates": [ [ [ 128.662654, 35.151972 ], [ 128.662666, 35.152873 ], [ 128.661569, 35.152884 ], [ 128.661556, 35.151982 ], [ 128.662654, 35.151972 ] ] ] } },
{ "type": "Feature", "properties": { "grid_id": "G052245", "child_risk_pct": 0.0, "elderly_risk_pct": 12.24 }, "geometry": { "type": "Polygon", "coordinates": [ [ [ 128.662679, 35.153775 ], [ 128.662692, 35.154676 ], [ 128.661594, 35.154687 ], [ 128.661581, 35.153785 ], [ 128.662679, 35.153775 ] ] ] } },
{ "type": "Feature", "properties": { "grid_id": "G052246", "child_risk_pct": 0.0, "elderly_risk_pct": 31.21 }, "geometry": { "type": "Polygon", "coordinates": [ [ [ 128.662692, 35.154676 ], [ 128.662705, 35.155578 ], [ 128.661607, 35.155588 ], [ 128.661594, 35.154687 ], [ 128.662692, 35.154676 ] ] ] } },
{ "type": "Feature", "properties": { "grid_id": "G052247", "child_risk_pct": 0.0, "elderly_risk_pct": 0.63 }, "geometry": { "type": "Polygon", "coordinates": [ [ [ 128.662705, 35.155578 ], [ 128.662718, 35.156479 ], [ 128.66162, 35.15649 ], [ 128.661607, 35.155588 ], [ 128.662705, 35.155578 ] ] ] } },
{ "type": "Feature", "properties": { "grid_id": "G052255", "child_risk_pct": 0.0, "elderly_risk_pct": 2.78 }, "geometry": { "type": "Polygon", "coordinates": [ [ [ 128.662807, 35.16279 ], [ 128.66282, 35.163692 ], [ 128.661722, 35.163702 ], [ 128.66171, 35.162801 ], [ 128.662807, 35.16279 ] ] ] } },
{ "type": "Feature", "properties": { "grid_id": "G052324", "child_risk_pct": 2.04, "elderly_risk_pct": 0.0 }, "geometry": { "type": "Polygon", "coordinates": [ [ [ 128.663694, 35.224995 ], [ 128.663707, 35.225897 ], [ 128.662609, 35.225908 ], [ 128.662596, 35.225006 ], [ 128.663694, 35.224995 ] ] ] } },
{ "type": "Feature", "properties": { "grid_id": "G052340", "child_risk_pct": 0.0, "elderly_risk_pct": 1.39 }, "geometry": { "type": "Polygon", "coordinates": [ [ [ 128.6639, 35.23942 ], [ 128.663913, 35.240321 ], [ 128.662814, 35.240332 ], [ 128.662801, 35.23943 ], [ 128.6639, 35.23942 ] ] ] } },
{ "type": "Feature", "properties": { "grid_id": "G052341", "child_risk_pct": 20.83, "elderly_risk_pct": 9.72 }, "geometry": { "type": "Polygon", "coordinates": [ [ [ 128.663913, 35.240321 ], [ 128.663926, 35.241223 ], [ 128.662827, 35.241233 ], [ 128.662814, 35.240332 ], [ 128.663913, 35.240321 ] ] ] } },
{ "type": "Feature", "properties": { "grid_id": "G052342", "child_risk_pct": 13.7, "elderly_risk_pct": 18.49 }, "geometry": { "type": "Polygon", "coordinates": [ [ [ 128.663926, 35.241223 ], [ 128.663939, 35.242124 ], [ 128.66284, 35.242135 ], [ 128.662827, 35.241233 ], [ 128.663926, 35.241223 ] ] ] } },
{ "type": "Feature", "properties": { "grid_id": "G052350", "child_risk_pct": 1.26, "elderly_risk_pct": 0.0 }, "geometry": { "type": "Polygon", "coordinates": [ [ [ 128.664029, 35.248435 ], [ 128.664042, 35.249337 ], [ 128.662943, 35.249347 ], [ 128.66293, 35.248446 ], [ 128.664029, 35.248435 ] ] ] } },
{ "type": "Feature", "properties": { "grid_id": "G052469", "child_risk_pct": 0.0, "elderly_risk_pct": 5.13 }, "geometry": { "type": "Polygon", "coordinates": [ [ [ 128.665567, 35.355715 ], [ 128.66558, 35.356617 ], [ 128.664479, 35.356627 ], [ 128.664466, 35.355726 ], [ 128.665567, 35.355715 ] ] ] } },
{ "type": "Feature", "properties": { "grid_id": "G052470", "child_risk_pct": 0.0, "elderly_risk_pct": 3.33 }, "geometry": { "type": "Polygon", "coordinates": [ [ [ 128.66558, 35.356617 ], [ 128.665593, 35.357518 ], [ 128.664492, 35.357529 ], [ 128.664479, 35.356627 ], [ 128.66558, 35.356617 ] ] ] } },
{ "type": "Feature", "properties": { "grid_id": "G052526", "child_risk_pct": 0.0, "elderly_risk_pct": 27.78 }, "geometry": { "type": "Polygon", "coordinates": [ [ [ 128.663738, 35.15106 ], [ 128.663751, 35.151961 ], [ 128.662654, 35.151972 ], [ 128.662641, 35.15107 ], [ 128.663738, 35.15106 ] ] ] } },
{ "type": "Feature", "properties": { "grid_id": "G052527", "child_risk_pct": 0.0, "elderly_risk_pct": 32.43 }, "geometry": { "type": "Polygon", "coordinates": [ [ [ 128.663751, 35.151961 ], [ 128.663764, 35.152863 ], [ 128.662666, 35.152873 ], [ 128.662654, 35.151972 ], [ 128.663751, 35.151961 ] ] ] } },
{ "type": "Feature", "properties": { "grid_id": "G052530", "child_risk_pct": 0.0, "elderly_risk_pct": 1.39 }, "geometry": { "type": "Polygon", "coordinates": [ [ [ 128.66379, 35.154666 ], [ 128.663803, 35.155567 ], [ 128.662705, 35.155578 ], [ 128.662692, 35.154676 ], [ 128.66379, 35.154666 ] ] ] } },
{ "type": "Feature", "properties": { "grid_id": "G052531", "child_risk_pct": 0.0, "elderly_risk_pct": 30.13 }, "geometry": { "type": "Polygon", "coordinates": [ [ [ 128.663803, 35.155567 ], [ 128.663815, 35.156469 ], [ 128.662718, 35.156479 ], [ 128.662705, 35.155578 ], [ 128.663803, 35.155567 ] ] ] } },
{ "type": "Feature", "properties": { "grid_id": "G052608", "child_risk_pct": 2.78, "elderly_risk_pct": 0.0 }, "geometry": { "type": "Polygon", "coordinates": [ [ [ 128.664793, 35.224985 ], [ 128.664806, 35.225886 ], [ 128.663707, 35.225897 ], [ 128.663694, 35.224995 ], [ 128.664793, 35.224985 ] ] ] } },
{ "type": "Feature", "properties": { "grid_id": "G052624", "child_risk_pct": 0.0, "elderly_risk_pct": 23.23 }, "geometry": { "type": "Polygon", "coordinates": [ [ [ 128.664999, 35.239409 ], [ 128.665012, 35.240311 ], [ 128.663913, 35.240321 ], [ 128.6639, 35.23942 ], [ 128.664999, 35.239409 ] ] ] } },
{ "type": "Feature", "properties": { "grid_id": "G052625", "child_risk_pct": 11.72, "elderly_risk_pct": 30.34 }, "geometry": { "type": "Polygon", "coordinates": [ [ [ 128.665012, 35.240311 ], [ 128.665025, 35.241212 ], [ 128.663926, 35.241223 ], [ 128.663913, 35.240321 ], [ 128.665012, 35.240311 ] ] ] } },
{ "type": "Feature", "properties": { "grid_id": "G052626", "child_risk_pct": 1.92, "elderly_risk_pct": 37.18 }, "geometry": { "type": "Polygon", "coordinates": [ [ [ 128.665025, 35.241212 ], [ 128.665038, 35.242114 ], [ 128.663939, 35.242124 ], [ 128.663926, 35.241223 ], [ 128.665025, 35.241212 ] ] ] } },
{ "type": "Feature", "properties": { "grid_id": "G052629", "child_risk_pct": 0.0, "elderly_risk_pct": 3.47 }, "geometry": { "type": "Polygon", "coordinates": [ [ [ 128.665064, 35.243917 ], [ 128.665077, 35.244818 ], [ 128.663978, 35.244829 ], [ 128.663965, 35.243927 ], [ 128.665064, 35.243917 ] ] ] } },
{ "type": "Feature", "properties": { "grid_id": "G052630", "child_risk_pct": 0.0, "elderly_risk_pct": 22.6 }, "geometry": { "type": "Polygon", "coordinates": [ [ [ 128.665077, 35.244818 ], [ 128.665089, 35.24572 ], [ 128.663991, 35.245731 ], [ 128.663978, 35.244829 ], [ 128.665077, 35.244818 ] ] ] } },
{ "type": "Feature", "properties": { "grid_id": "G052814", "child_risk_pct": 0.0, "elderly_risk_pct": 3.36 }, "geometry": { "type": "Polygon", "coordinates": [ [ [ 128.664823, 35.150147 ], [ 128.664836, 35.151049 ], [ 128.663738, 35.15106 ], [ 128.663726, 35.150158 ], [ 128.664823, 35.150147 ] ] ] } },
{ "type": "Feature", "properties": { "grid_id": "G052815", "child_risk_pct": 0.0, "elderly_risk_pct": 0.68 }, "geometry": { "type": "Polygon", "coordinates": [ [ [ 128.664836, 35.151049 ], [ 128.664849, 35.151951 ], [ 128.663751, 35.151961 ], [ 128.663738, 35.15106 ], [ 128.664836, 35.151049 ] ] ] } },
{ "type": "Feature", "properties": { "grid_id": "G052816", "child_risk_pct": 0.0, "elderly_risk_pct": 0.64 }, "geometry": { "type": "Polygon", "coordinates": [ [ [ 128.664849, 35.151951 ], [ 128.664862, 35.152852 ], [ 128.663764, 35.152863 ], [ 128.663751, 35.151961 ], [ 128.664849, 35.151951 ] ] ] } },
{ "type": "Feature", "properties": { "grid_id": "G052819", "child_risk_pct": 0.0, "elderly_risk_pct": 0.69 }, "geometry": { "type": "Polygon", "coordinates": [ [ [ 128.664887, 35.154655 ], [ 128.6649, 35.155557 ], [ 128.663803, 35.155567 ], [ 128.66379, 35.154666 ], [ 128.664887, 35.154655 ] ] ] } },
{ "type": "Feature", "properties": { "grid_id": "G052820", "child_risk_pct": 0.0, "elderly_risk_pct": 7.64 }, "geometry": { "type": "Polygon", "coordinates": [ [ [ 128.6649, 35.155557 ], [ 128.664913, 35.156458 ], [ 128.663815, 35.156469 ], [ 128.663803, 35.155567 ], [ 128.6649, 35.155557 ] ] ] } },
{ "type": "Feature", "properties": { "grid_id": "G052910", "child_risk_pct": 5.77, "elderly_risk_pct": 0.0 }, "geometry": { "type": "Polygon", "coordinates": [ [ [ 128.666059, 35.236694 ], [ 128.666072, 35.237596 ], [ 128.664973, 35.237606 ], [ 128.664961, 35.236705 ], [ 128.666059, 35.236694 ] ] ] } },
{ "type": "Feature", "properties": { "grid_id": "G052911", "child_risk_pct": 54.86, "elderly_risk_pct": 0.0 }, "geometry": { "type": "Polygon", "coordinates": [ [ [ 128.666072, 35.237596 ], [ 128.666085, 35.238497 ], [ 128.664986, 35.238508 ], [ 128.664973, 35.237606 ], [ 128.666072, 35.237596 ] ] ] } },
{ "type": "Feature", "properties": { "grid_id": "G052912", "child_risk_pct": 0.0, "elderly_risk_pct": 4.86 }, "geometry": { "type": "Polygon", "coordinates": [ [ [ 128.666085, 35.238497 ], [ 128.666098, 35.239399 ], [ 128.664999, 35.239409 ], [ 128.664986, 35.238508 ], [ 128.666085, 35.238497 ] ] ] } },
{ "type": "Feature", "properties": { "grid_id": "G052913", "child_risk_pct": 0.0, "elderly_risk_pct": 23.64 }, "geometry": { "type": "Polygon", "coordinates": [ [ [ 128.666098, 35.239399 ], [ 128.666111, 35.2403 ], [ 128.665012, 35.240311 ], [ 128.664999, 35.239409 ], [ 128.666098, 35.239399 ] ] ] } },
{ "type": "Feature", "properties": { "grid_id": "G052914", "child_risk_pct": 0.0, "elderly_risk_pct": 21.29 }, "geometry": { "type": "Polygon", "coordinates": [ [ [ 128.666111, 35.2403 ], [ 128.666124, 35.241202 ], [ 128.665025, 35.241212 ], [ 128.665012, 35.240311 ], [ 128.666111, 35.2403 ] ] ] } },
{ "type": "Feature", "properties": { "grid_id": "G052915", "child_risk_pct": 0.0, "elderly_risk_pct": 11.11 }, "geometry": { "type": "Polygon", "coordinates": [ [ [ 128.666124, 35.241202 ], [ 128.666137, 35.242103 ], [ 128.665038, 35.242114 ], [ 128.665025, 35.241212 ], [ 128.666124, 35.241202 ] ] ] } },
{ "type": "Feature", "properties": { "grid_id": "G052918", "child_risk_pct": 0.0, "elderly_risk_pct": 3.47 }, "geometry": { "type": "Polygon", "coordinates": [ [ [ 128.666163, 35.243906 ], [ 128.666175, 35.244808 ], [ 128.665077, 35.244818 ], [ 128.665064, 35.243917 ], [ 128.666163, 35.243906 ] ] ] } },
{ "type": "Feature", "properties": { "grid_id": "G052919", "child_risk_pct": 0.0, "elderly_risk_pct": 45.14 }, "geometry": { "type": "Polygon", "coordinates": [ [ [ 128.666175, 35.244808 ], [ 128.666188, 35.245709 ], [ 128.665089, 35.24572 ], [ 128.665077, 35.244818 ], [ 128.666175, 35.244808 ] ] ] } },
{ "type": "Feature", "properties": { "grid_id": "G052920", "child_risk_pct": 0.0, "elderly_risk_pct": 0.61 }, "geometry": { "type": "Polygon", "coordinates": [ [ [ 128.666188, 35.245709 ], [ 128.666201, 35.246611 ], [ 128.665102, 35.246621 ], [ 128.665089, 35.24572 ], [ 128.666188, 35.245709 ] ] ] } },
{ "type": "Feature", "properties": { "grid_id": "G052926", "child_risk_pct": 0.0, "elderly_risk_pct": 6.94 }, "geometry": { "type": "Polygon", "coordinates": [ [ [ 128.666266, 35.251118 ], [ 128.666279, 35.25202 ], [ 128.66518, 35.252031 ], [ 128.665167, 35.251129 ], [ 128.666266, 35.251118 ] ] ] } },
{ "type": "Feature", "properties": { "grid_id": "G052927", "child_risk_pct": 0.0, "elderly_risk_pct": 4.82 }, "geometry": { "type": "Polygon", "coordinates": [ [ [ 128.666279, 35.25202 ], [ 128.666292, 35.252922 ], [ 128.665193, 35.252932 ], [ 128.66518, 35.252031 ], [ 128.666279, 35.25202 ] ] ] } },
{ "type": "Feature", "properties": { "grid_id": "G053102", "child_risk_pct": 0.0, "elderly_risk_pct": 2.78 }, "geometry": { "type": "Polygon", "coordinates": [ [ [ 128.665895, 35.148334 ], [ 128.665908, 35.149235 ], [ 128.66481, 35.149246 ], [ 128.664797, 35.148344 ], [ 128.665895, 35.148334 ] ] ] } },
{ "type": "Feature", "properties": { "grid_id": "G053103", "child_risk_pct": 0.0, "elderly_risk_pct": 11.81 }, "geometry": { "type": "Polygon", "coordinates": [ [ [ 128.665908, 35.149235 ], [ 128.665921, 35.150137 ], [ 128.664823, 35.150147 ], [ 128.66481, 35.149246 ], [ 128.665908, 35.149235 ] ] ] } },
{ "type": "Feature", "properties": { "grid_id": "G053104", "child_risk_pct": 0.0, "elderly_risk_pct": 23.95 }, "geometry": { "type": "Polygon", "coordinates": [ [ [ 128.665921, 35.150137 ], [ 128.665934, 35.151038 ], [ 128.664836, 35.151049 ], [ 128.664823, 35.150147 ], [ 128.665921, 35.150137 ] ] ] } },
{ "type": "Feature", "properties": { "grid_id": "G053105", "child_risk_pct": 0.0, "elderly_risk_pct": 23.03 }, "geometry": { "type": "Polygon", "coordinates": [ [ [ 128.665934, 35.151038 ], [ 128.665947, 35.15194 ], [ 128.664849, 35.151951 ], [ 128.664836, 35.151049 ], [ 128.665934, 35.151038 ] ] ] } },
{ "type": "Feature", "properties": { "grid_id": "G053106", "child_risk_pct": 0.0, "elderly_risk_pct": 25.69 }, "geometry": { "type": "Polygon", "coordinates": [ [ [ 128.665947, 35.15194 ], [ 128.665959, 35.152841 ], [ 128.664862, 35.152852 ], [ 128.664849, 35.151951 ], [ 128.665947, 35.15194 ] ] ] } },
{ "type": "Feature", "properties": { "grid_id": "G053107", "child_risk_pct": 0.0, "elderly_risk_pct": 34.69 }, "geometry": { "type": "Polygon", "coordinates": [ [ [ 128.665959, 35.152841 ], [ 128.665972, 35.153743 ], [ 128.664875, 35.153754 ], [ 128.664862, 35.152852 ], [ 128.665959, 35.152841 ] ] ] } },
{ "type": "Feature", "properties": { "grid_id": "G053114", "child_risk_pct": 1.39, "elderly_risk_pct": 0.0 }, "geometry": { "type": "Polygon", "coordinates": [ [ [ 128.666049, 35.159152 ], [ 128.666062, 35.160054 ], [ 128.664965, 35.160064 ], [ 128.664952, 35.159163 ], [ 128.666049, 35.159152 ] ] ] } },
{ "type": "Feature", "properties": { "grid_id": "G053115", "child_risk_pct": 12.18, "elderly_risk_pct": 0.0 }, "geometry": { "type": "Polygon", "coordinates": [ [ [ 128.666062, 35.160054 ], [ 128.666075, 35.160955 ], [ 128.664977, 35.160966 ], [ 128.664965, 35.160064 ], [ 128.666062, 35.160054 ] ] ] } },
{ "type": "Feature", "properties": { "grid_id": "G053200", "child_risk_pct": 4.49, "elderly_risk_pct": 0.0 }, "geometry": { "type": "Polygon", "coordinates": [ [ [ 128.667158, 35.236684 ], [ 128.667171, 35.237585 ], [ 128.666072, 35.237596 ], [ 128.666059, 35.236694 ], [ 128.667158, 35.236684 ] ] ] } },
{ "type": "Feature", "properties": { "grid_id": "G053201", "child_risk_pct": 3.38, "elderly_risk_pct": 0.0 }, "geometry": { "type": "Polygon", "coordinates": [ [ [ 128.667171, 35.237585 ], [ 128.667184, 35.238487 ], [ 128.666085, 35.238497 ], [ 128.666072, 35.237596 ], [ 128.667171, 35.237585 ] ] ] } },
{ "type": "Feature", "properties": { "grid_id": "G053207", "child_risk_pct": 0.0, "elderly_risk_pct": 4.49 }, "geometry": { "type": "Polygon", "coordinates": [ [ [ 128.667249, 35.242994 ], [ 128.667261, 35.243896 ], [ 128.666163, 35.243906 ], [ 128.66615, 35.243005 ], [ 128.667249, 35.242994 ] ] ] } },
{ "type": "Feature", "properties": { "grid_id": "G053208", "child_risk_pct": 0.0, "elderly_risk_pct": 20.95 }, "geometry": { "type": "Polygon", "coordinates": [ [ [ 128.667261, 35.243896 ], [ 128.667274, 35.244797 ], [ 128.666175, 35.244808 ], [ 128.666163, 35.243906 ], [ 128.667261, 35.243896 ] ] ] } },
{ "type": "Feature", "properties": { "grid_id": "G053213", "child_risk_pct": 0.0, "elderly_risk_pct": 38.89 }, "geometry": { "type": "Polygon", "coordinates": [ [ [ 128.667326, 35.248403 ], [ 128.667339, 35.249305 ], [ 128.66624, 35.249315 ], [ 128.666227, 35.248414 ], [ 128.667326, 35.248403 ] ] ] } },
{ "type": "Feature", "properties": { "grid_id": "G053214", "child_risk_pct": 0.0, "elderly_risk_pct": 7.05 }, "geometry": { "type": "Polygon", "coordinates": [ [ [ 128.667339, 35.249305 ], [ 128.667352, 35.250206 ], [ 128.666253, 35.250217 ], [ 128.66624, 35.249315 ], [ 128.667339, 35.249305 ] ] ] } },
{ "type": "Feature", "properties": { "grid_id": "G053215", "child_risk_pct": 0.0, "elderly_risk_pct": 11.41 }, "geometry": { "type": "Polygon", "coordinates": [ [ [ 128.667352, 35.250206 ], [ 128.667365, 35.251108 ], [ 128.666266, 35.251118 ], [ 128.666253, 35.250217 ], [ 128.667352, 35.250206 ] ] ] } },
{ "type": "Feature", "properties": { "grid_id": "G053216", "child_risk_pct": 0.0, "elderly_risk_pct": 51.28 }, "geometry": { "type": "Polygon", "coordinates": [ [ [ 128.667365, 35.251108 ], [ 128.667378, 35.252009 ], [ 128.666279, 35.25202 ], [ 128.666266, 35.251118 ], [ 128.667365, 35.251108 ] ] ] } },
{ "type": "Feature", "properties": { "grid_id": "G053217", "child_risk_pct": 0.0, "elderly_risk_pct": 17.22 }, "geometry": { "type": "Polygon", "coordinates": [ [ [ 128.667378, 35.252009 ], [ 128.667391, 35.252911 ], [ 128.666292, 35.252922 ], [ 128.666279, 35.25202 ], [ 128.667378, 35.252009 ] ] ] } },
{ "type": "Feature", "properties": { "grid_id": "G053391", "child_risk_pct": 0.0, "elderly_risk_pct": 9.4 }, "geometry": { "type": "Polygon", "coordinates": [ [ [ 128.666993, 35.148323 ], [ 128.667006, 35.149225 ], [ 128.665908, 35.149235 ], [ 128.665895, 35.148334 ], [ 128.666993, 35.148323 ] ] ] } },
{ "type": "Feature", "properties": { "grid_id": "G053392", "child_risk_pct": 0.0, "elderly_risk_pct": 12.82 }, "geometry": { "type": "Polygon", "coordinates": [ [ [ 128.667006, 35.149225 ], [ 128.667018, 35.150126 ], [ 128.665921, 35.150137 ], [ 128.665908, 35.149235 ], [ 128.667006, 35.149225 ] ] ] } },
{ "type": "Feature", "properties": { "grid_id": "G053393", "child_risk_pct": 0.0, "elderly_risk_pct": 27.15 }, "geometry": { "type": "Polygon", "coordinates": [ [ [ 128.667018, 35.150126 ], [ 128.667031, 35.151028 ], [ 128.665934, 35.151038 ], [ 128.665921, 35.150137 ], [ 128.667018, 35.150126 ] ] ] } },
{ "type": "Feature", "properties": { "grid_id": "G053394", "child_risk_pct": 0.0, "elderly_risk_pct": 43.05 }, "geometry": { "type": "Polygon", "coordinates": [ [ [ 128.667031, 35.151028 ], [ 128.667044, 35.151929 ], [ 128.665947, 35.15194 ], [ 128.665934, 35.151038 ], [ 128.667031, 35.151028 ] ] ] } },
{ "type": "Feature", "properties": { "grid_id": "G053395", "child_risk_pct": 0.0, "elderly_risk_pct": 34.03 }, "geometry": { "type": "Polygon", "coordinates": [ [ [ 128.667044, 35.151929 ], [ 128.667057, 35.152831 ], [ 128.665959, 35.152841 ], [ 128.665947, 35.15194 ], [ 128.667044, 35.151929 ] ] ] } },
{ "type": "Feature", "properties": { "grid_id": "G053396", "child_risk_pct": 0.0, "elderly_risk_pct": 0.69 }, "geometry": { "type": "Polygon", "coordinates": [ [ [ 128.667057, 35.152831 ], [ 128.66707, 35.153732 ], [ 128.665972, 35.153743 ], [ 128.665959, 35.152841 ], [ 128.667057, 35.152831 ] ] ] } },
{ "type": "Feature", "properties": { "grid_id": "G053468", "child_risk_pct": 0.0, "elderly_risk_pct": 9.74 }, "geometry": { "type": "Polygon", "coordinates": [ [ [ 128.667986, 35.217741 ], [ 128.667999, 35.218643 ], [ 128.6669, 35.218653 ], [ 128.666887, 35.217752 ], [ 128.667986, 35.217741 ] ] ] } },
{ "type": "Feature", "properties": { "grid_id": "G053491", "child_risk_pct": 0.0, "elderly_risk_pct": 3.47 }, "geometry": { "type": "Polygon", "coordinates": [ [ [ 128.668283, 35.238476 ], [ 128.668296, 35.239378 ], [ 128.667197, 35.239388 ], [ 128.667184, 35.238487 ], [ 128.668283, 35.238476 ] ] ] } },
{ "type": "Feature", "properties": { "grid_id": "G053496", "child_risk_pct": 0.0, "elderly_risk_pct": 2.55 }, "geometry": { "type": "Polygon", "coordinates": [ [ [ 128.668347, 35.242984 ], [ 128.66836, 35.243885 ], [ 128.667261, 35.243896 ], [ 128.667249, 35.242994 ], [ 128.668347, 35.242984 ] ] ] } },
{ "type": "Feature", "properties": { "grid_id": "G053497", "child_risk_pct": 0.0, "elderly_risk_pct": 26.38 }, "geometry": { "type": "Polygon", "coordinates": [ [ [ 128.66836, 35.243885 ], [ 128.668373, 35.244787 ], [ 128.667274, 35.244797 ], [ 128.667261, 35.243896 ], [ 128.66836, 35.243885 ] ] ] } },
{ "type": "Feature", "properties": { "grid_id": "G053502", "child_risk_pct": 0.0, "elderly_risk_pct": 8.33 }, "geometry": { "type": "Polygon", "coordinates": [ [ [ 128.668425, 35.248393 ], [ 128.668438, 35.249294 ], [ 128.667339, 35.249305 ], [ 128.667326, 35.248403 ], [ 128.668425, 35.248393 ] ] ] } },
{ "type": "Feature", "properties": { "grid_id": "G053504", "child_risk_pct": 0.0, "elderly_risk_pct": 12.5 }, "geometry": { "type": "Polygon", "coordinates": [ [ [ 128.668451, 35.250196 ], [ 128.668464, 35.251097 ], [ 128.667365, 35.251108 ], [ 128.667352, 35.250206 ], [ 128.668451, 35.250196 ] ] ] } },
{ "type": "Feature", "properties": { "grid_id": "G053505", "child_risk_pct": 0.0, "elderly_risk_pct": 37.5 }, "geometry": { "type": "Polygon", "coordinates": [ [ [ 128.668464, 35.251097 ], [ 128.668477, 35.251999 ], [ 128.667378, 35.252009 ], [ 128.667365, 35.251108 ], [ 128.668464, 35.251097 ] ] ] } },
{ "type": "Feature", "properties": { "grid_id": "G053682", "child_risk_pct": 0.0, "elderly_risk_pct": 3.47 }, "geometry": { "type": "Polygon", "coordinates": [ [ [ 128.668103, 35.149214 ], [ 128.668116, 35.150116 ], [ 128.667018, 35.150126 ], [ 128.667006, 35.149225 ], [ 128.668103, 35.149214 ] ] ] } },
{ "type": "Feature", "properties": { "grid_id": "G053683", "child_risk_pct": 0.0, "elderly_risk_pct": 5.56 }, "geometry": { "type": "Polygon", "coordinates": [ [ [ 128.668116, 35.150116 ], [ 128.668129, 35.151017 ], [ 128.667031, 35.151028 ], [ 128.667018, 35.150126 ], [ 128.668116, 35.150116 ] ] ] } },
{ "type": "Feature", "properties": { "grid_id": "G053684", "child_risk_pct": 0.0, "elderly_risk_pct": 18.59 }, "geometry": { "type": "Polygon", "coordinates": [ [ [ 128.668129, 35.151017 ], [ 128.668142, 35.151919 ], [ 128.667044, 35.151929 ], [ 128.667031, 35.151028 ], [ 128.668129, 35.151017 ] ] ] } },
{ "type": "Feature", "properties": { "grid_id": "G053685", "child_risk_pct": 0.0, "elderly_risk_pct": 18.75 }, "geometry": { "type": "Polygon", "coordinates": [ [ [ 128.668142, 35.151919 ], [ 128.668155, 35.15282 ], [ 128.667057, 35.152831 ], [ 128.667044, 35.151929 ], [ 128.668142, 35.151919 ] ] ] } },
{ "type": "Feature", "properties": { "grid_id": "G053758", "child_risk_pct": 0.0, "elderly_risk_pct": 4.08 }, "geometry": { "type": "Polygon", "coordinates": [ [ [ 128.669084, 35.21773 ], [ 128.669097, 35.218632 ], [ 128.667999, 35.218643 ], [ 128.667986, 35.217741 ], [ 128.669084, 35.21773 ] ] ] } },
{ "type": "Feature", "properties": { "grid_id": "G053776", "child_risk_pct": 5.56, "elderly_risk_pct": 0.0 }, "geometry": { "type": "Polygon", "coordinates": [ [ [ 128.669317, 35.233958 ], [ 128.66933, 35.234859 ], [ 128.668231, 35.23487 ], [ 128.668218, 35.233968 ], [ 128.669317, 35.233958 ] ] ] } },
{ "type": "Feature", "properties": { "grid_id": "G053777", "child_risk_pct": 3.07, "elderly_risk_pct": 12.27 }, "geometry": { "type": "Polygon", "coordinates": [ [ [ 128.66933, 35.234859 ], [ 128.669343, 35.235761 ], [ 128.668244, 35.235771 ], [ 128.668231, 35.23487 ], [ 128.66933, 35.234859 ] ] ] } },
{ "type": "Feature", "properties": { "grid_id": "G053778", "child_risk_pct": 0.0, "elderly_risk_pct": 7.69 }, "geometry": { "type": "Polygon", "coordinates": [ [ [ 128.669343, 35.235761 ], [ 128.669356, 35.236662 ], [ 128.668257, 35.236673 ], [ 128.668244, 35.235771 ], [ 128.669343, 35.235761 ] ] ] } },
{ "type": "Feature", "properties": { "grid_id": "G053781", "child_risk_pct": 0.0, "elderly_risk_pct": 13.19 }, "geometry": { "type": "Polygon", "coordinates": [ [ [ 128.669382, 35.238465 ], [ 128.669395, 35.239367 ], [ 128.668296, 35.239378 ], [ 128.668283, 35.238476 ], [ 128.669382, 35.238465 ] ] ] } },
{ "type": "Feature", "properties": { "grid_id": "G053788", "child_risk_pct": 0.0, "elderly_risk_pct": 6.94 }, "geometry": { "type": "Polygon", "coordinates": [ [ [ 128.669472, 35.244776 ], [ 128.669485, 35.245678 ], [ 128.668386, 35.245688 ], [ 128.668373, 35.244787 ], [ 128.669472, 35.244776 ] ] ] } },
{ "type": "Feature", "properties": { "grid_id": "G053795", "child_risk_pct": 0.0, "elderly_risk_pct": 13.89 }, "geometry": { "type": "Polygon", "coordinates": [ [ [ 128.669563, 35.251087 ], [ 128.669576, 35.251988 ], [ 128.668477, 35.251999 ], [ 128.668464, 35.251097 ], [ 128.669563, 35.251087 ] ] ] } },
{ "type": "Feature", "properties": { "grid_id": "G053973", "child_risk_pct": 0.0, "elderly_risk_pct": 2.78 }, "geometry": { "type": "Polygon", "coordinates": [ [ [ 128.669201, 35.149204 ], [ 128.669214, 35.150105 ], [ 128.668116, 35.150116 ], [ 128.668103, 35.149214 ], [ 128.669201, 35.149204 ] ] ] } },
{ "type": "Feature", "properties": { "grid_id": "G053974", "child_risk_pct": 0.0, "elderly_risk_pct": 27.78 }, "geometry": { "type": "Polygon", "coordinates": [ [ [ 128.669214, 35.150105 ], [ 128.669227, 35.151007 ], [ 128.668129, 35.151017 ], [ 128.668116, 35.150116 ], [ 128.669214, 35.150105 ] ] ] } },
{ "type": "Feature", "properties": { "grid_id": "G053975", "child_risk_pct": 0.0, "elderly_risk_pct": 36.91 }, "geometry": { "type": "Polygon", "coordinates": [ [ [ 128.669227, 35.151007 ], [ 128.66924, 35.151908 ], [ 128.668142, 35.151919 ], [ 128.668129, 35.151017 ], [ 128.669227, 35.151007 ] ] ] } },
{ "type": "Feature", "properties": { "grid_id": "G053976", "child_risk_pct": 0.0, "elderly_risk_pct": 19.11 }, "geometry": { "type": "Polygon", "coordinates": [ [ [ 128.66924, 35.151908 ], [ 128.669252, 35.15281 ], [ 128.668155, 35.15282 ], [ 128.668142, 35.151919 ], [ 128.66924, 35.151908 ] ] ] } },
{ "type": "Feature", "properties": { "grid_id": "G054067", "child_risk_pct": 22.44, "elderly_risk_pct": 0.0 }, "geometry": { "type": "Polygon", "coordinates": [ [ [ 128.670416, 35.233947 ], [ 128.670429, 35.234849 ], [ 128.66933, 35.234859 ], [ 128.669317, 35.233958 ], [ 128.670416, 35.233947 ] ] ] } },
{ "type": "Feature", "properties": { "grid_id": "G054068", "child_risk_pct": 28.4, "elderly_risk_pct": 4.32 }, "geometry": { "type": "Polygon", "coordinates": [ [ [ 128.670429, 35.234849 ], [ 128.670442, 35.23575 ], [ 128.669343, 35.235761 ], [ 128.66933, 35.234859 ], [ 128.670429, 35.234849 ] ] ] } },
{ "type": "Feature", "properties": { "grid_id": "G054069", "child_risk_pct": 0.0, "elderly_risk_pct": 11.11 }, "geometry": { "type": "Polygon", "coordinates": [ [ [ 128.670442, 35.23575 ], [ 128.670455, 35.236652 ], [ 128.669356, 35.236662 ], [ 128.669343, 35.235761 ], [ 128.670442, 35.23575 ] ] ] } },
{ "type": "Feature", "properties": { "grid_id": "G054078", "child_risk_pct": 0.0, "elderly_risk_pct": 2.05 }, "geometry": { "type": "Polygon", "coordinates": [ [ [ 128.670558, 35.243864 ], [ 128.670571, 35.244765 ], [ 128.669472, 35.244776 ], [ 128.669459, 35.243874 ], [ 128.670558, 35.243864 ] ] ] } },
{ "type": "Feature", "properties": { "grid_id": "G054079", "child_risk_pct": 0.0, "elderly_risk_pct": 38.31 }, "geometry": { "type": "Polygon", "coordinates": [ [ [ 128.670571, 35.244765 ], [ 128.670584, 35.245667 ], [ 128.669485, 35.245678 ], [ 128.669472, 35.244776 ], [ 128.670571, 35.244765 ] ] ] } },
{ "type": "Feature", "properties": { "grid_id": "G054080", "child_risk_pct": 0.0, "elderly_risk_pct": 14.29 }, "geometry": { "type": "Polygon", "coordinates": [ [ [ 128.670584, 35.245667 ], [ 128.670597, 35.246568 ], [ 128.669498, 35.246579 ], [ 128.669485, 35.245678 ], [ 128.670584, 35.245667 ] ] ] } },
{ "type": "Feature", "properties": { "grid_id": "G054081", "child_risk_pct": 0.0, "elderly_risk_pct": 13.46 }, "geometry": { "type": "Polygon", "coordinates": [ [ [ 128.670597, 35.246568 ], [ 128.67061, 35.24747 ], [ 128.669511, 35.247481 ], [ 128.669498, 35.246579 ], [ 128.670597, 35.246568 ] ] ] } },
{ "type": "Feature", "properties": { "grid_id": "G054132", "child_risk_pct": 0.0, "elderly_risk_pct": 1.39 }, "geometry": { "type": "Polygon", "coordinates": [ [ [ 128.671259, 35.292546 ], [ 128.671272, 35.293447 ], [ 128.670172, 35.293458 ], [ 128.670159, 35.292556 ], [ 128.671259, 35.292546 ] ] ] } },
{ "type": "Feature", "properties": { "grid_id": "G054133", "child_risk_pct": 0.0, "elderly_risk_pct": 2.67 }, "geometry": { "type": "Polygon", "coordinates": [ [ [ 128.671272, 35.293447 ], [ 128.671285, 35.294349 ], [ 128.670185, 35.294359 ], [ 128.670172, 35.293458 ], [ 128.671272, 35.293447 ] ] ] } },
{ "type": "Feature", "properties": { "grid_id": "G054267", "child_risk_pct": 0.0, "elderly_risk_pct": 6.94 }, "geometry": { "type": "Polygon", "coordinates": [ [ [ 128.670311, 35.150095 ], [ 128.670324, 35.150996 ], [ 128.669227, 35.151007 ], [ 128.669214, 35.150105 ], [ 128.670311, 35.150095 ] ] ] } },
{ "type": "Feature", "properties": { "grid_id": "G054268", "child_risk_pct": 0.0, "elderly_risk_pct": 16.03 }, "geometry": { "type": "Polygon", "coordinates": [ [ [ 128.670324, 35.150996 ], [ 128.670337, 35.151898 ], [ 128.66924, 35.151908 ], [ 128.669227, 35.151007 ], [ 128.670324, 35.150996 ] ] ] } },
{ "type": "Feature", "properties": { "grid_id": "G054361", "child_risk_pct": 2.78, "elderly_risk_pct": 0.0 }, "geometry": { "type": "Polygon", "coordinates": [ [ [ 128.671527, 35.234838 ], [ 128.67154, 35.23574 ], [ 128.670442, 35.23575 ], [ 128.670429, 35.234849 ], [ 128.671527, 35.234838 ] ] ] } },
{ "type": "Feature", "properties": { "grid_id": "G054362", "child_risk_pct": 41.67, "elderly_risk_pct": 0.0 }, "geometry": { "type": "Polygon", "coordinates": [ [ [ 128.67154, 35.23574 ], [ 128.671553, 35.236641 ], [ 128.670455, 35.236652 ], [ 128.670442, 35.23575 ], [ 128.67154, 35.23574 ] ] ] } },
{ "type": "Feature", "properties": { "grid_id": "G054373", "child_risk_pct": 0.0, "elderly_risk_pct": 30.72 }, "geometry": { "type": "Polygon", "coordinates": [ [ [ 128.671683, 35.245656 ], [ 128.671696, 35.246558 ], [ 128.670597, 35.246568 ], [ 128.670584, 35.245667 ], [ 128.671683, 35.245656 ] ] ] } },
{ "type": "Feature", "properties": { "grid_id": "G054374", "child_risk_pct": 0.0, "elderly_risk_pct": 44.44 }, "geometry": { "type": "Polygon", "coordinates": [ [ [ 128.671696, 35.246558 ], [ 128.671709, 35.247459 ], [ 128.67061, 35.24747 ], [ 128.670597, 35.246568 ], [ 128.671696, 35.246558 ] ] ] } },
{ "type": "Feature", "properties": { "grid_id": "G054375", "child_risk_pct": 0.0, "elderly_risk_pct": 21.92 }, "geometry": { "type": "Polygon", "coordinates": [ [ [ 128.671709, 35.247459 ], [ 128.671722, 35.248361 ], [ 128.670623, 35.248371 ], [ 128.67061, 35.24747 ], [ 128.671709, 35.247459 ] ] ] } },
{ "type": "Feature", "properties": { "grid_id": "G054555", "child_risk_pct": 5.77, "elderly_risk_pct": 0.0 }, "geometry": { "type": "Polygon", "coordinates": [ [ [ 128.671319, 35.143773 ], [ 128.671332, 35.144675 ], [ 128.670234, 35.144685 ], [ 128.670221, 35.143784 ], [ 128.671319, 35.143773 ] ] ] } },
{ "type": "Feature", "properties": { "grid_id": "G054643", "child_risk_pct": 25.64, "elderly_risk_pct": 12.82 }, "geometry": { "type": "Polygon", "coordinates": [ [ [ 128.672458, 35.223108 ], [ 128.672471, 35.224009 ], [ 128.671372, 35.22402 ], [ 128.671359, 35.223118 ], [ 128.672458, 35.223108 ] ] ] } },
{ "type": "Feature", "properties": { "grid_id": "G054644", "child_risk_pct": 4.76, "elderly_risk_pct": 0.0 }, "geometry": { "type": "Polygon", "coordinates": [ [ [ 128.672471, 35.224009 ], [ 128.672484, 35.224911 ], [ 128.671385, 35.224921 ], [ 128.671372, 35.22402 ], [ 128.672471, 35.224009 ] ] ] } },
{ "type": "Feature", "properties": { "grid_id": "G054656", "child_risk_pct": 5.56, "elderly_risk_pct": 0.0 }, "geometry": { "type": "Polygon", "coordinates": [ [ [ 128.672626, 35.234827 ], [ 128.672639, 35.235729 ], [ 128.67154, 35.23574 ], [ 128.671527, 35.234838 ], [ 128.672626, 35.234827 ] ] ] } },
{ "type": "Feature", "properties": { "grid_id": "G054657", "child_risk_pct": 14.74, "elderly_risk_pct": 0.0 }, "geometry": { "type": "Polygon", "coordinates": [ [ [ 128.672639, 35.235729 ], [ 128.672652, 35.23663 ], [ 128.671553, 35.236641 ], [ 128.67154, 35.23574 ], [ 128.672639, 35.235729 ] ] ] } },
{ "type": "Feature", "properties": { "grid_id": "G054668", "child_risk_pct": 0.0, "elderly_risk_pct": 6.45 }, "geometry": { "type": "Polygon", "coordinates": [ [ [ 128.672782, 35.245646 ], [ 128.672795, 35.246547 ], [ 128.671696, 35.246558 ], [ 128.671683, 35.245656 ], [ 128.672782, 35.245646 ] ] ] } },
{ "type": "Feature", "properties": { "grid_id": "G054669", "child_risk_pct": 0.0, "elderly_risk_pct": 40.28 }, "geometry": { "type": "Polygon", "coordinates": [ [ [ 128.672795, 35.246547 ], [ 128.672808, 35.247449 ], [ 128.671709, 35.247459 ], [ 128.671696, 35.246558 ], [ 128.672795, 35.246547 ] ] ] } },
{ "type": "Feature", "properties": { "grid_id": "G054670", "child_risk_pct": 0.0, "elderly_risk_pct": 9.03 }, "geometry": { "type": "Polygon", "coordinates": [ [ [ 128.672808, 35.247449 ], [ 128.672821, 35.24835 ], [ 128.671722, 35.248361 ], [ 128.671709, 35.247459 ], [ 128.672808, 35.247449 ] ] ] } },
{ "type": "Feature", "properties": { "grid_id": "G054847", "child_risk_pct": 19.44, "elderly_risk_pct": 0.0 }, "geometry": { "type": "Polygon", "coordinates": [ [ [ 128.672416, 35.143763 ], [ 128.672429, 35.144664 ], [ 128.671332, 35.144675 ], [ 128.671319, 35.143773 ], [ 128.672416, 35.143763 ] ] ] } },
{ "type": "Feature", "properties": { "grid_id": "G054848", "child_risk_pct": 0.69, "elderly_risk_pct": 0.0 }, "geometry": { "type": "Polygon", "coordinates": [ [ [ 128.672429, 35.144664 ], [ 128.672442, 35.145566 ], [ 128.671344, 35.145576 ], [ 128.671332, 35.144675 ], [ 128.672429, 35.144664 ] ] ] } },
{ "type": "Feature", "properties": { "grid_id": "G054934", "child_risk_pct": 0.0, "elderly_risk_pct": 9.03 }, "geometry": { "type": "Polygon", "coordinates": [ [ [ 128.673543, 35.222195 ], [ 128.673556, 35.223097 ], [ 128.672458, 35.223108 ], [ 128.672445, 35.222206 ], [ 128.673543, 35.222195 ] ] ] } },
{ "type": "Feature", "properties": { "grid_id": "G054935", "child_risk_pct": 20.78, "elderly_risk_pct": 45.45 }, "geometry": { "type": "Polygon", "coordinates": [ [ [ 128.673556, 35.223097 ], [ 128.673569, 35.223999 ], [ 128.672471, 35.224009 ], [ 128.672458, 35.223108 ], [ 128.673556, 35.223097 ] ] ] } },
{ "type": "Feature", "properties": { "grid_id": "G054936", "child_risk_pct": 4.82, "elderly_risk_pct": 7.23 }, "geometry": { "type": "Polygon", "coordinates": [ [ [ 128.673569, 35.223999 ], [ 128.673582, 35.2249 ], [ 128.672484, 35.224911 ], [ 128.672471, 35.224009 ], [ 128.673569, 35.223999 ] ] ] } },
{ "type": "Feature", "properties": { "grid_id": "G054946", "child_risk_pct": 18.06, "elderly_risk_pct": 16.77 }, "geometry": { "type": "Polygon", "coordinates": [ [ [ 128.673699, 35.233014 ], [ 128.673712, 35.233915 ], [ 128.672613, 35.233926 ], [ 128.6726, 35.233024 ], [ 128.673699, 35.233014 ] ] ] } },
{ "type": "Feature", "properties": { "grid_id": "G054959", "child_risk_pct": 0.0, "elderly_risk_pct": 5.56 }, "geometry": { "type": "Polygon", "coordinates": [ [ [ 128.673868, 35.244733 ], [ 128.673881, 35.245635 ], [ 128.672782, 35.245646 ], [ 128.672769, 35.244744 ], [ 128.673868, 35.244733 ] ] ] } },
{ "type": "Feature", "properties": { "grid_id": "G054960", "child_risk_pct": 0.0, "elderly_risk_pct": 21.15 }, "geometry": { "type": "Polygon", "coordinates": [ [ [ 128.673881, 35.245635 ], [ 128.673894, 35.246536 ], [ 128.672795, 35.246547 ], [ 128.672782, 35.245646 ], [ 128.673881, 35.245635 ] ] ] } },
{ "type": "Feature", "properties": { "grid_id": "G054961", "child_risk_pct": 0.0, "elderly_risk_pct": 18.75 }, "geometry": { "type": "Polygon", "coordinates": [ [ [ 128.673894, 35.246536 ], [ 128.673907, 35.247438 ], [ 128.672808, 35.247449 ], [ 128.672795, 35.246547 ], [ 128.673894, 35.246536 ] ] ] } },
{ "type": "Feature", "properties": { "grid_id": "G054963", "child_risk_pct": 0.0, "elderly_risk_pct": 4.4 }, "geometry": { "type": "Polygon", "coordinates": [ [ [ 128.67392, 35.24834 ], [ 128.673933, 35.249241 ], [ 128.672834, 35.249252 ], [ 128.672821, 35.24835 ], [ 128.67392, 35.24834 ] ] ] } },
{ "type": "Feature", "properties": { "grid_id": "G054964", "child_risk_pct": 0.0, "elderly_risk_pct": 1.89 }, "geometry": { "type": "Polygon", "coordinates": [ [ [ 128.673933, 35.249241 ], [ 128.673946, 35.250143 ], [ 128.672847, 35.250153 ], [ 128.672834, 35.249252 ], [ 128.673933, 35.249241 ] ] ] } },
{ "type": "Feature", "properties": { "grid_id": "G055060", "child_risk_pct": 0.0, "elderly_risk_pct": 1.92 }, "geometry": { "type": "Polygon", "coordinates": [ [ [ 128.675183, 35.335786 ], [ 128.675196, 35.336688 ], [ 128.674096, 35.336698 ], [ 128.674083, 35.335797 ], [ 128.675183, 35.335786 ] ] ] } },
{ "type": "Feature", "properties": { "grid_id": "G055085", "child_risk_pct": 0.0, "elderly_risk_pct": 5.13 }, "geometry": { "type": "Polygon", "coordinates": [ [ [ 128.67551, 35.358324 ], [ 128.675523, 35.359225 ], [ 128.674422, 35.359236 ], [ 128.674409, 35.358334 ], [ 128.67551, 35.358324 ] ] ] } },
{ "type": "Feature", "properties": { "grid_id": "G055086", "child_risk_pct": 0.0, "elderly_risk_pct": 11.03 }, "geometry": { "type": "Polygon", "coordinates": [ [ [ 128.675523, 35.359225 ], [ 128.675536, 35.360127 ], [ 128.674435, 35.360137 ], [ 128.674422, 35.359236 ], [ 128.675523, 35.359225 ] ] ] } },
{ "type": "Feature", "properties": { "grid_id": "G055220", "child_risk_pct": 0.0, "elderly_risk_pct": 12.82 }, "geometry": { "type": "Polygon", "coordinates": [ [ [ 128.674642, 35.222185 ], [ 128.674655, 35.223086 ], [ 128.673556, 35.223097 ], [ 128.673543, 35.222195 ], [ 128.674642, 35.222185 ] ] ] } },
{ "type": "Feature", "properties": { "grid_id": "G055221", "child_risk_pct": 0.0, "elderly_risk_pct": 21.92 }, "geometry": { "type": "Polygon", "coordinates": [ [ [ 128.674655, 35.223086 ], [ 128.674668, 35.223988 ], [ 128.673569, 35.223999 ], [ 128.673556, 35.223097 ], [ 128.674655, 35.223086 ] ] ] } },
{ "type": "Feature", "properties": { "grid_id": "G055222", "child_risk_pct": 0.0, "elderly_risk_pct": 19.35 }, "geometry": { "type": "Polygon", "coordinates": [ [ [ 128.674668, 35.223988 ], [ 128.674681, 35.224889 ], [ 128.673582, 35.2249 ], [ 128.673569, 35.223999 ], [ 128.674668, 35.223988 ] ] ] } },
{ "type": "Feature", "properties": { "grid_id": "G055231", "child_risk_pct": 6.25, "elderly_risk_pct": 4.17 }, "geometry": { "type": "Polygon", "coordinates": [ [ [ 128.674785, 35.232102 ], [ 128.674798, 35.233003 ], [ 128.673699, 35.233014 ], [ 128.673686, 35.232112 ], [ 128.674785, 35.232102 ] ] ] } },
{ "type": "Feature", "properties": { "grid_id": "G055232", "child_risk_pct": 22.22, "elderly_risk_pct": 20.83 }, "geometry": { "type": "Polygon", "coordinates": [ [ [ 128.674798, 35.233003 ], [ 128.674811, 35.233905 ], [ 128.673712, 35.233915 ], [ 128.673699, 35.233014 ], [ 128.674798, 35.233003 ] ] ] } },
{ "type": "Feature", "properties": { "grid_id": "G055246", "child_risk_pct": 0.0, "elderly_risk_pct": 1.38 }, "geometry": { "type": "Polygon", "coordinates": [ [ [ 128.67498, 35.245624 ], [ 128.674993, 35.246526 ], [ 128.673894, 35.246536 ], [ 128.673881, 35.245635 ], [ 128.67498, 35.245624 ] ] ] } },
{ "type": "Feature", "properties": { "grid_id": "G055249", "child_risk_pct": 0.0, "elderly_risk_pct": 33.33 }, "geometry": { "type": "Polygon", "coordinates": [ [ [ 128.675019, 35.248329 ], [ 128.675032, 35.24923 ], [ 128.673933, 35.249241 ], [ 128.67392, 35.24834 ], [ 128.675019, 35.248329 ] ] ] } },
{ "type": "Feature", "properties": { "grid_id": "G055250", "child_risk_pct": 0.0, "elderly_risk_pct": 2.56 }, "geometry": { "type": "Polygon", "coordinates": [ [ [ 128.675032, 35.24923 ], [ 128.675045, 35.250132 ], [ 128.673946, 35.250143 ], [ 128.673933, 35.249241 ], [ 128.675032, 35.24923 ] ] ] } },
{ "type": "Feature", "properties": { "grid_id": "G055346", "child_risk_pct": 0.0, "elderly_risk_pct": 20.83 }, "geometry": { "type": "Polygon", "coordinates": [ [ [ 128.676283, 35.335775 ], [ 128.676297, 35.336677 ], [ 128.675196, 35.336688 ], [ 128.675183, 35.335786 ], [ 128.676283, 35.335775 ] ] ] } },
{ "type": "Feature", "properties": { "grid_id": "G055348", "child_risk_pct": 0.0, "elderly_risk_pct": 0.65 }, "geometry": { "type": "Polygon", "coordinates": [ [ [ 128.67631, 35.337578 ], [ 128.676323, 35.33848 ], [ 128.675222, 35.338491 ], [ 128.675209, 35.337589 ], [ 128.67631, 35.337578 ] ] ] } },
{ "type": "Feature", "properties": { "grid_id": "G055492", "child_risk_pct": 0.0, "elderly_risk_pct": 14.81 }, "geometry": { "type": "Polygon", "coordinates": [ [ [ 128.675728, 35.221273 ], [ 128.675741, 35.222174 ], [ 128.674642, 35.222185 ], [ 128.674629, 35.221283 ], [ 128.675728, 35.221273 ] ] ] } },
{ "type": "Feature", "properties": { "grid_id": "G055493", "child_risk_pct": 0.0, "elderly_risk_pct": 0.69 }, "geometry": { "type": "Polygon", "coordinates": [ [ [ 128.675741, 35.222174 ], [ 128.675754, 35.223076 ], [ 128.674655, 35.223086 ], [ 128.674642, 35.222185 ], [ 128.675741, 35.222174 ] ] ] } },
{ "type": "Feature", "properties": { "grid_id": "G055495", "child_risk_pct": 0.0, "elderly_risk_pct": 11.81 }, "geometry": { "type": "Polygon", "coordinates": [ [ [ 128.675767, 35.223977 ], [ 128.67578, 35.224879 ], [ 128.674681, 35.224889 ], [ 128.674668, 35.223988 ], [ 128.675767, 35.223977 ] ] ] } },
{ "type": "Feature", "properties": { "grid_id": "G055498", "child_risk_pct": 0.0, "elderly_risk_pct": 3.21 }, "geometry": { "type": "Polygon", "coordinates": [ [ [ 128.675806, 35.226682 ], [ 128.675819, 35.227583 ], [ 128.67472, 35.227594 ], [ 128.674707, 35.226692 ], [ 128.675806, 35.226682 ] ] ] } },
{ "type": "Feature", "properties": { "grid_id": "G055499", "child_risk_pct": 0.0, "elderly_risk_pct": 4.38 }, "geometry": { "type": "Polygon", "coordinates": [ [ [ 128.675819, 35.227583 ], [ 128.675832, 35.228485 ], [ 128.674733, 35.228495 ], [ 128.67472, 35.227594 ], [ 128.675819, 35.227583 ] ] ] } },
{ "type": "Feature", "properties": { "grid_id": "G055569", "child_risk_pct": 1.39, "elderly_risk_pct": 1.39 }, "geometry": { "type": "Polygon", "coordinates": [ [ [ 128.67673, 35.290689 ], [ 128.676744, 35.291591 ], [ 128.675644, 35.291602 ], [ 128.675631, 35.2907 ], [ 128.67673, 35.290689 ] ] ] } },
{ "type": "Feature", "properties": { "grid_id": "G055570", "child_risk_pct": 40.28, "elderly_risk_pct": 42.36 }, "geometry": { "type": "Polygon", "coordinates": [ [ [ 128.676744, 35.291591 ], [ 128.676757, 35.292492 ], [ 128.675657, 35.292503 ], [ 128.675644, 35.291602 ], [ 128.676744, 35.291591 ] ] ] } },
{ "type": "Feature", "properties": { "grid_id": "G055571", "child_risk_pct": 2.03, "elderly_risk_pct": 1.35 }, "geometry": { "type": "Polygon", "coordinates": [ [ [ 128.676757, 35.292492 ], [ 128.67677, 35.293394 ], [ 128.67567, 35.293405 ], [ 128.675657, 35.292503 ], [ 128.676757, 35.292492 ] ] ] } },
{ "type": "Feature", "properties": { "grid_id": "G055621", "child_risk_pct": 0.0, "elderly_risk_pct": 8.97 }, "geometry": { "type": "Polygon", "coordinates": [ [ [ 128.67741, 35.337568 ], [ 128.677423, 35.338469 ], [ 128.676323, 35.33848 ], [ 128.67631, 35.337578 ], [ 128.67741, 35.337568 ] ] ] } },
{ "type": "Feature", "properties": { "grid_id": "G055637", "child_risk_pct": 0.0, "elderly_risk_pct": 1.35 }, "geometry": { "type": "Polygon", "coordinates": [ [ [ 128.677619, 35.351992 ], [ 128.677632, 35.352893 ], [ 128.676532, 35.352904 ], [ 128.676519, 35.352002 ], [ 128.677619, 35.351992 ] ] ] } },
{ "type": "Feature", "properties": { "grid_id": "G055638", "child_risk_pct": 0.0, "elderly_risk_pct": 2.56 }, "geometry": { "type": "Polygon", "coordinates": [ [ [ 128.677632, 35.352893 ], [ 128.677645, 35.353795 ], [ 128.676545, 35.353805 ], [ 128.676532, 35.352904 ], [ 128.677632, 35.352893 ] ] ] } },
{ "type": "Feature", "properties": { "grid_id": "G055760", "child_risk_pct": 0.0, "elderly_risk_pct": 0.64 }, "geometry": { "type": "Polygon", "coordinates": [ [ [ 128.6768, 35.219459 ], [ 128.676813, 35.22036 ], [ 128.675715, 35.220371 ], [ 128.675702, 35.21947 ], [ 128.6768, 35.219459 ] ] ] } },
{ "type": "Feature", "properties": { "grid_id": "G055761", "child_risk_pct": 0.0, "elderly_risk_pct": 22.22 }, "geometry": { "type": "Polygon", "coordinates": [ [ [ 128.676813, 35.22036 ], [ 128.676826, 35.221262 ], [ 128.675728, 35.221273 ], [ 128.675715, 35.220371 ], [ 128.676813, 35.22036 ] ] ] } },
{ "type": "Feature", "properties": { "grid_id": "G055762", "child_risk_pct": 0.0, "elderly_risk_pct": 20.83 }, "geometry": { "type": "Polygon", "coordinates": [ [ [ 128.676826, 35.221262 ], [ 128.676839, 35.222163 ], [ 128.675741, 35.222174 ], [ 128.675728, 35.221273 ], [ 128.676826, 35.221262 ] ] ] } },
{ "type": "Feature", "properties": { "grid_id": "G055763", "child_risk_pct": 0.0, "elderly_risk_pct": 2.56 }, "geometry": { "type": "Polygon", "coordinates": [ [ [ 128.676839, 35.222163 ], [ 128.676852, 35.223065 ], [ 128.675754, 35.223076 ], [ 128.675741, 35.222174 ], [ 128.676839, 35.222163 ] ] ] } },
{ "type": "Feature", "properties": { "grid_id": "G055764", "child_risk_pct": 0.0, "elderly_risk_pct": 9.72 }, "geometry": { "type": "Polygon", "coordinates": [ [ [ 128.676852, 35.223065 ], [ 128.676865, 35.223967 ], [ 128.675767, 35.223977 ], [ 128.675754, 35.223076 ], [ 128.676852, 35.223065 ] ] ] } },
{ "type": "Feature", "properties": { "grid_id": "G055767", "child_risk_pct": 0.0, "elderly_risk_pct": 1.27 }, "geometry": { "type": "Polygon", "coordinates": [ [ [ 128.676891, 35.22577 ], [ 128.676904, 35.226671 ], [ 128.675806, 35.226682 ], [ 128.675793, 35.22578 ], [ 128.676891, 35.22577 ] ] ] } },
{ "type": "Feature", "properties": { "grid_id": "G055768", "child_risk_pct": 0.0, "elderly_risk_pct": 30.56 }, "geometry": { "type": "Polygon", "coordinates": [ [ [ 128.676904, 35.226671 ], [ 128.676917, 35.227573 ], [ 128.675819, 35.227583 ], [ 128.675806, 35.226682 ], [ 128.676904, 35.226671 ] ] ] } },
{ "type": "Feature", "properties": { "grid_id": "G055769", "child_risk_pct": 0.0, "elderly_risk_pct": 25.0 }, "geometry": { "type": "Polygon", "coordinates": [ [ [ 128.676917, 35.227573 ], [ 128.67693, 35.228474 ], [ 128.675832, 35.228485 ], [ 128.675819, 35.227583 ], [ 128.676917, 35.227573 ] ] ] } },
{ "type": "Feature", "properties": { "grid_id": "G055777", "child_risk_pct": 32.69, "elderly_risk_pct": 0.0 }, "geometry": { "type": "Polygon", "coordinates": [ [ [ 128.677021, 35.234785 ], [ 128.677034, 35.235686 ], [ 128.675936, 35.235697 ], [ 128.675923, 35.234795 ], [ 128.677021, 35.234785 ] ] ] } },
{ "type": "Feature", "properties": { "grid_id": "G055778", "child_risk_pct": 20.14, "elderly_risk_pct": 0.0 }, "geometry": { "type": "Polygon", "coordinates": [ [ [ 128.677034, 35.235686 ], [ 128.677047, 35.236588 ], [ 128.675949, 35.236598 ], [ 128.675936, 35.235697 ], [ 128.677034, 35.235686 ] ] ] } },
{ "type": "Feature", "properties": { "grid_id": "G055780", "child_risk_pct": 0.0, "elderly_risk_pct": 1.2 }, "geometry": { "type": "Polygon", "coordinates": [ [ [ 128.67706, 35.237489 ], [ 128.677074, 35.238391 ], [ 128.675975, 35.238401 ], [ 128.675962, 35.2375 ], [ 128.67706, 35.237489 ] ] ] } },
{ "type": "Feature", "properties": { "grid_id": "G055781", "child_risk_pct": 0.0, "elderly_risk_pct": 24.18 }, "geometry": { "type": "Polygon", "coordinates": [ [ [ 128.677074, 35.238391 ], [ 128.677087, 35.239292 ], [ 128.675988, 35.239303 ], [ 128.675975, 35.238401 ], [ 128.677074, 35.238391 ] ] ] } },
{ "type": "Feature", "properties": { "grid_id": "G055788", "child_risk_pct": 0.0, "elderly_risk_pct": 25.17 }, "geometry": { "type": "Polygon", "coordinates": [ [ [ 128.677165, 35.244701 ], [ 128.677178, 35.245603 ], [ 128.676079, 35.245614 ], [ 128.676066, 35.244712 ], [ 128.677165, 35.244701 ] ] ] } },
{ "type": "Feature", "properties": { "grid_id": "G055789", "child_risk_pct": 0.0, "elderly_risk_pct": 0.69 }, "geometry": { "type": "Polygon", "coordinates": [ [ [ 128.677178, 35.245603 ], [ 128.677191, 35.246504 ], [ 128.676092, 35.246515 ], [ 128.676079, 35.245614 ], [ 128.677178, 35.245603 ] ] ] } },
{ "type": "Feature", "properties": { "grid_id": "G055791", "child_risk_pct": 0.0, "elderly_risk_pct": 10.32 }, "geometry": { "type": "Polygon", "coordinates": [ [ [ 128.677204, 35.247406 ], [ 128.677217, 35.248307 ], [ 128.676118, 35.248318 ], [ 128.676105, 35.247417 ], [ 128.677204, 35.247406 ] ] ] } },
{ "type": "Feature", "properties": { "grid_id": "G055840", "child_risk_pct": 2.78, "elderly_risk_pct": 0.0 }, "geometry": { "type": "Polygon", "coordinates": [ [ [ 128.677843, 35.29158 ], [ 128.677856, 35.292482 ], [ 128.676757, 35.292492 ], [ 128.676744, 35.291591 ], [ 128.677843, 35.29158 ] ] ] } },
{ "type": "Feature", "properties": { "grid_id": "G055921", "child_risk_pct": 0.0, "elderly_risk_pct": 2.78 }, "geometry": { "type": "Polygon", "coordinates": [ [ [ 128.678903, 35.364602 ], [ 128.678916, 35.365503 ], [ 128.677815, 35.365514 ], [ 128.677802, 35.364613 ], [ 128.678903, 35.364602 ] ] ] } },
{ "type": "Feature", "properties": { "grid_id": "G055922", "child_risk_pct": 0.0, "elderly_risk_pct": 4.49 }, "geometry": { "type": "Polygon", "coordinates": [ [ [ 128.678916, 35.365503 ], [ 128.678929, 35.366405 ], [ 128.677829, 35.366416 ], [ 128.677815, 35.365514 ], [ 128.678916, 35.365503 ] ] ] } },
{ "type": "Feature", "properties": { "grid_id": "G056029", "child_risk_pct": 0.0, "elderly_risk_pct": 17.36 }, "geometry": { "type": "Polygon", "coordinates": [ [ [ 128.677912, 35.22035 ], [ 128.677925, 35.221251 ], [ 128.676826, 35.221262 ], [ 128.676813, 35.22036 ], [ 128.677912, 35.22035 ] ] ] } },
{ "type": "Feature", "properties": { "grid_id": "G056031", "child_risk_pct": 0.0, "elderly_risk_pct": 20.65 }, "geometry": { "type": "Polygon", "coordinates": [ [ [ 128.677938, 35.222153 ], [ 128.677951, 35.223054 ], [ 128.676852, 35.223065 ], [ 128.676839, 35.222163 ], [ 128.677938, 35.222153 ] ] ] } },
{ "type": "Feature", "properties": { "grid_id": "G056032", "child_risk_pct": 0.0, "elderly_risk_pct": 18.12 }, "geometry": { "type": "Polygon", "coordinates": [ [ [ 128.677951, 35.223054 ], [ 128.677964, 35.223956 ], [ 128.676865, 35.223967 ], [ 128.676852, 35.223065 ], [ 128.677951, 35.223054 ] ] ] } },
{ "type": "Feature", "properties": { "grid_id": "G056033", "child_risk_pct": 0.0, "elderly_risk_pct": 8.33 }, "geometry": { "type": "Polygon", "coordinates": [ [ [ 128.677964, 35.223956 ], [ 128.677977, 35.224857 ], [ 128.676878, 35.224868 ], [ 128.676865, 35.223967 ], [ 128.677964, 35.223956 ] ] ] } },
{ "type": "Feature", "properties": { "grid_id": "G056034", "child_risk_pct": 0.0, "elderly_risk_pct": 33.11 }, "geometry": { "type": "Polygon", "coordinates": [ [ [ 128.677977, 35.224857 ], [ 128.67799, 35.225759 ], [ 128.676891, 35.22577 ], [ 128.676878, 35.224868 ], [ 128.677977, 35.224857 ] ] ] } },
{ "type": "Feature", "properties": { "grid_id": "G056035", "child_risk_pct": 0.0, "elderly_risk_pct": 27.56 }, "geometry": { "type": "Polygon", "coordinates": [ [ [ 128.67799, 35.225759 ], [ 128.678003, 35.22666 ], [ 128.676904, 35.226671 ], [ 128.676891, 35.22577 ], [ 128.67799, 35.225759 ] ] ] } },
{ "type": "Feature", "properties": { "grid_id": "G056036", "child_risk_pct": 0.0, "elderly_risk_pct": 36.11 }, "geometry": { "type": "Polygon", "coordinates": [ [ [ 128.678003, 35.22666 ], [ 128.678016, 35.227562 ], [ 128.676917, 35.227573 ], [ 128.676904, 35.226671 ], [ 128.678003, 35.22666 ] ] ] } },
{ "type": "Feature", "properties": { "grid_id": "G056038", "child_risk_pct": 10.32, "elderly_risk_pct": 0.0 }, "geometry": { "type": "Polygon", "coordinates": [ [ [ 128.678029, 35.228463 ], [ 128.678042, 35.229365 ], [ 128.676943, 35.229376 ], [ 128.67693, 35.228474 ], [ 128.678029, 35.228463 ] ] ] } },
{ "type": "Feature", "properties": { "grid_id": "G056045", "child_risk_pct": 18.06, "elderly_risk_pct": 0.0 }, "geometry": { "type": "Polygon", "coordinates": [ [ [ 128.67812, 35.234774 ], [ 128.678133, 35.235676 ], [ 128.677034, 35.235686 ], [ 128.677021, 35.234785 ], [ 128.67812, 35.234774 ] ] ] } },
{ "type": "Feature", "properties": { "grid_id": "G056046", "child_risk_pct": 3.97, "elderly_risk_pct": 1.32 }, "geometry": { "type": "Polygon", "coordinates": [ [ [ 128.678133, 35.235676 ], [ 128.678146, 35.236577 ], [ 128.677047, 35.236588 ], [ 128.677034, 35.235686 ], [ 128.678133, 35.235676 ] ] ] } },
{ "type": "Feature", "properties": { "grid_id": "G056049", "child_risk_pct": 0.0, "elderly_risk_pct": 1.92 }, "geometry": { "type": "Polygon", "coordinates": [ [ [ 128.678172, 35.23838 ], [ 128.678185, 35.239282 ], [ 128.677087, 35.239292 ], [ 128.677074, 35.238391 ], [ 128.678172, 35.23838 ] ] ] } },
{ "type": "Feature", "properties": { "grid_id": "G056056", "child_risk_pct": 0.0, "elderly_risk_pct": 12.82 }, "geometry": { "type": "Polygon", "coordinates": [ [ [ 128.678264, 35.244691 ], [ 128.678277, 35.245592 ], [ 128.677178, 35.245603 ], [ 128.677165, 35.244701 ], [ 128.678264, 35.244691 ] ] ] } },
{ "type": "Feature", "properties": { "grid_id": "G056057", "child_risk_pct": 0.0, "elderly_risk_pct": 3.47 }, "geometry": { "type": "Polygon", "coordinates": [ [ [ 128.678277, 35.245592 ], [ 128.67829, 35.246494 ], [ 128.677191, 35.246504 ], [ 128.677178, 35.245603 ], [ 128.678277, 35.245592 ] ] ] } },
{ "type": "Feature", "properties": { "grid_id": "G056058", "child_risk_pct": 0.0, "elderly_risk_pct": 13.19 }, "geometry": { "type": "Polygon", "coordinates": [ [ [ 128.67829, 35.246494 ], [ 128.678303, 35.247395 ], [ 128.677204, 35.247406 ], [ 128.677191, 35.246504 ], [ 128.67829, 35.246494 ] ] ] } },
{ "type": "Feature", "properties": { "grid_id": "G056059", "child_risk_pct": 0.0, "elderly_risk_pct": 30.77 }, "geometry": { "type": "Polygon", "coordinates": [ [ [ 128.678303, 35.247395 ], [ 128.678316, 35.248297 ], [ 128.677217, 35.248307 ], [ 128.677204, 35.247406 ], [ 128.678303, 35.247395 ] ] ] } },
{ "type": "Feature", "properties": { "grid_id": "G056060", "child_risk_pct": 0.0, "elderly_risk_pct": 8.5 }, "geometry": { "type": "Polygon", "coordinates": [ [ [ 128.678316, 35.248297 ], [ 128.678329, 35.249198 ], [ 128.67723, 35.249209 ], [ 128.677217, 35.248307 ], [ 128.678316, 35.248297 ] ] ] } },
{ "type": "Feature", "properties": { "grid_id": "G056189", "child_risk_pct": 0.0, "elderly_risk_pct": 1.39 }, "geometry": { "type": "Polygon", "coordinates": [ [ [ 128.680003, 35.364591 ], [ 128.680017, 35.365493 ], [ 128.678916, 35.365503 ], [ 128.678903, 35.364602 ], [ 128.680003, 35.364591 ] ] ] } },
{ "type": "Feature", "properties": { "grid_id": "G056190", "child_risk_pct": 0.0, "elderly_risk_pct": 1.9 }, "geometry": { "type": "Polygon", "coordinates": [ [ [ 128.680017, 35.365493 ], [ 128.68003, 35.366394 ], [ 128.678929, 35.366405 ], [ 128.678916, 35.365503 ], [ 128.680017, 35.365493 ] ] ] } },
{ "type": "Feature", "properties": { "grid_id": "G056226", "child_risk_pct": 0.0, "elderly_risk_pct": 4.52 }, "geometry": { "type": "Polygon", "coordinates": [ [ [ 128.678138, 35.159937 ], [ 128.678151, 35.160838 ], [ 128.677053, 35.160849 ], [ 128.67704, 35.159948 ], [ 128.678138, 35.159937 ] ] ] } },
{ "type": "Feature", "properties": { "grid_id": "G056294", "child_risk_pct": 0.0, "elderly_risk_pct": 4.17 }, "geometry": { "type": "Polygon", "coordinates": [ [ [ 128.679023, 35.221241 ], [ 128.679036, 35.222142 ], [ 128.677938, 35.222153 ], [ 128.677925, 35.221251 ], [ 128.679023, 35.221241 ] ] ] } },
{ "type": "Feature", "properties": { "grid_id": "G056295", "child_risk_pct": 0.0, "elderly_risk_pct": 28.57 }, "geometry": { "type": "Polygon", "coordinates": [ [ [ 128.679036, 35.222142 ], [ 128.679049, 35.223044 ], [ 128.677951, 35.223054 ], [ 128.677938, 35.222153 ], [ 128.679036, 35.222142 ] ] ] } },
{ "type": "Feature", "properties": { "grid_id": "G056296", "child_risk_pct": 15.76, "elderly_risk_pct": 0.0 }, "geometry": { "type": "Polygon", "coordinates": [ [ [ 128.679049, 35.223044 ], [ 128.679062, 35.223945 ], [ 128.677964, 35.223956 ], [ 128.677951, 35.223054 ], [ 128.679049, 35.223044 ] ] ] } },
{ "type": "Feature", "properties": { "grid_id": "G056297", "child_risk_pct": 6.25, "elderly_risk_pct": 1.39 }, "geometry": { "type": "Polygon", "coordinates": [ [ [ 128.679062, 35.223945 ], [ 128.679075, 35.224847 ], [ 128.677977, 35.224857 ], [ 128.677964, 35.223956 ], [ 128.679062, 35.223945 ] ] ] } },
{ "type": "Feature", "properties": { "grid_id": "G056298", "child_risk_pct": 0.0, "elderly_risk_pct": 47.92 }, "geometry": { "type": "Polygon", "coordinates": [ [ [ 128.679075, 35.224847 ], [ 128.679089, 35.225748 ], [ 128.67799, 35.225759 ], [ 128.677977, 35.224857 ], [ 128.679075, 35.224847 ] ] ] } },
{ "type": "Feature", "properties": { "grid_id": "G056299", "child_risk_pct": 0.0, "elderly_risk_pct": 45.45 }, "geometry": { "type": "Polygon", "coordinates": [ [ [ 128.679089, 35.225748 ], [ 128.679102, 35.22665 ], [ 128.678003, 35.22666 ], [ 128.67799, 35.225759 ], [ 128.679089, 35.225748 ] ] ] } },
{ "type": "Feature", "properties": { "grid_id": "G056300", "child_risk_pct": 0.0, "elderly_risk_pct": 3.42 }, "geometry": { "type": "Polygon", "coordinates": [ [ [ 128.679102, 35.22665 ], [ 128.679115, 35.227551 ], [ 128.678016, 35.227562 ], [ 128.678003, 35.22666 ], [ 128.679102, 35.22665 ] ] ] } },
{ "type": "Feature", "properties": { "grid_id": "G056302", "child_risk_pct": 26.28, "elderly_risk_pct": 0.0 }, "geometry": { "type": "Polygon", "coordinates": [ [ [ 128.679128, 35.228453 ], [ 128.679141, 35.229354 ], [ 128.678042, 35.229365 ], [ 128.678029, 35.228463 ], [ 128.679128, 35.228453 ] ] ] } },
{ "type": "Feature", "properties": { "grid_id": "G056303", "child_risk_pct": 2.44, "elderly_risk_pct": 0.0 }, "geometry": { "type": "Polygon", "coordinates": [ [ [ 128.679141, 35.229354 ], [ 128.679154, 35.230256 ], [ 128.678055, 35.230266 ], [ 128.678042, 35.229365 ], [ 128.679141, 35.229354 ] ] ] } },
{ "type": "Feature", "properties": { "grid_id": "G056310", "child_risk_pct": 57.67, "elderly_risk_pct": 53.37 }, "geometry": { "type": "Polygon", "coordinates": [ [ [ 128.679232, 35.235665 ], [ 128.679245, 35.236566 ], [ 128.678146, 35.236577 ], [ 128.678133, 35.235676 ], [ 128.679232, 35.235665 ] ] ] } },
{ "type": "Feature", "properties": { "grid_id": "G056311", "child_risk_pct": 2.78, "elderly_risk_pct": 0.69 }, "geometry": { "type": "Polygon", "coordinates": [ [ [ 128.679245, 35.236566 ], [ 128.679258, 35.237468 ], [ 128.678159, 35.237479 ], [ 128.678146, 35.236577 ], [ 128.679245, 35.236566 ] ] ] } },
{ "type": "Feature", "properties": { "grid_id": "G056319", "child_risk_pct": 0.0, "elderly_risk_pct": 25.0 }, "geometry": { "type": "Polygon", "coordinates": [ [ [ 128.679349, 35.243779 ], [ 128.679363, 35.24468 ], [ 128.678264, 35.244691 ], [ 128.678251, 35.243789 ], [ 128.679349, 35.243779 ] ] ] } },
{ "type": "Feature", "properties": { "grid_id": "G056320", "child_risk_pct": 0.0, "elderly_risk_pct": 16.67 }, "geometry": { "type": "Polygon", "coordinates": [ [ [ 128.679363, 35.24468 ], [ 128.679376, 35.245582 ], [ 128.678277, 35.245592 ], [ 128.678264, 35.244691 ], [ 128.679363, 35.24468 ] ] ] } },
{ "type": "Feature", "properties": { "grid_id": "G056321", "child_risk_pct": 0.0, "elderly_risk_pct": 13.19 }, "geometry": { "type": "Polygon", "coordinates": [ [ [ 128.679376, 35.245582 ], [ 128.679389, 35.246483 ], [ 128.67829, 35.246494 ], [ 128.678277, 35.245592 ], [ 128.679376, 35.245582 ] ] ] } },
{ "type": "Feature", "properties": { "grid_id": "G056323", "child_risk_pct": 0.0, "elderly_risk_pct": 4.46 }, "geometry": { "type": "Polygon", "coordinates": [ [ [ 128.679402, 35.247385 ], [ 128.679415, 35.248286 ], [ 128.678316, 35.248297 ], [ 128.678303, 35.247395 ], [ 128.679402, 35.247385 ] ] ] } },
{ "type": "Feature", "properties": { "grid_id": "G056324", "child_risk_pct": 0.0, "elderly_risk_pct": 30.19 }, "geometry": { "type": "Polygon", "coordinates": [ [ [ 128.679415, 35.248286 ], [ 128.679428, 35.249188 ], [ 128.678329, 35.249198 ], [ 128.678316, 35.248297 ], [ 128.679415, 35.248286 ] ] ] } },
{ "type": "Feature", "properties": { "grid_id": "G056485", "child_risk_pct": 0.0, "elderly_risk_pct": 25.52 }, "geometry": { "type": "Polygon", "coordinates": [ [ [ 128.679236, 35.159926 ], [ 128.679249, 35.160828 ], [ 128.678151, 35.160838 ], [ 128.678138, 35.159937 ], [ 128.679236, 35.159926 ] ] ] } },
{ "type": "Feature", "properties": { "grid_id": "G056486", "child_risk_pct": 0.0, "elderly_risk_pct": 7.64 }, "geometry": { "type": "Polygon", "coordinates": [ [ [ 128.679249, 35.160828 ], [ 128.679262, 35.161729 ], [ 128.678164, 35.16174 ], [ 128.678151, 35.160838 ], [ 128.679249, 35.160828 ] ] ] } },
{ "type": "Feature", "properties": { "grid_id": "G056553", "child_risk_pct": 0.0, "elderly_risk_pct": 18.59 }, "geometry": { "type": "Polygon", "coordinates": [ [ [ 128.680122, 35.22123 ], [ 128.680135, 35.222131 ], [ 128.679036, 35.222142 ], [ 128.679023, 35.221241 ], [ 128.680122, 35.22123 ] ] ] } },
{ "type": "Feature", "properties": { "grid_id": "G056554", "child_risk_pct": 0.0, "elderly_risk_pct": 15.07 }, "geometry": { "type": "Polygon", "coordinates": [ [ [ 128.680135, 35.222131 ], [ 128.680148, 35.223033 ], [ 128.679049, 35.223044 ], [ 128.679036, 35.222142 ], [ 128.680135, 35.222131 ] ] ] } },
{ "type": "Feature", "properties": { "grid_id": "G056555", "child_risk_pct": 26.62, "elderly_risk_pct": 0.0 }, "geometry": { "type": "Polygon", "coordinates": [ [ [ 128.680148, 35.223033 ], [ 128.680161, 35.223934 ], [ 128.679062, 35.223945 ], [ 128.679049, 35.223044 ], [ 128.680148, 35.223033 ] ] ] } },
{ "type": "Feature", "properties": { "grid_id": "G056556", "child_risk_pct": 0.0, "elderly_risk_pct": 6.16 }, "geometry": { "type": "Polygon", "coordinates": [ [ [ 128.680161, 35.223934 ], [ 128.680174, 35.224836 ], [ 128.679075, 35.224847 ], [ 128.679062, 35.223945 ], [ 128.680161, 35.223934 ] ] ] } },
{ "type": "Feature", "properties": { "grid_id": "G056557", "child_risk_pct": 0.0, "elderly_risk_pct": 23.61 }, "geometry": { "type": "Polygon", "coordinates": [ [ [ 128.680174, 35.224836 ], [ 128.680187, 35.225737 ], [ 128.679089, 35.225748 ], [ 128.679075, 35.224847 ], [ 128.680174, 35.224836 ] ] ] } },
{ "type": "Feature", "properties": { "grid_id": "G056561", "child_risk_pct": 11.81, "elderly_risk_pct": 0.0 }, "geometry": { "type": "Polygon", "coordinates": [ [ [ 128.680226, 35.228442 ], [ 128.680239, 35.229344 ], [ 128.679141, 35.229354 ], [ 128.679128, 35.228453 ], [ 128.680226, 35.228442 ] ] ] } },
{ "type": "Feature", "properties": { "grid_id": "G056562", "child_risk_pct": 46.1, "elderly_risk_pct": 0.0 }, "geometry": { "type": "Polygon", "coordinates": [ [ [ 128.680239, 35.229344 ], [ 128.680252, 35.230245 ], [ 128.679154, 35.230256 ], [ 128.679141, 35.229354 ], [ 128.680239, 35.229344 ] ] ] } },
{ "type": "Feature", "properties": { "grid_id": "G056563", "child_risk_pct": 4.11, "elderly_risk_pct": 0.0 }, "geometry": { "type": "Polygon", "coordinates": [ [ [ 128.680252, 35.230245 ], [ 128.680266, 35.231147 ], [ 128.679167, 35.231157 ], [ 128.679154, 35.230256 ], [ 128.680252, 35.230245 ] ] ] } },
{ "type": "Feature", "properties": { "grid_id": "G056569", "child_risk_pct": 10.39, "elderly_risk_pct": 7.79 }, "geometry": { "type": "Polygon", "coordinates": [ [ [ 128.680331, 35.235654 ], [ 128.680344, 35.236556 ], [ 128.679245, 35.236566 ], [ 128.679232, 35.235665 ], [ 128.680331, 35.235654 ] ] ] } },
{ "type": "Feature", "properties": { "grid_id": "G056578", "child_risk_pct": 0.0, "elderly_risk_pct": 4.86 }, "geometry": { "type": "Polygon", "coordinates": [ [ [ 128.680448, 35.243768 ], [ 128.680461, 35.244669 ], [ 128.679363, 35.24468 ], [ 128.679349, 35.243779 ], [ 128.680448, 35.243768 ] ] ] } },
{ "type": "Feature", "properties": { "grid_id": "G056579", "child_risk_pct": 0.0, "elderly_risk_pct": 5.56 }, "geometry": { "type": "Polygon", "coordinates": [ [ [ 128.680461, 35.244669 ], [ 128.680475, 35.245571 ], [ 128.679376, 35.245582 ], [ 128.679363, 35.24468 ], [ 128.680461, 35.244669 ] ] ] } },
{ "type": "Feature", "properties": { "grid_id": "G056582", "child_risk_pct": 0.0, "elderly_risk_pct": 18.06 }, "geometry": { "type": "Polygon", "coordinates": [ [ [ 128.680501, 35.247374 ], [ 128.680514, 35.248275 ], [ 128.679415, 35.248286 ], [ 128.679402, 35.247385 ], [ 128.680501, 35.247374 ] ] ] } },
{ "type": "Feature", "properties": { "grid_id": "G056583", "child_risk_pct": 0.0, "elderly_risk_pct": 24.36 }, "geometry": { "type": "Polygon", "coordinates": [ [ [ 128.680514, 35.248275 ], [ 128.680527, 35.249177 ], [ 128.679428, 35.249188 ], [ 128.679415, 35.248286 ], [ 128.680514, 35.248275 ] ] ] } },
{ "type": "Feature", "properties": { "grid_id": "G056738", "child_risk_pct": 0.0, "elderly_risk_pct": 8.33 }, "geometry": { "type": "Polygon", "coordinates": [ [ [ 128.680255, 35.154506 ], [ 128.680268, 35.155408 ], [ 128.679171, 35.155419 ], [ 128.679158, 35.154517 ], [ 128.680255, 35.154506 ] ] ] } },
{ "type": "Feature", "properties": { "grid_id": "G056739", "child_risk_pct": 0.0, "elderly_risk_pct": 0.69 }, "geometry": { "type": "Polygon", "coordinates": [ [ [ 128.680268, 35.155408 ], [ 128.680281, 35.156309 ], [ 128.679184, 35.15632 ], [ 128.679171, 35.155419 ], [ 128.680268, 35.155408 ] ] ] } },
{ "type": "Feature", "properties": { "grid_id": "G056744", "child_risk_pct": 0.0, "elderly_risk_pct": 0.67 }, "geometry": { "type": "Polygon", "coordinates": [ [ [ 128.680333, 35.159916 ], [ 128.680347, 35.160817 ], [ 128.679249, 35.160828 ], [ 128.679236, 35.159926 ], [ 128.680333, 35.159916 ] ] ] } },
{ "type": "Feature", "properties": { "grid_id": "G056745", "child_risk_pct": 0.0, "elderly_risk_pct": 19.44 }, "geometry": { "type": "Polygon", "coordinates": [ [ [ 128.680347, 35.160817 ], [ 128.68036, 35.161719 ], [ 128.679262, 35.161729 ], [ 128.679249, 35.160828 ], [ 128.680347, 35.160817 ] ] ] } },
{ "type": "Feature", "properties": { "grid_id": "G056804", "child_risk_pct": 16.56, "elderly_risk_pct": 15.34 }, "geometry": { "type": "Polygon", "coordinates": [ [ [ 128.681116, 35.214007 ], [ 128.681129, 35.214909 ], [ 128.680031, 35.214919 ], [ 128.680018, 35.214018 ], [ 128.681116, 35.214007 ] ] ] } },
{ "type": "Feature", "properties": { "grid_id": "G056811", "child_risk_pct": 0.0, "elderly_risk_pct": 8.7 }, "geometry": { "type": "Polygon", "coordinates": [ [ [ 128.681207, 35.220318 ], [ 128.681221, 35.221219 ], [ 128.680122, 35.22123 ], [ 128.680109, 35.220328 ], [ 128.681207, 35.220318 ] ] ] } },
{ "type": "Feature", "properties": { "grid_id": "G056812", "child_risk_pct": 0.0, "elderly_risk_pct": 9.59 }, "geometry": { "type": "Polygon", "coordinates": [ [ [ 128.681221, 35.221219 ], [ 128.681234, 35.222121 ], [ 128.680135, 35.222131 ], [ 128.680122, 35.22123 ], [ 128.681221, 35.221219 ] ] ] } },
{ "type": "Feature", "properties": { "grid_id": "G056813", "child_risk_pct": 0.0, "elderly_risk_pct": 4.86 }, "geometry": { "type": "Polygon", "coordinates": [ [ [ 128.681234, 35.222121 ], [ 128.681247, 35.223022 ], [ 128.680148, 35.223033 ], [ 128.680135, 35.222131 ], [ 128.681234, 35.222121 ] ] ] } },
{ "type": "Feature", "properties": { "grid_id": "G056815", "child_risk_pct": 0.0, "elderly_risk_pct": 14.1 }, "geometry": { "type": "Polygon", "coordinates": [ [ [ 128.68126, 35.223924 ], [ 128.681273, 35.224825 ], [ 128.680174, 35.224836 ], [ 128.680161, 35.223934 ], [ 128.68126, 35.223924 ] ] ] } },
{ "type": "Feature", "properties": { "grid_id": "G056816", "child_risk_pct": 0.0, "elderly_risk_pct": 6.16 }, "geometry": { "type": "Polygon", "coordinates": [ [ [ 128.681273, 35.224825 ], [ 128.681286, 35.225727 ], [ 128.680187, 35.225737 ], [ 128.680174, 35.224836 ], [ 128.681273, 35.224825 ] ] ] } },
{ "type": "Feature", "properties": { "grid_id": "G056820", "child_risk_pct": 10.42, "elderly_risk_pct": 7.64 }, "geometry": { "type": "Polygon", "coordinates": [ [ [ 128.681325, 35.228431 ], [ 128.681338, 35.229333 ], [ 128.680239, 35.229344 ], [ 128.680226, 35.228442 ], [ 128.681325, 35.228431 ] ] ] } },
{ "type": "Feature", "properties": { "grid_id": "G056821", "child_risk_pct": 11.81, "elderly_risk_pct": 10.42 }, "geometry": { "type": "Polygon", "coordinates": [ [ [ 128.681338, 35.229333 ], [ 128.681351, 35.230234 ], [ 128.680252, 35.230245 ], [ 128.680239, 35.229344 ], [ 128.681338, 35.229333 ] ] ] } },
{ "type": "Feature", "properties": { "grid_id": "G056834", "child_risk_pct": 0.0, "elderly_risk_pct": 5.56 }, "geometry": { "type": "Polygon", "coordinates": [ [ [ 128.681508, 35.241053 ], [ 128.681521, 35.241954 ], [ 128.680422, 35.241965 ], [ 128.680409, 35.241063 ], [ 128.681508, 35.241053 ] ] ] } },
{ "type": "Feature", "properties": { "grid_id": "G056842", "child_risk_pct": 0.0, "elderly_risk_pct": 3.45 }, "geometry": { "type": "Polygon", "coordinates": [ [ [ 128.681613, 35.248265 ], [ 128.681626, 35.249166 ], [ 128.680527, 35.249177 ], [ 128.680514, 35.248275 ], [ 128.681613, 35.248265 ] ] ] } },
{ "type": "Feature", "properties": { "grid_id": "G056996", "child_risk_pct": 0.0, "elderly_risk_pct": 2.56 }, "geometry": { "type": "Polygon", "coordinates": [ [ [ 128.68134, 35.153594 ], [ 128.681353, 35.154496 ], [ 128.680255, 35.154506 ], [ 128.680242, 35.153605 ], [ 128.68134, 35.153594 ] ] ] } },
{ "type": "Feature", "properties": { "grid_id": "G056997", "child_risk_pct": 0.0, "elderly_risk_pct": 34.03 }, "geometry": { "type": "Polygon", "coordinates": [ [ [ 128.681353, 35.154496 ], [ 128.681366, 35.155397 ], [ 128.680268, 35.155408 ], [ 128.680255, 35.154506 ], [ 128.681353, 35.154496 ] ] ] } },
{ "type": "Feature", "properties": { "grid_id": "G056998", "child_risk_pct": 0.0, "elderly_risk_pct": 19.46 }, "geometry": { "type": "Polygon", "coordinates": [ [ [ 128.681366, 35.155397 ], [ 128.681379, 35.156299 ], [ 128.680281, 35.156309 ], [ 128.680268, 35.155408 ], [ 128.681366, 35.155397 ] ] ] } },
{ "type": "Feature", "properties": { "grid_id": "G057002", "child_risk_pct": 0.0, "elderly_risk_pct": 2.08 }, "geometry": { "type": "Polygon", "coordinates": [ [ [ 128.681418, 35.159003 ], [ 128.681431, 35.159905 ], [ 128.680333, 35.159916 ], [ 128.68032, 35.159014 ], [ 128.681418, 35.159003 ] ] ] } },
{ "type": "Feature", "properties": { "grid_id": "G057003", "child_risk_pct": 0.0, "elderly_risk_pct": 0.64 }, "geometry": { "type": "Polygon", "coordinates": [ [ [ 128.681431, 35.159905 ], [ 128.681444, 35.160806 ], [ 128.680347, 35.160817 ], [ 128.680333, 35.159916 ], [ 128.681431, 35.159905 ] ] ] } },
{ "type": "Feature", "properties": { "grid_id": "G057004", "child_risk_pct": 0.0, "elderly_risk_pct": 18.06 }, "geometry": { "type": "Polygon", "coordinates": [ [ [ 128.681444, 35.160806 ], [ 128.681457, 35.161708 ], [ 128.68036, 35.161719 ], [ 128.680347, 35.160817 ], [ 128.681444, 35.160806 ] ] ] } },
{ "type": "Feature", "properties": { "grid_id": "G057062", "child_risk_pct": 0.69, "elderly_risk_pct": 0.0 }, "geometry": { "type": "Polygon", "coordinates": [ [ [ 128.682201, 35.213095 ], [ 128.682215, 35.213996 ], [ 128.681116, 35.214007 ], [ 128.681103, 35.213105 ], [ 128.682201, 35.213095 ] ] ] } },
{ "type": "Feature", "properties": { "grid_id": "G057063", "child_risk_pct": 25.69, "elderly_risk_pct": 24.31 }, "geometry": { "type": "Polygon", "coordinates": [ [ [ 128.682215, 35.213996 ], [ 128.682228, 35.214898 ], [ 128.681129, 35.214909 ], [ 128.681116, 35.214007 ], [ 128.682215, 35.213996 ] ] ] } },
{ "type": "Feature", "properties": { "grid_id": "G057070", "child_risk_pct": 0.0, "elderly_risk_pct": 38.19 }, "geometry": { "type": "Polygon", "coordinates": [ [ [ 128.682306, 35.220307 ], [ 128.682319, 35.221208 ], [ 128.681221, 35.221219 ], [ 128.681207, 35.220318 ], [ 128.682306, 35.220307 ] ] ] } },
{ "type": "Feature", "properties": { "grid_id": "G057071", "child_risk_pct": 0.0, "elderly_risk_pct": 51.28 }, "geometry": { "type": "Polygon", "coordinates": [ [ [ 128.682319, 35.221208 ], [ 128.682332, 35.22211 ], [ 128.681234, 35.222121 ], [ 128.681221, 35.221219 ], [ 128.682319, 35.221208 ] ] ] } },
{ "type": "Feature", "properties": { "grid_id": "G057072", "child_risk_pct": 0.0, "elderly_risk_pct": 17.36 }, "geometry": { "type": "Polygon", "coordinates": [ [ [ 128.682332, 35.22211 ], [ 128.682345, 35.223011 ], [ 128.681247, 35.223022 ], [ 128.681234, 35.222121 ], [ 128.682332, 35.22211 ] ] ] } },
{ "type": "Feature", "properties": { "grid_id": "G057079", "child_risk_pct": 0.0, "elderly_risk_pct": 18.75 }, "geometry": { "type": "Polygon", "coordinates": [ [ [ 128.682424, 35.228421 ], [ 128.682437, 35.229322 ], [ 128.681338, 35.229333 ], [ 128.681325, 35.228431 ], [ 128.682424, 35.228421 ] ] ] } },
{ "type": "Feature", "properties": { "grid_id": "G057080", "child_risk_pct": 0.0, "elderly_risk_pct": 14.58 }, "geometry": { "type": "Polygon", "coordinates": [ [ [ 128.682437, 35.229322 ], [ 128.68245, 35.230224 ], [ 128.681351, 35.230234 ], [ 128.681338, 35.229333 ], [ 128.682437, 35.229322 ] ] ] } },
{ "type": "Feature", "properties": { "grid_id": "G057092", "child_risk_pct": 0.0, "elderly_risk_pct": 1.28 }, "geometry": { "type": "Polygon", "coordinates": [ [ [ 128.682594, 35.24014 ], [ 128.682607, 35.241042 ], [ 128.681508, 35.241053 ], [ 128.681495, 35.240151 ], [ 128.682594, 35.24014 ] ] ] } },
{ "type": "Feature", "properties": { "grid_id": "G057093", "child_risk_pct": 0.0, "elderly_risk_pct": 59.72 }, "geometry": { "type": "Polygon", "coordinates": [ [ [ 128.682607, 35.241042 ], [ 128.68262, 35.241943 ], [ 128.681521, 35.241954 ], [ 128.681508, 35.241053 ], [ 128.682607, 35.241042 ] ] ] } },
{ "type": "Feature", "properties": { "grid_id": "G057094", "child_risk_pct": 0.0, "elderly_risk_pct": 9.66 }, "geometry": { "type": "Polygon", "coordinates": [ [ [ 128.68262, 35.241943 ], [ 128.682633, 35.242845 ], [ 128.681534, 35.242856 ], [ 128.681521, 35.241954 ], [ 128.68262, 35.241943 ] ] ] } },
{ "type": "Feature", "properties": { "grid_id": "G057255", "child_risk_pct": 0.0, "elderly_risk_pct": 0.64 }, "geometry": { "type": "Polygon", "coordinates": [ [ [ 128.682451, 35.154485 ], [ 128.682464, 35.155386 ], [ 128.681366, 35.155397 ], [ 128.681353, 35.154496 ], [ 128.682451, 35.154485 ] ] ] } },
{ "type": "Feature", "properties": { "grid_id": "G057260", "child_risk_pct": 0.0, "elderly_risk_pct": 20.83 }, "geometry": { "type": "Polygon", "coordinates": [ [ [ 128.682516, 35.158993 ], [ 128.682529, 35.159894 ], [ 128.681431, 35.159905 ], [ 128.681418, 35.159003 ], [ 128.682516, 35.158993 ] ] ] } },
{ "type": "Feature", "properties": { "grid_id": "G057261", "child_risk_pct": 0.0, "elderly_risk_pct": 3.36 }, "geometry": { "type": "Polygon", "coordinates": [ [ [ 128.682529, 35.159894 ], [ 128.682542, 35.160796 ], [ 128.681444, 35.160806 ], [ 128.681431, 35.159905 ], [ 128.682529, 35.159894 ] ] ] } },
{ "type": "Feature", "properties": { "grid_id": "G057324", "child_risk_pct": 0.0, "elderly_risk_pct": 17.95 }, "geometry": { "type": "Polygon", "coordinates": [ [ [ 128.683352, 35.21669 ], [ 128.683365, 35.217592 ], [ 128.682267, 35.217602 ], [ 128.682254, 35.216701 ], [ 128.683352, 35.21669 ] ] ] } },
{ "type": "Feature", "properties": { "grid_id": "G057325", "child_risk_pct": 0.0, "elderly_risk_pct": 14.77 }, "geometry": { "type": "Polygon", "coordinates": [ [ [ 128.683365, 35.217592 ], [ 128.683378, 35.218493 ], [ 128.68228, 35.218504 ], [ 128.682267, 35.217602 ], [ 128.683365, 35.217592 ] ] ] } },
{ "type": "Feature", "properties": { "grid_id": "G057327", "child_risk_pct": 0.0, "elderly_risk_pct": 26.39 }, "geometry": { "type": "Polygon", "coordinates": [ [ [ 128.683392, 35.219395 ], [ 128.683405, 35.220296 ], [ 128.682306, 35.220307 ], [ 128.682293, 35.219405 ], [ 128.683392, 35.219395 ] ] ] } },
{ "type": "Feature", "properties": { "grid_id": "G057328", "child_risk_pct": 0.0, "elderly_risk_pct": 50.69 }, "geometry": { "type": "Polygon", "coordinates": [ [ [ 128.683405, 35.220296 ], [ 128.683418, 35.221198 ], [ 128.682319, 35.221208 ], [ 128.682306, 35.220307 ], [ 128.683405, 35.220296 ] ] ] } },
{ "type": "Feature", "properties": { "grid_id": "G057329", "child_risk_pct": 0.0, "elderly_risk_pct": 6.54 }, "geometry": { "type": "Polygon", "coordinates": [ [ [ 128.683418, 35.221198 ], [ 128.683431, 35.222099 ], [ 128.682332, 35.22211 ], [ 128.682319, 35.221208 ], [ 128.683418, 35.221198 ] ] ] } },
{ "type": "Feature", "properties": { "grid_id": "G057346", "child_risk_pct": 0.0, "elderly_risk_pct": 3.47 }, "geometry": { "type": "Polygon", "coordinates": [ [ [ 128.68364, 35.236523 ], [ 128.683653, 35.237425 ], [ 128.682555, 35.237436 ], [ 128.682542, 35.236534 ], [ 128.68364, 35.236523 ] ] ] } },
{ "type": "Feature", "properties": { "grid_id": "G057347", "child_risk_pct": 0.0, "elderly_risk_pct": 23.72 }, "geometry": { "type": "Polygon", "coordinates": [ [ [ 128.683653, 35.237425 ], [ 128.683667, 35.238327 ], [ 128.682568, 35.238337 ], [ 128.682555, 35.237436 ], [ 128.683653, 35.237425 ] ] ] } },
{ "type": "Feature", "properties": { "grid_id": "G057355", "child_risk_pct": 0.0, "elderly_risk_pct": 15.28 }, "geometry": { "type": "Polygon", "coordinates": [ [ [ 128.683758, 35.244637 ], [ 128.683771, 35.245539 ], [ 128.682672, 35.245549 ], [ 128.682659, 35.244648 ], [ 128.683758, 35.244637 ] ] ] } },
{ "type": "Feature", "properties": { "grid_id": "G057356", "child_risk_pct": 0.0, "elderly_risk_pct": 10.42 }, "geometry": { "type": "Polygon", "coordinates": [ [ [ 128.683771, 35.245539 ], [ 128.683784, 35.24644 ], [ 128.682685, 35.246451 ], [ 128.682672, 35.245549 ], [ 128.683771, 35.245539 ] ] ] } },
{ "type": "Feature", "properties": { "grid_id": "G057516", "child_risk_pct": 0.0, "elderly_risk_pct": 0.66 }, "geometry": { "type": "Polygon", "coordinates": [ [ [ 128.683588, 35.157179 ], [ 128.683601, 35.15808 ], [ 128.682503, 35.158091 ], [ 128.68249, 35.15719 ], [ 128.683588, 35.157179 ] ] ] } },
{ "type": "Feature", "properties": { "grid_id": "G057517", "child_risk_pct": 0.0, "elderly_risk_pct": 4.73 }, "geometry": { "type": "Polygon", "coordinates": [ [ [ 128.683601, 35.15808 ], [ 128.683614, 35.158982 ], [ 128.682516, 35.158993 ], [ 128.682503, 35.158091 ], [ 128.683601, 35.15808 ] ] ] } },
{ "type": "Feature", "properties": { "grid_id": "G057582", "child_risk_pct": 0.0, "elderly_risk_pct": 11.11 }, "geometry": { "type": "Polygon", "coordinates": [ [ [ 128.684451, 35.216679 ], [ 128.684464, 35.217581 ], [ 128.683365, 35.217592 ], [ 128.683352, 35.21669 ], [ 128.684451, 35.216679 ] ] ] } },
{ "type": "Feature", "properties": { "grid_id": "G057583", "child_risk_pct": 0.0, "elderly_risk_pct": 2.08 }, "geometry": { "type": "Polygon", "coordinates": [ [ [ 128.684464, 35.217581 ], [ 128.684477, 35.218482 ], [ 128.683378, 35.218493 ], [ 128.683365, 35.217592 ], [ 128.684464, 35.217581 ] ] ] } },
{ "type": "Feature", "properties": { "grid_id": "G057584", "child_risk_pct": 0.0, "elderly_risk_pct": 14.38 }, "geometry": { "type": "Polygon", "coordinates": [ [ [ 128.684477, 35.218482 ], [ 128.68449, 35.219384 ], [ 128.683392, 35.219395 ], [ 128.683378, 35.218493 ], [ 128.684477, 35.218482 ] ] ] } },
{ "type": "Feature", "properties": { "grid_id": "G057585", "child_risk_pct": 0.0, "elderly_risk_pct": 48.98 }, "geometry": { "type": "Polygon", "coordinates": [ [ [ 128.68449, 35.219384 ], [ 128.684503, 35.220285 ], [ 128.683405, 35.220296 ], [ 128.683392, 35.219395 ], [ 128.68449, 35.219384 ] ] ] } },
{ "type": "Feature", "properties": { "grid_id": "G057586", "child_risk_pct": 0.0, "elderly_risk_pct": 34.72 }, "geometry": { "type": "Polygon", "coordinates": [ [ [ 128.684503, 35.220285 ], [ 128.684516, 35.221187 ], [ 128.683418, 35.221198 ], [ 128.683405, 35.220296 ], [ 128.684503, 35.220285 ] ] ] } },
{ "type": "Feature", "properties": { "grid_id": "G057587", "child_risk_pct": 0.0, "elderly_risk_pct": 13.55 }, "geometry": { "type": "Polygon", "coordinates": [ [ [ 128.684516, 35.221187 ], [ 128.684529, 35.222088 ], [ 128.683431, 35.222099 ], [ 128.683418, 35.221198 ], [ 128.684516, 35.221187 ] ] ] } },
{ "type": "Feature", "properties": { "grid_id": "G057604", "child_risk_pct": 0.0, "elderly_risk_pct": 9.03 }, "geometry": { "type": "Polygon", "coordinates": [ [ [ 128.684739, 35.236513 ], [ 128.684752, 35.237414 ], [ 128.683653, 35.237425 ], [ 128.68364, 35.236523 ], [ 128.684739, 35.236513 ] ] ] } },
{ "type": "Feature", "properties": { "grid_id": "G057605", "child_risk_pct": 0.0, "elderly_risk_pct": 18.95 }, "geometry": { "type": "Polygon", "coordinates": [ [ [ 128.684752, 35.237414 ], [ 128.684765, 35.238316 ], [ 128.683667, 35.238327 ], [ 128.683653, 35.237425 ], [ 128.684752, 35.237414 ] ] ] } },
{ "type": "Feature", "properties": { "grid_id": "G057613", "child_risk_pct": 0.0, "elderly_risk_pct": 12.33 }, "geometry": { "type": "Polygon", "coordinates": [ [ [ 128.684857, 35.244626 ], [ 128.68487, 35.245528 ], [ 128.683771, 35.245539 ], [ 128.683758, 35.244637 ], [ 128.684857, 35.244626 ] ] ] } },
{ "type": "Feature", "properties": { "grid_id": "G057614", "child_risk_pct": 0.0, "elderly_risk_pct": 6.67 }, "geometry": { "type": "Polygon", "coordinates": [ [ [ 128.68487, 35.245528 ], [ 128.684883, 35.246429 ], [ 128.683784, 35.24644 ], [ 128.683771, 35.245539 ], [ 128.68487, 35.245528 ] ] ] } },
{ "type": "Feature", "properties": { "grid_id": "G057770", "child_risk_pct": 0.0, "elderly_risk_pct": 17.36 }, "geometry": { "type": "Polygon", "coordinates": [ [ [ 128.684633, 35.153562 ], [ 128.684646, 35.154464 ], [ 128.683548, 35.154474 ], [ 128.683535, 35.153573 ], [ 128.684633, 35.153562 ] ] ] } },
{ "type": "Feature", "properties": { "grid_id": "G057771", "child_risk_pct": 0.0, "elderly_risk_pct": 8.44 }, "geometry": { "type": "Polygon", "coordinates": [ [ [ 128.684646, 35.154464 ], [ 128.684659, 35.155365 ], [ 128.683562, 35.155376 ], [ 128.683548, 35.154474 ], [ 128.684646, 35.154464 ] ] ] } },
{ "type": "Feature", "properties": { "grid_id": "G057774", "child_risk_pct": 0.0, "elderly_risk_pct": 9.66 }, "geometry": { "type": "Polygon", "coordinates": [ [ [ 128.684685, 35.157168 ], [ 128.684698, 35.15807 ], [ 128.683601, 35.15808 ], [ 128.683588, 35.157179 ], [ 128.684685, 35.157168 ] ] ] } },
{ "type": "Feature", "properties": { "grid_id": "G057775", "child_risk_pct": 0.0, "elderly_risk_pct": 29.59 }, "geometry": { "type": "Polygon", "coordinates": [ [ [ 128.684698, 35.15807 ], [ 128.684712, 35.158971 ], [ 128.683614, 35.158982 ], [ 128.683601, 35.15808 ], [ 128.684698, 35.15807 ] ] ] } },
{ "type": "Feature", "properties": { "grid_id": "G057842", "child_risk_pct": 0.0, "elderly_risk_pct": 31.94 }, "geometry": { "type": "Polygon", "coordinates": [ [ [ 128.685576, 35.218472 ], [ 128.685589, 35.219373 ], [ 128.68449, 35.219384 ], [ 128.684477, 35.218482 ], [ 128.685576, 35.218472 ] ] ] } },
{ "type": "Feature", "properties": { "grid_id": "G057843", "child_risk_pct": 0.0, "elderly_risk_pct": 56.17 }, "geometry": { "type": "Polygon", "coordinates": [ [ [ 128.685589, 35.219373 ], [ 128.685602, 35.220275 ], [ 128.684503, 35.220285 ], [ 128.68449, 35.219384 ], [ 128.685589, 35.219373 ] ] ] } },
{ "type": "Feature", "properties": { "grid_id": "G057844", "child_risk_pct": 0.0, "elderly_risk_pct": 44.87 }, "geometry": { "type": "Polygon", "coordinates": [ [ [ 128.685602, 35.220275 ], [ 128.685615, 35.221176 ], [ 128.684516, 35.221187 ], [ 128.684503, 35.220285 ], [ 128.685602, 35.220275 ] ] ] } },
{ "type": "Feature", "properties": { "grid_id": "G057845", "child_risk_pct": 0.0, "elderly_risk_pct": 19.31 }, "geometry": { "type": "Polygon", "coordinates": [ [ [ 128.685615, 35.221176 ], [ 128.685628, 35.222078 ], [ 128.684529, 35.222088 ], [ 128.684516, 35.221187 ], [ 128.685615, 35.221176 ] ] ] } },
{ "type": "Feature", "properties": { "grid_id": "G057846", "child_risk_pct": 0.0, "elderly_risk_pct": 17.76 }, "geometry": { "type": "Polygon", "coordinates": [ [ [ 128.685628, 35.222078 ], [ 128.685641, 35.222979 ], [ 128.684543, 35.22299 ], [ 128.684529, 35.222088 ], [ 128.685628, 35.222078 ] ] ] } },
{ "type": "Feature", "properties": { "grid_id": "G057847", "child_risk_pct": 0.0, "elderly_risk_pct": 31.08 }, "geometry": { "type": "Polygon", "coordinates": [ [ [ 128.685641, 35.222979 ], [ 128.685654, 35.223881 ], [ 128.684556, 35.223891 ], [ 128.684543, 35.22299 ], [ 128.685641, 35.222979 ] ] ] } },
{ "type": "Feature", "properties": { "grid_id": "G057848", "child_risk_pct": 0.0, "elderly_risk_pct": 4.86 }, "geometry": { "type": "Polygon", "coordinates": [ [ [ 128.685654, 35.223881 ], [ 128.685667, 35.224782 ], [ 128.684569, 35.224793 ], [ 128.684556, 35.223891 ], [ 128.685654, 35.223881 ] ] ] } },
{ "type": "Feature", "properties": { "grid_id": "G057862", "child_risk_pct": 0.0, "elderly_risk_pct": 18.75 }, "geometry": { "type": "Polygon", "coordinates": [ [ [ 128.685838, 35.236502 ], [ 128.685851, 35.237403 ], [ 128.684752, 35.237414 ], [ 128.684739, 35.236513 ], [ 128.685838, 35.236502 ] ] ] } },
{ "type": "Feature", "properties": { "grid_id": "G057863", "child_risk_pct": 0.0, "elderly_risk_pct": 12.5 }, "geometry": { "type": "Polygon", "coordinates": [ [ [ 128.685851, 35.237403 ], [ 128.685864, 35.238305 ], [ 128.684765, 35.238316 ], [ 128.684752, 35.237414 ], [ 128.685851, 35.237403 ] ] ] } },
{ "type": "Feature", "properties": { "grid_id": "G057867", "child_risk_pct": 0.0, "elderly_risk_pct": 22.22 }, "geometry": { "type": "Polygon", "coordinates": [ [ [ 128.685904, 35.24101 ], [ 128.685917, 35.241911 ], [ 128.684818, 35.241922 ], [ 128.684805, 35.24102 ], [ 128.685904, 35.24101 ] ] ] } },
{ "type": "Feature", "properties": { "grid_id": "G057868", "child_risk_pct": 0.0, "elderly_risk_pct": 4.08 }, "geometry": { "type": "Polygon", "coordinates": [ [ [ 128.685917, 35.241911 ], [ 128.68593, 35.242813 ], [ 128.684831, 35.242823 ], [ 128.684818, 35.241922 ], [ 128.685917, 35.241911 ] ] ] } },
{ "type": "Feature", "properties": { "grid_id": "G057876", "child_risk_pct": 0.0, "elderly_risk_pct": 0.69 }, "geometry": { "type": "Polygon", "coordinates": [ [ [ 128.686022, 35.249123 ], [ 128.686035, 35.250025 ], [ 128.684936, 35.250035 ], [ 128.684923, 35.249134 ], [ 128.686022, 35.249123 ] ] ] } },
{ "type": "Feature", "properties": { "grid_id": "G057877", "child_risk_pct": 0.0, "elderly_risk_pct": 17.12 }, "geometry": { "type": "Polygon", "coordinates": [ [ [ 128.686035, 35.250025 ], [ 128.686048, 35.250926 ], [ 128.684949, 35.250937 ], [ 128.684936, 35.250035 ], [ 128.686035, 35.250025 ] ] ] } },
{ "type": "Feature", "properties": { "grid_id": "G057880", "child_risk_pct": 0.0, "elderly_risk_pct": 9.03 }, "geometry": { "type": "Polygon", "coordinates": [ [ [ 128.686074, 35.252729 ], [ 128.686087, 35.253631 ], [ 128.684988, 35.253641 ], [ 128.684975, 35.25274 ], [ 128.686074, 35.252729 ] ] ] } },
{ "type": "Feature", "properties": { "grid_id": "G057908", "child_risk_pct": 0.0, "elderly_risk_pct": 4.11 }, "geometry": { "type": "Polygon", "coordinates": [ [ [ 128.686442, 35.277972 ], [ 128.686455, 35.278873 ], [ 128.685356, 35.278884 ], [ 128.685343, 35.277982 ], [ 128.686442, 35.277972 ] ] ] } },
{ "type": "Feature", "properties": { "grid_id": "G057909", "child_risk_pct": 0.0, "elderly_risk_pct": 7.14 }, "geometry": { "type": "Polygon", "coordinates": [ [ [ 128.686455, 35.278873 ], [ 128.686468, 35.279775 ], [ 128.685369, 35.279785 ], [ 128.685356, 35.278884 ], [ 128.686455, 35.278873 ] ] ] } },
{ "type": "Feature", "properties": { "grid_id": "G058028", "child_risk_pct": 0.0, "elderly_risk_pct": 6.25 }, "geometry": { "type": "Polygon", "coordinates": [ [ [ 128.685731, 35.153551 ], [ 128.685744, 35.154453 ], [ 128.684646, 35.154464 ], [ 128.684633, 35.153562 ], [ 128.685731, 35.153551 ] ] ] } },
{ "type": "Feature", "properties": { "grid_id": "G058029", "child_risk_pct": 0.0, "elderly_risk_pct": 2.08 }, "geometry": { "type": "Polygon", "coordinates": [ [ [ 128.685744, 35.154453 ], [ 128.685757, 35.155354 ], [ 128.684659, 35.155365 ], [ 128.684646, 35.154464 ], [ 128.685744, 35.154453 ] ] ] } },
{ "type": "Feature", "properties": { "grid_id": "G058030", "child_risk_pct": 0.0, "elderly_risk_pct": 10.26 }, "geometry": { "type": "Polygon", "coordinates": [ [ [ 128.685757, 35.155354 ], [ 128.68577, 35.156256 ], [ 128.684672, 35.156267 ], [ 128.684659, 35.155365 ], [ 128.685757, 35.155354 ] ] ] } },
{ "type": "Feature", "properties": { "grid_id": "G058098", "child_risk_pct": 0.0, "elderly_risk_pct": 1.92 }, "geometry": { "type": "Polygon", "coordinates": [ [ [ 128.686648, 35.216658 ], [ 128.686661, 35.217559 ], [ 128.685562, 35.21757 ], [ 128.685549, 35.216669 ], [ 128.686648, 35.216658 ] ] ] } },
{ "type": "Feature", "properties": { "grid_id": "G058099", "child_risk_pct": 0.0, "elderly_risk_pct": 0.69 }, "geometry": { "type": "Polygon", "coordinates": [ [ [ 128.686661, 35.217559 ], [ 128.686674, 35.218461 ], [ 128.685576, 35.218472 ], [ 128.685562, 35.21757 ], [ 128.686661, 35.217559 ] ] ] } },
{ "type": "Feature", "properties": { "grid_id": "G058102", "child_risk_pct": 0.0, "elderly_risk_pct": 7.43 }, "geometry": { "type": "Polygon", "coordinates": [ [ [ 128.6867, 35.220264 ], [ 128.686714, 35.221165 ], [ 128.685615, 35.221176 ], [ 128.685602, 35.220275 ], [ 128.6867, 35.220264 ] ] ] } },
{ "type": "Feature", "properties": { "grid_id": "G058103", "child_risk_pct": 0.0, "elderly_risk_pct": 6.25 }, "geometry": { "type": "Polygon", "coordinates": [ [ [ 128.686714, 35.221165 ], [ 128.686727, 35.222067 ], [ 128.685628, 35.222078 ], [ 128.685615, 35.221176 ], [ 128.686714, 35.221165 ] ] ] } },
{ "type": "Feature", "properties": { "grid_id": "G058104", "child_risk_pct": 0.0, "elderly_risk_pct": 2.08 }, "geometry": { "type": "Polygon", "coordinates": [ [ [ 128.686727, 35.222067 ], [ 128.68674, 35.222968 ], [ 128.685641, 35.222979 ], [ 128.685628, 35.222078 ], [ 128.686727, 35.222067 ] ] ] } },
{ "type": "Feature", "properties": { "grid_id": "G058105", "child_risk_pct": 0.0, "elderly_risk_pct": 32.69 }, "geometry": { "type": "Polygon", "coordinates": [ [ [ 128.68674, 35.222968 ], [ 128.686753, 35.22387 ], [ 128.685654, 35.223881 ], [ 128.685641, 35.222979 ], [ 128.68674, 35.222968 ] ] ] } },
{ "type": "Feature", "properties": { "grid_id": "G058106", "child_risk_pct": 0.0, "elderly_risk_pct": 36.99 }, "geometry": { "type": "Polygon", "coordinates": [ [ [ 128.686753, 35.22387 ], [ 128.686766, 35.224771 ], [ 128.685667, 35.224782 ], [ 128.685654, 35.223881 ], [ 128.686753, 35.22387 ] ] ] } },
{ "type": "Feature", "properties": { "grid_id": "G058120", "child_risk_pct": 0.0, "elderly_risk_pct": 7.33 }, "geometry": { "type": "Polygon", "coordinates": [ [ [ 128.686937, 35.236491 ], [ 128.68695, 35.237393 ], [ 128.685851, 35.237403 ], [ 128.685838, 35.236502 ], [ 128.686937, 35.236491 ] ] ] } },
{ "type": "Feature", "properties": { "grid_id": "G058121", "child_risk_pct": 0.0, "elderly_risk_pct": 23.08 }, "geometry": { "type": "Polygon", "coordinates": [ [ [ 128.68695, 35.237393 ], [ 128.686963, 35.238294 ], [ 128.685864, 35.238305 ], [ 128.685851, 35.237403 ], [ 128.68695, 35.237393 ] ] ] } },
{ "type": "Feature", "properties": { "grid_id": "G058125", "child_risk_pct": 0.0, "elderly_risk_pct": 5.56 }, "geometry": { "type": "Polygon", "coordinates": [ [ [ 128.687002, 35.240999 ], [ 128.687016, 35.2419 ], [ 128.685917, 35.241911 ], [ 128.685904, 35.24101 ], [ 128.687002, 35.240999 ] ] ] } },
{ "type": "Feature", "properties": { "grid_id": "G058126", "child_risk_pct": 0.0, "elderly_risk_pct": 7.05 }, "geometry": { "type": "Polygon", "coordinates": [ [ [ 128.687016, 35.2419 ], [ 128.687029, 35.242802 ], [ 128.68593, 35.242813 ], [ 128.685917, 35.241911 ], [ 128.687016, 35.2419 ] ] ] } },
{ "type": "Feature", "properties": { "grid_id": "G058166", "child_risk_pct": 0.0, "elderly_risk_pct": 25.0 }, "geometry": { "type": "Polygon", "coordinates": [ [ [ 128.687542, 35.277961 ], [ 128.687555, 35.278862 ], [ 128.686455, 35.278873 ], [ 128.686442, 35.277972 ], [ 128.687542, 35.277961 ] ] ] } },
{ "type": "Feature", "properties": { "grid_id": "G058167", "child_risk_pct": 0.0, "elderly_risk_pct": 11.54 }, "geometry": { "type": "Polygon", "coordinates": [ [ [ 128.687555, 35.278862 ], [ 128.687568, 35.279764 ], [ 128.686468, 35.279775 ], [ 128.686455, 35.278873 ], [ 128.687555, 35.278862 ] ] ] } },
{ "type": "Feature", "properties": { "grid_id": "G058168", "child_risk_pct": 0.0, "elderly_risk_pct": 1.31 }, "geometry": { "type": "Polygon", "coordinates": [ [ [ 128.687568, 35.279764 ], [ 128.687581, 35.280665 ], [ 128.686482, 35.280676 ], [ 128.686468, 35.279775 ], [ 128.687568, 35.279764 ] ] ] } },
{ "type": "Feature", "properties": { "grid_id": "G058284", "child_risk_pct": 0.0, "elderly_risk_pct": 16.67 }, "geometry": { "type": "Polygon", "coordinates": [ [ [ 128.686815, 35.152639 ], [ 128.686828, 35.15354 ], [ 128.685731, 35.153551 ], [ 128.685718, 35.15265 ], [ 128.686815, 35.152639 ] ] ] } },
{ "type": "Feature", "properties": { "grid_id": "G058285", "child_risk_pct": 0.0, "elderly_risk_pct": 27.08 }, "geometry": { "type": "Polygon", "coordinates": [ [ [ 128.686828, 35.15354 ], [ 128.686842, 35.154442 ], [ 128.685744, 35.154453 ], [ 128.685731, 35.153551 ], [ 128.686828, 35.15354 ] ] ] } },
{ "type": "Feature", "properties": { "grid_id": "G058286", "child_risk_pct": 0.0, "elderly_risk_pct": 9.66 }, "geometry": { "type": "Polygon", "coordinates": [ [ [ 128.686842, 35.154442 ], [ 128.686855, 35.155344 ], [ 128.685757, 35.155354 ], [ 128.685744, 35.154453 ], [ 128.686842, 35.154442 ] ] ] } },
{ "type": "Feature", "properties": { "grid_id": "G058287", "child_risk_pct": 0.0, "elderly_risk_pct": 20.0 }, "geometry": { "type": "Polygon", "coordinates": [ [ [ 128.686855, 35.155344 ], [ 128.686868, 35.156245 ], [ 128.68577, 35.156256 ], [ 128.685757, 35.155354 ], [ 128.686855, 35.155344 ] ] ] } },
{ "type": "Feature", "properties": { "grid_id": "G058355", "child_risk_pct": 36.25, "elderly_risk_pct": 26.25 }, "geometry": { "type": "Polygon", "coordinates": [ [ [ 128.687746, 35.216647 ], [ 128.68776, 35.217549 ], [ 128.686661, 35.217559 ], [ 128.686648, 35.216658 ], [ 128.687746, 35.216647 ] ] ] } },
{ "type": "Feature", "properties": { "grid_id": "G058356", "child_risk_pct": 6.88, "elderly_risk_pct": 18.12 }, "geometry": { "type": "Polygon", "coordinates": [ [ [ 128.68776, 35.217549 ], [ 128.687773, 35.21845 ], [ 128.686674, 35.218461 ], [ 128.686661, 35.217559 ], [ 128.68776, 35.217549 ] ] ] } },
{ "type": "Feature", "properties": { "grid_id": "G058357", "child_risk_pct": 0.0, "elderly_risk_pct": 15.28 }, "geometry": { "type": "Polygon", "coordinates": [ [ [ 128.687773, 35.21845 ], [ 128.687786, 35.219352 ], [ 128.686687, 35.219362 ], [ 128.686674, 35.218461 ], [ 128.687773, 35.21845 ] ] ] } },
{ "type": "Feature", "properties": { "grid_id": "G058358", "child_risk_pct": 0.0, "elderly_risk_pct": 12.5 }, "geometry": { "type": "Polygon", "coordinates": [ [ [ 128.687786, 35.219352 ], [ 128.687799, 35.220253 ], [ 128.6867, 35.220264 ], [ 128.686687, 35.219362 ], [ 128.687786, 35.219352 ] ] ] } },
{ "type": "Feature", "properties": { "grid_id": "G058364", "child_risk_pct": 0.0, "elderly_risk_pct": 7.64 }, "geometry": { "type": "Polygon", "coordinates": [ [ [ 128.687865, 35.224761 ], [ 128.687878, 35.225662 ], [ 128.686779, 35.225673 ], [ 128.686766, 35.224771 ], [ 128.687865, 35.224761 ] ] ] } },
{ "type": "Feature", "properties": { "grid_id": "G058365", "child_risk_pct": 0.0, "elderly_risk_pct": 33.33 }, "geometry": { "type": "Polygon", "coordinates": [ [ [ 128.687878, 35.225662 ], [ 128.687891, 35.226564 ], [ 128.686792, 35.226575 ], [ 128.686779, 35.225673 ], [ 128.687878, 35.225662 ] ] ] } },
{ "type": "Feature", "properties": { "grid_id": "G058366", "child_risk_pct": 0.0, "elderly_risk_pct": 3.85 }, "geometry": { "type": "Polygon", "coordinates": [ [ [ 128.687891, 35.226564 ], [ 128.687904, 35.227465 ], [ 128.686805, 35.227476 ], [ 128.686792, 35.226575 ], [ 128.687891, 35.226564 ] ] ] } },
{ "type": "Feature", "properties": { "grid_id": "G058381", "child_risk_pct": 0.0, "elderly_risk_pct": 20.14 }, "geometry": { "type": "Polygon", "coordinates": [ [ [ 128.688088, 35.240086 ], [ 128.688101, 35.240988 ], [ 128.687002, 35.240999 ], [ 128.686989, 35.240097 ], [ 128.688088, 35.240086 ] ] ] } },
{ "type": "Feature", "properties": { "grid_id": "G058382", "child_risk_pct": 0.0, "elderly_risk_pct": 8.16 }, "geometry": { "type": "Polygon", "coordinates": [ [ [ 128.688101, 35.240988 ], [ 128.688114, 35.241889 ], [ 128.687016, 35.2419 ], [ 128.687002, 35.240999 ], [ 128.688101, 35.240988 ] ] ] } },
{ "type": "Feature", "properties": { "grid_id": "G058425", "child_risk_pct": 0.0, "elderly_risk_pct": 13.92 }, "geometry": { "type": "Polygon", "coordinates": [ [ [ 128.688667, 35.279753 ], [ 128.68868, 35.280654 ], [ 128.687581, 35.280665 ], [ 128.687568, 35.279764 ], [ 128.688667, 35.279753 ] ] ] } },
{ "type": "Feature", "properties": { "grid_id": "G058426", "child_risk_pct": 0.0, "elderly_risk_pct": 3.47 }, "geometry": { "type": "Polygon", "coordinates": [ [ [ 128.68868, 35.280654 ], [ 128.688694, 35.281556 ], [ 128.687594, 35.281567 ], [ 128.687581, 35.280665 ], [ 128.68868, 35.280654 ] ] ] } },
{ "type": "Feature", "properties": { "grid_id": "G058433", "child_risk_pct": 0.0, "elderly_risk_pct": 2.08 }, "geometry": { "type": "Polygon", "coordinates": [ [ [ 128.688773, 35.286965 ], [ 128.688786, 35.287867 ], [ 128.687686, 35.287877 ], [ 128.687673, 35.286976 ], [ 128.688773, 35.286965 ] ] ] } },
{ "type": "Feature", "properties": { "grid_id": "G058495", "child_risk_pct": 0.0, "elderly_risk_pct": 1.92 }, "geometry": { "type": "Polygon", "coordinates": [ [ [ 128.689591, 35.342858 ], [ 128.689604, 35.34376 ], [ 128.688504, 35.34377 ], [ 128.688491, 35.342869 ], [ 128.689591, 35.342858 ] ] ] } },
{ "type": "Feature", "properties": { "grid_id": "G058496", "child_risk_pct": 0.0, "elderly_risk_pct": 4.17 }, "geometry": { "type": "Polygon", "coordinates": [ [ [ 128.689604, 35.34376 ], [ 128.689617, 35.344661 ], [ 128.688517, 35.344672 ], [ 128.688504, 35.34377 ], [ 128.689604, 35.34376 ] ] ] } },
{ "type": "Feature", "properties": { "grid_id": "G058541", "child_risk_pct": 0.0, "elderly_risk_pct": 1.94 }, "geometry": { "type": "Polygon", "coordinates": [ [ [ 128.687913, 35.152628 ], [ 128.687926, 35.15353 ], [ 128.686828, 35.15354 ], [ 128.686815, 35.152639 ], [ 128.687913, 35.152628 ] ] ] } },
{ "type": "Feature", "properties": { "grid_id": "G058542", "child_risk_pct": 0.0, "elderly_risk_pct": 2.61 }, "geometry": { "type": "Polygon", "coordinates": [ [ [ 128.687926, 35.15353 ], [ 128.687939, 35.154431 ], [ 128.686842, 35.154442 ], [ 128.686828, 35.15354 ], [ 128.687926, 35.15353 ] ] ] } },
{ "type": "Feature", "properties": { "grid_id": "G058612", "child_risk_pct": 8.72, "elderly_risk_pct": 0.0 }, "geometry": { "type": "Polygon", "coordinates": [ [ [ 128.688845, 35.216636 ], [ 128.688858, 35.217538 ], [ 128.68776, 35.217549 ], [ 128.687746, 35.216647 ], [ 128.688845, 35.216636 ] ] ] } },
{ "type": "Feature", "properties": { "grid_id": "G058614", "child_risk_pct": 0.0, "elderly_risk_pct": 12.5 }, "geometry": { "type": "Polygon", "coordinates": [ [ [ 128.688871, 35.218439 ], [ 128.688884, 35.219341 ], [ 128.687786, 35.219352 ], [ 128.687773, 35.21845 ], [ 128.688871, 35.218439 ] ] ] } },
{ "type": "Feature", "properties": { "grid_id": "G058615", "child_risk_pct": 0.0, "elderly_risk_pct": 1.39 }, "geometry": { "type": "Polygon", "coordinates": [ [ [ 128.688884, 35.219341 ], [ 128.688898, 35.220242 ], [ 128.687799, 35.220253 ], [ 128.687786, 35.219352 ], [ 128.688884, 35.219341 ] ] ] } },
{ "type": "Feature", "properties": { "grid_id": "G058618", "child_risk_pct": 31.41, "elderly_risk_pct": 0.0 }, "geometry": { "type": "Polygon", "coordinates": [ [ [ 128.688924, 35.222045 ], [ 128.688937, 35.222947 ], [ 128.687838, 35.222958 ], [ 128.687825, 35.222056 ], [ 128.688924, 35.222045 ] ] ] } },
{ "type": "Feature", "properties": { "grid_id": "G058619", "child_risk_pct": 23.13, "elderly_risk_pct": 0.0 }, "geometry": { "type": "Polygon", "coordinates": [ [ [ 128.688937, 35.222947 ], [ 128.68895, 35.223848 ], [ 128.687852, 35.223859 ], [ 128.687838, 35.222958 ], [ 128.688937, 35.222947 ] ] ] } },
{ "type": "Feature", "properties": { "grid_id": "G058622", "child_risk_pct": 0.0, "elderly_risk_pct": 15.28 }, "geometry": { "type": "Polygon", "coordinates": [ [ [ 128.688976, 35.225651 ], [ 128.68899, 35.226553 ], [ 128.687891, 35.226564 ], [ 128.687878, 35.225662 ], [ 128.688976, 35.225651 ] ] ] } },
{ "type": "Feature", "properties": { "grid_id": "G058638", "child_risk_pct": 0.0, "elderly_risk_pct": 11.95 }, "geometry": { "type": "Polygon", "coordinates": [ [ [ 128.689187, 35.240076 ], [ 128.6892, 35.240977 ], [ 128.688101, 35.240988 ], [ 128.688088, 35.240086 ], [ 128.689187, 35.240076 ] ] ] } },
{ "type": "Feature", "properties": { "grid_id": "G058639", "child_risk_pct": 5.88, "elderly_risk_pct": 11.76 }, "geometry": { "type": "Polygon", "coordinates": [ [ [ 128.6892, 35.240977 ], [ 128.689213, 35.241879 ], [ 128.688114, 35.241889 ], [ 128.688101, 35.240988 ], [ 128.6892, 35.240977 ] ] ] } },
{ "type": "Feature", "properties": { "grid_id": "G058640", "child_risk_pct": 18.75, "elderly_risk_pct": 0.0 }, "geometry": { "type": "Polygon", "coordinates": [ [ [ 128.689213, 35.241879 ], [ 128.689226, 35.24278 ], [ 128.688128, 35.242791 ], [ 128.688114, 35.241889 ], [ 128.689213, 35.241879 ] ] ] } },
{ "type": "Feature", "properties": { "grid_id": "G058679", "child_risk_pct": 0.0, "elderly_risk_pct": 2.38 }, "geometry": { "type": "Polygon", "coordinates": [ [ [ 128.689727, 35.277038 ], [ 128.68974, 35.277939 ], [ 128.688641, 35.27795 ], [ 128.688628, 35.277048 ], [ 128.689727, 35.277038 ] ] ] } },
{ "type": "Feature", "properties": { "grid_id": "G058680", "child_risk_pct": 0.0, "elderly_risk_pct": 19.08 }, "geometry": { "type": "Polygon", "coordinates": [ [ [ 128.68974, 35.277939 ], [ 128.689753, 35.278841 ], [ 128.688654, 35.278851 ], [ 128.688641, 35.27795 ], [ 128.68974, 35.277939 ] ] ] } },
{ "type": "Feature", "properties": { "grid_id": "G058681", "child_risk_pct": 0.0, "elderly_risk_pct": 2.08 }, "geometry": { "type": "Polygon", "coordinates": [ [ [ 128.689753, 35.278841 ], [ 128.689767, 35.279742 ], [ 128.688667, 35.279753 ], [ 128.688654, 35.278851 ], [ 128.689753, 35.278841 ] ] ] } },
{ "type": "Feature", "properties": { "grid_id": "G058682", "child_risk_pct": 0.0, "elderly_risk_pct": 21.15 }, "geometry": { "type": "Polygon", "coordinates": [ [ [ 128.689767, 35.279742 ], [ 128.68978, 35.280644 ], [ 128.68868, 35.280654 ], [ 128.688667, 35.279753 ], [ 128.689767, 35.279742 ] ] ] } },
{ "type": "Feature", "properties": { "grid_id": "G058689", "child_risk_pct": 0.0, "elderly_risk_pct": 5.13 }, "geometry": { "type": "Polygon", "coordinates": [ [ [ 128.689859, 35.286053 ], [ 128.689872, 35.286954 ], [ 128.688773, 35.286965 ], [ 128.68876, 35.286063 ], [ 128.689859, 35.286053 ] ] ] } },
{ "type": "Feature", "properties": { "grid_id": "G058752", "child_risk_pct": 0.0, "elderly_risk_pct": 1.36 }, "geometry": { "type": "Polygon", "coordinates": [ [ [ 128.690691, 35.342847 ], [ 128.690704, 35.343749 ], [ 128.689604, 35.34376 ], [ 128.689591, 35.342858 ], [ 128.690691, 35.342847 ] ] ] } },
{ "type": "Feature", "properties": { "grid_id": "G058753", "child_risk_pct": 0.0, "elderly_risk_pct": 2.58 }, "geometry": { "type": "Polygon", "coordinates": [ [ [ 128.690704, 35.343749 ], [ 128.690718, 35.34465 ], [ 128.689617, 35.344661 ], [ 128.689604, 35.34376 ], [ 128.690704, 35.343749 ] ] ] } },
{ "type": "Feature", "properties": { "grid_id": "G058754", "child_risk_pct": 0.0, "elderly_risk_pct": 9.62 }, "geometry": { "type": "Polygon", "coordinates": [ [ [ 128.690718, 35.34465 ], [ 128.690731, 35.345552 ], [ 128.689631, 35.345563 ], [ 128.689617, 35.344661 ], [ 128.690718, 35.34465 ] ] ] } },
{ "type": "Feature", "properties": { "grid_id": "G058808", "child_risk_pct": 0.0, "elderly_risk_pct": 10.2 }, "geometry": { "type": "Polygon", "coordinates": [ [ [ 128.689089, 35.158027 ], [ 128.689103, 35.158928 ], [ 128.688005, 35.158939 ], [ 128.687992, 35.158037 ], [ 128.689089, 35.158027 ] ] ] } },
{ "type": "Feature", "properties": { "grid_id": "G058809", "child_risk_pct": 0.0, "elderly_risk_pct": 12.82 }, "geometry": { "type": "Polygon", "coordinates": [ [ [ 128.689103, 35.158928 ], [ 128.689116, 35.15983 ], [ 128.688018, 35.15984 ], [ 128.688005, 35.158939 ], [ 128.689103, 35.158928 ] ] ] } },
{ "type": "Feature", "properties": { "grid_id": "G058879", "child_risk_pct": 6.94, "elderly_risk_pct": 0.0 }, "geometry": { "type": "Polygon", "coordinates": [ [ [ 128.690022, 35.222035 ], [ 128.690036, 35.222936 ], [ 128.688937, 35.222947 ], [ 128.688924, 35.222045 ], [ 128.690022, 35.222035 ] ] ] } },
{ "type": "Feature", "properties": { "grid_id": "G058880", "child_risk_pct": 2.78, "elderly_risk_pct": 0.0 }, "geometry": { "type": "Polygon", "coordinates": [ [ [ 128.690036, 35.222936 ], [ 128.690049, 35.223838 ], [ 128.68895, 35.223848 ], [ 128.688937, 35.222947 ], [ 128.690036, 35.222936 ] ] ] } },
{ "type": "Feature", "properties": { "grid_id": "G058888", "child_risk_pct": 0.0, "elderly_risk_pct": 22.52 }, "geometry": { "type": "Polygon", "coordinates": [ [ [ 128.690141, 35.230148 ], [ 128.690154, 35.23105 ], [ 128.689055, 35.231061 ], [ 128.689042, 35.230159 ], [ 128.690141, 35.230148 ] ] ] } },
{ "type": "Feature", "properties": { "grid_id": "G058889", "child_risk_pct": 0.0, "elderly_risk_pct": 39.6 }, "geometry": { "type": "Polygon", "coordinates": [ [ [ 128.690154, 35.23105 ], [ 128.690167, 35.231951 ], [ 128.689069, 35.231962 ], [ 128.689055, 35.231061 ], [ 128.690154, 35.23105 ] ] ] } },
{ "type": "Feature", "properties": { "grid_id": "G058900", "child_risk_pct": 2.08, "elderly_risk_pct": 0.0 }, "geometry": { "type": "Polygon", "coordinates": [ [ [ 128.690299, 35.240966 ], [ 128.690312, 35.241868 ], [ 128.689213, 35.241879 ], [ 128.6892, 35.240977 ], [ 128.690299, 35.240966 ] ] ] } },
{ "type": "Feature", "properties": { "grid_id": "G058901", "child_risk_pct": 29.17, "elderly_risk_pct": 0.0 }, "geometry": { "type": "Polygon", "coordinates": [ [ [ 128.690312, 35.241868 ], [ 128.690325, 35.242769 ], [ 128.689226, 35.24278 ], [ 128.689213, 35.241879 ], [ 128.690312, 35.241868 ] ] ] } },
{ "type": "Feature", "properties": { "grid_id": "G058941", "child_risk_pct": 0.0, "elderly_risk_pct": 6.9 }, "geometry": { "type": "Polygon", "coordinates": [ [ [ 128.69084, 35.277928 ], [ 128.690853, 35.27883 ], [ 128.689753, 35.278841 ], [ 128.68974, 35.277939 ], [ 128.69084, 35.277928 ] ] ] } },
{ "type": "Feature", "properties": { "grid_id": "G058942", "child_risk_pct": 0.0, "elderly_risk_pct": 34.72 }, "geometry": { "type": "Polygon", "coordinates": [ [ [ 128.690853, 35.27883 ], [ 128.690866, 35.279731 ], [ 128.689767, 35.279742 ], [ 128.689753, 35.278841 ], [ 128.690853, 35.27883 ] ] ] } },
{ "type": "Feature", "properties": { "grid_id": "G059074", "child_risk_pct": 0.0, "elderly_risk_pct": 1.36 }, "geometry": { "type": "Polygon", "coordinates": [ [ [ 128.690135, 35.15441 ], [ 128.690148, 35.155311 ], [ 128.68905, 35.155322 ], [ 128.689037, 35.15442 ], [ 128.690135, 35.15441 ] ] ] } },
{ "type": "Feature", "properties": { "grid_id": "G059078", "child_risk_pct": 0.0, "elderly_risk_pct": 14.38 }, "geometry": { "type": "Polygon", "coordinates": [ [ [ 128.690187, 35.158016 ], [ 128.6902, 35.158917 ], [ 128.689103, 35.158928 ], [ 128.689089, 35.158027 ], [ 128.690187, 35.158016 ] ] ] } },
{ "type": "Feature", "properties": { "grid_id": "G059079", "child_risk_pct": 0.0, "elderly_risk_pct": 0.69 }, "geometry": { "type": "Polygon", "coordinates": [ [ [ 128.6902, 35.158917 ], [ 128.690213, 35.159819 ], [ 128.689116, 35.15983 ], [ 128.689103, 35.158928 ], [ 128.6902, 35.158917 ] ] ] } },
{ "type": "Feature", "properties": { "grid_id": "G059133", "child_risk_pct": 26.0, "elderly_risk_pct": 0.0 }, "geometry": { "type": "Polygon", "coordinates": [ [ [ 128.69091, 35.2076 ], [ 128.690924, 35.208501 ], [ 128.689825, 35.208512 ], [ 128.689812, 35.20761 ], [ 128.69091, 35.2076 ] ] ] } },
{ "type": "Feature", "properties": { "grid_id": "G059134", "child_risk_pct": 11.76, "elderly_risk_pct": 0.0 }, "geometry": { "type": "Polygon", "coordinates": [ [ [ 128.690924, 35.208501 ], [ 128.690937, 35.209403 ], [ 128.689838, 35.209413 ], [ 128.689825, 35.208512 ], [ 128.690924, 35.208501 ] ] ] } },
{ "type": "Feature", "properties": { "grid_id": "G059135", "child_risk_pct": 0.0, "elderly_risk_pct": 4.08 }, "geometry": { "type": "Polygon", "coordinates": [ [ [ 128.690937, 35.209403 ], [ 128.69095, 35.210304 ], [ 128.689851, 35.210315 ], [ 128.689838, 35.209413 ], [ 128.690937, 35.209403 ] ] ] } },
{ "type": "Feature", "properties": { "grid_id": "G059136", "child_risk_pct": 0.0, "elderly_risk_pct": 22.92 }, "geometry": { "type": "Polygon", "coordinates": [ [ [ 128.69095, 35.210304 ], [ 128.690963, 35.211206 ], [ 128.689865, 35.211216 ], [ 128.689851, 35.210315 ], [ 128.69095, 35.210304 ] ] ] } },
{ "type": "Feature", "properties": { "grid_id": "G059158", "child_risk_pct": 0.0, "elderly_risk_pct": 2.78 }, "geometry": { "type": "Polygon", "coordinates": [ [ [ 128.69124, 35.230137 ], [ 128.691253, 35.231039 ], [ 128.690154, 35.23105 ], [ 128.690141, 35.230148 ], [ 128.69124, 35.230137 ] ] ] } },
{ "type": "Feature", "properties": { "grid_id": "G059159", "child_risk_pct": 0.0, "elderly_risk_pct": 30.54 }, "geometry": { "type": "Polygon", "coordinates": [ [ [ 128.691253, 35.231039 ], [ 128.691266, 35.23194 ], [ 128.690167, 35.231951 ], [ 128.690154, 35.23105 ], [ 128.691253, 35.231039 ] ] ] } },
{ "type": "Feature", "properties": { "grid_id": "G059160", "child_risk_pct": 0.0, "elderly_risk_pct": 1.31 }, "geometry": { "type": "Polygon", "coordinates": [ [ [ 128.691266, 35.23194 ], [ 128.691279, 35.232842 ], [ 128.69018, 35.232853 ], [ 128.690167, 35.231951 ], [ 128.691266, 35.23194 ] ] ] } },
{ "type": "Feature", "properties": { "grid_id": "G059166", "child_risk_pct": 0.0, "elderly_risk_pct": 1.18 }, "geometry": { "type": "Polygon", "coordinates": [ [ [ 128.691345, 35.23735 ], [ 128.691358, 35.238251 ], [ 128.690259, 35.238262 ], [ 128.690246, 35.23736 ], [ 128.691345, 35.23735 ] ] ] } },
{ "type": "Feature", "properties": { "grid_id": "G059212", "child_risk_pct": 0.0, "elderly_risk_pct": 1.39 }, "geometry": { "type": "Polygon", "coordinates": [ [ [ 128.691952, 35.278819 ], [ 128.691965, 35.27972 ], [ 128.690866, 35.279731 ], [ 128.690853, 35.27883 ], [ 128.691952, 35.278819 ] ] ] } },
{ "type": "Feature", "properties": { "grid_id": "G059346", "child_risk_pct": 0.0, "elderly_risk_pct": 33.33 }, "geometry": { "type": "Polygon", "coordinates": [ [ [ 128.691232, 35.154399 ], [ 128.691246, 35.1553 ], [ 128.690148, 35.155311 ], [ 128.690135, 35.15441 ], [ 128.691232, 35.154399 ] ] ] } },
{ "type": "Feature", "properties": { "grid_id": "G059347", "child_risk_pct": 0.0, "elderly_risk_pct": 7.48 }, "geometry": { "type": "Polygon", "coordinates": [ [ [ 128.691246, 35.1553 ], [ 128.691259, 35.156202 ], [ 128.690161, 35.156213 ], [ 128.690148, 35.155311 ], [ 128.691246, 35.1553 ] ] ] } },
{ "type": "Feature", "properties": { "grid_id": "G059348", "child_risk_pct": 0.0, "elderly_risk_pct": 26.28 }, "geometry": { "type": "Polygon", "coordinates": [ [ [ 128.691259, 35.156202 ], [ 128.691272, 35.157103 ], [ 128.690174, 35.157114 ], [ 128.690161, 35.156213 ], [ 128.691259, 35.156202 ] ] ] } },
{ "type": "Feature", "properties": { "grid_id": "G059349", "child_risk_pct": 0.0, "elderly_risk_pct": 17.11 }, "geometry": { "type": "Polygon", "coordinates": [ [ [ 128.691272, 35.157103 ], [ 128.691285, 35.158005 ], [ 128.690187, 35.158016 ], [ 128.690174, 35.157114 ], [ 128.691272, 35.157103 ] ] ] } },
{ "type": "Feature", "properties": { "grid_id": "G059350", "child_risk_pct": 0.0, "elderly_risk_pct": 41.06 }, "geometry": { "type": "Polygon", "coordinates": [ [ [ 128.691285, 35.158005 ], [ 128.691298, 35.158907 ], [ 128.6902, 35.158917 ], [ 128.690187, 35.158016 ], [ 128.691285, 35.158005 ] ] ] } },
{ "type": "Feature", "properties": { "grid_id": "G059351", "child_risk_pct": 0.0, "elderly_risk_pct": 3.47 }, "geometry": { "type": "Polygon", "coordinates": [ [ [ 128.691298, 35.158907 ], [ 128.691311, 35.159808 ], [ 128.690213, 35.159819 ], [ 128.6902, 35.158917 ], [ 128.691298, 35.158907 ] ] ] } },
{ "type": "Feature", "properties": { "grid_id": "G059405", "child_risk_pct": 34.03, "elderly_risk_pct": 0.0 }, "geometry": { "type": "Polygon", "coordinates": [ [ [ 128.692009, 35.207589 ], [ 128.692022, 35.20849 ], [ 128.690924, 35.208501 ], [ 128.69091, 35.2076 ], [ 128.692009, 35.207589 ] ] ] } },
{ "type": "Feature", "properties": { "grid_id": "G059406", "child_risk_pct": 9.72, "elderly_risk_pct": 0.0 }, "geometry": { "type": "Polygon", "coordinates": [ [ [ 128.692022, 35.20849 ], [ 128.692035, 35.209392 ], [ 128.690937, 35.209403 ], [ 128.690924, 35.208501 ], [ 128.692022, 35.20849 ] ] ] } },
{ "type": "Feature", "properties": { "grid_id": "G059407", "child_risk_pct": 0.0, "elderly_risk_pct": 4.49 }, "geometry": { "type": "Polygon", "coordinates": [ [ [ 128.692035, 35.209392 ], [ 128.692048, 35.210293 ], [ 128.69095, 35.210304 ], [ 128.690937, 35.209403 ], [ 128.692035, 35.209392 ] ] ] } },
{ "type": "Feature", "properties": { "grid_id": "G059408", "child_risk_pct": 0.0, "elderly_risk_pct": 18.75 }, "geometry": { "type": "Polygon", "coordinates": [ [ [ 128.692048, 35.210293 ], [ 128.692062, 35.211195 ], [ 128.690963, 35.211206 ], [ 128.69095, 35.210304 ], [ 128.692048, 35.210293 ] ] ] } },
{ "type": "Feature", "properties": { "grid_id": "G059413", "child_risk_pct": 24.31, "elderly_risk_pct": 23.61 }, "geometry": { "type": "Polygon", "coordinates": [ [ [ 128.692114, 35.214801 ], [ 128.692127, 35.215702 ], [ 128.691029, 35.215713 ], [ 128.691016, 35.214812 ], [ 128.692114, 35.214801 ] ] ] } },
{ "type": "Feature", "properties": { "grid_id": "G059414", "child_risk_pct": 12.82, "elderly_risk_pct": 12.18 }, "geometry": { "type": "Polygon", "coordinates": [ [ [ 128.692127, 35.215702 ], [ 128.692141, 35.216604 ], [ 128.691042, 35.216615 ], [ 128.691029, 35.215713 ], [ 128.692127, 35.215702 ] ] ] } },
{ "type": "Feature", "properties": { "grid_id": "G059437", "child_risk_pct": 0.0, "elderly_risk_pct": 3.21 }, "geometry": { "type": "Polygon", "coordinates": [ [ [ 128.692431, 35.236437 ], [ 128.692444, 35.237339 ], [ 128.691345, 35.23735 ], [ 128.691332, 35.236448 ], [ 128.692431, 35.236437 ] ] ] } },
{ "type": "Feature", "properties": { "grid_id": "G059438", "child_risk_pct": 0.0, "elderly_risk_pct": 9.93 }, "geometry": { "type": "Polygon", "coordinates": [ [ [ 128.692444, 35.237339 ], [ 128.692457, 35.23824 ], [ 128.691358, 35.238251 ], [ 128.691345, 35.23735 ], [ 128.692444, 35.237339 ] ] ] } },
{ "type": "Feature", "properties": { "grid_id": "G059615", "child_risk_pct": 0.0, "elderly_risk_pct": 22.92 }, "geometry": { "type": "Polygon", "coordinates": [ [ [ 128.692304, 35.152585 ], [ 128.692317, 35.153487 ], [ 128.691219, 35.153497 ], [ 128.691206, 35.152596 ], [ 128.692304, 35.152585 ] ] ] } },
{ "type": "Feature", "properties": { "grid_id": "G059616", "child_risk_pct": 0.0, "elderly_risk_pct": 11.81 }, "geometry": { "type": "Polygon", "coordinates": [ [ [ 128.692317, 35.153487 ], [ 128.69233, 35.154388 ], [ 128.691232, 35.154399 ], [ 128.691219, 35.153497 ], [ 128.692317, 35.153487 ] ] ] } },
{ "type": "Feature", "properties": { "grid_id": "G059618", "child_risk_pct": 0.0, "elderly_risk_pct": 12.03 }, "geometry": { "type": "Polygon", "coordinates": [ [ [ 128.692343, 35.15529 ], [ 128.692356, 35.156191 ], [ 128.691259, 35.156202 ], [ 128.691246, 35.1553 ], [ 128.692343, 35.15529 ] ] ] } },
{ "type": "Feature", "properties": { "grid_id": "G059619", "child_risk_pct": 0.0, "elderly_risk_pct": 35.42 }, "geometry": { "type": "Polygon", "coordinates": [ [ [ 128.692356, 35.156191 ], [ 128.69237, 35.157093 ], [ 128.691272, 35.157103 ], [ 128.691259, 35.156202 ], [ 128.692356, 35.156191 ] ] ] } },
{ "type": "Feature", "properties": { "grid_id": "G059620", "child_risk_pct": 0.0, "elderly_risk_pct": 27.78 }, "geometry": { "type": "Polygon", "coordinates": [ [ [ 128.69237, 35.157093 ], [ 128.692383, 35.157994 ], [ 128.691285, 35.158005 ], [ 128.691272, 35.157103 ], [ 128.69237, 35.157093 ] ] ] } },
{ "type": "Feature", "properties": { "grid_id": "G059621", "child_risk_pct": 0.0, "elderly_risk_pct": 10.26 }, "geometry": { "type": "Polygon", "coordinates": [ [ [ 128.692383, 35.157994 ], [ 128.692396, 35.158896 ], [ 128.691298, 35.158907 ], [ 128.691285, 35.158005 ], [ 128.692383, 35.157994 ] ] ] } },
{ "type": "Feature", "properties": { "grid_id": "G059650", "child_risk_pct": 0.0, "elderly_risk_pct": 12.18 }, "geometry": { "type": "Polygon", "coordinates": [ [ [ 128.692764, 35.184138 ], [ 128.692778, 35.18504 ], [ 128.69168, 35.185051 ], [ 128.691666, 35.184149 ], [ 128.692764, 35.184138 ] ] ] } },
{ "type": "Feature", "properties": { "grid_id": "G059651", "child_risk_pct": 0.0, "elderly_risk_pct": 3.29 }, "geometry": { "type": "Polygon", "coordinates": [ [ [ 128.692778, 35.18504 ], [ 128.692791, 35.185941 ], [ 128.691693, 35.185952 ], [ 128.69168, 35.185051 ], [ 128.692778, 35.18504 ] ] ] } },
{ "type": "Feature", "properties": { "grid_id": "G059671", "child_risk_pct": 1.27, "elderly_risk_pct": 0.0 }, "geometry": { "type": "Polygon", "coordinates": [ [ [ 128.693041, 35.20307 ], [ 128.693054, 35.203972 ], [ 128.691956, 35.203983 ], [ 128.691943, 35.203081 ], [ 128.693041, 35.20307 ] ] ] } },
{ "type": "Feature", "properties": { "grid_id": "G059672", "child_risk_pct": 9.49, "elderly_risk_pct": 0.0 }, "geometry": { "type": "Polygon", "coordinates": [ [ [ 128.693054, 35.203972 ], [ 128.693068, 35.204873 ], [ 128.691969, 35.204884 ], [ 128.691956, 35.203983 ], [ 128.693054, 35.203972 ] ] ] } },
{ "type": "Feature", "properties": { "grid_id": "G059684", "child_risk_pct": 0.69, "elderly_risk_pct": 0.0 }, "geometry": { "type": "Polygon", "coordinates": [ [ [ 128.693213, 35.21479 ], [ 128.693226, 35.215692 ], [ 128.692127, 35.215702 ], [ 128.692114, 35.214801 ], [ 128.693213, 35.21479 ] ] ] } },
{ "type": "Feature", "properties": { "grid_id": "G059685", "child_risk_pct": 2.53, "elderly_risk_pct": 10.13 }, "geometry": { "type": "Polygon", "coordinates": [ [ [ 128.693226, 35.215692 ], [ 128.693239, 35.216593 ], [ 128.692141, 35.216604 ], [ 128.692127, 35.215702 ], [ 128.693226, 35.215692 ] ] ] } },
{ "type": "Feature", "properties": { "grid_id": "G059686", "child_risk_pct": 0.0, "elderly_risk_pct": 1.23 }, "geometry": { "type": "Polygon", "coordinates": [ [ [ 128.693239, 35.216593 ], [ 128.693252, 35.217495 ], [ 128.692154, 35.217505 ], [ 128.692141, 35.216604 ], [ 128.693239, 35.216593 ] ] ] } },
{ "type": "Feature", "properties": { "grid_id": "G059694", "child_risk_pct": 0.0, "elderly_risk_pct": 3.47 }, "geometry": { "type": "Polygon", "coordinates": [ [ [ 128.693345, 35.223805 ], [ 128.693358, 35.224707 ], [ 128.692259, 35.224718 ], [ 128.692246, 35.223816 ], [ 128.693345, 35.223805 ] ] ] } },
{ "type": "Feature", "properties": { "grid_id": "G059695", "child_risk_pct": 0.0, "elderly_risk_pct": 7.64 }, "geometry": { "type": "Polygon", "coordinates": [ [ [ 128.693358, 35.224707 ], [ 128.693371, 35.225608 ], [ 128.692272, 35.225619 ], [ 128.692259, 35.224718 ], [ 128.693358, 35.224707 ] ] ] } },
{ "type": "Feature", "properties": { "grid_id": "G059884", "child_risk_pct": 0.0, "elderly_risk_pct": 25.69 }, "geometry": { "type": "Polygon", "coordinates": [ [ [ 128.693362, 35.14987 ], [ 128.693375, 35.150771 ], [ 128.692277, 35.150782 ], [ 128.692264, 35.14988 ], [ 128.693362, 35.14987 ] ] ] } },
{ "type": "Feature", "properties": { "grid_id": "G059885", "child_risk_pct": 0.0, "elderly_risk_pct": 29.17 }, "geometry": { "type": "Polygon", "coordinates": [ [ [ 128.693375, 35.150771 ], [ 128.693388, 35.151673 ], [ 128.692291, 35.151684 ], [ 128.692277, 35.150782 ], [ 128.693375, 35.150771 ] ] ] } },
{ "type": "Feature", "properties": { "grid_id": "G059886", "child_risk_pct": 0.0, "elderly_risk_pct": 7.79 }, "geometry": { "type": "Polygon", "coordinates": [ [ [ 128.693388, 35.151673 ], [ 128.693401, 35.152574 ], [ 128.692304, 35.152585 ], [ 128.692291, 35.151684 ], [ 128.693388, 35.151673 ] ] ] } },
{ "type": "Feature", "properties": { "grid_id": "G059887", "child_risk_pct": 0.0, "elderly_risk_pct": 4.03 }, "geometry": { "type": "Polygon", "coordinates": [ [ [ 128.693401, 35.152574 ], [ 128.693415, 35.153476 ], [ 128.692317, 35.153487 ], [ 128.692304, 35.152585 ], [ 128.693401, 35.152574 ] ] ] } },
{ "type": "Feature", "properties": { "grid_id": "G059888", "child_risk_pct": 0.0, "elderly_risk_pct": 1.92 }, "geometry": { "type": "Polygon", "coordinates": [ [ [ 128.693415, 35.153476 ], [ 128.693428, 35.154377 ], [ 128.69233, 35.154388 ], [ 128.692317, 35.153487 ], [ 128.693415, 35.153476 ] ] ] } },
{ "type": "Feature", "properties": { "grid_id": "G059889", "child_risk_pct": 0.0, "elderly_risk_pct": 4.08 }, "geometry": { "type": "Polygon", "coordinates": [ [ [ 128.693428, 35.154377 ], [ 128.693441, 35.155279 ], [ 128.692343, 35.15529 ], [ 128.69233, 35.154388 ], [ 128.693428, 35.154377 ] ] ] } },
{ "type": "Feature", "properties": { "grid_id": "G059891", "child_risk_pct": 0.0, "elderly_risk_pct": 24.31 }, "geometry": { "type": "Polygon", "coordinates": [ [ [ 128.693454, 35.15618 ], [ 128.693467, 35.157082 ], [ 128.69237, 35.157093 ], [ 128.692356, 35.156191 ], [ 128.693454, 35.15618 ] ] ] } },
{ "type": "Feature", "properties": { "grid_id": "G059892", "child_risk_pct": 0.0, "elderly_risk_pct": 10.42 }, "geometry": { "type": "Polygon", "coordinates": [ [ [ 128.693467, 35.157082 ], [ 128.69348, 35.157983 ], [ 128.692383, 35.157994 ], [ 128.69237, 35.157093 ], [ 128.693467, 35.157082 ] ] ] } },
{ "type": "Feature", "properties": { "grid_id": "G059921", "child_risk_pct": 0.0, "elderly_risk_pct": 0.68 }, "geometry": { "type": "Polygon", "coordinates": [ [ [ 128.693849, 35.183226 ], [ 128.693863, 35.184128 ], [ 128.692764, 35.184138 ], [ 128.692751, 35.183237 ], [ 128.693849, 35.183226 ] ] ] } },
{ "type": "Feature", "properties": { "grid_id": "G059922", "child_risk_pct": 0.0, "elderly_risk_pct": 30.06 }, "geometry": { "type": "Polygon", "coordinates": [ [ [ 128.693863, 35.184128 ], [ 128.693876, 35.185029 ], [ 128.692778, 35.18504 ], [ 128.692764, 35.184138 ], [ 128.693863, 35.184128 ] ] ] } },
{ "type": "Feature", "properties": { "grid_id": "G059923", "child_risk_pct": 0.0, "elderly_risk_pct": 33.12 }, "geometry": { "type": "Polygon", "coordinates": [ [ [ 128.693876, 35.185029 ], [ 128.693889, 35.185931 ], [ 128.692791, 35.185941 ], [ 128.692778, 35.18504 ], [ 128.693876, 35.185029 ] ] ] } },
{ "type": "Feature", "properties": { "grid_id": "G059943", "child_risk_pct": 8.44, "elderly_risk_pct": 0.0 }, "geometry": { "type": "Polygon", "coordinates": [ [ [ 128.69414, 35.203059 ], [ 128.694153, 35.203961 ], [ 128.693054, 35.203972 ], [ 128.693041, 35.20307 ], [ 128.69414, 35.203059 ] ] ] } },
{ "type": "Feature", "properties": { "grid_id": "G059944", "child_risk_pct": 31.41, "elderly_risk_pct": 0.0 }, "geometry": { "type": "Polygon", "coordinates": [ [ [ 128.694153, 35.203961 ], [ 128.694166, 35.204862 ], [ 128.693068, 35.204873 ], [ 128.693054, 35.203972 ], [ 128.694153, 35.203961 ] ] ] } },
{ "type": "Feature", "properties": { "grid_id": "G059957", "child_risk_pct": 0.0, "elderly_risk_pct": 12.75 }, "geometry": { "type": "Polygon", "coordinates": [ [ [ 128.694324, 35.215681 ], [ 128.694338, 35.216582 ], [ 128.693239, 35.216593 ], [ 128.693226, 35.215692 ], [ 128.694324, 35.215681 ] ] ] } },
{ "type": "Feature", "properties": { "grid_id": "G059958", "child_risk_pct": 0.0, "elderly_risk_pct": 22.44 }, "geometry": { "type": "Polygon", "coordinates": [ [ [ 128.694338, 35.216582 ], [ 128.694351, 35.217484 ], [ 128.693252, 35.217495 ], [ 128.693239, 35.216593 ], [ 128.694338, 35.216582 ] ] ] } },
{ "type": "Feature", "properties": { "grid_id": "G059966", "child_risk_pct": 0.0, "elderly_risk_pct": 4.17 }, "geometry": { "type": "Polygon", "coordinates": [ [ [ 128.694443, 35.223794 ], [ 128.694457, 35.224696 ], [ 128.693358, 35.224707 ], [ 128.693345, 35.223805 ], [ 128.694443, 35.223794 ] ] ] } },
{ "type": "Feature", "properties": { "grid_id": "G059967", "child_risk_pct": 0.0, "elderly_risk_pct": 26.39 }, "geometry": { "type": "Polygon", "coordinates": [ [ [ 128.694457, 35.224696 ], [ 128.69447, 35.225597 ], [ 128.693371, 35.225608 ], [ 128.693358, 35.224707 ], [ 128.694457, 35.224696 ] ] ] } },
{ "type": "Feature", "properties": { "grid_id": "G059968", "child_risk_pct": 8.67, "elderly_risk_pct": 0.0 }, "geometry": { "type": "Polygon", "coordinates": [ [ [ 128.69447, 35.225597 ], [ 128.694483, 35.226499 ], [ 128.693384, 35.22651 ], [ 128.693371, 35.225608 ], [ 128.69447, 35.225597 ] ] ] } },
{ "type": "Feature", "properties": { "grid_id": "G059969", "child_risk_pct": 5.1, "elderly_risk_pct": 0.0 }, "geometry": { "type": "Polygon", "coordinates": [ [ [ 128.694483, 35.226499 ], [ 128.694496, 35.2274 ], [ 128.693398, 35.227411 ], [ 128.693384, 35.22651 ], [ 128.694483, 35.226499 ] ] ] } },
{ "type": "Feature", "properties": { "grid_id": "G059990", "child_risk_pct": 0.0, "elderly_risk_pct": 21.74 }, "geometry": { "type": "Polygon", "coordinates": [ [ [ 128.694761, 35.245431 ], [ 128.694774, 35.246332 ], [ 128.693675, 35.246343 ], [ 128.693662, 35.245441 ], [ 128.694761, 35.245431 ] ] ] } },
{ "type": "Feature", "properties": { "grid_id": "G059991", "child_risk_pct": 0.0, "elderly_risk_pct": 2.01 }, "geometry": { "type": "Polygon", "coordinates": [ [ [ 128.694774, 35.246332 ], [ 128.694787, 35.247234 ], [ 128.693688, 35.247244 ], [ 128.693675, 35.246343 ], [ 128.694774, 35.246332 ] ] ] } },
{ "type": "Feature", "properties": { "grid_id": "G060154", "child_risk_pct": 0.0, "elderly_risk_pct": 19.44 }, "geometry": { "type": "Polygon", "coordinates": [ [ [ 128.69446, 35.149859 ], [ 128.694473, 35.15076 ], [ 128.693375, 35.150771 ], [ 128.693362, 35.14987 ], [ 128.69446, 35.149859 ] ] ] } },
{ "type": "Feature", "properties": { "grid_id": "G060155", "child_risk_pct": 0.0, "elderly_risk_pct": 25.0 }, "geometry": { "type": "Polygon", "coordinates": [ [ [ 128.694473, 35.15076 ], [ 128.694486, 35.151662 ], [ 128.693388, 35.151673 ], [ 128.693375, 35.150771 ], [ 128.694473, 35.15076 ] ] ] } },
{ "type": "Feature", "properties": { "grid_id": "G060156", "child_risk_pct": 0.0, "elderly_risk_pct": 18.95 }, "geometry": { "type": "Polygon", "coordinates": [ [ [ 128.694486, 35.151662 ], [ 128.694499, 35.152563 ], [ 128.693401, 35.152574 ], [ 128.693388, 35.151673 ], [ 128.694486, 35.151662 ] ] ] } },
{ "type": "Feature", "properties": { "grid_id": "G060157", "child_risk_pct": 0.0, "elderly_risk_pct": 10.24 }, "geometry": { "type": "Polygon", "coordinates": [ [ [ 128.694499, 35.152563 ], [ 128.694512, 35.153465 ], [ 128.693415, 35.153476 ], [ 128.693401, 35.152574 ], [ 128.694499, 35.152563 ] ] ] } },
{ "type": "Feature", "properties": { "grid_id": "G060159", "child_risk_pct": 0.0, "elderly_risk_pct": 13.89 }, "geometry": { "type": "Polygon", "coordinates": [ [ [ 128.694525, 35.154366 ], [ 128.694539, 35.155268 ], [ 128.693441, 35.155279 ], [ 128.693428, 35.154377 ], [ 128.694525, 35.154366 ] ] ] } },
{ "type": "Feature", "properties": { "grid_id": "G060165", "child_risk_pct": 0.0, "elderly_risk_pct": 19.44 }, "geometry": { "type": "Polygon", "coordinates": [ [ [ 128.694605, 35.159776 ], [ 128.694618, 35.160677 ], [ 128.69352, 35.160688 ], [ 128.693507, 35.159786 ], [ 128.694605, 35.159776 ] ] ] } },
{ "type": "Feature", "properties": { "grid_id": "G060166", "child_risk_pct": 0.0, "elderly_risk_pct": 3.47 }, "geometry": { "type": "Polygon", "coordinates": [ [ [ 128.694618, 35.160677 ], [ 128.694631, 35.161579 ], [ 128.693533, 35.16159 ], [ 128.69352, 35.160688 ], [ 128.694618, 35.160677 ] ] ] } },
{ "type": "Feature", "properties": { "grid_id": "G060238", "child_risk_pct": 32.69, "elderly_risk_pct": 0.0 }, "geometry": { "type": "Polygon", "coordinates": [ [ [ 128.695568, 35.225587 ], [ 128.695582, 35.226488 ], [ 128.694483, 35.226499 ], [ 128.69447, 35.225597 ], [ 128.695568, 35.225587 ] ] ] } },
{ "type": "Feature", "properties": { "grid_id": "G060239", "child_risk_pct": 4.32, "elderly_risk_pct": 0.0 }, "geometry": { "type": "Polygon", "coordinates": [ [ [ 128.695582, 35.226488 ], [ 128.695595, 35.22739 ], [ 128.694496, 35.2274 ], [ 128.694483, 35.226499 ], [ 128.695582, 35.226488 ] ] ] } },
{ "type": "Feature", "properties": { "grid_id": "G060437", "child_risk_pct": 0.0, "elderly_risk_pct": 8.33 }, "geometry": { "type": "Polygon", "coordinates": [ [ [ 128.695716, 35.160666 ], [ 128.695729, 35.161568 ], [ 128.694631, 35.161579 ], [ 128.694618, 35.160677 ], [ 128.695716, 35.160666 ] ] ] } },
{ "type": "Feature", "properties": { "grid_id": "G060578", "child_risk_pct": 0.0, "elderly_risk_pct": 2.78 }, "geometry": { "type": "Polygon", "coordinates": [ [ [ 128.697582, 35.28778 ], [ 128.697595, 35.288681 ], [ 128.696496, 35.288692 ], [ 128.696482, 35.287791 ], [ 128.697582, 35.28778 ] ] ] } },
{ "type": "Feature", "properties": { "grid_id": "G060579", "child_risk_pct": 0.0, "elderly_risk_pct": 6.67 }, "geometry": { "type": "Polygon", "coordinates": [ [ [ 128.697595, 35.288681 ], [ 128.697608, 35.289583 ], [ 128.696509, 35.289594 ], [ 128.696496, 35.288692 ], [ 128.697595, 35.288681 ] ] ] } },
{ "type": "Feature", "properties": { "grid_id": "G060762", "child_risk_pct": 0.0, "elderly_risk_pct": 5.56 }, "geometry": { "type": "Polygon", "coordinates": [ [ [ 128.697488, 35.206633 ], [ 128.697501, 35.207534 ], [ 128.696402, 35.207545 ], [ 128.696389, 35.206644 ], [ 128.697488, 35.206633 ] ] ] } },
{ "type": "Feature", "properties": { "grid_id": "G060763", "child_risk_pct": 0.0, "elderly_risk_pct": 3.47 }, "geometry": { "type": "Polygon", "coordinates": [ [ [ 128.697501, 35.207534 ], [ 128.697514, 35.208436 ], [ 128.696416, 35.208447 ], [ 128.696402, 35.207545 ], [ 128.697501, 35.207534 ] ] ] } },
{ "type": "Feature", "properties": { "grid_id": "G060870", "child_risk_pct": 0.0, "elderly_risk_pct": 7.74 }, "geometry": { "type": "Polygon", "coordinates": [ [ [ 128.69908, 35.314814 ], [ 128.699094, 35.315715 ], [ 128.697994, 35.315726 ], [ 128.69798, 35.314825 ], [ 128.69908, 35.314814 ] ] ] } },
{ "type": "Feature", "properties": { "grid_id": "G060976", "child_risk_pct": 0.0, "elderly_risk_pct": 0.68 }, "geometry": { "type": "Polygon", "coordinates": [ [ [ 128.697739, 35.148925 ], [ 128.697752, 35.149826 ], [ 128.696655, 35.149837 ], [ 128.696642, 35.148936 ], [ 128.697739, 35.148925 ] ] ] } },
{ "type": "Feature", "properties": { "grid_id": "G060977", "child_risk_pct": 0.0, "elderly_risk_pct": 0.69 }, "geometry": { "type": "Polygon", "coordinates": [ [ [ 128.697752, 35.149826 ], [ 128.697766, 35.150728 ], [ 128.696668, 35.150739 ], [ 128.696655, 35.149837 ], [ 128.697752, 35.149826 ] ] ] } },
{ "type": "Feature", "properties": { "grid_id": "G060979", "child_risk_pct": 0.0, "elderly_risk_pct": 0.69 }, "geometry": { "type": "Polygon", "coordinates": [ [ [ 128.697779, 35.151629 ], [ 128.697792, 35.152531 ], [ 128.696694, 35.152542 ], [ 128.696681, 35.15164 ], [ 128.697779, 35.151629 ] ] ] } },
{ "type": "Feature", "properties": { "grid_id": "G060981", "child_risk_pct": 0.0, "elderly_risk_pct": 12.82 }, "geometry": { "type": "Polygon", "coordinates": [ [ [ 128.697805, 35.153432 ], [ 128.697819, 35.154334 ], [ 128.696721, 35.154345 ], [ 128.696708, 35.153443 ], [ 128.697805, 35.153432 ] ] ] } },
{ "type": "Feature", "properties": { "grid_id": "G060982", "child_risk_pct": 0.0, "elderly_risk_pct": 10.49 }, "geometry": { "type": "Polygon", "coordinates": [ [ [ 128.697819, 35.154334 ], [ 128.697832, 35.155236 ], [ 128.696734, 35.155246 ], [ 128.696721, 35.154345 ], [ 128.697819, 35.154334 ] ] ] } },
{ "type": "Feature", "properties": { "grid_id": "G061033", "child_risk_pct": 0.0, "elderly_risk_pct": 2.78 }, "geometry": { "type": "Polygon", "coordinates": [ [ [ 128.698493, 35.200311 ], [ 128.698507, 35.201213 ], [ 128.697408, 35.201224 ], [ 128.697395, 35.200322 ], [ 128.698493, 35.200311 ] ] ] } },
{ "type": "Feature", "properties": { "grid_id": "G061040", "child_risk_pct": 0.0, "elderly_risk_pct": 4.86 }, "geometry": { "type": "Polygon", "coordinates": [ [ [ 128.698586, 35.206622 ], [ 128.698599, 35.207524 ], [ 128.697501, 35.207534 ], [ 128.697488, 35.206633 ], [ 128.698586, 35.206622 ] ] ] } },
{ "type": "Feature", "properties": { "grid_id": "G061041", "child_risk_pct": 0.0, "elderly_risk_pct": 0.69 }, "geometry": { "type": "Polygon", "coordinates": [ [ [ 128.698599, 35.207524 ], [ 128.698613, 35.208425 ], [ 128.697514, 35.208436 ], [ 128.697501, 35.207534 ], [ 128.698599, 35.207524 ] ] ] } },
{ "type": "Feature", "properties": { "grid_id": "G061057", "child_risk_pct": 0.0, "elderly_risk_pct": 21.12 }, "geometry": { "type": "Polygon", "coordinates": [ [ [ 128.698811, 35.221948 ], [ 128.698825, 35.222849 ], [ 128.697726, 35.22286 ], [ 128.697713, 35.221959 ], [ 128.698811, 35.221948 ] ] ] } },
{ "type": "Feature", "properties": { "grid_id": "G061058", "child_risk_pct": 0.0, "elderly_risk_pct": 7.64 }, "geometry": { "type": "Polygon", "coordinates": [ [ [ 128.698825, 35.222849 ], [ 128.698838, 35.223751 ], [ 128.697739, 35.223762 ], [ 128.697726, 35.22286 ], [ 128.698825, 35.222849 ] ] ] } },
{ "type": "Feature", "properties": { "grid_id": "G061074", "child_risk_pct": 0.0, "elderly_risk_pct": 7.69 }, "geometry": { "type": "Polygon", "coordinates": [ [ [ 128.699037, 35.237274 ], [ 128.69905, 35.238175 ], [ 128.697951, 35.238186 ], [ 128.697938, 35.237284 ], [ 128.699037, 35.237274 ] ] ] } },
{ "type": "Feature", "properties": { "grid_id": "G061075", "child_risk_pct": 0.0, "elderly_risk_pct": 7.64 }, "geometry": { "type": "Polygon", "coordinates": [ [ [ 128.69905, 35.238175 ], [ 128.699063, 35.239077 ], [ 128.697965, 35.239087 ], [ 128.697951, 35.238186 ], [ 128.69905, 35.238175 ] ] ] } },
{ "type": "Feature", "properties": { "grid_id": "G061076", "child_risk_pct": 0.0, "elderly_risk_pct": 3.33 }, "geometry": { "type": "Polygon", "coordinates": [ [ [ 128.699063, 35.239077 ], [ 128.699077, 35.239978 ], [ 128.697978, 35.239989 ], [ 128.697965, 35.239087 ], [ 128.699063, 35.239077 ] ] ] } },
{ "type": "Feature", "properties": { "grid_id": "G061131", "child_risk_pct": 0.0, "elderly_risk_pct": 12.18 }, "geometry": { "type": "Polygon", "coordinates": [ [ [ 128.699794, 35.288659 ], [ 128.699807, 35.289561 ], [ 128.698708, 35.289572 ], [ 128.698695, 35.28867 ], [ 128.699794, 35.288659 ] ] ] } },
{ "type": "Feature", "properties": { "grid_id": "G061132", "child_risk_pct": 0.0, "elderly_risk_pct": 5.26 }, "geometry": { "type": "Polygon", "coordinates": [ [ [ 128.699807, 35.289561 ], [ 128.699821, 35.290462 ], [ 128.698721, 35.290473 ], [ 128.698708, 35.289572 ], [ 128.699807, 35.289561 ] ] ] } },
{ "type": "Feature", "properties": { "grid_id": "G061144", "child_risk_pct": 0.0, "elderly_risk_pct": 2.67 }, "geometry": { "type": "Polygon", "coordinates": [ [ [ 128.70018, 35.314803 ], [ 128.700193, 35.315704 ], [ 128.699094, 35.315715 ], [ 128.69908, 35.314814 ], [ 128.70018, 35.314803 ] ] ] } },
{ "type": "Feature", "properties": { "grid_id": "G061166", "child_risk_pct": 0.0, "elderly_risk_pct": 3.47 }, "geometry": { "type": "Polygon", "coordinates": [ [ [ 128.700473, 35.334636 ], [ 128.700487, 35.335537 ], [ 128.699387, 35.335548 ], [ 128.699373, 35.334647 ], [ 128.700473, 35.334636 ] ] ] } },
{ "type": "Feature", "properties": { "grid_id": "G061167", "child_risk_pct": 0.0, "elderly_risk_pct": 12.82 }, "geometry": { "type": "Polygon", "coordinates": [ [ [ 128.700487, 35.335537 ], [ 128.7005, 35.336439 ], [ 128.6994, 35.33645 ], [ 128.699387, 35.335548 ], [ 128.700487, 35.335537 ] ] ] } },
{ "type": "Feature", "properties": { "grid_id": "G061252", "child_risk_pct": 0.0, "elderly_risk_pct": 5.16 }, "geometry": { "type": "Polygon", "coordinates": [ [ [ 128.698824, 35.148012 ], [ 128.698837, 35.148914 ], [ 128.697739, 35.148925 ], [ 128.697726, 35.148023 ], [ 128.698824, 35.148012 ] ] ] } },
{ "type": "Feature", "properties": { "grid_id": "G061253", "child_risk_pct": 0.0, "elderly_risk_pct": 48.61 }, "geometry": { "type": "Polygon", "coordinates": [ [ [ 128.698837, 35.148914 ], [ 128.69885, 35.149816 ], [ 128.697752, 35.149826 ], [ 128.697739, 35.148925 ], [ 128.698837, 35.148914 ] ] ] } },
{ "type": "Feature", "properties": { "grid_id": "G061254", "child_risk_pct": 0.0, "elderly_risk_pct": 28.47 }, "geometry": { "type": "Polygon", "coordinates": [ [ [ 128.69885, 35.149816 ], [ 128.698863, 35.150717 ], [ 128.697766, 35.150728 ], [ 128.697752, 35.149826 ], [ 128.69885, 35.149816 ] ] ] } },
{ "type": "Feature", "properties": { "grid_id": "G061255", "child_risk_pct": 0.0, "elderly_risk_pct": 16.99 }, "geometry": { "type": "Polygon", "coordinates": [ [ [ 128.698863, 35.150717 ], [ 128.698877, 35.151619 ], [ 128.697779, 35.151629 ], [ 128.697766, 35.150728 ], [ 128.698863, 35.150717 ] ] ] } },
{ "type": "Feature", "properties": { "grid_id": "G061256", "child_risk_pct": 0.0, "elderly_risk_pct": 22.45 }, "geometry": { "type": "Polygon", "coordinates": [ [ [ 128.698877, 35.151619 ], [ 128.69889, 35.15252 ], [ 128.697792, 35.152531 ], [ 128.697779, 35.151629 ], [ 128.698877, 35.151619 ] ] ] } },
{ "type": "Feature", "properties": { "grid_id": "G061258", "child_risk_pct": 0.0, "elderly_risk_pct": 11.26 }, "geometry": { "type": "Polygon", "coordinates": [ [ [ 128.698903, 35.153422 ], [ 128.698916, 35.154323 ], [ 128.697819, 35.154334 ], [ 128.697805, 35.153432 ], [ 128.698903, 35.153422 ] ] ] } },
{ "type": "Feature", "properties": { "grid_id": "G061259", "child_risk_pct": 0.0, "elderly_risk_pct": 13.46 }, "geometry": { "type": "Polygon", "coordinates": [ [ [ 128.698916, 35.154323 ], [ 128.698929, 35.155225 ], [ 128.697832, 35.155236 ], [ 128.697819, 35.154334 ], [ 128.698916, 35.154323 ] ] ] } },
{ "type": "Feature", "properties": { "grid_id": "G061309", "child_risk_pct": 0.0, "elderly_risk_pct": 2.61 }, "geometry": { "type": "Polygon", "coordinates": [ [ [ 128.699578, 35.199399 ], [ 128.699592, 35.200301 ], [ 128.698493, 35.200311 ], [ 128.69848, 35.19941 ], [ 128.699578, 35.199399 ] ] ] } },
{ "type": "Feature", "properties": { "grid_id": "G061310", "child_risk_pct": 0.0, "elderly_risk_pct": 51.02 }, "geometry": { "type": "Polygon", "coordinates": [ [ [ 128.699592, 35.200301 ], [ 128.699605, 35.201202 ], [ 128.698507, 35.201213 ], [ 128.698493, 35.200311 ], [ 128.699592, 35.200301 ] ] ] } },
{ "type": "Feature", "properties": { "grid_id": "G061311", "child_risk_pct": 0.0, "elderly_risk_pct": 6.58 }, "geometry": { "type": "Polygon", "coordinates": [ [ [ 128.699605, 35.201202 ], [ 128.699618, 35.202104 ], [ 128.69852, 35.202115 ], [ 128.698507, 35.201213 ], [ 128.699605, 35.201202 ] ] ] } },
{ "type": "Feature", "properties": { "grid_id": "G061324", "child_risk_pct": 1.31, "elderly_risk_pct": 34.64 }, "geometry": { "type": "Polygon", "coordinates": [ [ [ 128.699777, 35.212922 ], [ 128.699791, 35.213823 ], [ 128.698692, 35.213834 ], [ 128.698679, 35.212933 ], [ 128.699777, 35.212922 ] ] ] } },
{ "type": "Feature", "properties": { "grid_id": "G061325", "child_risk_pct": 0.0, "elderly_risk_pct": 15.38 }, "geometry": { "type": "Polygon", "coordinates": [ [ [ 128.699791, 35.213823 ], [ 128.699804, 35.214725 ], [ 128.698705, 35.214736 ], [ 128.698692, 35.213834 ], [ 128.699791, 35.213823 ] ] ] } },
{ "type": "Feature", "properties": { "grid_id": "G061334", "child_risk_pct": 0.0, "elderly_risk_pct": 33.97 }, "geometry": { "type": "Polygon", "coordinates": [ [ [ 128.69991, 35.221937 ], [ 128.699923, 35.222838 ], [ 128.698825, 35.222849 ], [ 128.698811, 35.221948 ], [ 128.69991, 35.221937 ] ] ] } },
{ "type": "Feature", "properties": { "grid_id": "G061335", "child_risk_pct": 0.0, "elderly_risk_pct": 30.56 }, "geometry": { "type": "Polygon", "coordinates": [ [ [ 128.699923, 35.222838 ], [ 128.699936, 35.22374 ], [ 128.698838, 35.223751 ], [ 128.698825, 35.222849 ], [ 128.699923, 35.222838 ] ] ] } },
{ "type": "Feature", "properties": { "grid_id": "G061341", "child_risk_pct": 0.0, "elderly_risk_pct": 5.77 }, "geometry": { "type": "Polygon", "coordinates": [ [ [ 128.700003, 35.228248 ], [ 128.700016, 35.229149 ], [ 128.698917, 35.22916 ], [ 128.698904, 35.228258 ], [ 128.700003, 35.228248 ] ] ] } },
{ "type": "Feature", "properties": { "grid_id": "G061342", "child_risk_pct": 0.0, "elderly_risk_pct": 8.33 }, "geometry": { "type": "Polygon", "coordinates": [ [ [ 128.700016, 35.229149 ], [ 128.700029, 35.230051 ], [ 128.698931, 35.230061 ], [ 128.698917, 35.22916 ], [ 128.700016, 35.229149 ] ] ] } },
{ "type": "Feature", "properties": { "grid_id": "G061353", "child_risk_pct": 0.0, "elderly_risk_pct": 13.33 }, "geometry": { "type": "Polygon", "coordinates": [ [ [ 128.700162, 35.239066 ], [ 128.700175, 35.239967 ], [ 128.699077, 35.239978 ], [ 128.699063, 35.239077 ], [ 128.700162, 35.239066 ] ] ] } },
{ "type": "Feature", "properties": { "grid_id": "G061408", "child_risk_pct": 0.0, "elderly_risk_pct": 5.56 }, "geometry": { "type": "Polygon", "coordinates": [ [ [ 128.700894, 35.288649 ], [ 128.700907, 35.28955 ], [ 128.699807, 35.289561 ], [ 128.699794, 35.288659 ], [ 128.700894, 35.288649 ] ] ] } },
{ "type": "Feature", "properties": { "grid_id": "G061443", "child_risk_pct": 0.0, "elderly_risk_pct": 0.6 }, "geometry": { "type": "Polygon", "coordinates": [ [ [ 128.701587, 35.335526 ], [ 128.7016, 35.336428 ], [ 128.7005, 35.336439 ], [ 128.700487, 35.335537 ], [ 128.701587, 35.335526 ] ] ] } },
{ "type": "Feature", "properties": { "grid_id": "G061528", "child_risk_pct": 0.0, "elderly_risk_pct": 18.59 }, "geometry": { "type": "Polygon", "coordinates": [ [ [ 128.699921, 35.148002 ], [ 128.699935, 35.148903 ], [ 128.698837, 35.148914 ], [ 128.698824, 35.148012 ], [ 128.699921, 35.148002 ] ] ] } },
{ "type": "Feature", "properties": { "grid_id": "G061529", "child_risk_pct": 0.0, "elderly_risk_pct": 27.08 }, "geometry": { "type": "Polygon", "coordinates": [ [ [ 128.699935, 35.148903 ], [ 128.699948, 35.149805 ], [ 128.69885, 35.149816 ], [ 128.698837, 35.148914 ], [ 128.699935, 35.148903 ] ] ] } },
{ "type": "Feature", "properties": { "grid_id": "G061530", "child_risk_pct": 0.0, "elderly_risk_pct": 8.33 }, "geometry": { "type": "Polygon", "coordinates": [ [ [ 128.699948, 35.149805 ], [ 128.699961, 35.150706 ], [ 128.698863, 35.150717 ], [ 128.69885, 35.149816 ], [ 128.699948, 35.149805 ] ] ] } },
{ "type": "Feature", "properties": { "grid_id": "G061532", "child_risk_pct": 0.0, "elderly_risk_pct": 1.78 }, "geometry": { "type": "Polygon", "coordinates": [ [ [ 128.699974, 35.151608 ], [ 128.699987, 35.152509 ], [ 128.69889, 35.15252 ], [ 128.698877, 35.151619 ], [ 128.699974, 35.151608 ] ] ] } },
{ "type": "Feature", "properties": { "grid_id": "G061586", "child_risk_pct": 0.0, "elderly_risk_pct": 7.1 }, "geometry": { "type": "Polygon", "coordinates": [ [ [ 128.70069, 35.20029 ], [ 128.700703, 35.201191 ], [ 128.699605, 35.201202 ], [ 128.699592, 35.200301 ], [ 128.70069, 35.20029 ] ] ] } },
{ "type": "Feature", "properties": { "grid_id": "G061595", "child_risk_pct": 0.0, "elderly_risk_pct": 32.64 }, "geometry": { "type": "Polygon", "coordinates": [ [ [ 128.700809, 35.208403 ], [ 128.700823, 35.209305 ], [ 128.699724, 35.209316 ], [ 128.699711, 35.208414 ], [ 128.700809, 35.208403 ] ] ] } },
{ "type": "Feature", "properties": { "grid_id": "G061596", "child_risk_pct": 0.0, "elderly_risk_pct": 14.09 }, "geometry": { "type": "Polygon", "coordinates": [ [ [ 128.700823, 35.209305 ], [ 128.700836, 35.210206 ], [ 128.699737, 35.210217 ], [ 128.699724, 35.209316 ], [ 128.700823, 35.209305 ] ] ] } },
{ "type": "Feature", "properties": { "grid_id": "G061599", "child_risk_pct": 0.0, "elderly_risk_pct": 8.55 }, "geometry": { "type": "Polygon", "coordinates": [ [ [ 128.700862, 35.212009 ], [ 128.700876, 35.212911 ], [ 128.699777, 35.212922 ], [ 128.699764, 35.21202 ], [ 128.700862, 35.212009 ] ] ] } },
{ "type": "Feature", "properties": { "grid_id": "G061600", "child_risk_pct": 17.37, "elderly_risk_pct": 6.59 }, "geometry": { "type": "Polygon", "coordinates": [ [ [ 128.700876, 35.212911 ], [ 128.700889, 35.213812 ], [ 128.699791, 35.213823 ], [ 128.699777, 35.212922 ], [ 128.700876, 35.212911 ] ] ] } },
{ "type": "Feature", "properties": { "grid_id": "G061601", "child_risk_pct": 13.19, "elderly_risk_pct": 0.0 }, "geometry": { "type": "Polygon", "coordinates": [ [ [ 128.700889, 35.213812 ], [ 128.700902, 35.214714 ], [ 128.699804, 35.214725 ], [ 128.699791, 35.213823 ], [ 128.700889, 35.213812 ] ] ] } },
{ "type": "Feature", "properties": { "grid_id": "G061606", "child_risk_pct": 30.32, "elderly_risk_pct": 0.0 }, "geometry": { "type": "Polygon", "coordinates": [ [ [ 128.700955, 35.21832 ], [ 128.700969, 35.219222 ], [ 128.69987, 35.219232 ], [ 128.699857, 35.218331 ], [ 128.700955, 35.21832 ] ] ] } },
{ "type": "Feature", "properties": { "grid_id": "G061610", "child_risk_pct": 0.0, "elderly_risk_pct": 5.44 }, "geometry": { "type": "Polygon", "coordinates": [ [ [ 128.701009, 35.221926 ], [ 128.701022, 35.222828 ], [ 128.699923, 35.222838 ], [ 128.69991, 35.221937 ], [ 128.701009, 35.221926 ] ] ] } },
{ "type": "Feature", "properties": { "grid_id": "G061611", "child_risk_pct": 0.0, "elderly_risk_pct": 39.22 }, "geometry": { "type": "Polygon", "coordinates": [ [ [ 128.701022, 35.222828 ], [ 128.701035, 35.223729 ], [ 128.699936, 35.22374 ], [ 128.699923, 35.222838 ], [ 128.701022, 35.222828 ] ] ] } },
{ "type": "Feature", "properties": { "grid_id": "G061614", "child_risk_pct": 0.0, "elderly_risk_pct": 8.64 }, "geometry": { "type": "Polygon", "coordinates": [ [ [ 128.701062, 35.225532 ], [ 128.701075, 35.226434 ], [ 128.699976, 35.226445 ], [ 128.699963, 35.225543 ], [ 128.701062, 35.225532 ] ] ] } },
{ "type": "Feature", "properties": { "grid_id": "G061615", "child_risk_pct": 0.0, "elderly_risk_pct": 2.78 }, "geometry": { "type": "Polygon", "coordinates": [ [ [ 128.701075, 35.226434 ], [ 128.701088, 35.227335 ], [ 128.69999, 35.227346 ], [ 128.699976, 35.226445 ], [ 128.701075, 35.226434 ] ] ] } },
{ "type": "Feature", "properties": { "grid_id": "G061617", "child_risk_pct": 0.0, "elderly_risk_pct": 11.56 }, "geometry": { "type": "Polygon", "coordinates": [ [ [ 128.701102, 35.228237 ], [ 128.701115, 35.229138 ], [ 128.700016, 35.229149 ], [ 128.700003, 35.228248 ], [ 128.701102, 35.228237 ] ] ] } },
{ "type": "Feature", "properties": { "grid_id": "G061618", "child_risk_pct": 0.0, "elderly_risk_pct": 14.38 }, "geometry": { "type": "Polygon", "coordinates": [ [ [ 128.701115, 35.229138 ], [ 128.701128, 35.23004 ], [ 128.700029, 35.230051 ], [ 128.700016, 35.229149 ], [ 128.701115, 35.229138 ] ] ] } },
{ "type": "Feature", "properties": { "grid_id": "G061701", "child_risk_pct": 4.17, "elderly_risk_pct": 0.0 }, "geometry": { "type": "Polygon", "coordinates": [ [ [ 128.70246, 35.32019 ], [ 128.702473, 35.321092 ], [ 128.701373, 35.321103 ], [ 128.70136, 35.320201 ], [ 128.70246, 35.32019 ] ] ] } },
{ "type": "Feature", "properties": { "grid_id": "G061702", "child_risk_pct": 10.69, "elderly_risk_pct": 0.0 }, "geometry": { "type": "Polygon", "coordinates": [ [ [ 128.702473, 35.321092 ], [ 128.702487, 35.321993 ], [ 128.701387, 35.322004 ], [ 128.701373, 35.321103 ], [ 128.702473, 35.321092 ] ] ] } },
{ "type": "Feature", "properties": { "grid_id": "G061809", "child_risk_pct": 0.0, "elderly_risk_pct": 43.87 }, "geometry": { "type": "Polygon", "coordinates": [ [ [ 128.701045, 35.149794 ], [ 128.701059, 35.150695 ], [ 128.699961, 35.150706 ], [ 128.699948, 35.149805 ], [ 128.701045, 35.149794 ] ] ] } },
{ "type": "Feature", "properties": { "grid_id": "G061810", "child_risk_pct": 0.0, "elderly_risk_pct": 21.85 }, "geometry": { "type": "Polygon", "coordinates": [ [ [ 128.701059, 35.150695 ], [ 128.701072, 35.151597 ], [ 128.699974, 35.151608 ], [ 128.699961, 35.150706 ], [ 128.701059, 35.150695 ] ] ] } },
{ "type": "Feature", "properties": { "grid_id": "G061816", "child_risk_pct": 0.0, "elderly_risk_pct": 21.15 }, "geometry": { "type": "Polygon", "coordinates": [ [ [ 128.701138, 35.156104 ], [ 128.701151, 35.157006 ], [ 128.700054, 35.157017 ], [ 128.70004, 35.156115 ], [ 128.701138, 35.156104 ] ] ] } },
{ "type": "Feature", "properties": { "grid_id": "G061817", "child_risk_pct": 0.0, "elderly_risk_pct": 22.82 }, "geometry": { "type": "Polygon", "coordinates": [ [ [ 128.701151, 35.157006 ], [ 128.701165, 35.157907 ], [ 128.700067, 35.157918 ], [ 128.700054, 35.157017 ], [ 128.701151, 35.157006 ] ] ] } },
{ "type": "Feature", "properties": { "grid_id": "G061818", "child_risk_pct": 0.0, "elderly_risk_pct": 4.83 }, "geometry": { "type": "Polygon", "coordinates": [ [ [ 128.701165, 35.157907 ], [ 128.701178, 35.158809 ], [ 128.70008, 35.15882 ], [ 128.700067, 35.157918 ], [ 128.701165, 35.157907 ] ] ] } },
{ "type": "Feature", "properties": { "grid_id": "G061819", "child_risk_pct": 0.0, "elderly_risk_pct": 2.58 }, "geometry": { "type": "Polygon", "coordinates": [ [ [ 128.701178, 35.158809 ], [ 128.701191, 35.159711 ], [ 128.700093, 35.159721 ], [ 128.70008, 35.15882 ], [ 128.701178, 35.158809 ] ] ] } },
{ "type": "Feature", "properties": { "grid_id": "G061862", "child_risk_pct": 11.54, "elderly_risk_pct": 0.0 }, "geometry": { "type": "Polygon", "coordinates": [ [ [ 128.701748, 35.197574 ], [ 128.701762, 35.198476 ], [ 128.700663, 35.198487 ], [ 128.70065, 35.197585 ], [ 128.701748, 35.197574 ] ] ] } },
{ "type": "Feature", "properties": { "grid_id": "G061863", "child_risk_pct": 47.71, "elderly_risk_pct": 0.0 }, "geometry": { "type": "Polygon", "coordinates": [ [ [ 128.701762, 35.198476 ], [ 128.701775, 35.199377 ], [ 128.700677, 35.199388 ], [ 128.700663, 35.198487 ], [ 128.701762, 35.198476 ] ] ] } },
{ "type": "Feature", "properties": { "grid_id": "G061864", "child_risk_pct": 0.65, "elderly_risk_pct": 0.0 }, "geometry": { "type": "Polygon", "coordinates": [ [ [ 128.701775, 35.199377 ], [ 128.701788, 35.200279 ], [ 128.70069, 35.20029 ], [ 128.700677, 35.199388 ], [ 128.701775, 35.199377 ] ] ] } },
{ "type": "Feature", "properties": { "grid_id": "G061874", "child_risk_pct": 0.0, "elderly_risk_pct": 2.78 }, "geometry": { "type": "Polygon", "coordinates": [ [ [ 128.701908, 35.208392 ], [ 128.701921, 35.209294 ], [ 128.700823, 35.209305 ], [ 128.700809, 35.208403 ], [ 128.701908, 35.208392 ] ] ] } },
{ "type": "Feature", "properties": { "grid_id": "G061878", "child_risk_pct": 0.0, "elderly_risk_pct": 12.84 }, "geometry": { "type": "Polygon", "coordinates": [ [ [ 128.701961, 35.211999 ], [ 128.701974, 35.2129 ], [ 128.700876, 35.212911 ], [ 128.700862, 35.212009 ], [ 128.701961, 35.211999 ] ] ] } },
{ "type": "Feature", "properties": { "grid_id": "G061879", "child_risk_pct": 5.41, "elderly_risk_pct": 23.65 }, "geometry": { "type": "Polygon", "coordinates": [ [ [ 128.701974, 35.2129 ], [ 128.701988, 35.213802 ], [ 128.700889, 35.213812 ], [ 128.700876, 35.212911 ], [ 128.701974, 35.2129 ] ] ] } },
{ "type": "Feature", "properties": { "grid_id": "G061880", "child_risk_pct": 1.97, "elderly_risk_pct": 0.0 }, "geometry": { "type": "Polygon", "coordinates": [ [ [ 128.701988, 35.213802 ], [ 128.702001, 35.214703 ], [ 128.700902, 35.214714 ], [ 128.700889, 35.213812 ], [ 128.701988, 35.213802 ] ] ] } },
{ "type": "Feature", "properties": { "grid_id": "G061885", "child_risk_pct": 2.07, "elderly_risk_pct": 0.0 }, "geometry": { "type": "Polygon", "coordinates": [ [ [ 128.702054, 35.218309 ], [ 128.702067, 35.219211 ], [ 128.700969, 35.219222 ], [ 128.700955, 35.21832 ], [ 128.702054, 35.218309 ] ] ] } },
{ "type": "Feature", "properties": { "grid_id": "G061886", "child_risk_pct": 0.0, "elderly_risk_pct": 38.1 }, "geometry": { "type": "Polygon", "coordinates": [ [ [ 128.702067, 35.219211 ], [ 128.702081, 35.220112 ], [ 128.700982, 35.220123 ], [ 128.700969, 35.219222 ], [ 128.702067, 35.219211 ] ] ] } },
{ "type": "Feature", "properties": { "grid_id": "G061887", "child_risk_pct": 0.0, "elderly_risk_pct": 21.57 }, "geometry": { "type": "Polygon", "coordinates": [ [ [ 128.702081, 35.220112 ], [ 128.702094, 35.221014 ], [ 128.700995, 35.221025 ], [ 128.700982, 35.220123 ], [ 128.702081, 35.220112 ] ] ] } },
{ "type": "Feature", "properties": { "grid_id": "G061893", "child_risk_pct": 0.0, "elderly_risk_pct": 13.01 }, "geometry": { "type": "Polygon", "coordinates": [ [ [ 128.70216, 35.225521 ], [ 128.702174, 35.226423 ], [ 128.701075, 35.226434 ], [ 128.701062, 35.225532 ], [ 128.70216, 35.225521 ] ] ] } },
{ "type": "Feature", "properties": { "grid_id": "G061894", "child_risk_pct": 0.0, "elderly_risk_pct": 23.38 }, "geometry": { "type": "Polygon", "coordinates": [ [ [ 128.702174, 35.226423 ], [ 128.702187, 35.227324 ], [ 128.701088, 35.227335 ], [ 128.701075, 35.226434 ], [ 128.702174, 35.226423 ] ] ] } },
{ "type": "Feature", "properties": { "grid_id": "G061951", "child_risk_pct": 0.0, "elderly_risk_pct": 32.9 }, "geometry": { "type": "Polygon", "coordinates": [ [ [ 128.702933, 35.277809 ], [ 128.702946, 35.27871 ], [ 128.701847, 35.278721 ], [ 128.701833, 35.27782 ], [ 128.702933, 35.277809 ] ] ] } },
{ "type": "Feature", "properties": { "grid_id": "G061952", "child_risk_pct": 0.0, "elderly_risk_pct": 1.26 }, "geometry": { "type": "Polygon", "coordinates": [ [ [ 128.702946, 35.27871 ], [ 128.702959, 35.279612 ], [ 128.70186, 35.279623 ], [ 128.701847, 35.278721 ], [ 128.702946, 35.27871 ] ] ] } },
{ "type": "Feature", "properties": { "grid_id": "G061979", "child_risk_pct": 3.25, "elderly_risk_pct": 0.0 }, "geometry": { "type": "Polygon", "coordinates": [ [ [ 128.70356, 35.320179 ], [ 128.703573, 35.321081 ], [ 128.702473, 35.321092 ], [ 128.70246, 35.32019 ], [ 128.70356, 35.320179 ] ] ] } },
{ "type": "Feature", "properties": { "grid_id": "G061980", "child_risk_pct": 5.13, "elderly_risk_pct": 0.0 }, "geometry": { "type": "Polygon", "coordinates": [ [ [ 128.703573, 35.321081 ], [ 128.703587, 35.321982 ], [ 128.702487, 35.321993 ], [ 128.702473, 35.321092 ], [ 128.703573, 35.321081 ] ] ] } },
{ "type": "Feature", "properties": { "grid_id": "G062077", "child_risk_pct": 6.67, "elderly_risk_pct": 2.67 }, "geometry": { "type": "Polygon", "coordinates": [ [ [ 128.701957, 35.137162 ], [ 128.701971, 35.138063 ], [ 128.700873, 35.138074 ], [ 128.70086, 35.137172 ], [ 128.701957, 35.137162 ] ] ] } },
{ "type": "Feature", "properties": { "grid_id": "G062078", "child_risk_pct": 2.78, "elderly_risk_pct": 0.69 }, "geometry": { "type": "Polygon", "coordinates": [ [ [ 128.701971, 35.138063 ], [ 128.701984, 35.138965 ], [ 128.700886, 35.138975 ], [ 128.700873, 35.138074 ], [ 128.701971, 35.138063 ] ] ] } },
{ "type": "Feature", "properties": { "grid_id": "G062091", "child_risk_pct": 0.0, "elderly_risk_pct": 8.78 }, "geometry": { "type": "Polygon", "coordinates": [ [ [ 128.702143, 35.149783 ], [ 128.702156, 35.150684 ], [ 128.701059, 35.150695 ], [ 128.701045, 35.149794 ], [ 128.702143, 35.149783 ] ] ] } },
{ "type": "Feature", "properties": { "grid_id": "G062092", "child_risk_pct": 0.0, "elderly_risk_pct": 6.25 }, "geometry": { "type": "Polygon", "coordinates": [ [ [ 128.702156, 35.150684 ], [ 128.70217, 35.151586 ], [ 128.701072, 35.151597 ], [ 128.701059, 35.150695 ], [ 128.702156, 35.150684 ] ] ] } },
{ "type": "Feature", "properties": { "grid_id": "G062093", "child_risk_pct": 0.0, "elderly_risk_pct": 6.25 }, "geometry": { "type": "Polygon", "coordinates": [ [ [ 128.70217, 35.151586 ], [ 128.702183, 35.152487 ], [ 128.701085, 35.152498 ], [ 128.701072, 35.151597 ], [ 128.70217, 35.151586 ] ] ] } },
{ "type": "Feature", "properties": { "grid_id": "G062095", "child_risk_pct": 0.0, "elderly_risk_pct": 13.19 }, "geometry": { "type": "Polygon", "coordinates": [ [ [ 128.702196, 35.153389 ], [ 128.702209, 35.15429 ], [ 128.701112, 35.154301 ], [ 128.701098, 35.1534 ], [ 128.702196, 35.153389 ] ] ] } },
{ "type": "Feature", "properties": { "grid_id": "G062096", "child_risk_pct": 0.0, "elderly_risk_pct": 1.99 }, "geometry": { "type": "Polygon", "coordinates": [ [ [ 128.702209, 35.15429 ], [ 128.702223, 35.155192 ], [ 128.701125, 35.155203 ], [ 128.701112, 35.154301 ], [ 128.702209, 35.15429 ] ] ] } },
{ "type": "Feature", "properties": { "grid_id": "G062098", "child_risk_pct": 0.0, "elderly_risk_pct": 1.96 }, "geometry": { "type": "Polygon", "coordinates": [ [ [ 128.702236, 35.156094 ], [ 128.702249, 35.156995 ], [ 128.701151, 35.157006 ], [ 128.701138, 35.156104 ], [ 128.702236, 35.156094 ] ] ] } },
{ "type": "Feature", "properties": { "grid_id": "G062099", "child_risk_pct": 0.0, "elderly_risk_pct": 0.69 }, "geometry": { "type": "Polygon", "coordinates": [ [ [ 128.702249, 35.156995 ], [ 128.702262, 35.157897 ], [ 128.701165, 35.157907 ], [ 128.701151, 35.157006 ], [ 128.702249, 35.156995 ] ] ] } },
{ "type": "Feature", "properties": { "grid_id": "G062100", "child_risk_pct": 0.0, "elderly_risk_pct": 13.19 }, "geometry": { "type": "Polygon", "coordinates": [ [ [ 128.702262, 35.157897 ], [ 128.702276, 35.158798 ], [ 128.701178, 35.158809 ], [ 128.701165, 35.157907 ], [ 128.702262, 35.157897 ] ] ] } },
{ "type": "Feature", "properties": { "grid_id": "G062101", "child_risk_pct": 0.0, "elderly_risk_pct": 23.72 }, "geometry": { "type": "Polygon", "coordinates": [ [ [ 128.702276, 35.158798 ], [ 128.702289, 35.1597 ], [ 128.701191, 35.159711 ], [ 128.701178, 35.158809 ], [ 128.702276, 35.158798 ] ] ] } },
{ "type": "Feature", "properties": { "grid_id": "G062144", "child_risk_pct": 0.61, "elderly_risk_pct": 0.0 }, "geometry": { "type": "Polygon", "coordinates": [ [ [ 128.702847, 35.197563 ], [ 128.70286, 35.198465 ], [ 128.701762, 35.198476 ], [ 128.701748, 35.197574 ], [ 128.702847, 35.197563 ] ] ] } },
{ "type": "Feature", "properties": { "grid_id": "G062145", "child_risk_pct": 13.25, "elderly_risk_pct": 9.27 }, "geometry": { "type": "Polygon", "coordinates": [ [ [ 128.70286, 35.198465 ], [ 128.702873, 35.199366 ], [ 128.701775, 35.199377 ], [ 128.701762, 35.198476 ], [ 128.70286, 35.198465 ] ] ] } },
{ "type": "Feature", "properties": { "grid_id": "G062150", "child_risk_pct": 0.0, "elderly_risk_pct": 1.33 }, "geometry": { "type": "Polygon", "coordinates": [ [ [ 128.702926, 35.202972 ], [ 128.70294, 35.203874 ], [ 128.701841, 35.203885 ], [ 128.701828, 35.202983 ], [ 128.702926, 35.202972 ] ] ] } },
{ "type": "Feature", "properties": { "grid_id": "G062158", "child_risk_pct": 0.63, "elderly_risk_pct": 1.9 }, "geometry": { "type": "Polygon", "coordinates": [ [ [ 128.703033, 35.210185 ], [ 128.703046, 35.211086 ], [ 128.701948, 35.211097 ], [ 128.701934, 35.210195 ], [ 128.703033, 35.210185 ] ] ] } },
{ "type": "Feature", "properties": { "grid_id": "G062159", "child_risk_pct": 29.61, "elderly_risk_pct": 30.26 }, "geometry": { "type": "Polygon", "coordinates": [ [ [ 128.703046, 35.211086 ], [ 128.703059, 35.211988 ], [ 128.701961, 35.211999 ], [ 128.701948, 35.211097 ], [ 128.703046, 35.211086 ] ] ] } },
{ "type": "Feature", "properties": { "grid_id": "G062168", "child_risk_pct": 0.0, "elderly_risk_pct": 6.25 }, "geometry": { "type": "Polygon", "coordinates": [ [ [ 128.703166, 35.2192 ], [ 128.703179, 35.220101 ], [ 128.702081, 35.220112 ], [ 128.702067, 35.219211 ], [ 128.703166, 35.2192 ] ] ] } },
{ "type": "Feature", "properties": { "grid_id": "G062169", "child_risk_pct": 0.0, "elderly_risk_pct": 6.41 }, "geometry": { "type": "Polygon", "coordinates": [ [ [ 128.703179, 35.220101 ], [ 128.703192, 35.221003 ], [ 128.702094, 35.221014 ], [ 128.702081, 35.220112 ], [ 128.703179, 35.220101 ] ] ] } },
{ "type": "Feature", "properties": { "grid_id": "G062194", "child_risk_pct": 0.0, "elderly_risk_pct": 2.61 }, "geometry": { "type": "Polygon", "coordinates": [ [ [ 128.703512, 35.242639 ], [ 128.703525, 35.24354 ], [ 128.702426, 35.243551 ], [ 128.702413, 35.24265 ], [ 128.703512, 35.242639 ] ] ] } },
{ "type": "Feature", "properties": { "grid_id": "G062233", "child_risk_pct": 0.0, "elderly_risk_pct": 2.76 }, "geometry": { "type": "Polygon", "coordinates": [ [ [ 128.704032, 35.277798 ], [ 128.704045, 35.278699 ], [ 128.702946, 35.27871 ], [ 128.702933, 35.277809 ], [ 128.704032, 35.277798 ] ] ] } },
{ "type": "Feature", "properties": { "grid_id": "G062355", "child_risk_pct": 23.61, "elderly_risk_pct": 20.14 }, "geometry": { "type": "Polygon", "coordinates": [ [ [ 128.703055, 35.137151 ], [ 128.703068, 35.138052 ], [ 128.701971, 35.138063 ], [ 128.701957, 35.137162 ], [ 128.703055, 35.137151 ] ] ] } },
{ "type": "Feature", "properties": { "grid_id": "G062356", "child_risk_pct": 28.47, "elderly_risk_pct": 23.61 }, "geometry": { "type": "Polygon", "coordinates": [ [ [ 128.703068, 35.138052 ], [ 128.703081, 35.138954 ], [ 128.701984, 35.138965 ], [ 128.701971, 35.138063 ], [ 128.703068, 35.138052 ] ] ] } },
{ "type": "Feature", "properties": { "grid_id": "G062363", "child_risk_pct": 12.5, "elderly_risk_pct": 5.56 }, "geometry": { "type": "Polygon", "coordinates": [ [ [ 128.703161, 35.144363 ], [ 128.703174, 35.145264 ], [ 128.702077, 35.145275 ], [ 128.702063, 35.144374 ], [ 128.703161, 35.144363 ] ] ] } },
{ "type": "Feature", "properties": { "grid_id": "G062364", "child_risk_pct": 27.08, "elderly_risk_pct": 0.0 }, "geometry": { "type": "Polygon", "coordinates": [ [ [ 128.703174, 35.145264 ], [ 128.703188, 35.146166 ], [ 128.70209, 35.146177 ], [ 128.702077, 35.145275 ], [ 128.703174, 35.145264 ] ] ] } },
{ "type": "Feature", "properties": { "grid_id": "G062370", "child_risk_pct": 0.0, "elderly_risk_pct": 35.42 }, "geometry": { "type": "Polygon", "coordinates": [ [ [ 128.703254, 35.150673 ], [ 128.703267, 35.151575 ], [ 128.70217, 35.151586 ], [ 128.702156, 35.150684 ], [ 128.703254, 35.150673 ] ] ] } },
{ "type": "Feature", "properties": { "grid_id": "G062371", "child_risk_pct": 0.0, "elderly_risk_pct": 20.83 }, "geometry": { "type": "Polygon", "coordinates": [ [ [ 128.703267, 35.151575 ], [ 128.70328, 35.152477 ], [ 128.702183, 35.152487 ], [ 128.70217, 35.151586 ], [ 128.703267, 35.151575 ] ] ] } },
{ "type": "Feature", "properties": { "grid_id": "G062373", "child_risk_pct": 0.0, "elderly_risk_pct": 20.86 }, "geometry": { "type": "Polygon", "coordinates": [ [ [ 128.703294, 35.153378 ], [ 128.703307, 35.15428 ], [ 128.702209, 35.15429 ], [ 128.702196, 35.153389 ], [ 128.703294, 35.153378 ] ] ] } },
{ "type": "Feature", "properties": { "grid_id": "G062374", "child_risk_pct": 0.0, "elderly_risk_pct": 11.41 }, "geometry": { "type": "Polygon", "coordinates": [ [ [ 128.703307, 35.15428 ], [ 128.70332, 35.155181 ], [ 128.702223, 35.155192 ], [ 128.702209, 35.15429 ], [ 128.703307, 35.15428 ] ] ] } },
{ "type": "Feature", "properties": { "grid_id": "G062376", "child_risk_pct": 0.0, "elderly_risk_pct": 14.74 }, "geometry": { "type": "Polygon", "coordinates": [ [ [ 128.703334, 35.156083 ], [ 128.703347, 35.156984 ], [ 128.702249, 35.156995 ], [ 128.702236, 35.156094 ], [ 128.703334, 35.156083 ] ] ] } },
{ "type": "Feature", "properties": { "grid_id": "G062378", "child_risk_pct": 4.86, "elderly_risk_pct": 0.0 }, "geometry": { "type": "Polygon", "coordinates": [ [ [ 128.70336, 35.157886 ], [ 128.703373, 35.158787 ], [ 128.702276, 35.158798 ], [ 128.702262, 35.157897 ], [ 128.70336, 35.157886 ] ] ] } },
{ "type": "Feature", "properties": { "grid_id": "G062422", "child_risk_pct": 0.0, "elderly_risk_pct": 5.56 }, "geometry": { "type": "Polygon", "coordinates": [ [ [ 128.703945, 35.197552 ], [ 128.703958, 35.198454 ], [ 128.70286, 35.198465 ], [ 128.702847, 35.197563 ], [ 128.703945, 35.197552 ] ] ] } },
{ "type": "Feature", "properties": { "grid_id": "G062423", "child_risk_pct": 0.0, "elderly_risk_pct": 12.82 }, "geometry": { "type": "Polygon", "coordinates": [ [ [ 128.703958, 35.198454 ], [ 128.703972, 35.199355 ], [ 128.702873, 35.199366 ], [ 128.70286, 35.198465 ], [ 128.703958, 35.198454 ] ] ] } },
{ "type": "Feature", "properties": { "grid_id": "G062428", "child_risk_pct": 0.0, "elderly_risk_pct": 2.67 }, "geometry": { "type": "Polygon", "coordinates": [ [ [ 128.704025, 35.202962 ], [ 128.704038, 35.203863 ], [ 128.70294, 35.203874 ], [ 128.702926, 35.202972 ], [ 128.704025, 35.202962 ] ] ] } },
{ "type": "Feature", "properties": { "grid_id": "G062429", "child_risk_pct": 0.0, "elderly_risk_pct": 0.69 }, "geometry": { "type": "Polygon", "coordinates": [ [ [ 128.704038, 35.203863 ], [ 128.704051, 35.204765 ], [ 128.702953, 35.204776 ], [ 128.70294, 35.203874 ], [ 128.704038, 35.203863 ] ] ] } },
{ "type": "Feature", "properties": { "grid_id": "G062436", "child_risk_pct": 0.0, "elderly_risk_pct": 13.89 }, "geometry": { "type": "Polygon", "coordinates": [ [ [ 128.704131, 35.210174 ], [ 128.704145, 35.211075 ], [ 128.703046, 35.211086 ], [ 128.703033, 35.210185 ], [ 128.704131, 35.210174 ] ] ] } },
{ "type": "Feature", "properties": { "grid_id": "G062437", "child_risk_pct": 25.0, "elderly_risk_pct": 23.72 }, "geometry": { "type": "Polygon", "coordinates": [ [ [ 128.704145, 35.211075 ], [ 128.704158, 35.211977 ], [ 128.703059, 35.211988 ], [ 128.703046, 35.211086 ], [ 128.704145, 35.211075 ] ] ] } },
{ "type": "Feature", "properties": { "grid_id": "G062472", "child_risk_pct": 0.0, "elderly_risk_pct": 10.26 }, "geometry": { "type": "Polygon", "coordinates": [ [ [ 128.704611, 35.242628 ], [ 128.704624, 35.24353 ], [ 128.703525, 35.24354 ], [ 128.703512, 35.242639 ], [ 128.704611, 35.242628 ] ] ] } },
{ "type": "Feature", "properties": { "grid_id": "G062519", "child_risk_pct": 0.0, "elderly_risk_pct": 0.69 }, "geometry": { "type": "Polygon", "coordinates": [ [ [ 128.705238, 35.284999 ], [ 128.705252, 35.2859 ], [ 128.704152, 35.285911 ], [ 128.704139, 35.28501 ], [ 128.705238, 35.284999 ] ] ] } },
{ "type": "Feature", "properties": { "grid_id": "G062619", "child_risk_pct": 22.37, "elderly_risk_pct": 2.63 }, "geometry": { "type": "Polygon", "coordinates": [ [ [ 128.704046, 35.129928 ], [ 128.704059, 35.130829 ], [ 128.702962, 35.13084 ], [ 128.702949, 35.129938 ], [ 128.704046, 35.129928 ] ] ] } },
{ "type": "Feature", "properties": { "grid_id": "G062620", "child_risk_pct": 12.84, "elderly_risk_pct": 0.0 }, "geometry": { "type": "Polygon", "coordinates": [ [ [ 128.704059, 35.130829 ], [ 128.704073, 35.131731 ], [ 128.702975, 35.131741 ], [ 128.702962, 35.13084 ], [ 128.704059, 35.130829 ] ] ] } },
{ "type": "Feature", "properties": { "grid_id": "G062623", "child_risk_pct": 3.59, "elderly_risk_pct": 3.59 }, "geometry": { "type": "Polygon", "coordinates": [ [ [ 128.704099, 35.133534 ], [ 128.704113, 35.134435 ], [ 128.703015, 35.134446 ], [ 128.703002, 35.133545 ], [ 128.704099, 35.133534 ] ] ] } },
{ "type": "Feature", "properties": { "grid_id": "G062624", "child_risk_pct": 3.97, "elderly_risk_pct": 3.31 }, "geometry": { "type": "Polygon", "coordinates": [ [ [ 128.704113, 35.134435 ], [ 128.704126, 35.135337 ], [ 128.703028, 35.135348 ], [ 128.703015, 35.134446 ], [ 128.704113, 35.134435 ] ] ] } },
{ "type": "Feature", "properties": { "grid_id": "G062627", "child_risk_pct": 1.28, "elderly_risk_pct": 0.64 }, "geometry": { "type": "Polygon", "coordinates": [ [ [ 128.704152, 35.13714 ], [ 128.704166, 35.138041 ], [ 128.703068, 35.138052 ], [ 128.703055, 35.137151 ], [ 128.704152, 35.13714 ] ] ] } },
{ "type": "Feature", "properties": { "grid_id": "G062628", "child_risk_pct": 4.86, "elderly_risk_pct": 1.39 }, "geometry": { "type": "Polygon", "coordinates": [ [ [ 128.704166, 35.138041 ], [ 128.704179, 35.138943 ], [ 128.703081, 35.138954 ], [ 128.703068, 35.138052 ], [ 128.704166, 35.138041 ] ] ] } },
{ "type": "Feature", "properties": { "grid_id": "G062631", "child_risk_pct": 0.0, "elderly_risk_pct": 19.61 }, "geometry": { "type": "Polygon", "coordinates": [ [ [ 128.704205, 35.140746 ], [ 128.704219, 35.141647 ], [ 128.703121, 35.141658 ], [ 128.703108, 35.140757 ], [ 128.704205, 35.140746 ] ] ] } },
{ "type": "Feature", "properties": { "grid_id": "G062632", "child_risk_pct": 0.0, "elderly_risk_pct": 18.06 }, "geometry": { "type": "Polygon", "coordinates": [ [ [ 128.704219, 35.141647 ], [ 128.704232, 35.142549 ], [ 128.703134, 35.14256 ], [ 128.703121, 35.141658 ], [ 128.704219, 35.141647 ] ] ] } },
{ "type": "Feature", "properties": { "grid_id": "G062634", "child_risk_pct": 0.0, "elderly_risk_pct": 5.13 }, "geometry": { "type": "Polygon", "coordinates": [ [ [ 128.704245, 35.14345 ], [ 128.704259, 35.144352 ], [ 128.703161, 35.144363 ], [ 128.703148, 35.143461 ], [ 128.704245, 35.14345 ] ] ] } },
{ "type": "Feature", "properties": { "grid_id": "G062635", "child_risk_pct": 9.03, "elderly_risk_pct": 41.67 }, "geometry": { "type": "Polygon", "coordinates": [ [ [ 128.704259, 35.144352 ], [ 128.704272, 35.145253 ], [ 128.703174, 35.145264 ], [ 128.703161, 35.144363 ], [ 128.704259, 35.144352 ] ] ] } },
{ "type": "Feature", "properties": { "grid_id": "G062636", "child_risk_pct": 8.78, "elderly_risk_pct": 0.68 }, "geometry": { "type": "Polygon", "coordinates": [ [ [ 128.704272, 35.145253 ], [ 128.704285, 35.146155 ], [ 128.703188, 35.146166 ], [ 128.703174, 35.145264 ], [ 128.704272, 35.145253 ] ] ] } },
{ "type": "Feature", "properties": { "grid_id": "G062643", "child_risk_pct": 0.0, "elderly_risk_pct": 0.66 }, "geometry": { "type": "Polygon", "coordinates": [ [ [ 128.704365, 35.151564 ], [ 128.704378, 35.152466 ], [ 128.70328, 35.152477 ], [ 128.703267, 35.151575 ], [ 128.704365, 35.151564 ] ] ] } },
{ "type": "Feature", "properties": { "grid_id": "G062644", "child_risk_pct": 0.0, "elderly_risk_pct": 2.58 }, "geometry": { "type": "Polygon", "coordinates": [ [ [ 128.704378, 35.152466 ], [ 128.704391, 35.153367 ], [ 128.703294, 35.153378 ], [ 128.70328, 35.152477 ], [ 128.704378, 35.152466 ] ] ] } },
{ "type": "Feature", "properties": { "grid_id": "G062646", "child_risk_pct": 11.81, "elderly_risk_pct": 0.0 }, "geometry": { "type": "Polygon", "coordinates": [ [ [ 128.704405, 35.154269 ], [ 128.704418, 35.15517 ], [ 128.70332, 35.155181 ], [ 128.703307, 35.15428 ], [ 128.704405, 35.154269 ] ] ] } },
{ "type": "Feature", "properties": { "grid_id": "G062647", "child_risk_pct": 0.0, "elderly_risk_pct": 8.33 }, "geometry": { "type": "Polygon", "coordinates": [ [ [ 128.704418, 35.15517 ], [ 128.704431, 35.156072 ], [ 128.703334, 35.156083 ], [ 128.70332, 35.155181 ], [ 128.704418, 35.15517 ] ] ] } },
{ "type": "Feature", "properties": { "grid_id": "G062648", "child_risk_pct": 0.0, "elderly_risk_pct": 42.47 }, "geometry": { "type": "Polygon", "coordinates": [ [ [ 128.704431, 35.156072 ], [ 128.704445, 35.156973 ], [ 128.703347, 35.156984 ], [ 128.703334, 35.156083 ], [ 128.704431, 35.156072 ] ] ] } },
{ "type": "Feature", "properties": { "grid_id": "G062649", "child_risk_pct": 9.74, "elderly_risk_pct": 0.65 }, "geometry": { "type": "Polygon", "coordinates": [ [ [ 128.704445, 35.156973 ], [ 128.704458, 35.157875 ], [ 128.70336, 35.157886 ], [ 128.703347, 35.156984 ], [ 128.704445, 35.156973 ] ] ] } },
{ "type": "Feature", "properties": { "grid_id": "G062650", "child_risk_pct": 38.96, "elderly_risk_pct": 0.0 }, "geometry": { "type": "Polygon", "coordinates": [ [ [ 128.704458, 35.157875 ], [ 128.704471, 35.158776 ], [ 128.703373, 35.158787 ], [ 128.70336, 35.157886 ], [ 128.704458, 35.157875 ] ] ] } },
{ "type": "Feature", "properties": { "grid_id": "G062714", "child_risk_pct": 0.0, "elderly_risk_pct": 10.42 }, "geometry": { "type": "Polygon", "coordinates": [ [ [ 128.70531, 35.215572 ], [ 128.705323, 35.216473 ], [ 128.704224, 35.216484 ], [ 128.704211, 35.215583 ], [ 128.70531, 35.215572 ] ] ] } },
{ "type": "Feature", "properties": { "grid_id": "G062715", "child_risk_pct": 0.0, "elderly_risk_pct": 3.47 }, "geometry": { "type": "Polygon", "coordinates": [ [ [ 128.705323, 35.216473 ], [ 128.705336, 35.217375 ], [ 128.704238, 35.217386 ], [ 128.704224, 35.216484 ], [ 128.705323, 35.216473 ] ] ] } },
{ "type": "Feature", "properties": { "grid_id": "G062717", "child_risk_pct": 10.13, "elderly_risk_pct": 0.0 }, "geometry": { "type": "Polygon", "coordinates": [ [ [ 128.70535, 35.218276 ], [ 128.705363, 35.219178 ], [ 128.704264, 35.219189 ], [ 128.704251, 35.218287 ], [ 128.70535, 35.218276 ] ] ] } },
{ "type": "Feature", "properties": { "grid_id": "G062718", "child_risk_pct": 3.21, "elderly_risk_pct": 0.0 }, "geometry": { "type": "Polygon", "coordinates": [ [ [ 128.705363, 35.219178 ], [ 128.705376, 35.220079 ], [ 128.704278, 35.22009 ], [ 128.704264, 35.219189 ], [ 128.705363, 35.219178 ] ] ] } },
{ "type": "Feature", "properties": { "grid_id": "G062813", "child_risk_pct": 0.0, "elderly_risk_pct": 3.66 }, "geometry": { "type": "Polygon", "coordinates": [ [ [ 128.707074, 35.33457 ], [ 128.707088, 35.335472 ], [ 128.705987, 35.335483 ], [ 128.705974, 35.334581 ], [ 128.707074, 35.33457 ] ] ] } },
{ "type": "Feature", "properties": { "grid_id": "G062814", "child_risk_pct": 0.0, "elderly_risk_pct": 2.01 }, "geometry": { "type": "Polygon", "coordinates": [ [ [ 128.707088, 35.335472 ], [ 128.707101, 35.336373 ], [ 128.706001, 35.336384 ], [ 128.705987, 35.335483 ], [ 128.707088, 35.335472 ] ] ] } },
{ "type": "Feature", "properties": { "grid_id": "G062815", "child_risk_pct": 0.0, "elderly_risk_pct": 3.47 }, "geometry": { "type": "Polygon", "coordinates": [ [ [ 128.707101, 35.336373 ], [ 128.707114, 35.337275 ], [ 128.706014, 35.337286 ], [ 128.706001, 35.336384 ], [ 128.707101, 35.336373 ] ] ] } },
{ "type": "Feature", "properties": { "grid_id": "G062879", "child_risk_pct": 0.0, "elderly_risk_pct": 23.61 }, "geometry": { "type": "Polygon", "coordinates": [ [ [ 128.70513, 35.129015 ], [ 128.705144, 35.129917 ], [ 128.704046, 35.129928 ], [ 128.704033, 35.129026 ], [ 128.70513, 35.129015 ] ] ] } },
{ "type": "Feature", "properties": { "grid_id": "G062880", "child_risk_pct": 6.94, "elderly_risk_pct": 13.19 }, "geometry": { "type": "Polygon", "coordinates": [ [ [ 128.705144, 35.129917 ], [ 128.705157, 35.130818 ], [ 128.704059, 35.130829 ], [ 128.704046, 35.129928 ], [ 128.705144, 35.129917 ] ] ] } },
{ "type": "Feature", "properties": { "grid_id": "G062881", "child_risk_pct": 15.38, "elderly_risk_pct": 19.87 }, "geometry": { "type": "Polygon", "coordinates": [ [ [ 128.705157, 35.130818 ], [ 128.70517, 35.13172 ], [ 128.704073, 35.131731 ], [ 128.704059, 35.130829 ], [ 128.705157, 35.130818 ] ] ] } },
{ "type": "Feature", "properties": { "grid_id": "G062884", "child_risk_pct": 15.44, "elderly_risk_pct": 14.77 }, "geometry": { "type": "Polygon", "coordinates": [ [ [ 128.705197, 35.133523 ], [ 128.70521, 35.134424 ], [ 128.704113, 35.134435 ], [ 128.704099, 35.133534 ], [ 128.705197, 35.133523 ] ] ] } },
{ "type": "Feature", "properties": { "grid_id": "G062885", "child_risk_pct": 26.8, "elderly_risk_pct": 21.57 }, "geometry": { "type": "Polygon", "coordinates": [ [ [ 128.70521, 35.134424 ], [ 128.705223, 35.135326 ], [ 128.704126, 35.135337 ], [ 128.704113, 35.134435 ], [ 128.70521, 35.134424 ] ] ] } },
{ "type": "Feature", "properties": { "grid_id": "G062893", "child_risk_pct": 0.0, "elderly_risk_pct": 1.39 }, "geometry": { "type": "Polygon", "coordinates": [ [ [ 128.705316, 35.141636 ], [ 128.70533, 35.142538 ], [ 128.704232, 35.142549 ], [ 128.704219, 35.141647 ], [ 128.705316, 35.141636 ] ] ] } },
{ "type": "Feature", "properties": { "grid_id": "G062894", "child_risk_pct": 22.92, "elderly_risk_pct": 0.0 }, "geometry": { "type": "Polygon", "coordinates": [ [ [ 128.70533, 35.142538 ], [ 128.705343, 35.143439 ], [ 128.704245, 35.14345 ], [ 128.704232, 35.142549 ], [ 128.70533, 35.142538 ] ] ] } },
{ "type": "Feature", "properties": { "grid_id": "G062895", "child_risk_pct": 10.2, "elderly_risk_pct": 12.93 }, "geometry": { "type": "Polygon", "coordinates": [ [ [ 128.705343, 35.143439 ], [ 128.705356, 35.144341 ], [ 128.704259, 35.144352 ], [ 128.704245, 35.14345 ], [ 128.705343, 35.143439 ] ] ] } },
{ "type": "Feature", "properties": { "grid_id": "G062896", "child_risk_pct": 0.0, "elderly_risk_pct": 33.74 }, "geometry": { "type": "Polygon", "coordinates": [ [ [ 128.705356, 35.144341 ], [ 128.705369, 35.145243 ], [ 128.704272, 35.145253 ], [ 128.704259, 35.144352 ], [ 128.705356, 35.144341 ] ] ] } },
{ "type": "Feature", "properties": { "grid_id": "G062897", "child_risk_pct": 0.0, "elderly_risk_pct": 0.66 }, "geometry": { "type": "Polygon", "coordinates": [ [ [ 128.705369, 35.145243 ], [ 128.705383, 35.146144 ], [ 128.704285, 35.146155 ], [ 128.704272, 35.145253 ], [ 128.705369, 35.145243 ] ] ] } },
{ "type": "Feature", "properties": { "grid_id": "G062904", "child_risk_pct": 3.36, "elderly_risk_pct": 19.46 }, "geometry": { "type": "Polygon", "coordinates": [ [ [ 128.705463, 35.151553 ], [ 128.705476, 35.152455 ], [ 128.704378, 35.152466 ], [ 128.704365, 35.151564 ], [ 128.705463, 35.151553 ] ] ] } },
{ "type": "Feature", "properties": { "grid_id": "G062905", "child_risk_pct": 37.5, "elderly_risk_pct": 22.22 }, "geometry": { "type": "Polygon", "coordinates": [ [ [ 128.705476, 35.152455 ], [ 128.705489, 35.153356 ], [ 128.704391, 35.153367 ], [ 128.704378, 35.152466 ], [ 128.705476, 35.152455 ] ] ] } },
{ "type": "Feature", "properties": { "grid_id": "G062906", "child_risk_pct": 16.89, "elderly_risk_pct": 0.0 }, "geometry": { "type": "Polygon", "coordinates": [ [ [ 128.705489, 35.153356 ], [ 128.705502, 35.154258 ], [ 128.704405, 35.154269 ], [ 128.704391, 35.153367 ], [ 128.705489, 35.153356 ] ] ] } },
{ "type": "Feature", "properties": { "grid_id": "G062907", "child_risk_pct": 9.87, "elderly_risk_pct": 0.0 }, "geometry": { "type": "Polygon", "coordinates": [ [ [ 128.705502, 35.154258 ], [ 128.705516, 35.155159 ], [ 128.704418, 35.15517 ], [ 128.704405, 35.154269 ], [ 128.705502, 35.154258 ] ] ] } },
{ "type": "Feature", "properties": { "grid_id": "G062909", "child_risk_pct": 5.44, "elderly_risk_pct": 17.01 }, "geometry": { "type": "Polygon", "coordinates": [ [ [ 128.705529, 35.156061 ], [ 128.705542, 35.156962 ], [ 128.704445, 35.156973 ], [ 128.704431, 35.156072 ], [ 128.705529, 35.156061 ] ] ] } },
{ "type": "Feature", "properties": { "grid_id": "G062910", "child_risk_pct": 0.6, "elderly_risk_pct": 6.55 }, "geometry": { "type": "Polygon", "coordinates": [ [ [ 128.705542, 35.156962 ], [ 128.705556, 35.157864 ], [ 128.704458, 35.157875 ], [ 128.704445, 35.156973 ], [ 128.705542, 35.156962 ] ] ] } },
{ "type": "Feature", "properties": { "grid_id": "G062911", "child_risk_pct": 2.72, "elderly_risk_pct": 0.0 }, "geometry": { "type": "Polygon", "coordinates": [ [ [ 128.705556, 35.157864 ], [ 128.705569, 35.158765 ], [ 128.704471, 35.158776 ], [ 128.704458, 35.157875 ], [ 128.705556, 35.157864 ] ] ] } },
{ "type": "Feature", "properties": { "grid_id": "G062965", "child_risk_pct": 0.0, "elderly_risk_pct": 11.64 }, "geometry": { "type": "Polygon", "coordinates": [ [ [ 128.706275, 35.206546 ], [ 128.706288, 35.207447 ], [ 128.70519, 35.207458 ], [ 128.705176, 35.206557 ], [ 128.706275, 35.206546 ] ] ] } },
{ "type": "Feature", "properties": { "grid_id": "G062966", "child_risk_pct": 0.0, "elderly_risk_pct": 30.56 }, "geometry": { "type": "Polygon", "coordinates": [ [ [ 128.706288, 35.207447 ], [ 128.706301, 35.208349 ], [ 128.705203, 35.20836 ], [ 128.70519, 35.207458 ], [ 128.706288, 35.207447 ] ] ] } },
{ "type": "Feature", "properties": { "grid_id": "G062968", "child_risk_pct": 10.46, "elderly_risk_pct": 0.0 }, "geometry": { "type": "Polygon", "coordinates": [ [ [ 128.706315, 35.20925 ], [ 128.706328, 35.210152 ], [ 128.70523, 35.210163 ], [ 128.705216, 35.209261 ], [ 128.706315, 35.20925 ] ] ] } },
{ "type": "Feature", "properties": { "grid_id": "G062969", "child_risk_pct": 40.97, "elderly_risk_pct": 0.0 }, "geometry": { "type": "Polygon", "coordinates": [ [ [ 128.706328, 35.210152 ], [ 128.706341, 35.211053 ], [ 128.705243, 35.211064 ], [ 128.70523, 35.210163 ], [ 128.706328, 35.210152 ] ] ] } },
{ "type": "Feature", "properties": { "grid_id": "G062974", "child_risk_pct": 12.33, "elderly_risk_pct": 10.27 }, "geometry": { "type": "Polygon", "coordinates": [ [ [ 128.706395, 35.214659 ], [ 128.706408, 35.215561 ], [ 128.70531, 35.215572 ], [ 128.705296, 35.21467 ], [ 128.706395, 35.214659 ] ] ] } },
{ "type": "Feature", "properties": { "grid_id": "G062978", "child_risk_pct": 3.03, "elderly_risk_pct": 0.0 }, "geometry": { "type": "Polygon", "coordinates": [ [ [ 128.706448, 35.218265 ], [ 128.706462, 35.219167 ], [ 128.705363, 35.219178 ], [ 128.70535, 35.218276 ], [ 128.706448, 35.218265 ] ] ] } },
{ "type": "Feature", "properties": { "grid_id": "G063070", "child_risk_pct": 0.0, "elderly_risk_pct": 2.7 }, "geometry": { "type": "Polygon", "coordinates": [ [ [ 128.708161, 35.333658 ], [ 128.708174, 35.334559 ], [ 128.707074, 35.33457 ], [ 128.707061, 35.333669 ], [ 128.708161, 35.333658 ] ] ] } },
{ "type": "Feature", "properties": { "grid_id": "G063071", "child_risk_pct": 0.0, "elderly_risk_pct": 10.42 }, "geometry": { "type": "Polygon", "coordinates": [ [ [ 128.708174, 35.334559 ], [ 128.708188, 35.335461 ], [ 128.707088, 35.335472 ], [ 128.707074, 35.33457 ], [ 128.708174, 35.334559 ] ] ] } },
{ "type": "Feature", "properties": { "grid_id": "G063073", "child_risk_pct": 0.0, "elderly_risk_pct": 2.08 }, "geometry": { "type": "Polygon", "coordinates": [ [ [ 128.708201, 35.336362 ], [ 128.708214, 35.337264 ], [ 128.707114, 35.337275 ], [ 128.707101, 35.336373 ], [ 128.708201, 35.336362 ] ] ] } },
{ "type": "Feature", "properties": { "grid_id": "G063074", "child_risk_pct": 0.0, "elderly_risk_pct": 0.69 }, "geometry": { "type": "Polygon", "coordinates": [ [ [ 128.708214, 35.337264 ], [ 128.708228, 35.338165 ], [ 128.707128, 35.338176 ], [ 128.707114, 35.337275 ], [ 128.708214, 35.337264 ] ] ] } },
{ "type": "Feature", "properties": { "grid_id": "G063138", "child_risk_pct": 0.0, "elderly_risk_pct": 1.39 }, "geometry": { "type": "Polygon", "coordinates": [ [ [ 128.706241, 35.129906 ], [ 128.706254, 35.130807 ], [ 128.705157, 35.130818 ], [ 128.705144, 35.129917 ], [ 128.706241, 35.129906 ] ] ] } },
{ "type": "Feature", "properties": { "grid_id": "G063139", "child_risk_pct": 0.0, "elderly_risk_pct": 1.88 }, "geometry": { "type": "Polygon", "coordinates": [ [ [ 128.706254, 35.130807 ], [ 128.706267, 35.131709 ], [ 128.70517, 35.13172 ], [ 128.705157, 35.130818 ], [ 128.706254, 35.130807 ] ] ] } },
{ "type": "Feature", "properties": { "grid_id": "G063142", "child_risk_pct": 0.69, "elderly_risk_pct": 0.0 }, "geometry": { "type": "Polygon", "coordinates": [ [ [ 128.706294, 35.133512 ], [ 128.706307, 35.134413 ], [ 128.70521, 35.134424 ], [ 128.705197, 35.133523 ], [ 128.706294, 35.133512 ] ] ] } },
{ "type": "Feature", "properties": { "grid_id": "G063143", "child_risk_pct": 0.64, "elderly_risk_pct": 0.0 }, "geometry": { "type": "Polygon", "coordinates": [ [ [ 128.706307, 35.134413 ], [ 128.706321, 35.135315 ], [ 128.705223, 35.135326 ], [ 128.70521, 35.134424 ], [ 128.706307, 35.134413 ] ] ] } },
{ "type": "Feature", "properties": { "grid_id": "G063149", "child_risk_pct": 0.0, "elderly_risk_pct": 3.47 }, "geometry": { "type": "Polygon", "coordinates": [ [ [ 128.706387, 35.139822 ], [ 128.7064, 35.140724 ], [ 128.705303, 35.140735 ], [ 128.70529, 35.139833 ], [ 128.706387, 35.139822 ] ] ] } },
{ "type": "Feature", "properties": { "grid_id": "G063150", "child_risk_pct": 0.0, "elderly_risk_pct": 19.33 }, "geometry": { "type": "Polygon", "coordinates": [ [ [ 128.7064, 35.140724 ], [ 128.706414, 35.141626 ], [ 128.705316, 35.141636 ], [ 128.705303, 35.140735 ], [ 128.7064, 35.140724 ] ] ] } },
{ "type": "Feature", "properties": { "grid_id": "G063152", "child_risk_pct": 14.29, "elderly_risk_pct": 0.0 }, "geometry": { "type": "Polygon", "coordinates": [ [ [ 128.706427, 35.142527 ], [ 128.70644, 35.143429 ], [ 128.705343, 35.143439 ], [ 128.70533, 35.142538 ], [ 128.706427, 35.142527 ] ] ] } },
{ "type": "Feature", "properties": { "grid_id": "G063163", "child_risk_pct": 18.06, "elderly_risk_pct": 0.69 }, "geometry": { "type": "Polygon", "coordinates": [ [ [ 128.706573, 35.152444 ], [ 128.706587, 35.153345 ], [ 128.705489, 35.153356 ], [ 128.705476, 35.152455 ], [ 128.706573, 35.152444 ] ] ] } },
{ "type": "Feature", "properties": { "grid_id": "G063166", "child_risk_pct": 5.84, "elderly_risk_pct": 0.0 }, "geometry": { "type": "Polygon", "coordinates": [ [ [ 128.706613, 35.155148 ], [ 128.706627, 35.15605 ], [ 128.705529, 35.156061 ], [ 128.705516, 35.155159 ], [ 128.706613, 35.155148 ] ] ] } },
{ "type": "Feature", "properties": { "grid_id": "G063167", "child_risk_pct": 58.17, "elderly_risk_pct": 30.72 }, "geometry": { "type": "Polygon", "coordinates": [ [ [ 128.706627, 35.15605 ], [ 128.70664, 35.156951 ], [ 128.705542, 35.156962 ], [ 128.705529, 35.156061 ], [ 128.706627, 35.15605 ] ] ] } },
{ "type": "Feature", "properties": { "grid_id": "G063168", "child_risk_pct": 0.69, "elderly_risk_pct": 6.25 }, "geometry": { "type": "Polygon", "coordinates": [ [ [ 128.70664, 35.156951 ], [ 128.706653, 35.157853 ], [ 128.705556, 35.157864 ], [ 128.705542, 35.156962 ], [ 128.70664, 35.156951 ] ] ] } },
{ "type": "Feature", "properties": { "grid_id": "G063222", "child_risk_pct": 5.44, "elderly_risk_pct": 0.0 }, "geometry": { "type": "Polygon", "coordinates": [ [ [ 128.70736, 35.205633 ], [ 128.707373, 35.206535 ], [ 128.706275, 35.206546 ], [ 128.706261, 35.205644 ], [ 128.70736, 35.205633 ] ] ] } },
{ "type": "Feature", "properties": { "grid_id": "G063223", "child_risk_pct": 0.0, "elderly_risk_pct": 8.5 }, "geometry": { "type": "Polygon", "coordinates": [ [ [ 128.707373, 35.206535 ], [ 128.707387, 35.207436 ], [ 128.706288, 35.207447 ], [ 128.706275, 35.206546 ], [ 128.707373, 35.206535 ] ] ] } },
{ "type": "Feature", "properties": { "grid_id": "G063224", "child_risk_pct": 0.0, "elderly_risk_pct": 65.97 }, "geometry": { "type": "Polygon", "coordinates": [ [ [ 128.707387, 35.207436 ], [ 128.7074, 35.208338 ], [ 128.706301, 35.208349 ], [ 128.706288, 35.207447 ], [ 128.707387, 35.207436 ] ] ] } },
{ "type": "Feature", "properties": { "grid_id": "G063225", "child_risk_pct": 0.0, "elderly_risk_pct": 4.86 }, "geometry": { "type": "Polygon", "coordinates": [ [ [ 128.7074, 35.208338 ], [ 128.707413, 35.209239 ], [ 128.706315, 35.20925 ], [ 128.706301, 35.208349 ], [ 128.7074, 35.208338 ] ] ] } },
{ "type": "Feature", "properties": { "grid_id": "G063227", "child_risk_pct": 2.56, "elderly_risk_pct": 0.0 }, "geometry": { "type": "Polygon", "coordinates": [ [ [ 128.707427, 35.210141 ], [ 128.70744, 35.211042 ], [ 128.706341, 35.211053 ], [ 128.706328, 35.210152 ], [ 128.707427, 35.210141 ] ] ] } },
{ "type": "Feature", "properties": { "grid_id": "G063231", "child_risk_pct": 0.69, "elderly_risk_pct": 0.0 }, "geometry": { "type": "Polygon", "coordinates": [ [ [ 128.70748, 35.213747 ], [ 128.707493, 35.214648 ], [ 128.706395, 35.214659 ], [ 128.706381, 35.213758 ], [ 128.70748, 35.213747 ] ] ] } },
{ "type": "Feature", "properties": { "grid_id": "G063250", "child_risk_pct": 0.0, "elderly_risk_pct": 0.69 }, "geometry": { "type": "Polygon", "coordinates": [ [ [ 128.707734, 35.230876 ], [ 128.707747, 35.231777 ], [ 128.706648, 35.231788 ], [ 128.706635, 35.230887 ], [ 128.707734, 35.230876 ] ] ] } },
{ "type": "Feature", "properties": { "grid_id": "G063326", "child_risk_pct": 0.0, "elderly_risk_pct": 0.69 }, "geometry": { "type": "Polygon", "coordinates": [ [ [ 128.709261, 35.333647 ], [ 128.709274, 35.334548 ], [ 128.708174, 35.334559 ], [ 128.708161, 35.333658 ], [ 128.709261, 35.333647 ] ] ] } },
{ "type": "Feature", "properties": { "grid_id": "G063327", "child_risk_pct": 0.0, "elderly_risk_pct": 32.64 }, "geometry": { "type": "Polygon", "coordinates": [ [ [ 128.709274, 35.334548 ], [ 128.709288, 35.33545 ], [ 128.708188, 35.335461 ], [ 128.708174, 35.334559 ], [ 128.709274, 35.334548 ] ] ] } },
{ "type": "Feature", "properties": { "grid_id": "G063328", "child_risk_pct": 0.0, "elderly_risk_pct": 19.87 }, "geometry": { "type": "Polygon", "coordinates": [ [ [ 128.709288, 35.33545 ], [ 128.709301, 35.336351 ], [ 128.708201, 35.336362 ], [ 128.708188, 35.335461 ], [ 128.709288, 35.33545 ] ] ] } },
{ "type": "Feature", "properties": { "grid_id": "G063388", "child_risk_pct": 18.18, "elderly_risk_pct": 0.0 }, "geometry": { "type": "Polygon", "coordinates": [ [ [ 128.707272, 35.125387 ], [ 128.707285, 35.126289 ], [ 128.706188, 35.1263 ], [ 128.706174, 35.125398 ], [ 128.707272, 35.125387 ] ] ] } },
{ "type": "Feature", "properties": { "grid_id": "G063389", "child_risk_pct": 11.11, "elderly_risk_pct": 0.0 }, "geometry": { "type": "Polygon", "coordinates": [ [ [ 128.707285, 35.126289 ], [ 128.707298, 35.12719 ], [ 128.706201, 35.127201 ], [ 128.706188, 35.1263 ], [ 128.707285, 35.126289 ] ] ] } },
{ "type": "Feature", "properties": { "grid_id": "G063394", "child_risk_pct": 0.0, "elderly_risk_pct": 2.04 }, "geometry": { "type": "Polygon", "coordinates": [ [ [ 128.707352, 35.130796 ], [ 128.707365, 35.131698 ], [ 128.706267, 35.131709 ], [ 128.706254, 35.130807 ], [ 128.707352, 35.130796 ] ] ] } },
{ "type": "Feature", "properties": { "grid_id": "G063395", "child_risk_pct": 0.0, "elderly_risk_pct": 3.85 }, "geometry": { "type": "Polygon", "coordinates": [ [ [ 128.707365, 35.131698 ], [ 128.707378, 35.132599 ], [ 128.706281, 35.13261 ], [ 128.706267, 35.131709 ], [ 128.707365, 35.131698 ] ] ] } },
{ "type": "Feature", "properties": { "grid_id": "G063396", "child_risk_pct": 0.0, "elderly_risk_pct": 9.03 }, "geometry": { "type": "Polygon", "coordinates": [ [ [ 128.707378, 35.132599 ], [ 128.707391, 35.133501 ], [ 128.706294, 35.133512 ], [ 128.706281, 35.13261 ], [ 128.707378, 35.132599 ] ] ] } },
{ "type": "Feature", "properties": { "grid_id": "G063404", "child_risk_pct": 0.0, "elderly_risk_pct": 2.78 }, "geometry": { "type": "Polygon", "coordinates": [ [ [ 128.707485, 35.139812 ], [ 128.707498, 35.140713 ], [ 128.7064, 35.140724 ], [ 128.706387, 35.139822 ], [ 128.707485, 35.139812 ] ] ] } },
{ "type": "Feature", "properties": { "grid_id": "G063405", "child_risk_pct": 0.0, "elderly_risk_pct": 13.19 }, "geometry": { "type": "Polygon", "coordinates": [ [ [ 128.707498, 35.140713 ], [ 128.707511, 35.141615 ], [ 128.706414, 35.141626 ], [ 128.7064, 35.140724 ], [ 128.707498, 35.140713 ] ] ] } },
{ "type": "Feature", "properties": { "grid_id": "G063415", "child_risk_pct": 0.0, "elderly_risk_pct": 14.58 }, "geometry": { "type": "Polygon", "coordinates": [ [ [ 128.707631, 35.149728 ], [ 128.707644, 35.15063 ], [ 128.706547, 35.150641 ], [ 128.706534, 35.149739 ], [ 128.707631, 35.149728 ] ] ] } },
{ "type": "Feature", "properties": { "grid_id": "G063416", "child_risk_pct": 0.0, "elderly_risk_pct": 4.17 }, "geometry": { "type": "Polygon", "coordinates": [ [ [ 128.707644, 35.15063 ], [ 128.707658, 35.151531 ], [ 128.70656, 35.151542 ], [ 128.706547, 35.150641 ], [ 128.707644, 35.15063 ] ] ] } },
{ "type": "Feature", "properties": { "grid_id": "G063417", "child_risk_pct": 0.0, "elderly_risk_pct": 0.64 }, "geometry": { "type": "Polygon", "coordinates": [ [ [ 128.707658, 35.151531 ], [ 128.707671, 35.152433 ], [ 128.706573, 35.152444 ], [ 128.70656, 35.151542 ], [ 128.707658, 35.151531 ] ] ] } },
{ "type": "Feature", "properties": { "grid_id": "G063420", "child_risk_pct": 0.0, "elderly_risk_pct": 1.9 }, "geometry": { "type": "Polygon", "coordinates": [ [ [ 128.707698, 35.154236 ], [ 128.707711, 35.155137 ], [ 128.706613, 35.155148 ], [ 128.7066, 35.154247 ], [ 128.707698, 35.154236 ] ] ] } },
{ "type": "Feature", "properties": { "grid_id": "G063422", "child_risk_pct": 0.69, "elderly_risk_pct": 0.0 }, "geometry": { "type": "Polygon", "coordinates": [ [ [ 128.707724, 35.156039 ], [ 128.707738, 35.15694 ], [ 128.70664, 35.156951 ], [ 128.706627, 35.15605 ], [ 128.707724, 35.156039 ] ] ] } },
{ "type": "Feature", "properties": { "grid_id": "G063456", "child_risk_pct": 0.0, "elderly_risk_pct": 14.58 }, "geometry": { "type": "Polygon", "coordinates": [ [ [ 128.708178, 35.186691 ], [ 128.708191, 35.187592 ], [ 128.707093, 35.187603 ], [ 128.70708, 35.186701 ], [ 128.708178, 35.186691 ] ] ] } },
{ "type": "Feature", "properties": { "grid_id": "G063469", "child_risk_pct": 0.0, "elderly_risk_pct": 1.39 }, "geometry": { "type": "Polygon", "coordinates": [ [ [ 128.708351, 35.19841 ], [ 128.708365, 35.199312 ], [ 128.707266, 35.199323 ], [ 128.707253, 35.198421 ], [ 128.708351, 35.19841 ] ] ] } },
{ "type": "Feature", "properties": { "grid_id": "G063478", "child_risk_pct": 0.0, "elderly_risk_pct": 35.26 }, "geometry": { "type": "Polygon", "coordinates": [ [ [ 128.708472, 35.206524 ], [ 128.708485, 35.207425 ], [ 128.707387, 35.207436 ], [ 128.707373, 35.206535 ], [ 128.708472, 35.206524 ] ] ] } },
{ "type": "Feature", "properties": { "grid_id": "G063479", "child_risk_pct": 0.0, "elderly_risk_pct": 16.67 }, "geometry": { "type": "Polygon", "coordinates": [ [ [ 128.708485, 35.207425 ], [ 128.708498, 35.208327 ], [ 128.7074, 35.208338 ], [ 128.707387, 35.207436 ], [ 128.708485, 35.207425 ] ] ] } },
{ "type": "Feature", "properties": { "grid_id": "G063505", "child_risk_pct": 0.0, "elderly_risk_pct": 11.11 }, "geometry": { "type": "Polygon", "coordinates": [ [ [ 128.708832, 35.230865 ], [ 128.708846, 35.231766 ], [ 128.707747, 35.231777 ], [ 128.707734, 35.230876 ], [ 128.708832, 35.230865 ] ] ] } },
{ "type": "Feature", "properties": { "grid_id": "G063506", "child_risk_pct": 0.0, "elderly_risk_pct": 5.16 }, "geometry": { "type": "Polygon", "coordinates": [ [ [ 128.708846, 35.231766 ], [ 128.708859, 35.232668 ], [ 128.70776, 35.232679 ], [ 128.707747, 35.231777 ], [ 128.708846, 35.231766 ] ] ] } },
{ "type": "Feature", "properties": { "grid_id": "G063584", "child_risk_pct": 0.0, "elderly_risk_pct": 3.01 }, "geometry": { "type": "Polygon", "coordinates": [ [ [ 128.710401, 35.33634 ], [ 128.710415, 35.337242 ], [ 128.709315, 35.337253 ], [ 128.709301, 35.336351 ], [ 128.710401, 35.33634 ] ] ] } },
{ "type": "Feature", "properties": { "grid_id": "G063585", "child_risk_pct": 0.0, "elderly_risk_pct": 8.33 }, "geometry": { "type": "Polygon", "coordinates": [ [ [ 128.710415, 35.337242 ], [ 128.710428, 35.338143 ], [ 128.709328, 35.338154 ], [ 128.709315, 35.337253 ], [ 128.710415, 35.337242 ] ] ] } },
{ "type": "Feature", "properties": { "grid_id": "G063642", "child_risk_pct": 7.69, "elderly_risk_pct": 0.0 }, "geometry": { "type": "Polygon", "coordinates": [ [ [ 128.708369, 35.125376 ], [ 128.708382, 35.126278 ], [ 128.707285, 35.126289 ], [ 128.707272, 35.125387 ], [ 128.708369, 35.125376 ] ] ] } },
{ "type": "Feature", "properties": { "grid_id": "G063643", "child_risk_pct": 2.08, "elderly_risk_pct": 0.0 }, "geometry": { "type": "Polygon", "coordinates": [ [ [ 128.708382, 35.126278 ], [ 128.708396, 35.127179 ], [ 128.707298, 35.12719 ], [ 128.707285, 35.126289 ], [ 128.708382, 35.126278 ] ] ] } },
{ "type": "Feature", "properties": { "grid_id": "G063646", "child_risk_pct": 0.0, "elderly_risk_pct": 8.43 }, "geometry": { "type": "Polygon", "coordinates": [ [ [ 128.708422, 35.128982 ], [ 128.708436, 35.129884 ], [ 128.707338, 35.129895 ], [ 128.707325, 35.128993 ], [ 128.708422, 35.128982 ] ] ] } },
{ "type": "Feature", "properties": { "grid_id": "G063647", "child_risk_pct": 0.0, "elderly_risk_pct": 24.31 }, "geometry": { "type": "Polygon", "coordinates": [ [ [ 128.708436, 35.129884 ], [ 128.708449, 35.130785 ], [ 128.707352, 35.130796 ], [ 128.707338, 35.129895 ], [ 128.708436, 35.129884 ] ] ] } },
{ "type": "Feature", "properties": { "grid_id": "G063648", "child_risk_pct": 0.0, "elderly_risk_pct": 24.31 }, "geometry": { "type": "Polygon", "coordinates": [ [ [ 128.708449, 35.130785 ], [ 128.708462, 35.131687 ], [ 128.707365, 35.131698 ], [ 128.707352, 35.130796 ], [ 128.708449, 35.130785 ] ] ] } },
{ "type": "Feature", "properties": { "grid_id": "G063649", "child_risk_pct": 0.0, "elderly_risk_pct": 6.08 }, "geometry": { "type": "Polygon", "coordinates": [ [ [ 128.708462, 35.131687 ], [ 128.708476, 35.132588 ], [ 128.707378, 35.132599 ], [ 128.707365, 35.131698 ], [ 128.708462, 35.131687 ] ] ] } },
{ "type": "Feature", "properties": { "grid_id": "G063650", "child_risk_pct": 0.0, "elderly_risk_pct": 17.11 }, "geometry": { "type": "Polygon", "coordinates": [ [ [ 128.708476, 35.132588 ], [ 128.708489, 35.13349 ], [ 128.707391, 35.133501 ], [ 128.707378, 35.132599 ], [ 128.708476, 35.132588 ] ] ] } },
{ "type": "Feature", "properties": { "grid_id": "G063669", "child_risk_pct": 0.0, "elderly_risk_pct": 5.56 }, "geometry": { "type": "Polygon", "coordinates": [ [ [ 128.708729, 35.149717 ], [ 128.708742, 35.150619 ], [ 128.707644, 35.15063 ], [ 128.707631, 35.149728 ], [ 128.708729, 35.149717 ] ] ] } },
{ "type": "Feature", "properties": { "grid_id": "G063670", "child_risk_pct": 0.0, "elderly_risk_pct": 4.86 }, "geometry": { "type": "Polygon", "coordinates": [ [ [ 128.708742, 35.150619 ], [ 128.708755, 35.15152 ], [ 128.707658, 35.151531 ], [ 128.707644, 35.15063 ], [ 128.708742, 35.150619 ] ] ] } },
{ "type": "Feature", "properties": { "grid_id": "G063671", "child_risk_pct": 0.0, "elderly_risk_pct": 0.68 }, "geometry": { "type": "Polygon", "coordinates": [ [ [ 128.708755, 35.15152 ], [ 128.708769, 35.152422 ], [ 128.707671, 35.152433 ], [ 128.707658, 35.151531 ], [ 128.708755, 35.15152 ] ] ] } },
{ "type": "Feature", "properties": { "grid_id": "G063732", "child_risk_pct": 0.0, "elderly_risk_pct": 8.05 }, "geometry": { "type": "Polygon", "coordinates": [ [ [ 128.70957, 35.206513 ], [ 128.709583, 35.207414 ], [ 128.708485, 35.207425 ], [ 128.708472, 35.206524 ], [ 128.70957, 35.206513 ] ] ] } },
{ "type": "Feature", "properties": { "grid_id": "G063733", "child_risk_pct": 0.0, "elderly_risk_pct": 1.2 }, "geometry": { "type": "Polygon", "coordinates": [ [ [ 128.709583, 35.207414 ], [ 128.709597, 35.208316 ], [ 128.708498, 35.208327 ], [ 128.708485, 35.207425 ], [ 128.709583, 35.207414 ] ] ] } },
{ "type": "Feature", "properties": { "grid_id": "G063735", "child_risk_pct": 0.0, "elderly_risk_pct": 31.25 }, "geometry": { "type": "Polygon", "coordinates": [ [ [ 128.70961, 35.209217 ], [ 128.709623, 35.210119 ], [ 128.708525, 35.21013 ], [ 128.708512, 35.209228 ], [ 128.70961, 35.209217 ] ] ] } },
{ "type": "Feature", "properties": { "grid_id": "G063736", "child_risk_pct": 0.0, "elderly_risk_pct": 26.92 }, "geometry": { "type": "Polygon", "coordinates": [ [ [ 128.709623, 35.210119 ], [ 128.709637, 35.21102 ], [ 128.708538, 35.211031 ], [ 128.708525, 35.21013 ], [ 128.709623, 35.210119 ] ] ] } },
{ "type": "Feature", "properties": { "grid_id": "G063760", "child_risk_pct": 0.0, "elderly_risk_pct": 1.92 }, "geometry": { "type": "Polygon", "coordinates": [ [ [ 128.709945, 35.231755 ], [ 128.709958, 35.232657 ], [ 128.708859, 35.232668 ], [ 128.708846, 35.231766 ], [ 128.709945, 35.231755 ] ] ] } },
{ "type": "Feature", "properties": { "grid_id": "G063835", "child_risk_pct": 0.0, "elderly_risk_pct": 3.31 }, "geometry": { "type": "Polygon", "coordinates": [ [ [ 128.711501, 35.336329 ], [ 128.711515, 35.337231 ], [ 128.710415, 35.337242 ], [ 128.710401, 35.33634 ], [ 128.711501, 35.336329 ] ] ] } },
{ "type": "Feature", "properties": { "grid_id": "G063836", "child_risk_pct": 0.0, "elderly_risk_pct": 2.01 }, "geometry": { "type": "Polygon", "coordinates": [ [ [ 128.711515, 35.337231 ], [ 128.711528, 35.338132 ], [ 128.710428, 35.338143 ], [ 128.710415, 35.337242 ], [ 128.711515, 35.337231 ] ] ] } },
{ "type": "Feature", "properties": { "grid_id": "G063898", "child_risk_pct": 0.0, "elderly_risk_pct": 36.42 }, "geometry": { "type": "Polygon", "coordinates": [ [ [ 128.70952, 35.128971 ], [ 128.709533, 35.129873 ], [ 128.708436, 35.129884 ], [ 128.708422, 35.128982 ], [ 128.70952, 35.128971 ] ] ] } },
{ "type": "Feature", "properties": { "grid_id": "G063899", "child_risk_pct": 0.0, "elderly_risk_pct": 40.94 }, "geometry": { "type": "Polygon", "coordinates": [ [ [ 128.709533, 35.129873 ], [ 128.709546, 35.130774 ], [ 128.708449, 35.130785 ], [ 128.708436, 35.129884 ], [ 128.709533, 35.129873 ] ] ] } },
{ "type": "Feature", "properties": { "grid_id": "G063914", "child_risk_pct": 0.0, "elderly_risk_pct": 24.31 }, "geometry": { "type": "Polygon", "coordinates": [ [ [ 128.709733, 35.143396 ], [ 128.709746, 35.144297 ], [ 128.708649, 35.144308 ], [ 128.708635, 35.143407 ], [ 128.709733, 35.143396 ] ] ] } },
{ "type": "Feature", "properties": { "grid_id": "G063915", "child_risk_pct": 0.0, "elderly_risk_pct": 9.72 }, "geometry": { "type": "Polygon", "coordinates": [ [ [ 128.709746, 35.144297 ], [ 128.70976, 35.145199 ], [ 128.708662, 35.14521 ], [ 128.708649, 35.144308 ], [ 128.709746, 35.144297 ] ] ] } },
{ "type": "Feature", "properties": { "grid_id": "G063919", "child_risk_pct": 0.0, "elderly_risk_pct": 4.17 }, "geometry": { "type": "Polygon", "coordinates": [ [ [ 128.7098, 35.147903 ], [ 128.709813, 35.148805 ], [ 128.708715, 35.148816 ], [ 128.708702, 35.147914 ], [ 128.7098, 35.147903 ] ] ] } },
{ "type": "Feature", "properties": { "grid_id": "G063975", "child_risk_pct": 0.0, "elderly_risk_pct": 6.62 }, "geometry": { "type": "Polygon", "coordinates": [ [ [ 128.710548, 35.198388 ], [ 128.710561, 35.19929 ], [ 128.709463, 35.199301 ], [ 128.70945, 35.198399 ], [ 128.710548, 35.198388 ] ] ] } },
{ "type": "Feature", "properties": { "grid_id": "G063987", "child_risk_pct": 0.0, "elderly_risk_pct": 5.56 }, "geometry": { "type": "Polygon", "coordinates": [ [ [ 128.710709, 35.209206 ], [ 128.710722, 35.210108 ], [ 128.709623, 35.210119 ], [ 128.70961, 35.209217 ], [ 128.710709, 35.209206 ] ] ] } },
{ "type": "Feature", "properties": { "grid_id": "G063988", "child_risk_pct": 0.0, "elderly_risk_pct": 4.14 }, "geometry": { "type": "Polygon", "coordinates": [ [ [ 128.710722, 35.210108 ], [ 128.710735, 35.211009 ], [ 128.709637, 35.21102 ], [ 128.709623, 35.210119 ], [ 128.710722, 35.210108 ] ] ] } },
{ "type": "Feature", "properties": { "grid_id": "G064103", "child_risk_pct": 0.0, "elderly_risk_pct": 10.42 }, "geometry": { "type": "Polygon", "coordinates": [ [ [ 128.712871, 35.354348 ], [ 128.712885, 35.355249 ], [ 128.711784, 35.35526 ], [ 128.711771, 35.354359 ], [ 128.712871, 35.354348 ] ] ] } },
{ "type": "Feature", "properties": { "grid_id": "G064104", "child_risk_pct": 0.0, "elderly_risk_pct": 0.64 }, "geometry": { "type": "Polygon", "coordinates": [ [ [ 128.712885, 35.355249 ], [ 128.712898, 35.356151 ], [ 128.711798, 35.356162 ], [ 128.711784, 35.35526 ], [ 128.712885, 35.355249 ] ] ] } },
{ "type": "Feature", "properties": { "grid_id": "G064148", "child_risk_pct": 0.0, "elderly_risk_pct": 15.28 }, "geometry": { "type": "Polygon", "coordinates": [ [ [ 128.710617, 35.12896 ], [ 128.71063, 35.129862 ], [ 128.709533, 35.129873 ], [ 128.70952, 35.128971 ], [ 128.710617, 35.12896 ] ] ] } },
{ "type": "Feature", "properties": { "grid_id": "G064149", "child_risk_pct": 0.0, "elderly_risk_pct": 27.56 }, "geometry": { "type": "Polygon", "coordinates": [ [ [ 128.71063, 35.129862 ], [ 128.710644, 35.130763 ], [ 128.709546, 35.130774 ], [ 128.709533, 35.129873 ], [ 128.71063, 35.129862 ] ] ] } },
{ "type": "Feature", "properties": { "grid_id": "G064159", "child_risk_pct": 3.38, "elderly_risk_pct": 2.03 }, "geometry": { "type": "Polygon", "coordinates": [ [ [ 128.710764, 35.138877 ], [ 128.710777, 35.139779 ], [ 128.70968, 35.13979 ], [ 128.709666, 35.138888 ], [ 128.710764, 35.138877 ] ] ] } },
{ "type": "Feature", "properties": { "grid_id": "G064160", "child_risk_pct": 1.28, "elderly_risk_pct": 5.13 }, "geometry": { "type": "Polygon", "coordinates": [ [ [ 128.710777, 35.139779 ], [ 128.710791, 35.14068 ], [ 128.709693, 35.140691 ], [ 128.70968, 35.13979 ], [ 128.710777, 35.139779 ] ] ] } },
{ "type": "Feature", "properties": { "grid_id": "G064164", "child_risk_pct": 0.0, "elderly_risk_pct": 13.84 }, "geometry": { "type": "Polygon", "coordinates": [ [ [ 128.710831, 35.143385 ], [ 128.710844, 35.144286 ], [ 128.709746, 35.144297 ], [ 128.709733, 35.143396 ], [ 128.710831, 35.143385 ] ] ] } },
{ "type": "Feature", "properties": { "grid_id": "G064165", "child_risk_pct": 26.28, "elderly_risk_pct": 3.85 }, "geometry": { "type": "Polygon", "coordinates": [ [ [ 128.710844, 35.144286 ], [ 128.710857, 35.145188 ], [ 128.70976, 35.145199 ], [ 128.709746, 35.144297 ], [ 128.710844, 35.144286 ] ] ] } },
{ "type": "Feature", "properties": { "grid_id": "G064166", "child_risk_pct": 1.38, "elderly_risk_pct": 0.0 }, "geometry": { "type": "Polygon", "coordinates": [ [ [ 128.710857, 35.145188 ], [ 128.710871, 35.146089 ], [ 128.709773, 35.1461 ], [ 128.70976, 35.145199 ], [ 128.710857, 35.145188 ] ] ] } },
{ "type": "Feature", "properties": { "grid_id": "G064168", "child_risk_pct": 0.0, "elderly_risk_pct": 2.04 }, "geometry": { "type": "Polygon", "coordinates": [ [ [ 128.710884, 35.146991 ], [ 128.710897, 35.147892 ], [ 128.7098, 35.147903 ], [ 128.709786, 35.147002 ], [ 128.710884, 35.146991 ] ] ] } },
{ "type": "Feature", "properties": { "grid_id": "G064169", "child_risk_pct": 0.0, "elderly_risk_pct": 34.03 }, "geometry": { "type": "Polygon", "coordinates": [ [ [ 128.710897, 35.147892 ], [ 128.710911, 35.148794 ], [ 128.709813, 35.148805 ], [ 128.7098, 35.147903 ], [ 128.710897, 35.147892 ] ] ] } },
{ "type": "Feature", "properties": { "grid_id": "G064224", "child_risk_pct": 0.0, "elderly_risk_pct": 2.78 }, "geometry": { "type": "Polygon", "coordinates": [ [ [ 128.711633, 35.197476 ], [ 128.711646, 35.198377 ], [ 128.710548, 35.198388 ], [ 128.710535, 35.197487 ], [ 128.711633, 35.197476 ] ] ] } },
{ "type": "Feature", "properties": { "grid_id": "G064225", "child_risk_pct": 0.0, "elderly_risk_pct": 54.17 }, "geometry": { "type": "Polygon", "coordinates": [ [ [ 128.711646, 35.198377 ], [ 128.71166, 35.199279 ], [ 128.710561, 35.19929 ], [ 128.710548, 35.198388 ], [ 128.711646, 35.198377 ] ] ] } },
{ "type": "Feature", "properties": { "grid_id": "G064228", "child_risk_pct": 12.24, "elderly_risk_pct": 0.0 }, "geometry": { "type": "Polygon", "coordinates": [ [ [ 128.711686, 35.201082 ], [ 128.7117, 35.201983 ], [ 128.710601, 35.201994 ], [ 128.710588, 35.201093 ], [ 128.711686, 35.201082 ] ] ] } },
{ "type": "Feature", "properties": { "grid_id": "G064339", "child_risk_pct": 0.0, "elderly_risk_pct": 1.37 }, "geometry": { "type": "Polygon", "coordinates": [ [ [ 128.713972, 35.354337 ], [ 128.713985, 35.355238 ], [ 128.712885, 35.355249 ], [ 128.712871, 35.354348 ], [ 128.713972, 35.354337 ] ] ] } },
{ "type": "Feature", "properties": { "grid_id": "G064390", "child_risk_pct": 0.0, "elderly_risk_pct": 1.2 }, "geometry": { "type": "Polygon", "coordinates": [ [ [ 128.711835, 35.137063 ], [ 128.711848, 35.137965 ], [ 128.71075, 35.137976 ], [ 128.710737, 35.137074 ], [ 128.711835, 35.137063 ] ] ] } },
{ "type": "Feature", "properties": { "grid_id": "G064392", "child_risk_pct": 14.58, "elderly_risk_pct": 6.25 }, "geometry": { "type": "Polygon", "coordinates": [ [ [ 128.711861, 35.138866 ], [ 128.711875, 35.139768 ], [ 128.710777, 35.139779 ], [ 128.710764, 35.138877 ], [ 128.711861, 35.138866 ] ] ] } },
{ "type": "Feature", "properties": { "grid_id": "G064393", "child_risk_pct": 0.68, "elderly_risk_pct": 17.57 }, "geometry": { "type": "Polygon", "coordinates": [ [ [ 128.711875, 35.139768 ], [ 128.711888, 35.140669 ], [ 128.710791, 35.14068 ], [ 128.710777, 35.139779 ], [ 128.711875, 35.139768 ] ] ] } },
{ "type": "Feature", "properties": { "grid_id": "G064398", "child_risk_pct": 7.59, "elderly_risk_pct": 0.0 }, "geometry": { "type": "Polygon", "coordinates": [ [ [ 128.711941, 35.144275 ], [ 128.711955, 35.145177 ], [ 128.710857, 35.145188 ], [ 128.710844, 35.144286 ], [ 128.711941, 35.144275 ] ] ] } },
{ "type": "Feature", "properties": { "grid_id": "G064413", "child_risk_pct": 0.0, "elderly_risk_pct": 2.08 }, "geometry": { "type": "Polygon", "coordinates": [ [ [ 128.712142, 35.157798 ], [ 128.712155, 35.1587 ], [ 128.711058, 35.158711 ], [ 128.711044, 35.157809 ], [ 128.712142, 35.157798 ] ] ] } },
{ "type": "Feature", "properties": { "grid_id": "G064461", "child_risk_pct": 20.14, "elderly_risk_pct": 0.0 }, "geometry": { "type": "Polygon", "coordinates": [ [ [ 128.712785, 35.201071 ], [ 128.712798, 35.201972 ], [ 128.7117, 35.201983 ], [ 128.711686, 35.201082 ], [ 128.712785, 35.201071 ] ] ] } },
{ "type": "Feature", "properties": { "grid_id": "G064525", "child_risk_pct": 0.0, "elderly_risk_pct": 8.33 }, "geometry": { "type": "Polygon", "coordinates": [ [ [ 128.714397, 35.309251 ], [ 128.714411, 35.310153 ], [ 128.713311, 35.310164 ], [ 128.713298, 35.309262 ], [ 128.714397, 35.309251 ] ] ] } },
{ "type": "Feature", "properties": { "grid_id": "G064608", "child_risk_pct": 0.0, "elderly_risk_pct": 0.64 }, "geometry": { "type": "Polygon", "coordinates": [ [ [ 128.712905, 35.135249 ], [ 128.712919, 35.136151 ], [ 128.711821, 35.136162 ], [ 128.711808, 35.13526 ], [ 128.712905, 35.135249 ] ] ] } },
{ "type": "Feature", "properties": { "grid_id": "G064609", "child_risk_pct": 0.0, "elderly_risk_pct": 2.68 }, "geometry": { "type": "Polygon", "coordinates": [ [ [ 128.712919, 35.136151 ], [ 128.712932, 35.137052 ], [ 128.711835, 35.137063 ], [ 128.711821, 35.136162 ], [ 128.712919, 35.136151 ] ] ] } },
{ "type": "Feature", "properties": { "grid_id": "G064610", "child_risk_pct": 0.0, "elderly_risk_pct": 12.58 }, "geometry": { "type": "Polygon", "coordinates": [ [ [ 128.712932, 35.137052 ], [ 128.712945, 35.137954 ], [ 128.711848, 35.137965 ], [ 128.711835, 35.137063 ], [ 128.712932, 35.137052 ] ] ] } },
{ "type": "Feature", "properties": { "grid_id": "G064633", "child_risk_pct": 0.0, "elderly_risk_pct": 3.38 }, "geometry": { "type": "Polygon", "coordinates": [ [ [ 128.71324, 35.157787 ], [ 128.713253, 35.158689 ], [ 128.712155, 35.1587 ], [ 128.712142, 35.157798 ], [ 128.71324, 35.157787 ] ] ] } },
{ "type": "Feature", "properties": { "grid_id": "G064673", "child_risk_pct": 0.0, "elderly_risk_pct": 0.69 }, "geometry": { "type": "Polygon", "coordinates": [ [ [ 128.713776, 35.193848 ], [ 128.713789, 35.194749 ], [ 128.712691, 35.19476 ], [ 128.712678, 35.193859 ], [ 128.713776, 35.193848 ] ] ] } },
{ "type": "Feature", "properties": { "grid_id": "G064674", "child_risk_pct": 0.0, "elderly_risk_pct": 9.03 }, "geometry": { "type": "Polygon", "coordinates": [ [ [ 128.713789, 35.194749 ], [ 128.713803, 35.195651 ], [ 128.712704, 35.195662 ], [ 128.712691, 35.19476 ], [ 128.713789, 35.194749 ] ] ] } },
{ "type": "Feature", "properties": { "grid_id": "G064888", "child_risk_pct": 0.0, "elderly_risk_pct": 9.55 }, "geometry": { "type": "Polygon", "coordinates": [ [ [ 128.714874, 35.193837 ], [ 128.714887, 35.194738 ], [ 128.713789, 35.194749 ], [ 128.713776, 35.193848 ], [ 128.714874, 35.193837 ] ] ] } },
{ "type": "Feature", "properties": { "grid_id": "G064889", "child_risk_pct": 0.0, "elderly_risk_pct": 31.41 }, "geometry": { "type": "Polygon", "coordinates": [ [ [ 128.714887, 35.194738 ], [ 128.714901, 35.19564 ], [ 128.713803, 35.195651 ], [ 128.713789, 35.194749 ], [ 128.714887, 35.194738 ] ] ] } },
{ "type": "Feature", "properties": { "grid_id": "G064893", "child_risk_pct": 0.0, "elderly_risk_pct": 10.42 }, "geometry": { "type": "Polygon", "coordinates": [ [ [ 128.714941, 35.198344 ], [ 128.714954, 35.199246 ], [ 128.713856, 35.199257 ], [ 128.713843, 35.198355 ], [ 128.714941, 35.198344 ] ] ] } },
{ "type": "Feature", "properties": { "grid_id": "G064894", "child_risk_pct": 0.0, "elderly_risk_pct": 15.75 }, "geometry": { "type": "Polygon", "coordinates": [ [ [ 128.714954, 35.199246 ], [ 128.714968, 35.200147 ], [ 128.71387, 35.200158 ], [ 128.713856, 35.199257 ], [ 128.714954, 35.199246 ] ] ] } },
{ "type": "Feature", "properties": { "grid_id": "G065033", "child_risk_pct": 0.0, "elderly_risk_pct": 1.39 }, "geometry": { "type": "Polygon", "coordinates": [ [ [ 128.715114, 35.136129 ], [ 128.715127, 35.13703 ], [ 128.714029, 35.137041 ], [ 128.714016, 35.13614 ], [ 128.715114, 35.136129 ] ] ] } },
{ "type": "Feature", "properties": { "grid_id": "G065055", "child_risk_pct": 0.0, "elderly_risk_pct": 22.6 }, "geometry": { "type": "Polygon", "coordinates": [ [ [ 128.715408, 35.155962 ], [ 128.715422, 35.156864 ], [ 128.714324, 35.156875 ], [ 128.714311, 35.155973 ], [ 128.715408, 35.155962 ] ] ] } },
{ "type": "Feature", "properties": { "grid_id": "G065098", "child_risk_pct": 0.0, "elderly_risk_pct": 4.86 }, "geometry": { "type": "Polygon", "coordinates": [ [ [ 128.715986, 35.194727 ], [ 128.715999, 35.195629 ], [ 128.714901, 35.19564 ], [ 128.714887, 35.194738 ], [ 128.715986, 35.194727 ] ] ] } },
{ "type": "Feature", "properties": { "grid_id": "G065102", "child_risk_pct": 0.0, "elderly_risk_pct": 8.11 }, "geometry": { "type": "Polygon", "coordinates": [ [ [ 128.716039, 35.198333 ], [ 128.716053, 35.199235 ], [ 128.714954, 35.199246 ], [ 128.714941, 35.198344 ], [ 128.716039, 35.198333 ] ] ] } },
{ "type": "Feature", "properties": { "grid_id": "G065103", "child_risk_pct": 0.0, "elderly_risk_pct": 8.33 }, "geometry": { "type": "Polygon", "coordinates": [ [ [ 128.716053, 35.199235 ], [ 128.716066, 35.200136 ], [ 128.714968, 35.200147 ], [ 128.714954, 35.199246 ], [ 128.716053, 35.199235 ] ] ] } },
{ "type": "Feature", "properties": { "grid_id": "G065248", "child_risk_pct": 0.0, "elderly_risk_pct": 4.7 }, "geometry": { "type": "Polygon", "coordinates": [ [ [ 128.716211, 35.136118 ], [ 128.716224, 35.137019 ], [ 128.715127, 35.13703 ], [ 128.715114, 35.136129 ], [ 128.716211, 35.136118 ] ] ] } },
{ "type": "Feature", "properties": { "grid_id": "G065269", "child_risk_pct": 0.0, "elderly_risk_pct": 9.38 }, "geometry": { "type": "Polygon", "coordinates": [ [ [ 128.716493, 35.15505 ], [ 128.716506, 35.155951 ], [ 128.715408, 35.155962 ], [ 128.715395, 35.155061 ], [ 128.716493, 35.15505 ] ] ] } },
{ "type": "Feature", "properties": { "grid_id": "G065270", "child_risk_pct": 0.0, "elderly_risk_pct": 1.9 }, "geometry": { "type": "Polygon", "coordinates": [ [ [ 128.716506, 35.155951 ], [ 128.71652, 35.156853 ], [ 128.715422, 35.156864 ], [ 128.715408, 35.155962 ], [ 128.716506, 35.155951 ] ] ] } },
{ "type": "Feature", "properties": { "grid_id": "G065312", "child_risk_pct": 0.0, "elderly_risk_pct": 3.4 }, "geometry": { "type": "Polygon", "coordinates": [ [ [ 128.71707, 35.193815 ], [ 128.717084, 35.194716 ], [ 128.715986, 35.194727 ], [ 128.715972, 35.193826 ], [ 128.71707, 35.193815 ] ] ] } },
{ "type": "Feature", "properties": { "grid_id": "G065313", "child_risk_pct": 0.0, "elderly_risk_pct": 44.44 }, "geometry": { "type": "Polygon", "coordinates": [ [ [ 128.717084, 35.194716 ], [ 128.717097, 35.195618 ], [ 128.715999, 35.195629 ], [ 128.715986, 35.194727 ], [ 128.717084, 35.194716 ] ] ] } },
{ "type": "Feature", "properties": { "grid_id": "G065524", "child_risk_pct": 0.0, "elderly_risk_pct": 3.21 }, "geometry": { "type": "Polygon", "coordinates": [ [ [ 128.718182, 35.194705 ], [ 128.718196, 35.195607 ], [ 128.717097, 35.195618 ], [ 128.717084, 35.194716 ], [ 128.718182, 35.194705 ] ] ] } },
{ "type": "Feature", "properties": { "grid_id": "G065886", "child_risk_pct": 0.0, "elderly_risk_pct": 24.36 }, "geometry": { "type": "Polygon", "coordinates": [ [ [ 128.719732, 35.15141 ], [ 128.719745, 35.152312 ], [ 128.718648, 35.152323 ], [ 128.718634, 35.151421 ], [ 128.719732, 35.15141 ] ] ] } },
{ "type": "Feature", "properties": { "grid_id": "G065887", "child_risk_pct": 0.0, "elderly_risk_pct": 24.67 }, "geometry": { "type": "Polygon", "coordinates": [ [ [ 128.719745, 35.152312 ], [ 128.719759, 35.153213 ], [ 128.718661, 35.153224 ], [ 128.718648, 35.152323 ], [ 128.719745, 35.152312 ] ] ] } },
{ "type": "Feature", "properties": { "grid_id": "G066097", "child_risk_pct": 0.0, "elderly_risk_pct": 0.69 }, "geometry": { "type": "Polygon", "coordinates": [ [ [ 128.720843, 35.152301 ], [ 128.720857, 35.153202 ], [ 128.719759, 35.153213 ], [ 128.719745, 35.152312 ], [ 128.720843, 35.152301 ] ] ] } },
{ "type": "Feature", "properties": { "grid_id": "G066222", "child_risk_pct": 0.0, "elderly_risk_pct": 11.11 }, "geometry": { "type": "Polygon", "coordinates": [ [ [ 128.723753, 35.346124 ], [ 128.723766, 35.347025 ], [ 128.722666, 35.347036 ], [ 128.722652, 35.346135 ], [ 128.723753, 35.346124 ] ] ] } },
{ "type": "Feature", "properties": { "grid_id": "G066223", "child_risk_pct": 0.0, "elderly_risk_pct": 10.39 }, "geometry": { "type": "Polygon", "coordinates": [ [ [ 128.723766, 35.347025 ], [ 128.72378, 35.347927 ], [ 128.722679, 35.347938 ], [ 128.722666, 35.347036 ], [ 128.723766, 35.347025 ] ] ] } },
{ "type": "Feature", "properties": { "grid_id": "G066422", "child_risk_pct": 0.0, "elderly_risk_pct": 2.56 }, "geometry": { "type": "Polygon", "coordinates": [ [ [ 128.724853, 35.346112 ], [ 128.724866, 35.347014 ], [ 128.723766, 35.347025 ], [ 128.723753, 35.346124 ], [ 128.724853, 35.346112 ] ] ] } },
{ "type": "Feature", "properties": { "grid_id": "G066423", "child_risk_pct": 0.0, "elderly_risk_pct": 1.99 }, "geometry": { "type": "Polygon", "coordinates": [ [ [ 128.724866, 35.347014 ], [ 128.72488, 35.347915 ], [ 128.72378, 35.347927 ], [ 128.723766, 35.347025 ], [ 128.724866, 35.347014 ] ] ] } },
{ "type": "Feature", "properties": { "grid_id": "G067585", "child_risk_pct": 0.0, "elderly_risk_pct": 4.17 }, "geometry": { "type": "Polygon", "coordinates": [ [ [ 128.732349, 35.332512 ], [ 128.732363, 35.333413 ], [ 128.731263, 35.333425 ], [ 128.731249, 35.332523 ], [ 128.732349, 35.332512 ] ] ] } },
{ "type": "Feature", "properties": { "grid_id": "G067586", "child_risk_pct": 0.0, "elderly_risk_pct": 2.56 }, "geometry": { "type": "Polygon", "coordinates": [ [ [ 128.732363, 35.333413 ], [ 128.732377, 35.334315 ], [ 128.731277, 35.334326 ], [ 128.731263, 35.333425 ], [ 128.732363, 35.333413 ] ] ] } },
{ "type": "Feature", "properties": { "grid_id": "G069786", "child_risk_pct": 0.0, "elderly_risk_pct": 10.26 }, "geometry": { "type": "Polygon", "coordinates": [ [ [ 128.745279, 35.098855 ], [ 128.745293, 35.099756 ], [ 128.744196, 35.099767 ], [ 128.744182, 35.098866 ], [ 128.745279, 35.098855 ] ] ] } },
{ "type": "Feature", "properties": { "grid_id": "G070171", "child_risk_pct": 0.0, "elderly_risk_pct": 1.18 }, "geometry": { "type": "Polygon", "coordinates": [ [ [ 128.748749, 35.11054 ], [ 128.748762, 35.111442 ], [ 128.747665, 35.111453 ], [ 128.747652, 35.110552 ], [ 128.748749, 35.11054 ] ] ] } },
{ "type": "Feature", "properties": { "grid_id": "G070172", "child_risk_pct": 0.0, "elderly_risk_pct": 31.29 }, "geometry": { "type": "Polygon", "coordinates": [ [ [ 128.748762, 35.111442 ], [ 128.748776, 35.112343 ], [ 128.747679, 35.112355 ], [ 128.747665, 35.111453 ], [ 128.748762, 35.111442 ] ] ] } },
{ "type": "Feature", "properties": { "grid_id": "G070286", "child_risk_pct": 0.0, "elderly_risk_pct": 0.68 }, "geometry": { "type": "Polygon", "coordinates": [ [ [ 128.74986, 35.111431 ], [ 128.749873, 35.112332 ], [ 128.748776, 35.112343 ], [ 128.748762, 35.111442 ], [ 128.74986, 35.111431 ] ] ] } },
{ "type": "Feature", "properties": { "grid_id": "G070401", "child_risk_pct": 0.0, "elderly_risk_pct": 14.58 }, "geometry": { "type": "Polygon", "coordinates": [ [ [ 128.750943, 35.110518 ], [ 128.750957, 35.111419 ], [ 128.74986, 35.111431 ], [ 128.749846, 35.110529 ], [ 128.750943, 35.110518 ] ] ] } },
{ "type": "Feature", "properties": { "grid_id": "G070508", "child_risk_pct": 0.0, "elderly_risk_pct": 10.42 }, "geometry": { "type": "Polygon", "coordinates": [ [ [ 128.751943, 35.104196 ], [ 128.751957, 35.105097 ], [ 128.75086, 35.105109 ], [ 128.750846, 35.104207 ], [ 128.751943, 35.104196 ] ] ] } },
{ "type": "Feature", "properties": { "grid_id": "G070509", "child_risk_pct": 0.0, "elderly_risk_pct": 25.0 }, "geometry": { "type": "Polygon", "coordinates": [ [ [ 128.751957, 35.105097 ], [ 128.751971, 35.105999 ], [ 128.750874, 35.10601 ], [ 128.75086, 35.105109 ], [ 128.751957, 35.105097 ] ] ] } },
{ "type": "Feature", "properties": { "grid_id": "G070515", "child_risk_pct": 0.0, "elderly_risk_pct": 4.17 }, "geometry": { "type": "Polygon", "coordinates": [ [ [ 128.75204, 35.110506 ], [ 128.752054, 35.111408 ], [ 128.750957, 35.111419 ], [ 128.750943, 35.110518 ], [ 128.75204, 35.110506 ] ] ] } },
{ "type": "Feature", "properties": { "grid_id": "G070617", "child_risk_pct": 0.0, "elderly_risk_pct": 5.19 }, "geometry": { "type": "Polygon", "coordinates": [ [ [ 128.753054, 35.105086 ], [ 128.753068, 35.105988 ], [ 128.751971, 35.105999 ], [ 128.751957, 35.105097 ], [ 128.753054, 35.105086 ] ] ] } },
{ "type": "Feature", "properties": { "grid_id": "G070723", "child_risk_pct": 5.33, "elderly_risk_pct": 0.0 }, "geometry": { "type": "Polygon", "coordinates": [ [ [ 128.754124, 35.103272 ], [ 128.754137, 35.104173 ], [ 128.75304, 35.104185 ], [ 128.753027, 35.103283 ], [ 128.754124, 35.103272 ] ] ] } },
{ "type": "Feature", "properties": { "grid_id": "G070725", "child_risk_pct": 3.36, "elderly_risk_pct": 0.0 }, "geometry": { "type": "Polygon", "coordinates": [ [ [ 128.754151, 35.105075 ], [ 128.754165, 35.105976 ], [ 128.753068, 35.105988 ], [ 128.753054, 35.105086 ], [ 128.754151, 35.105075 ] ] ] } },
{ "type": "Feature", "properties": { "grid_id": "G070831", "child_risk_pct": 33.14, "elderly_risk_pct": 0.0 }, "geometry": { "type": "Polygon", "coordinates": [ [ [ 128.755221, 35.10326 ], [ 128.755234, 35.104162 ], [ 128.754137, 35.104173 ], [ 128.754124, 35.103272 ], [ 128.755221, 35.10326 ] ] ] } },
{ "type": "Feature", "properties": { "grid_id": "G070832", "child_risk_pct": 4.86, "elderly_risk_pct": 0.0 }, "geometry": { "type": "Polygon", "coordinates": [ [ [ 128.755234, 35.104162 ], [ 128.755248, 35.105063 ], [ 128.754151, 35.105075 ], [ 128.754137, 35.104173 ], [ 128.755234, 35.104162 ] ] ] } },
{ "type": "Feature", "properties": { "grid_id": "G070833", "child_risk_pct": 46.53, "elderly_risk_pct": 0.0 }, "geometry": { "type": "Polygon", "coordinates": [ [ [ 128.755248, 35.105063 ], [ 128.755262, 35.105965 ], [ 128.754165, 35.105976 ], [ 128.754151, 35.105075 ], [ 128.755248, 35.105063 ] ] ] } },
{ "type": "Feature", "properties": { "grid_id": "G070834", "child_risk_pct": 8.33, "elderly_risk_pct": 0.0 }, "geometry": { "type": "Polygon", "coordinates": [ [ [ 128.755262, 35.105965 ], [ 128.755276, 35.106866 ], [ 128.754179, 35.106878 ], [ 128.754165, 35.105976 ], [ 128.755262, 35.105965 ] ] ] } },
{ "type": "Feature", "properties": { "grid_id": "G070939", "child_risk_pct": 19.86, "elderly_risk_pct": 0.0 }, "geometry": { "type": "Polygon", "coordinates": [ [ [ 128.756318, 35.103249 ], [ 128.756331, 35.10415 ], [ 128.755234, 35.104162 ], [ 128.755221, 35.10326 ], [ 128.756318, 35.103249 ] ] ] } },
{ "type": "Feature", "properties": { "grid_id": "G070940", "child_risk_pct": 5.19, "elderly_risk_pct": 0.0 }, "geometry": { "type": "Polygon", "coordinates": [ [ [ 128.756331, 35.10415 ], [ 128.756345, 35.105052 ], [ 128.755248, 35.105063 ], [ 128.755234, 35.104162 ], [ 128.756331, 35.10415 ] ] ] } },
{ "type": "Feature", "properties": { "grid_id": "G070941", "child_risk_pct": 6.25, "elderly_risk_pct": 0.0 }, "geometry": { "type": "Polygon", "coordinates": [ [ [ 128.756345, 35.105052 ], [ 128.756359, 35.105954 ], [ 128.755262, 35.105965 ], [ 128.755248, 35.105063 ], [ 128.756345, 35.105052 ] ] ] } },
{ "type": "Feature", "properties": { "grid_id": "G071046", "child_risk_pct": 26.39, "elderly_risk_pct": 0.0 }, "geometry": { "type": "Polygon", "coordinates": [ [ [ 128.757415, 35.103238 ], [ 128.757428, 35.104139 ], [ 128.756331, 35.10415 ], [ 128.756318, 35.103249 ], [ 128.757415, 35.103238 ] ] ] } },
{ "type": "Feature", "properties": { "grid_id": "G071047", "child_risk_pct": 32.05, "elderly_risk_pct": 0.0 }, "geometry": { "type": "Polygon", "coordinates": [ [ [ 128.757428, 35.104139 ], [ 128.757442, 35.105041 ], [ 128.756345, 35.105052 ], [ 128.756331, 35.10415 ], [ 128.757428, 35.104139 ] ] ] } },
{ "type": "Feature", "properties": { "grid_id": "G071154", "child_risk_pct": 6.94, "elderly_risk_pct": 0.0 }, "geometry": { "type": "Polygon", "coordinates": [ [ [ 128.758512, 35.103226 ], [ 128.758525, 35.104128 ], [ 128.757428, 35.104139 ], [ 128.757415, 35.103238 ], [ 128.758512, 35.103226 ] ] ] } },
{ "type": "Feature", "properties": { "grid_id": "G071155", "child_risk_pct": 13.89, "elderly_risk_pct": 0.0 }, "geometry": { "type": "Polygon", "coordinates": [ [ [ 128.758525, 35.104128 ], [ 128.758539, 35.105029 ], [ 128.757442, 35.105041 ], [ 128.757428, 35.104139 ], [ 128.758525, 35.104128 ] ] ] } },
{ "type": "Feature", "properties": { "grid_id": "G071263", "child_risk_pct": 0.0, "elderly_risk_pct": 2.63 }, "geometry": { "type": "Polygon", "coordinates": [ [ [ 128.759636, 35.105018 ], [ 128.75965, 35.105919 ], [ 128.758553, 35.105931 ], [ 128.758539, 35.105029 ], [ 128.759636, 35.105018 ] ] ] } },
{ "type": "Feature", "properties": { "grid_id": "G071369", "child_risk_pct": 0.0, "elderly_risk_pct": 1.39 }, "geometry": { "type": "Polygon", "coordinates": [ [ [ 128.760719, 35.104105 ], [ 128.760733, 35.105006 ], [ 128.759636, 35.105018 ], [ 128.759622, 35.104116 ], [ 128.760719, 35.104105 ] ] ] } },
{ "type": "Feature", "properties": { "grid_id": "G071370", "child_risk_pct": 0.0, "elderly_risk_pct": 31.25 }, "geometry": { "type": "Polygon", "coordinates": [ [ [ 128.760733, 35.105006 ], [ 128.760747, 35.105908 ], [ 128.75965, 35.105919 ], [ 128.759636, 35.105018 ], [ 128.760733, 35.105006 ] ] ] } },
{ "type": "Feature", "properties": { "grid_id": "G071371", "child_risk_pct": 0.0, "elderly_risk_pct": 1.28 }, "geometry": { "type": "Polygon", "coordinates": [ [ [ 128.760747, 35.105908 ], [ 128.760761, 35.106809 ], [ 128.759664, 35.106821 ], [ 128.75965, 35.105919 ], [ 128.760747, 35.105908 ] ] ] } },
{ "type": "Feature", "properties": { "grid_id": "G071477", "child_risk_pct": 0.0, "elderly_risk_pct": 1.39 }, "geometry": { "type": "Polygon", "coordinates": [ [ [ 128.76183, 35.104995 ], [ 128.761844, 35.105897 ], [ 128.760747, 35.105908 ], [ 128.760733, 35.105006 ], [ 128.76183, 35.104995 ] ] ] } },
{ "type": "Feature", "properties": { "grid_id": "G072615", "child_risk_pct": 0.0, "elderly_risk_pct": 36.11 }, "geometry": { "type": "Polygon", "coordinates": [ [ [ 128.774672, 35.084123 ], [ 128.774686, 35.085024 ], [ 128.773589, 35.085036 ], [ 128.773575, 35.084134 ], [ 128.774672, 35.084123 ] ] ] } },
{ "type": "Feature", "properties": { "grid_id": "G072616", "child_risk_pct": 0.0, "elderly_risk_pct": 6.67 }, "geometry": { "type": "Polygon", "coordinates": [ [ [ 128.774686, 35.085024 ], [ 128.7747, 35.085926 ], [ 128.773603, 35.085937 ], [ 128.773589, 35.085036 ], [ 128.774686, 35.085024 ] ] ] } },
{ "type": "Feature", "properties": { "grid_id": "G072725", "child_risk_pct": 0.0, "elderly_risk_pct": 0.69 }, "geometry": { "type": "Polygon", "coordinates": [ [ [ 128.77619, 35.111156 ], [ 128.776204, 35.112058 ], [ 128.775107, 35.112069 ], [ 128.775093, 35.111168 ], [ 128.77619, 35.111156 ] ] ] } },
{ "type": "Feature", "properties": { "grid_id": "G072726", "child_risk_pct": 0.0, "elderly_risk_pct": 7.64 }, "geometry": { "type": "Polygon", "coordinates": [ [ [ 128.776204, 35.112058 ], [ 128.776218, 35.112959 ], [ 128.775121, 35.112971 ], [ 128.775107, 35.112069 ], [ 128.776204, 35.112058 ] ] ] } },
{ "type": "Feature", "properties": { "grid_id": "G072806", "child_risk_pct": 0.0, "elderly_risk_pct": 0.69 }, "geometry": { "type": "Polygon", "coordinates": [ [ [ 128.777287, 35.111145 ], [ 128.777301, 35.112046 ], [ 128.776204, 35.112058 ], [ 128.77619, 35.111156 ], [ 128.777287, 35.111145 ] ] ] } },
{ "type": "Feature", "properties": { "grid_id": "G072807", "child_risk_pct": 0.0, "elderly_risk_pct": 13.79 }, "geometry": { "type": "Polygon", "coordinates": [ [ [ 128.777301, 35.112046 ], [ 128.777315, 35.112948 ], [ 128.776218, 35.112959 ], [ 128.776204, 35.112058 ], [ 128.777301, 35.112046 ] ] ] } },
{ "type": "Feature", "properties": { "grid_id": "G072824", "child_risk_pct": 0.0, "elderly_risk_pct": 10.53 }, "geometry": { "type": "Polygon", "coordinates": [ [ [ 128.77754, 35.127372 ], [ 128.777554, 35.128273 ], [ 128.776457, 35.128285 ], [ 128.776443, 35.127383 ], [ 128.77754, 35.127372 ] ] ] } },
{ "type": "Feature", "properties": { "grid_id": "G072825", "child_risk_pct": 0.0, "elderly_risk_pct": 4.86 }, "geometry": { "type": "Polygon", "coordinates": [ [ [ 128.777554, 35.128273 ], [ 128.777568, 35.129175 ], [ 128.776471, 35.129186 ], [ 128.776457, 35.128285 ], [ 128.777554, 35.128273 ] ] ] } },
{ "type": "Feature", "properties": { "grid_id": "G072903", "child_risk_pct": 0.0, "elderly_risk_pct": 4.49 }, "geometry": { "type": "Polygon", "coordinates": [ [ [ 128.778637, 35.12736 ], [ 128.778652, 35.128262 ], [ 128.777554, 35.128273 ], [ 128.77754, 35.127372 ], [ 128.778637, 35.12736 ] ] ] } },
{ "type": "Feature", "properties": { "grid_id": "G072904", "child_risk_pct": 0.0, "elderly_risk_pct": 2.7 }, "geometry": { "type": "Polygon", "coordinates": [ [ [ 128.778652, 35.128262 ], [ 128.778666, 35.129163 ], [ 128.777568, 35.129175 ], [ 128.777554, 35.128273 ], [ 128.778652, 35.128262 ] ] ] } },
{ "type": "Feature", "properties": { "grid_id": "G072926", "child_risk_pct": 0.0, "elderly_risk_pct": 0.69 }, "geometry": { "type": "Polygon", "coordinates": [ [ [ 128.778962, 35.148095 ], [ 128.778976, 35.148996 ], [ 128.777878, 35.149008 ], [ 128.777864, 35.148106 ], [ 128.778962, 35.148095 ] ] ] } },
{ "type": "Feature", "properties": { "grid_id": "G073004", "child_risk_pct": 0.0, "elderly_risk_pct": 0.69 }, "geometry": { "type": "Polygon", "coordinates": [ [ [ 128.780045, 35.147182 ], [ 128.780059, 35.148083 ], [ 128.778962, 35.148095 ], [ 128.778948, 35.147193 ], [ 128.780045, 35.147182 ] ] ] } },
{ "type": "Feature", "properties": { "grid_id": "G073005", "child_risk_pct": 0.0, "elderly_risk_pct": 0.64 }, "geometry": { "type": "Polygon", "coordinates": [ [ [ 128.780059, 35.148083 ], [ 128.780073, 35.148985 ], [ 128.778976, 35.148996 ], [ 128.778962, 35.148095 ], [ 128.780059, 35.148083 ] ] ] } },
{ "type": "Feature", "properties": { "grid_id": "G073127", "child_risk_pct": 0.0, "elderly_risk_pct": 1.34 }, "geometry": { "type": "Polygon", "coordinates": [ [ [ 128.781887, 35.124621 ], [ 128.781901, 35.125522 ], [ 128.780804, 35.125534 ], [ 128.78079, 35.124632 ], [ 128.781887, 35.124621 ] ] ] } },
{ "type": "Feature", "properties": { "grid_id": "G073129", "child_risk_pct": 0.0, "elderly_risk_pct": 6.9 }, "geometry": { "type": "Polygon", "coordinates": [ [ [ 128.781915, 35.126424 ], [ 128.781929, 35.127325 ], [ 128.780832, 35.127337 ], [ 128.780818, 35.126435 ], [ 128.781915, 35.126424 ] ] ] } },
{ "type": "Feature", "properties": { "grid_id": "G073130", "child_risk_pct": 0.0, "elderly_risk_pct": 9.03 }, "geometry": { "type": "Polygon", "coordinates": [ [ [ 128.781929, 35.127325 ], [ 128.781943, 35.128227 ], [ 128.780846, 35.128238 ], [ 128.780832, 35.127337 ], [ 128.781929, 35.127325 ] ] ] } },
{ "type": "Feature", "properties": { "grid_id": "G073188", "child_risk_pct": 0.0, "elderly_risk_pct": 35.76 }, "geometry": { "type": "Polygon", "coordinates": [ [ [ 128.782984, 35.124609 ], [ 128.782998, 35.125511 ], [ 128.781901, 35.125522 ], [ 128.781887, 35.124621 ], [ 128.782984, 35.124609 ] ] ] } },
{ "type": "Feature", "properties": { "grid_id": "G073189", "child_risk_pct": 0.0, "elderly_risk_pct": 28.47 }, "geometry": { "type": "Polygon", "coordinates": [ [ [ 128.782998, 35.125511 ], [ 128.783012, 35.126412 ], [ 128.781915, 35.126424 ], [ 128.781901, 35.125522 ], [ 128.782998, 35.125511 ] ] ] } },
{ "type": "Feature", "properties": { "grid_id": "G073190", "child_risk_pct": 0.0, "elderly_risk_pct": 9.62 }, "geometry": { "type": "Polygon", "coordinates": [ [ [ 128.783012, 35.126412 ], [ 128.783027, 35.127314 ], [ 128.781929, 35.127325 ], [ 128.781915, 35.126424 ], [ 128.783012, 35.126412 ] ] ] } },
{ "type": "Feature", "properties": { "grid_id": "G073191", "child_risk_pct": 0.0, "elderly_risk_pct": 12.5 }, "geometry": { "type": "Polygon", "coordinates": [ [ [ 128.783027, 35.127314 ], [ 128.783041, 35.128215 ], [ 128.781943, 35.128227 ], [ 128.781929, 35.127325 ], [ 128.783027, 35.127314 ] ] ] } },
{ "type": "Feature", "properties": { "grid_id": "G073248", "child_risk_pct": 0.0, "elderly_risk_pct": 4.17 }, "geometry": { "type": "Polygon", "coordinates": [ [ [ 128.784081, 35.124598 ], [ 128.784096, 35.125499 ], [ 128.782998, 35.125511 ], [ 128.782984, 35.124609 ], [ 128.784081, 35.124598 ] ] ] } },
{ "type": "Feature", "properties": { "grid_id": "G073249", "child_risk_pct": 0.0, "elderly_risk_pct": 15.28 }, "geometry": { "type": "Polygon", "coordinates": [ [ [ 128.784096, 35.125499 ], [ 128.78411, 35.126401 ], [ 128.783012, 35.126412 ], [ 128.782998, 35.125511 ], [ 128.784096, 35.125499 ] ] ] } },
{ "type": "Feature", "properties": { "grid_id": "G073251", "child_risk_pct": 0.0, "elderly_risk_pct": 15.54 }, "geometry": { "type": "Polygon", "coordinates": [ [ [ 128.784124, 35.127302 ], [ 128.784138, 35.128204 ], [ 128.783041, 35.128215 ], [ 128.783027, 35.127314 ], [ 128.784124, 35.127302 ] ] ] } },
{ "type": "Feature", "properties": { "grid_id": "G073305", "child_risk_pct": 0.0, "elderly_risk_pct": 21.94 }, "geometry": { "type": "Polygon", "coordinates": [ [ [ 128.785165, 35.123685 ], [ 128.785179, 35.124586 ], [ 128.784081, 35.124598 ], [ 128.784067, 35.123696 ], [ 128.785165, 35.123685 ] ] ] } },
{ "type": "Feature", "properties": { "grid_id": "G073306", "child_risk_pct": 0.0, "elderly_risk_pct": 10.34 }, "geometry": { "type": "Polygon", "coordinates": [ [ [ 128.785179, 35.124586 ], [ 128.785193, 35.125488 ], [ 128.784096, 35.125499 ], [ 128.784081, 35.124598 ], [ 128.785179, 35.124586 ] ] ] } },
{ "type": "Feature", "properties": { "grid_id": "G073365", "child_risk_pct": 0.0, "elderly_risk_pct": 2.08 }, "geometry": { "type": "Polygon", "coordinates": [ [ [ 128.786262, 35.123673 ], [ 128.786276, 35.124574 ], [ 128.785179, 35.124586 ], [ 128.785165, 35.123685 ], [ 128.786262, 35.123673 ] ] ] } },
{ "type": "Feature", "properties": { "grid_id": "G073371", "child_risk_pct": 0.0, "elderly_risk_pct": 4.17 }, "geometry": { "type": "Polygon", "coordinates": [ [ [ 128.786347, 35.129082 ], [ 128.786361, 35.129983 ], [ 128.785264, 35.129995 ], [ 128.78525, 35.129094 ], [ 128.786347, 35.129082 ] ] ] } },
{ "type": "Feature", "properties": { "grid_id": "G073542", "child_risk_pct": 0.0, "elderly_risk_pct": 0.61 }, "geometry": { "type": "Polygon", "coordinates": [ [ [ 128.789269, 35.105608 ], [ 128.789284, 35.106509 ], [ 128.788187, 35.106521 ], [ 128.788172, 35.10562 ], [ 128.789269, 35.105608 ] ] ] } },
{ "type": "Feature", "properties": { "grid_id": "G073620", "child_risk_pct": 0.0, "elderly_risk_pct": 8.05 }, "geometry": { "type": "Polygon", "coordinates": [ [ [ 128.790352, 35.104695 ], [ 128.790366, 35.105596 ], [ 128.789269, 35.105608 ], [ 128.789255, 35.104706 ], [ 128.790352, 35.104695 ] ] ] } },
{ "type": "Feature", "properties": { "grid_id": "G073621", "child_risk_pct": 0.0, "elderly_risk_pct": 4.17 }, "geometry": { "type": "Polygon", "coordinates": [ [ [ 128.790366, 35.105596 ], [ 128.790381, 35.106498 ], [ 128.789284, 35.106509 ], [ 128.789269, 35.105608 ], [ 128.790366, 35.105596 ] ] ] } },
{ "type": "Feature", "properties": { "grid_id": "G073716", "child_risk_pct": 0.0, "elderly_risk_pct": 8.33 }, "geometry": { "type": "Polygon", "coordinates": [ [ [ 128.791663, 35.118206 ], [ 128.791677, 35.119107 ], [ 128.79058, 35.119119 ], [ 128.790565, 35.118217 ], [ 128.791663, 35.118206 ] ] ] } },
{ "type": "Feature", "properties": { "grid_id": "G073717", "child_risk_pct": 0.0, "elderly_risk_pct": 2.72 }, "geometry": { "type": "Polygon", "coordinates": [ [ [ 128.791677, 35.119107 ], [ 128.791691, 35.120009 ], [ 128.790594, 35.12002 ], [ 128.79058, 35.119119 ], [ 128.791677, 35.119107 ] ] ] } },
{ "type": "Feature", "properties": { "grid_id": "G073800", "child_risk_pct": 0.0, "elderly_risk_pct": 25.49 }, "geometry": { "type": "Polygon", "coordinates": [ [ [ 128.79276, 35.118194 ], [ 128.792774, 35.119095 ], [ 128.791677, 35.119107 ], [ 128.791663, 35.118206 ], [ 128.79276, 35.118194 ] ] ] } },
{ "type": "Feature", "properties": { "grid_id": "G073801", "child_risk_pct": 0.0, "elderly_risk_pct": 8.5 }, "geometry": { "type": "Polygon", "coordinates": [ [ [ 128.792774, 35.119095 ], [ 128.792788, 35.119997 ], [ 128.791691, 35.120009 ], [ 128.791677, 35.119107 ], [ 128.792774, 35.119095 ] ] ] } },
{ "type": "Feature", "properties": { "grid_id": "G074035", "child_risk_pct": 0.0, "elderly_risk_pct": 1.86 }, "geometry": { "type": "Polygon", "coordinates": [ [ [ 128.796008, 35.115454 ], [ 128.796023, 35.116356 ], [ 128.794926, 35.116367 ], [ 128.794911, 35.115466 ], [ 128.796008, 35.115454 ] ] ] } },
{ "type": "Feature", "properties": { "grid_id": "G074107", "child_risk_pct": 0.0, "elderly_risk_pct": 13.89 }, "geometry": { "type": "Polygon", "coordinates": [ [ [ 128.797106, 35.115442 ], [ 128.79712, 35.116344 ], [ 128.796023, 35.116356 ], [ 128.796008, 35.115454 ], [ 128.797106, 35.115442 ] ] ] } },
{ "type": "Feature", "properties": { "grid_id": "G074295", "child_risk_pct": 0.0, "elderly_risk_pct": 6.94 }, "geometry": { "type": "Polygon", "coordinates": [ [ [ 128.800154, 35.100082 ], [ 128.800168, 35.100983 ], [ 128.799071, 35.100995 ], [ 128.799057, 35.100094 ], [ 128.800154, 35.100082 ] ] ] } },
{ "type": "Feature", "properties": { "grid_id": "G074361", "child_risk_pct": 0.0, "elderly_risk_pct": 12.5 }, "geometry": { "type": "Polygon", "coordinates": [ [ [ 128.80125, 35.10007 ], [ 128.801265, 35.100972 ], [ 128.800168, 35.100983 ], [ 128.800154, 35.100082 ], [ 128.80125, 35.10007 ] ] ] } },
{ "type": "Feature", "properties": { "grid_id": "G074418", "child_risk_pct": 27.56, "elderly_risk_pct": 0.0 }, "geometry": { "type": "Polygon", "coordinates": [ [ [ 128.802161, 35.088339 ], [ 128.802175, 35.08924 ], [ 128.801079, 35.089252 ], [ 128.801064, 35.088351 ], [ 128.802161, 35.088339 ] ] ] } },
{ "type": "Feature", "properties": { "grid_id": "G074419", "child_risk_pct": 3.47, "elderly_risk_pct": 0.0 }, "geometry": { "type": "Polygon", "coordinates": [ [ [ 128.802175, 35.08924 ], [ 128.80219, 35.090142 ], [ 128.801093, 35.090154 ], [ 128.801079, 35.089252 ], [ 128.802175, 35.08924 ] ] ] } },
{ "type": "Feature", "properties": { "grid_id": "G074481", "child_risk_pct": 14.38, "elderly_risk_pct": 0.0 }, "geometry": { "type": "Polygon", "coordinates": [ [ [ 128.803258, 35.088327 ], [ 128.803272, 35.089228 ], [ 128.802175, 35.08924 ], [ 128.802161, 35.088339 ], [ 128.803258, 35.088327 ] ] ] } },
{ "type": "Feature", "properties": { "grid_id": "G074493", "child_risk_pct": 0.0, "elderly_risk_pct": 1.28 }, "geometry": { "type": "Polygon", "coordinates": [ [ [ 128.80343, 35.099145 ], [ 128.803444, 35.100046 ], [ 128.802347, 35.100058 ], [ 128.802333, 35.099157 ], [ 128.80343, 35.099145 ] ] ] } },
{ "type": "Feature", "properties": { "grid_id": "G074494", "child_risk_pct": 0.0, "elderly_risk_pct": 0.68 }, "geometry": { "type": "Polygon", "coordinates": [ [ [ 128.803444, 35.100046 ], [ 128.803459, 35.100948 ], [ 128.802362, 35.10096 ], [ 128.802347, 35.100058 ], [ 128.803444, 35.100046 ] ] ] } },
{ "type": "Feature", "properties": { "grid_id": "G074495", "child_risk_pct": 11.54, "elderly_risk_pct": 0.0 }, "geometry": { "type": "Polygon", "coordinates": [ [ [ 128.803459, 35.100948 ], [ 128.803473, 35.101849 ], [ 128.802376, 35.101861 ], [ 128.802362, 35.10096 ], [ 128.803459, 35.100948 ] ] ] } },
{ "type": "Feature", "properties": { "grid_id": "G074496", "child_risk_pct": 15.17, "elderly_risk_pct": 0.0 }, "geometry": { "type": "Polygon", "coordinates": [ [ [ 128.803473, 35.101849 ], [ 128.803487, 35.102751 ], [ 128.80239, 35.102763 ], [ 128.802376, 35.101861 ], [ 128.803473, 35.101849 ] ] ] } },
{ "type": "Feature", "properties": { "grid_id": "G074497", "child_risk_pct": 0.0, "elderly_risk_pct": 16.03 }, "geometry": { "type": "Polygon", "coordinates": [ [ [ 128.803487, 35.102751 ], [ 128.803502, 35.103652 ], [ 128.802405, 35.103664 ], [ 128.80239, 35.102763 ], [ 128.803487, 35.102751 ] ] ] } },
{ "type": "Feature", "properties": { "grid_id": "G074498", "child_risk_pct": 0.0, "elderly_risk_pct": 2.08 }, "geometry": { "type": "Polygon", "coordinates": [ [ [ 128.803502, 35.103652 ], [ 128.803516, 35.104554 ], [ 128.802419, 35.104566 ], [ 128.802405, 35.103664 ], [ 128.803502, 35.103652 ] ] ] } },
{ "type": "Feature", "properties": { "grid_id": "G074559", "child_risk_pct": 0.0, "elderly_risk_pct": 18.18 }, "geometry": { "type": "Polygon", "coordinates": [ [ [ 128.804527, 35.099133 ], [ 128.804541, 35.100035 ], [ 128.803444, 35.100046 ], [ 128.80343, 35.099145 ], [ 128.804527, 35.099133 ] ] ] } },
{ "type": "Feature", "properties": { "grid_id": "G074560", "child_risk_pct": 0.0, "elderly_risk_pct": 20.99 }, "geometry": { "type": "Polygon", "coordinates": [ [ [ 128.804541, 35.100035 ], [ 128.804556, 35.100936 ], [ 128.803459, 35.100948 ], [ 128.803444, 35.100046 ], [ 128.804541, 35.100035 ] ] ] } },
{ "type": "Feature", "properties": { "grid_id": "G074563", "child_risk_pct": 0.0, "elderly_risk_pct": 1.32 }, "geometry": { "type": "Polygon", "coordinates": [ [ [ 128.804584, 35.102739 ], [ 128.804599, 35.103641 ], [ 128.803502, 35.103652 ], [ 128.803487, 35.102751 ], [ 128.804584, 35.102739 ] ] ] } },
{ "type": "Feature", "properties": { "grid_id": "G074626", "child_risk_pct": 0.0, "elderly_risk_pct": 11.03 }, "geometry": { "type": "Polygon", "coordinates": [ [ [ 128.805653, 35.100924 ], [ 128.805667, 35.101826 ], [ 128.80457, 35.101838 ], [ 128.804556, 35.100936 ], [ 128.805653, 35.100924 ] ] ] } },
{ "type": "Feature", "properties": { "grid_id": "G074691", "child_risk_pct": 0.0, "elderly_risk_pct": 28.85 }, "geometry": { "type": "Polygon", "coordinates": [ [ [ 128.806749, 35.100913 ], [ 128.806764, 35.101814 ], [ 128.805667, 35.101826 ], [ 128.805653, 35.100924 ], [ 128.806749, 35.100913 ] ] ] } },
{ "type": "Feature", "properties": { "grid_id": "G074693", "child_risk_pct": 23.08, "elderly_risk_pct": 22.44 }, "geometry": { "type": "Polygon", "coordinates": [ [ [ 128.806778, 35.102716 ], [ 128.806793, 35.103617 ], [ 128.805696, 35.103629 ], [ 128.805681, 35.102727 ], [ 128.806778, 35.102716 ] ] ] } },
{ "type": "Feature", "properties": { "grid_id": "G074694", "child_risk_pct": 10.6, "elderly_risk_pct": 10.6 }, "geometry": { "type": "Polygon", "coordinates": [ [ [ 128.806793, 35.103617 ], [ 128.806807, 35.104518 ], [ 128.80571, 35.10453 ], [ 128.805696, 35.103629 ], [ 128.806793, 35.103617 ] ] ] } },
{ "type": "Feature", "properties": { "grid_id": "G074756", "child_risk_pct": 1.39, "elderly_risk_pct": 1.39 }, "geometry": { "type": "Polygon", "coordinates": [ [ [ 128.807875, 35.102704 ], [ 128.80789, 35.103605 ], [ 128.806793, 35.103617 ], [ 128.806778, 35.102716 ], [ 128.807875, 35.102704 ] ] ] } },
{ "type": "Feature", "properties": { "grid_id": "G074757", "child_risk_pct": 4.17, "elderly_risk_pct": 4.17 }, "geometry": { "type": "Polygon", "coordinates": [ [ [ 128.80789, 35.103605 ], [ 128.807904, 35.104507 ], [ 128.806807, 35.104518 ], [ 128.806793, 35.103617 ], [ 128.80789, 35.103605 ] ] ] } },
{ "type": "Feature", "properties": { "grid_id": "G074815", "child_risk_pct": 20.92, "elderly_risk_pct": 13.07 }, "geometry": { "type": "Polygon", "coordinates": [ [ [ 128.808943, 35.100889 ], [ 128.808958, 35.10179 ], [ 128.807861, 35.101802 ], [ 128.807846, 35.100901 ], [ 128.808943, 35.100889 ] ] ] } },
{ "type": "Feature", "properties": { "grid_id": "G074816", "child_risk_pct": 1.28, "elderly_risk_pct": 0.0 }, "geometry": { "type": "Polygon", "coordinates": [ [ [ 128.808958, 35.10179 ], [ 128.808972, 35.102692 ], [ 128.807875, 35.102704 ], [ 128.807861, 35.101802 ], [ 128.808958, 35.10179 ] ] ] } },
{ "type": "Feature", "properties": { "grid_id": "G074817", "child_risk_pct": 0.0, "elderly_risk_pct": 6.94 }, "geometry": { "type": "Polygon", "coordinates": [ [ [ 128.808972, 35.102692 ], [ 128.808987, 35.103593 ], [ 128.80789, 35.103605 ], [ 128.807875, 35.102704 ], [ 128.808972, 35.102692 ] ] ] } },
{ "type": "Feature", "properties": { "grid_id": "G074818", "child_risk_pct": 0.0, "elderly_risk_pct": 3.47 }, "geometry": { "type": "Polygon", "coordinates": [ [ [ 128.808987, 35.103593 ], [ 128.809001, 35.104495 ], [ 128.807904, 35.104507 ], [ 128.80789, 35.103605 ], [ 128.808987, 35.103593 ] ] ] } },
{ "type": "Feature", "properties": { "grid_id": "G074862", "child_risk_pct": 0.0, "elderly_risk_pct": 10.46 }, "geometry": { "type": "Polygon", "coordinates": [ [ [ 128.809853, 35.089158 ], [ 128.809867, 35.090059 ], [ 128.80877, 35.090071 ], [ 128.808756, 35.089169 ], [ 128.809853, 35.089158 ] ] ] } },
{ "type": "Feature", "properties": { "grid_id": "G074863", "child_risk_pct": 0.0, "elderly_risk_pct": 1.39 }, "geometry": { "type": "Polygon", "coordinates": [ [ [ 128.809867, 35.090059 ], [ 128.809882, 35.090961 ], [ 128.808785, 35.090972 ], [ 128.80877, 35.090071 ], [ 128.809867, 35.090059 ] ] ] } },
{ "type": "Feature", "properties": { "grid_id": "G074875", "child_risk_pct": 8.33, "elderly_risk_pct": 1.39 }, "geometry": { "type": "Polygon", "coordinates": [ [ [ 128.81004, 35.100877 ], [ 128.810055, 35.101778 ], [ 128.808958, 35.10179 ], [ 128.808943, 35.100889 ], [ 128.81004, 35.100877 ] ] ] } },
{ "type": "Feature", "properties": { "grid_id": "G074876", "child_risk_pct": 24.66, "elderly_risk_pct": 13.7 }, "geometry": { "type": "Polygon", "coordinates": [ [ [ 128.810055, 35.101778 ], [ 128.810069, 35.10268 ], [ 128.808972, 35.102692 ], [ 128.808958, 35.10179 ], [ 128.810055, 35.101778 ] ] ] } },
{ "type": "Feature", "properties": { "grid_id": "G074877", "child_risk_pct": 0.0, "elderly_risk_pct": 12.34 }, "geometry": { "type": "Polygon", "coordinates": [ [ [ 128.810069, 35.10268 ], [ 128.810084, 35.103581 ], [ 128.808987, 35.103593 ], [ 128.808972, 35.102692 ], [ 128.810069, 35.10268 ] ] ] } },
{ "type": "Feature", "properties": { "grid_id": "G074878", "child_risk_pct": 0.0, "elderly_risk_pct": 6.94 }, "geometry": { "type": "Polygon", "coordinates": [ [ [ 128.810084, 35.103581 ], [ 128.810098, 35.104483 ], [ 128.809001, 35.104495 ], [ 128.808987, 35.103593 ], [ 128.810084, 35.103581 ] ] ] } },
{ "type": "Feature", "properties": { "grid_id": "G074923", "child_risk_pct": 0.0, "elderly_risk_pct": 1.39 }, "geometry": { "type": "Polygon", "coordinates": [ [ [ 128.810964, 35.090047 ], [ 128.810978, 35.090949 ], [ 128.809882, 35.090961 ], [ 128.809867, 35.090059 ], [ 128.810964, 35.090047 ] ] ] } },
{ "type": "Feature", "properties": { "grid_id": "G074934", "child_risk_pct": 27.15, "elderly_risk_pct": 23.18 }, "geometry": { "type": "Polygon", "coordinates": [ [ [ 128.811123, 35.099964 ], [ 128.811137, 35.100865 ], [ 128.81004, 35.100877 ], [ 128.810026, 35.099976 ], [ 128.811123, 35.099964 ] ] ] } },
{ "type": "Feature", "properties": { "grid_id": "G074935", "child_risk_pct": 14.58, "elderly_risk_pct": 2.78 }, "geometry": { "type": "Polygon", "coordinates": [ [ [ 128.811137, 35.100865 ], [ 128.811152, 35.101767 ], [ 128.810055, 35.101778 ], [ 128.81004, 35.100877 ], [ 128.811137, 35.100865 ] ] ] } },
{ "type": "Feature", "properties": { "grid_id": "G074936", "child_risk_pct": 37.5, "elderly_risk_pct": 29.17 }, "geometry": { "type": "Polygon", "coordinates": [ [ [ 128.811152, 35.101767 ], [ 128.811166, 35.102668 ], [ 128.810069, 35.10268 ], [ 128.810055, 35.101778 ], [ 128.811152, 35.101767 ] ] ] } },
{ "type": "Feature", "properties": { "grid_id": "G074937", "child_risk_pct": 0.0, "elderly_risk_pct": 16.77 }, "geometry": { "type": "Polygon", "coordinates": [ [ [ 128.811166, 35.102668 ], [ 128.811181, 35.10357 ], [ 128.810084, 35.103581 ], [ 128.810069, 35.10268 ], [ 128.811166, 35.102668 ] ] ] } },
{ "type": "Feature", "properties": { "grid_id": "G074980", "child_risk_pct": 30.56, "elderly_risk_pct": 0.0 }, "geometry": { "type": "Polygon", "coordinates": [ [ [ 128.812032, 35.088232 ], [ 128.812046, 35.089134 ], [ 128.81095, 35.089146 ], [ 128.810935, 35.088244 ], [ 128.812032, 35.088232 ] ] ] } },
{ "type": "Feature", "properties": { "grid_id": "G074981", "child_risk_pct": 21.53, "elderly_risk_pct": 0.0 }, "geometry": { "type": "Polygon", "coordinates": [ [ [ 128.812046, 35.089134 ], [ 128.812061, 35.090035 ], [ 128.810964, 35.090047 ], [ 128.81095, 35.089146 ], [ 128.812046, 35.089134 ] ] ] } },
{ "type": "Feature", "properties": { "grid_id": "G074982", "child_risk_pct": 12.82, "elderly_risk_pct": 0.0 }, "geometry": { "type": "Polygon", "coordinates": [ [ [ 128.812061, 35.090035 ], [ 128.812075, 35.090937 ], [ 128.810978, 35.090949 ], [ 128.810964, 35.090047 ], [ 128.812061, 35.090035 ] ] ] } },
{ "type": "Feature", "properties": { "grid_id": "G074993", "child_risk_pct": 30.13, "elderly_risk_pct": 37.18 }, "geometry": { "type": "Polygon", "coordinates": [ [ [ 128.81222, 35.099952 ], [ 128.812234, 35.100853 ], [ 128.811137, 35.100865 ], [ 128.811123, 35.099964 ], [ 128.81222, 35.099952 ] ] ] } },
{ "type": "Feature", "properties": { "grid_id": "G074994", "child_risk_pct": 2.08, "elderly_risk_pct": 34.72 }, "geometry": { "type": "Polygon", "coordinates": [ [ [ 128.812234, 35.100853 ], [ 128.812249, 35.101755 ], [ 128.811152, 35.101767 ], [ 128.811137, 35.100865 ], [ 128.812234, 35.100853 ] ] ] } },
{ "type": "Feature", "properties": { "grid_id": "G074995", "child_risk_pct": 0.0, "elderly_risk_pct": 25.68 }, "geometry": { "type": "Polygon", "coordinates": [ [ [ 128.812249, 35.101755 ], [ 128.812263, 35.102656 ], [ 128.811166, 35.102668 ], [ 128.811152, 35.101767 ], [ 128.812249, 35.101755 ] ] ] } },
{ "type": "Feature", "properties": { "grid_id": "G075037", "child_risk_pct": 8.5, "elderly_risk_pct": 0.0 }, "geometry": { "type": "Polygon", "coordinates": [ [ [ 128.813114, 35.087319 ], [ 128.813129, 35.08822 ], [ 128.812032, 35.088232 ], [ 128.812017, 35.087331 ], [ 128.813114, 35.087319 ] ] ] } },
{ "type": "Feature", "properties": { "grid_id": "G075038", "child_risk_pct": 14.58, "elderly_risk_pct": 0.0 }, "geometry": { "type": "Polygon", "coordinates": [ [ [ 128.813129, 35.08822 ], [ 128.813143, 35.089122 ], [ 128.812046, 35.089134 ], [ 128.812032, 35.088232 ], [ 128.813129, 35.08822 ] ] ] } },
{ "type": "Feature", "properties": { "grid_id": "G075039", "child_risk_pct": 4.14, "elderly_risk_pct": 0.0 }, "geometry": { "type": "Polygon", "coordinates": [ [ [ 128.813143, 35.089122 ], [ 128.813158, 35.090023 ], [ 128.812061, 35.090035 ], [ 128.812046, 35.089134 ], [ 128.813143, 35.089122 ] ] ] } },
{ "type": "Feature", "properties": { "grid_id": "G075040", "child_risk_pct": 1.83, "elderly_risk_pct": 0.0 }, "geometry": { "type": "Polygon", "coordinates": [ [ [ 128.813158, 35.090023 ], [ 128.813172, 35.090925 ], [ 128.812075, 35.090937 ], [ 128.812061, 35.090035 ], [ 128.813158, 35.090023 ] ] ] } },
{ "type": "Feature", "properties": { "grid_id": "G075051", "child_risk_pct": 0.0, "elderly_risk_pct": 4.83 }, "geometry": { "type": "Polygon", "coordinates": [ [ [ 128.813317, 35.09994 ], [ 128.813331, 35.100841 ], [ 128.812234, 35.100853 ], [ 128.81222, 35.099952 ], [ 128.813317, 35.09994 ] ] ] } },
{ "type": "Feature", "properties": { "grid_id": "G075052", "child_risk_pct": 0.0, "elderly_risk_pct": 43.56 }, "geometry": { "type": "Polygon", "coordinates": [ [ [ 128.813331, 35.100841 ], [ 128.813346, 35.101743 ], [ 128.812249, 35.101755 ], [ 128.812234, 35.100853 ], [ 128.813331, 35.100841 ] ] ] } },
{ "type": "Feature", "properties": { "grid_id": "G075053", "child_risk_pct": 0.0, "elderly_risk_pct": 5.92 }, "geometry": { "type": "Polygon", "coordinates": [ [ [ 128.813346, 35.101743 ], [ 128.81336, 35.102644 ], [ 128.812263, 35.102656 ], [ 128.812249, 35.101755 ], [ 128.813346, 35.101743 ] ] ] } },
{ "type": "Feature", "properties": { "grid_id": "G075094", "child_risk_pct": 20.65, "elderly_risk_pct": 0.0 }, "geometry": { "type": "Polygon", "coordinates": [ [ [ 128.814211, 35.087307 ], [ 128.814225, 35.088209 ], [ 128.813129, 35.08822 ], [ 128.813114, 35.087319 ], [ 128.814211, 35.087307 ] ] ] } },
{ "type": "Feature", "properties": { "grid_id": "G075095", "child_risk_pct": 15.33, "elderly_risk_pct": 0.0 }, "geometry": { "type": "Polygon", "coordinates": [ [ [ 128.814225, 35.088209 ], [ 128.81424, 35.08911 ], [ 128.813143, 35.089122 ], [ 128.813129, 35.08822 ], [ 128.814225, 35.088209 ] ] ] } },
{ "type": "Feature", "properties": { "grid_id": "G075105", "child_risk_pct": 0.0, "elderly_risk_pct": 4.05 }, "geometry": { "type": "Polygon", "coordinates": [ [ [ 128.81437, 35.097224 ], [ 128.814385, 35.098125 ], [ 128.813288, 35.098137 ], [ 128.813273, 35.097235 ], [ 128.81437, 35.097224 ] ] ] } },
{ "type": "Feature", "properties": { "grid_id": "G075106", "child_risk_pct": 0.0, "elderly_risk_pct": 23.03 }, "geometry": { "type": "Polygon", "coordinates": [ [ [ 128.814385, 35.098125 ], [ 128.814399, 35.099027 ], [ 128.813302, 35.099038 ], [ 128.813288, 35.098137 ], [ 128.814385, 35.098125 ] ] ] } },
{ "type": "Feature", "properties": { "grid_id": "G075108", "child_risk_pct": 0.0, "elderly_risk_pct": 1.94 }, "geometry": { "type": "Polygon", "coordinates": [ [ [ 128.814414, 35.099928 ], [ 128.814428, 35.10083 ], [ 128.813331, 35.100841 ], [ 128.813317, 35.09994 ], [ 128.814414, 35.099928 ] ] ] } },
{ "type": "Feature", "properties": { "grid_id": "G075109", "child_risk_pct": 0.0, "elderly_risk_pct": 29.75 }, "geometry": { "type": "Polygon", "coordinates": [ [ [ 128.814428, 35.10083 ], [ 128.814442, 35.101731 ], [ 128.813346, 35.101743 ], [ 128.813331, 35.100841 ], [ 128.814428, 35.10083 ] ] ] } },
{ "type": "Feature", "properties": { "grid_id": "G075110", "child_risk_pct": 0.0, "elderly_risk_pct": 1.36 }, "geometry": { "type": "Polygon", "coordinates": [ [ [ 128.814442, 35.101731 ], [ 128.814457, 35.102632 ], [ 128.81336, 35.102644 ], [ 128.813346, 35.101743 ], [ 128.814442, 35.101731 ] ] ] } },
{ "type": "Feature", "properties": { "grid_id": "G075161", "child_risk_pct": 0.0, "elderly_risk_pct": 42.36 }, "geometry": { "type": "Polygon", "coordinates": [ [ [ 128.815467, 35.097212 ], [ 128.815481, 35.098113 ], [ 128.814385, 35.098125 ], [ 128.81437, 35.097224 ], [ 128.815467, 35.097212 ] ] ] } },
{ "type": "Feature", "properties": { "grid_id": "G075162", "child_risk_pct": 0.0, "elderly_risk_pct": 6.29 }, "geometry": { "type": "Polygon", "coordinates": [ [ [ 128.815481, 35.098113 ], [ 128.815496, 35.099015 ], [ 128.814399, 35.099027 ], [ 128.814385, 35.098125 ], [ 128.815481, 35.098113 ] ] ] } },
{ "type": "Feature", "properties": { "grid_id": "G075205", "child_risk_pct": 0.0, "elderly_risk_pct": 9.46 }, "geometry": { "type": "Polygon", "coordinates": [ [ [ 128.816404, 35.087283 ], [ 128.816419, 35.088185 ], [ 128.815322, 35.088197 ], [ 128.815308, 35.087295 ], [ 128.816404, 35.087283 ] ] ] } },
{ "type": "Feature", "properties": { "grid_id": "G075216", "child_risk_pct": 0.0, "elderly_risk_pct": 18.54 }, "geometry": { "type": "Polygon", "coordinates": [ [ [ 128.816564, 35.0972 ], [ 128.816578, 35.098101 ], [ 128.815481, 35.098113 ], [ 128.815467, 35.097212 ], [ 128.816564, 35.0972 ] ] ] } },
{ "type": "Feature", "properties": { "grid_id": "G075217", "child_risk_pct": 0.0, "elderly_risk_pct": 0.65 }, "geometry": { "type": "Polygon", "coordinates": [ [ [ 128.816578, 35.098101 ], [ 128.816593, 35.099003 ], [ 128.815496, 35.099015 ], [ 128.815481, 35.098113 ], [ 128.816578, 35.098101 ] ] ] } },
{ "type": "Feature", "properties": { "grid_id": "G075218", "child_risk_pct": 10.26, "elderly_risk_pct": 21.15 }, "geometry": { "type": "Polygon", "coordinates": [ [ [ 128.816593, 35.099003 ], [ 128.816607, 35.099904 ], [ 128.81551, 35.099916 ], [ 128.815496, 35.099015 ], [ 128.816593, 35.099003 ] ] ] } },
{ "type": "Feature", "properties": { "grid_id": "G075219", "child_risk_pct": 0.69, "elderly_risk_pct": 18.06 }, "geometry": { "type": "Polygon", "coordinates": [ [ [ 128.816607, 35.099904 ], [ 128.816622, 35.100806 ], [ 128.815525, 35.100818 ], [ 128.81551, 35.099916 ], [ 128.816607, 35.099904 ] ] ] } },
{ "type": "Feature", "properties": { "grid_id": "G075220", "child_risk_pct": 0.0, "elderly_risk_pct": 22.92 }, "geometry": { "type": "Polygon", "coordinates": [ [ [ 128.816622, 35.100806 ], [ 128.816636, 35.101707 ], [ 128.815539, 35.101719 ], [ 128.815525, 35.100818 ], [ 128.816622, 35.100806 ] ] ] } },
{ "type": "Feature", "properties": { "grid_id": "G075221", "child_risk_pct": 0.0, "elderly_risk_pct": 14.77 }, "geometry": { "type": "Polygon", "coordinates": [ [ [ 128.816636, 35.101707 ], [ 128.816651, 35.102609 ], [ 128.815554, 35.102621 ], [ 128.815539, 35.101719 ], [ 128.816636, 35.101707 ] ] ] } },
{ "type": "Feature", "properties": { "grid_id": "G075222", "child_risk_pct": 0.0, "elderly_risk_pct": 1.28 }, "geometry": { "type": "Polygon", "coordinates": [ [ [ 128.816651, 35.102609 ], [ 128.816665, 35.10351 ], [ 128.815568, 35.103522 ], [ 128.815554, 35.102621 ], [ 128.816651, 35.102609 ] ] ] } },
{ "type": "Feature", "properties": { "grid_id": "G075259", "child_risk_pct": 0.0, "elderly_risk_pct": 0.68 }, "geometry": { "type": "Polygon", "coordinates": [ [ [ 128.817487, 35.08637 ], [ 128.817501, 35.087271 ], [ 128.816404, 35.087283 ], [ 128.81639, 35.086382 ], [ 128.817487, 35.08637 ] ] ] } },
{ "type": "Feature", "properties": { "grid_id": "G075260", "child_risk_pct": 0.0, "elderly_risk_pct": 35.42 }, "geometry": { "type": "Polygon", "coordinates": [ [ [ 128.817501, 35.087271 ], [ 128.817516, 35.088173 ], [ 128.816419, 35.088185 ], [ 128.816404, 35.087283 ], [ 128.817501, 35.087271 ] ] ] } },
{ "type": "Feature", "properties": { "grid_id": "G075261", "child_risk_pct": 0.0, "elderly_risk_pct": 0.69 }, "geometry": { "type": "Polygon", "coordinates": [ [ [ 128.817516, 35.088173 ], [ 128.81753, 35.089074 ], [ 128.816433, 35.089086 ], [ 128.816419, 35.088185 ], [ 128.817516, 35.088173 ] ] ] } },
{ "type": "Feature", "properties": { "grid_id": "G075272", "child_risk_pct": 0.0, "elderly_risk_pct": 5.56 }, "geometry": { "type": "Polygon", "coordinates": [ [ [ 128.817675, 35.098089 ], [ 128.81769, 35.098991 ], [ 128.816593, 35.099003 ], [ 128.816578, 35.098101 ], [ 128.817675, 35.098089 ] ] ] } },
{ "type": "Feature", "properties": { "grid_id": "G075273", "child_risk_pct": 38.16, "elderly_risk_pct": 28.95 }, "geometry": { "type": "Polygon", "coordinates": [ [ [ 128.81769, 35.098991 ], [ 128.817704, 35.099892 ], [ 128.816607, 35.099904 ], [ 128.816593, 35.099003 ], [ 128.81769, 35.098991 ] ] ] } },
{ "type": "Feature", "properties": { "grid_id": "G075274", "child_risk_pct": 2.7, "elderly_risk_pct": 2.7 }, "geometry": { "type": "Polygon", "coordinates": [ [ [ 128.817704, 35.099892 ], [ 128.817719, 35.100794 ], [ 128.816622, 35.100806 ], [ 128.816607, 35.099904 ], [ 128.817704, 35.099892 ] ] ] } },
{ "type": "Feature", "properties": { "grid_id": "G075275", "child_risk_pct": 0.0, "elderly_risk_pct": 23.61 }, "geometry": { "type": "Polygon", "coordinates": [ [ [ 128.817719, 35.100794 ], [ 128.817733, 35.101695 ], [ 128.816636, 35.101707 ], [ 128.816622, 35.100806 ], [ 128.817719, 35.100794 ] ] ] } },
{ "type": "Feature", "properties": { "grid_id": "G075276", "child_risk_pct": 0.0, "elderly_risk_pct": 34.21 }, "geometry": { "type": "Polygon", "coordinates": [ [ [ 128.817733, 35.101695 ], [ 128.817748, 35.102597 ], [ 128.816651, 35.102609 ], [ 128.816636, 35.101707 ], [ 128.817733, 35.101695 ] ] ] } },
{ "type": "Feature", "properties": { "grid_id": "G075277", "child_risk_pct": 0.0, "elderly_risk_pct": 3.66 }, "geometry": { "type": "Polygon", "coordinates": [ [ [ 128.817748, 35.102597 ], [ 128.817762, 35.103498 ], [ 128.816665, 35.10351 ], [ 128.816651, 35.102609 ], [ 128.817748, 35.102597 ] ] ] } },
{ "type": "Feature", "properties": { "grid_id": "G075320", "child_risk_pct": 0.0, "elderly_risk_pct": 23.61 }, "geometry": { "type": "Polygon", "coordinates": [ [ [ 128.818671, 35.091767 ], [ 128.818685, 35.092668 ], [ 128.817588, 35.09268 ], [ 128.817574, 35.091779 ], [ 128.818671, 35.091767 ] ] ] } },
{ "type": "Feature", "properties": { "grid_id": "G075321", "child_risk_pct": 0.0, "elderly_risk_pct": 7.33 }, "geometry": { "type": "Polygon", "coordinates": [ [ [ 128.818685, 35.092668 ], [ 128.8187, 35.09357 ], [ 128.817603, 35.093582 ], [ 128.817588, 35.09268 ], [ 128.818685, 35.092668 ] ] ] } },
{ "type": "Feature", "properties": { "grid_id": "G075328", "child_risk_pct": 2.78, "elderly_risk_pct": 0.0 }, "geometry": { "type": "Polygon", "coordinates": [ [ [ 128.818787, 35.098979 ], [ 128.818801, 35.09988 ], [ 128.817704, 35.099892 ], [ 128.81769, 35.098991 ], [ 128.818787, 35.098979 ] ] ] } },
{ "type": "Feature", "properties": { "grid_id": "G075372", "child_risk_pct": 0.0, "elderly_risk_pct": 6.54 }, "geometry": { "type": "Polygon", "coordinates": [ [ [ 128.819738, 35.089952 ], [ 128.819753, 35.090854 ], [ 128.818656, 35.090865 ], [ 128.818641, 35.089964 ], [ 128.819738, 35.089952 ] ] ] } },
{ "type": "Feature", "properties": { "grid_id": "G075374", "child_risk_pct": 0.0, "elderly_risk_pct": 4.86 }, "geometry": { "type": "Polygon", "coordinates": [ [ [ 128.819767, 35.091755 ], [ 128.819782, 35.092656 ], [ 128.818685, 35.092668 ], [ 128.818671, 35.091767 ], [ 128.819767, 35.091755 ] ] ] } },
{ "type": "Feature", "properties": { "grid_id": "G075375", "child_risk_pct": 0.0, "elderly_risk_pct": 4.17 }, "geometry": { "type": "Polygon", "coordinates": [ [ [ 128.819782, 35.092656 ], [ 128.819796, 35.093558 ], [ 128.8187, 35.09357 ], [ 128.818685, 35.092668 ], [ 128.819782, 35.092656 ] ] ] } },
{ "type": "Feature", "properties": { "grid_id": "G075377", "child_risk_pct": 0.0, "elderly_risk_pct": 22.73 }, "geometry": { "type": "Polygon", "coordinates": [ [ [ 128.819811, 35.094459 ], [ 128.819825, 35.095361 ], [ 128.818729, 35.095373 ], [ 128.818714, 35.094471 ], [ 128.819811, 35.094459 ] ] ] } },
{ "type": "Feature", "properties": { "grid_id": "G075378", "child_risk_pct": 0.0, "elderly_risk_pct": 25.0 }, "geometry": { "type": "Polygon", "coordinates": [ [ [ 128.819825, 35.095361 ], [ 128.81984, 35.096262 ], [ 128.818743, 35.096274 ], [ 128.818729, 35.095373 ], [ 128.819825, 35.095361 ] ] ] } },
{ "type": "Feature", "properties": { "grid_id": "G075379", "child_risk_pct": 0.0, "elderly_risk_pct": 15.28 }, "geometry": { "type": "Polygon", "coordinates": [ [ [ 128.81984, 35.096262 ], [ 128.819854, 35.097164 ], [ 128.818758, 35.097176 ], [ 128.818743, 35.096274 ], [ 128.81984, 35.096262 ] ] ] } },
{ "type": "Feature", "properties": { "grid_id": "G075426", "child_risk_pct": 0.0, "elderly_risk_pct": 8.33 }, "geometry": { "type": "Polygon", "coordinates": [ [ [ 128.820835, 35.08994 ], [ 128.82085, 35.090842 ], [ 128.819753, 35.090854 ], [ 128.819738, 35.089952 ], [ 128.820835, 35.08994 ] ] ] } },
{ "type": "Feature", "properties": { "grid_id": "G075431", "child_risk_pct": 0.0, "elderly_risk_pct": 3.23 }, "geometry": { "type": "Polygon", "coordinates": [ [ [ 128.820908, 35.094448 ], [ 128.820922, 35.095349 ], [ 128.819825, 35.095361 ], [ 128.819811, 35.094459 ], [ 128.820908, 35.094448 ] ] ] } },
{ "type": "Feature", "properties": { "grid_id": "G075432", "child_risk_pct": 0.0, "elderly_risk_pct": 27.08 }, "geometry": { "type": "Polygon", "coordinates": [ [ [ 128.820922, 35.095349 ], [ 128.820937, 35.096251 ], [ 128.81984, 35.096262 ], [ 128.819825, 35.095361 ], [ 128.820922, 35.095349 ] ] ] } },
{ "type": "Feature", "properties": { "grid_id": "G075433", "child_risk_pct": 0.0, "elderly_risk_pct": 22.92 }, "geometry": { "type": "Polygon", "coordinates": [ [ [ 128.820937, 35.096251 ], [ 128.820951, 35.097152 ], [ 128.819854, 35.097164 ], [ 128.81984, 35.096262 ], [ 128.820937, 35.096251 ] ] ] } },
{ "type": "Feature", "properties": { "grid_id": "G075996", "child_risk_pct": 0.0, "elderly_risk_pct": 17.36 }, "geometry": { "type": "Polygon", "coordinates": [ [ [ 128.838737, 35.111383 ], [ 128.838752, 35.112285 ], [ 128.837655, 35.112297 ], [ 128.83764, 35.111395 ], [ 128.838737, 35.111383 ] ] ] } },
{ "type": "Feature", "properties": { "grid_id": "G076008", "child_risk_pct": 0.0, "elderly_risk_pct": 5.84 }, "geometry": { "type": "Polygon", "coordinates": [ [ [ 128.839834, 35.111371 ], [ 128.839849, 35.112273 ], [ 128.838752, 35.112285 ], [ 128.838737, 35.111383 ], [ 128.839834, 35.111371 ] ] ] } },
{ "type": "Feature", "properties": { "grid_id": "G076023", "child_risk_pct": 29.86, "elderly_risk_pct": 0.0 }, "geometry": { "type": "Polygon", "coordinates": [ [ [ 128.84194, 35.105938 ], [ 128.841954, 35.106839 ], [ 128.840857, 35.106852 ], [ 128.840843, 35.10595 ], [ 128.84194, 35.105938 ] ] ] } },
{ "type": "Feature", "properties": { "grid_id": "G076024", "child_risk_pct": 9.03, "elderly_risk_pct": 0.0 }, "geometry": { "type": "Polygon", "coordinates": [ [ [ 128.841954, 35.106839 ], [ 128.841969, 35.107741 ], [ 128.840872, 35.107753 ], [ 128.840857, 35.106852 ], [ 128.841954, 35.106839 ] ] ] } }
]
}
