경로당명,도로명주소,지오코딩용주소,위도,경도,검색결과주소,매칭점수
 고양 경로당 ,경상남도 창원시 의창구 동읍 백월로 540,경상남도 창원시 의창구 동읍 백월로 540,35.30504396898,128.654851833663,경상남도 창원시 의창구 동읍 화양리 백월로 540,100.0
 곡목 경로당 ,경상남도 창원시 의창구 동읍 동읍로 359번길 47,경상남도 창원시 의창구 동읍 동읍로 359,35.301407319025,128.663632824637,경상남도 창원시 의창구 동읍 금산리 동읍로 359,100.0
 금동 경로당 ,경상남도 창원시 의창구 동읍 동읍로 835번길 7,경상남도 창원시 의창구 동읍 동읍로 835,35.333109094059,128.66696254491,경상남도 창원시 의창구 동읍 금산리 동읍로 835,100.0
 금산 경로당 ,경상남도 창원시 의창구 동읍 동읍로 670번길 6,경상남도 창원시 의창구 동읍 동읍로 670,35.323401924568,128.663728827497,경상남도 창원시 의창구 동읍 금산리 동읍로 670,100.0
 기로회 경로당 ,경상남도 창원시 의창구 동읍 용잠로 45-5,경상남도 창원시 의창구 동읍 용잠로 45-5,35.279523839839,128.689182935604,경상남도 창원시 의창구 동읍 용잠리 용잠로 45-5,100.0
 남산경로당 ,경상남도 창원시 의창구 동읍 용남길 10번길 74,경상남도 창원시 의창구 동읍 용남길 10,35.271623435091,128.660716064582,경상남도 창원시 의창구 동읍 남산리 용남길 10,100.0
 내단 경로당 ,경상남도 창원시 의창구 동읍 자여로 118번길 7,경상남도 창원시 의창구 동읍 자여로 118,35.273864040626,128.704213065097,경상남도 창원시 의창구 동읍 단계리 자여로 118,100.0
 노옥 경로당 ,경상남도 창원시 의창구 동읍 노연로 143번길 12,경상남도 창원시 의창구 동읍 노연로 143,35.359451818469,128.668912996272,경상남도 창원시 의창구 동읍 노연리 노연로 143,100.0
 다호 경로당 ,경상남도 창원시 의창구 동읍 동읍로 267번 다호길 35,경상남도 창원시 의창구 동읍 동읍로 267,35.297740356555,128.672404218927,경상남도 창원시 의창구 동읍 금산리 동읍로 267,100.0
 단산경로당 ,경상남도 창원시 의창구 동읍 자여로 78번길 5,경상남도 창원시 의창구 동읍 자여로 78,35.276276229544,128.701218594192,경상남도 창원시 의창구 동읍 송정리 자여로 78,100.0
 달천 경로당 ,경상남도 창원시 의창구 동읍 노연로 69번길 27,경상남도 창원시 의창구 동읍 노연로 69,35.359529758022,128.661695345069,경상남도 창원시 의창구 동읍 노연리 노연로 69,100.0
 대한APT 경로당 ,경상남도 창원시 의창구 동읍 신방로 17(대한아파트),경상남도 창원시 의창구 동읍 신방로 17,35.285290756861,128.68285946021,경상남도 창원시 의창구 동읍 신방리 신방로 17,100.0
 덕산경로당 ,경상남도 창원시 의창구 동읍 덕산길43번길 8,경상남도 창원시 의창구 동읍 덕산길43번길 8,35.271626452576,128.674307320581,경상남도 창원시 의창구 동읍 덕산리 덕산길43번길 8,100.0
 덕천경로당 ,경상남도 창원시 의창구 동읍 동읍로 19번길 50,경상남도 창원시 의창구 동읍 동읍로 19,35.278809883631,128.684171960874,경상남도 창원시 의창구 동읍 금산리 동읍로 19,100.0
 동부산2차아파트경로당 ,경상남도 창원시 의창구 동읍 용정길32번길 14(동부산훼미리타운2차),경상남도 창원시 의창구 동읍 용정길32번길 14,35.277439553885,128.70279606837,경상남도 창원시 의창구 동읍 송정리 용정길32번길 14,100.0
 동월 경로당 ,경상남도 창원시 의창구 동읍 주남로 128번길 68-2,경상남도 창원시 의창구 동읍 주남로 128,35.305838630039,128.6808297803,경상남도 창원시 의창구 대산면 제동리 주남로 128,98.22
 마룡 경로당 ,경상남도 창원시 의창구 동읍 석산길 51번길 8-18,경상남도 창원시 의창구 동읍 석산길 51,35.316734123932,128.660028318773,경상남도 창원시 의창구 동읍 석산리 석산길 51,100.0
 모암 경로당 ,경상남도 창원시 의창구 동읍 동읍로 213번길 7,경상남도 창원시 의창구 동읍 동읍로 213,35.293636810513,128.675478338284,경상남도 창원시 의창구 동읍 금산리 동읍로 213,100.0
 무성 경로당 ,경상남도 창원시 의창구 동읍 무성길47번길 1,경상남도 창원시 의창구 동읍 무성길47번길 1,35.289346089256,128.699388657091,경상남도 창원시 의창구 동읍 무성리 무성길47번길 1,100.0
 무성1구경로당 ,경상남도 창원시 의창구 동읍 무성길47번길 21,경상남도 창원시 의창구 동읍 무성길47번길 21,35.289631032054,128.697661565942,경상남도 창원시 의창구 동읍 무성리 무성길47번길 21,100.0
 무성1구남자경로당 ,경상남도 창원시 의창구 동읍 무성길 47번길 21,경상남도 창원시 의창구 동읍 무성길 47,35.289378778678,128.699698703689,경상남도 창원시 의창구 동읍 무성리 무성길 47,100.0
 무성부인 경로당 ,경상남도 창원시 의창구 동읍 무성길47번길 1,경상남도 창원시 의창구 동읍 무성길47번길 1,35.289346089256,128.699388657091,경상남도 창원시 의창구 동읍 무성리 무성길47번길 1,100.0
 무점 경로당 ,경상남도 창원시 의창구 동읍 무점길 88번길 21-12,경상남도 창원시 의창구 동읍 무점길 88,35.292631995223,128.693346190038,경상남도 창원시 의창구 동읍 무점리 무점길 88,100.0
 본포 경로당 ,경상남도 창원시 의창구 동읍 동읍로 1310번길 68,경상남도 창원시 의창구 동읍 동읍로 1310,35.362885707665,128.648728070224,경상남도 창원시 의창구 동읍 금산리 동읍로 1310,100.0
 봉강 경로당 ,경상남도 창원시 의창구 동읍 동읍로 1141번길 31,경상남도 창원시 의창구 동읍 동읍로 1141,35.351221572468,128.656722546357,경상남도 창원시 의창구 동읍 금산리 동읍로 1141,100.0
 봉곡 경로당 ,경상남도 창원시 의창구 동읍 동읍로 1057번길  51,경상남도 창원시 의창구 동읍 동읍로 1057,35.344257844355,128.659542567319,경상남도 창원시 의창구 동읍 금산리 동읍로 1057,100.0
 봉산경로당 ,경상남도 창원시 의창구 동읍 자여로 60번길 11,경상남도 창원시 의창구 동읍 자여로 60,35.277689530073,128.700098752599,경상남도 창원시 의창구 동읍 단계리 자여로 60,100.0
 산남 경로당 ,경상남도 창원시 의창구 동읍 봉강가술로 203,경상남도 창원시 의창구 동읍 봉강가술로 203,35.352284752462,128.677148282843,경상남도 창원시 의창구 동읍 산남리 봉강가술로 203,100.0
 삼운 경로당 ,경상남도 창원시 의창구 동읍 동읍로 1153,경상남도 창원시 의창구 동읍 동읍로 1153,35.352412492667,128.656564843215,경상남도 창원시 의창구 동읍 봉강리 동읍로 1153,100.0
 삼진아파트경로당 ,"경상남도 창원시 의창구 동읍 의창대로915번길 8, (삼진아파트)",경상남도 창원시 의창구 동읍 의창대로915번길 8,35.279971768744,128.691783337245,경상남도 창원시 의창구 동읍 용잠리 의창대로915번길 8,100.0
 석산 경로당 ,경상남도 창원시 의창구 동읍 석산길 16번길 9,경상남도 창원시 의창구 동읍 석산길 16,35.314193336364,128.658549936482,경상남도 창원시 의창구 동읍 석산리 석산길 16,100.0
 성진2차경로당 ,경상남도 창원시 의창구 동읍 용정길 46번길 35,경상남도 창원시 의창구 동읍 용정길 46,35.278543370395,128.704185348086,경상남도 창원시 의창구 동읍 송정리 용정길 46,100.0
 성진까치빌라경로당 ,경상남도 창원시 의창구 동읍 단계로 84,경상남도 창원시 의창구 동읍 단계로 84,35.276557316667,128.705517085598,경상남도 창원시 의창구 동읍 용정리 단계로 84,100.0
 성진정 경로당 ,경상남도 창원시 의창구 동읍 용정길 46번길 53,경상남도 창원시 의창구 동읍 용정길 46,35.278543370395,128.704185348086,경상남도 창원시 의창구 동읍 송정리 용정길 46,100.0
 송정1구경로당 ,경상남도 창원시 의창구 동읍 자여로 82,경상남도 창원시 의창구 동읍 자여로 82,35.275971966458,128.701572226687,경상남도 창원시 의창구 동읍 송정리 자여로 82,100.0
 송정주공APT경로당 ,경상남도 창원시 의창구 동읍 용정길 26(송정주공아파트),경상남도 창원시 의창구 동읍 용정길 26,35.278400790542,128.701203506766,경상남도 창원시 의창구 동읍 송정리 용정길 26,100.0
 신방 경로당 ,경상남도 창원시 의창구 동읍로 112번길 1-5,경상남도 창원시 의창구 동읍로 112,35.285993663262,128.680375315566,경상남도 창원시 의창구 동읍 신방리 동읍로 112,100.0
 신방 부인 경로당 ,경상남도 창원시 의창구 동읍로 112번길 1-5,경상남도 창원시 의창구 동읍로 112,35.285993663262,128.680375315566,경상남도 창원시 의창구 동읍 신방리 동읍로 112,100.0
 신안APT 경로당 ,경상남도 창원시 의창구 동읍 동읍로 7,경상남도 창원시 의창구 동읍 동읍로 7,35.277952149174,128.683444936147,경상남도 창원시 의창구 동읍 용잠리 동읍로 7,100.0
 양교경로당 ,경상남도 창원시 의창구 동읍 동읍로 968-2,경상남도 창원시 의창구 동읍 동읍로 968-2,35.342786170236,128.667781589864,경상남도 창원시 의창구 동읍 금산리 동읍로 968-2,100.0
 외단경로당 ,경상남도 창원시 의창구 동읍 자여로 115번길 84,경상남도 창원시 의창구 동읍 자여로 115,35.274070715688,128.704269248704,경상남도 창원시 의창구 동읍 단계리 자여로 115,100.0
 용강 경로당 ,경상남도 창원시 의창구 동읍 의창대로 421번길 43,경상남도 창원시 의창구 동읍 의창대로 421,35.268075981579,128.640187862178,경상남도 창원시 의창구 동읍 용강리 의창대로 421,100.0
 용산 경로당 ,경상남도 창원시 의창구 동읍 죽동길 53,경상남도 창원시 의창구 동읍 죽동길 53,35.330858805837,128.676141700091,경상남도 창원시 의창구 동읍 죽동리 죽동길 53,100.0
 용산부인경로당 ,경상남도 창원시 의창구 동읍 죽동길 53,경상남도 창원시 의창구 동읍 죽동길 53,35.330858805837,128.676141700091,경상남도 창원시 의창구 동읍 죽동리 죽동길 53,100.0
 용암 경로당 ,경상남도 창원시 의창구 동읍 의창대로 491번길 57-3,경상남도 창원시 의창구 동읍 의창대로 491,35.269687690853,128.646822201331,경상남도 창원시 의창구 동읍 용강리 의창대로 491,100.0
 용연 경로당 ,경상남도 창원시 의창구 동읍 노연로 224-12,경상남도 창원시 의창구 동읍 노연로 224-12,35.354444265996,128.670126846372,경상남도 창원시 의창구 동읍 노연리 노연로 224-12,100.0
 용잠1구 경로당 ,경상남도 창원시 의창구 동읍 용잠로 42-12,경상남도 창원시 의창구 동읍 용잠로 42-12,35.279440020807,128.688140143029,경상남도 창원시 의창구 동읍 용잠리 용잠로 42-12,100.0
 용잠2구 경로당 ,경상남도 창원시 의창구 동읍 의창대로 900번길 9-4,경상남도 창원시 의창구 동읍 의창대로 900,35.278677519075,128.688767612301,경상남도 창원시 의창구 동읍 용잠리 의창대로 900,100.0
 용잠3구 경로당 ,경상남도 창원시 의창구 동읍 동읍로 16-12,경상남도 창원시 의창구 동읍 동읍로 16-12,35.279052106328,128.685419628716,경상남도 창원시 의창구 동읍 용잠리 동읍로 16-12,100.0
 용잠6구경로당 ,경상남도 창원시 의창구 동읍 의창대로 915번길 17-2,경상남도 창원시 의창구 동읍 의창대로 915,35.279107879914,128.690665938983,경상남도 창원시 의창구 동읍 용강리 의창대로 915,100.0
 용잠본동경로당 ,경상남도 창원시 의창구 동읍 동읍로 83번길 33-3,경상남도 창원시 의창구 동읍 동읍로 83,35.283650829287,128.682225374938,경상남도 창원시 의창구 동읍 금산리 동읍로 83,100.0
 용잠본동부인경로당 ,경상남도 창원시 의창구 동읍 동읍로 83번길 33-3,경상남도 창원시 의창구 동읍 동읍로 83,35.283650829287,128.682225374938,경상남도 창원시 의창구 동읍 금산리 동읍로 83,100.0
 용전경로당 ,경상남도 창원시 의창구 동읍 용남길 85,경상남도 창원시 의창구 동읍 용남길 85,35.276769211179,128.656521927871,경상남도 창원시 의창구 동읍 용전리 용남길 85,100.0
 용정1구 경로당 ,경상남도 창원시 의창구 동읍 자여로 100,경상남도 창원시 의창구 동읍 자여로 100,35.274982943793,128.703197058618,경상남도 창원시 의창구 동읍 용정리 자여로 100,100.0
 용정2구 경로당 ,경상남도 창원시 의창구 동읍 용정길 46번길 49-1,경상남도 창원시 의창구 동읍 용정길 46,35.278543370395,128.704185348086,경상남도 창원시 의창구 동읍 송정리 용정길 46,100.0
 용정3구경로당 ,경상남도 창원시 의창구 동읍 용정길46번길 42-10,경상남도 창원시 의창구 동읍 용정길46번길 42-10,35.275313777512,128.704412350759,경상남도 창원시 의창구 동읍 용정리 용정길46번길 42-10,100.0
 원봉강 경로당 ,경상남도 창원시 의창구 동읍 동읍로 1187번길 12,경상남도 창원시 의창구 동읍 동읍로 1187,35.354985191418,128.655048804437,경상남도 창원시 의창구 동읍 금산리 동읍로 1187,100.0
 원창아파트 경로당 ,경상남도 창원시 의창구 동읍 의창대로858 (원창호수아파트),경상남도 창원시 의창구 동읍 의창대로858 (원창호수아파트),35.277129088192,128.685039928502,경상남도 창원시 의창구 동읍 용잠리 의창대로 858,97.31
 월잠 경로당 ,경상남도 창원시 의창구 동읍 주남로 61번길 1,경상남도 창원시 의창구 동읍 주남로 61,35.303372563163,128.674217628791,경상남도 창원시 의창구 대산면 제동리 주남로 61,98.22
 이운 경로당 ,경상남도 창원시 의창구 동읍 백월로 549,경상남도 창원시 의창구 동읍 백월로 549,35.304690294575,128.655673008717,경상남도 창원시 의창구 동읍 화양리 백월로 549,100.0
전촌 경로당,경상남도 창원시 의창구 동읍 동읍로 1223번길 36-17,경상남도 창원시 의창구 동읍 동읍로 1223,35.357865750998,128.655288645525,경상남도 창원시 의창구 동읍 금산리 동읍로 1223,100.0
죽동 경로당,경상남도 창원시 의창구 동읍 봉강가술로 237번길 8,경상남도 창원시 의창구 동읍 봉강가술로 237,35.352068289813,128.680437341649,경상남도 창원시 의창구 동읍 산남리 봉강가술로 237,100.0
칠성그린APT 경로당,경상남도 창원시 의창구 동읍 동읍로 196(칠성그린아파트),경상남도 창원시 의창구 동읍 동읍로 196,35.291944646878,128.675993424224,경상남도 창원시 의창구 동읍 신방리 동읍로 196,100.0
판신경로당,경상남도 창원시 의창구 동읍 주남로 184번길 5,경상남도 창원시 의창구 동읍 주남로 184,35.307607648064,128.686626447688,경상남도 창원시 의창구 대산면 제동리 주남로 184,98.22
합산 경로당,경상남도 창원시 의창구 동읍 죽동길 25번길 66,경상남도 창원시 의창구 동읍 죽동길 25,35.331819948695,128.673575126072,경상남도 창원시 의창구 동읍 죽동리 죽동길 25,100.0
화목 경로당,경상남도 창원시 의창구 동읍 화양길 72,경상남도 창원시 의창구 동읍 화양길 72,35.301195879141,128.649746248801,경상남도 창원시 의창구 동읍 화양리 화양길 72,100.0
가곡 경로당,경상남도 창원시 의창구 동읍 신촌본포로442번길 26,경상남도 창원시 의창구 동읍 신촌본포로442번길 26,35.359035202004,128.644388955387,경상남도 창원시 의창구 동읍 본포리 신촌본포로442번길 26,100.0
용잠1구여성경로당,경상남도 창원시 의창구 동읍 용잠로 42-11,경상남도 창원시 의창구 동읍 용잠로 42-11,35.279324937276,128.68818599204,경상남도 창원시 의창구 동읍 용잠리 용잠로 42-11,100.0
STX칸1차아파트경로당,"경상남도 창원시 의창구 북면 무동서로 76(북면, STX칸1차)",경상남도 창원시 의창구 북면 무동서로 76,35.322663441916,128.581886444512,경상남도 창원시 의창구 북면 무동리 무동서로 76,100.0
감계아내1차아파트경로당,"경상남도 창원시 의창구 북면 감계로 277(북면, 감계아내에코)",경상남도 창원시 의창구 북면 감계로 277,35.302593016672,128.591121876888,경상남도 창원시 의창구 북면 감계리 감계로 277,100.0
감계아내2차아파트경로당,경상남도 창원시 의창구 북면 감계로 342,경상남도 창원시 의창구 북면 감계로 342,35.301948071132,128.59787743939,경상남도 창원시 의창구 북면 감계리 감계로 342,100.0
감계푸르지오아파트경로당,경상남도 창원시 의창구 북면 감계로 221,경상남도 창원시 의창구 북면 감계로 221,35.301032599668,128.585989553754,경상남도 창원시 의창구 북면 감계리 감계로 221,100.0
감계휴먼빌경로당,"경상남도 창원시 의창구 북면 감계로 297(북면, 감계휴먼빌)",경상남도 창원시 의창구 북면 감계로 297,35.303173044372,128.594853919276,경상남도 창원시 의창구 북면 감계리 감계로 297,100.0
감계힐스테이트1차아파트경로당,"경상남도 창원시 의창구 북면 동전로 86(북면, 감계힐스테이트1차)",경상남도 창원시 의창구 북면 동전로 86,35.303553498957,128.596357884163,경상남도 창원시 의창구 북면 감계리 동전로 86,100.0
감계힐스테이트2차아파트경로당,경상남도 창원시 의창구 북면 감계로 341,경상남도 창원시 의창구 북면 감계로 341,35.303561671313,128.598832138162,경상남도 창원시 의창구 북면 감계리 감계로 341,100.0
감계힐스테이트3차아파트경로당,"경상남도 창원시 의창구 북면 감계로 259(북면, 감계힐스테이트3차)",경상남도 창원시 의창구 북면 감계로 259,35.302559237602,128.589610033012,경상남도 창원시 의창구 북면 감계리 감계로 259,100.0
감계힐스테이트4차아파트경로당,"경상남도 창원시 의창구 북면 감계로 233(북면, 감계힐스테이트4차)",경상남도 창원시 의창구 북면 감계로 233,35.30232307748,128.585125295718,경상남도 창원시 의창구 북면 감계리 감계로 233,100.0
고암경로당,경상남도 창원시 의창구 북면 고암길 26(북면),경상남도 창원시 의창구 북면 고암길 26,35.295234418146,128.629939979236,경상남도 창원시 의창구 북면 고암리 고암길 26,100.0
남백경로당,경상남도 창원시 의창구 북면 백월로277번길 10(북면),경상남도 창원시 의창구 북면 백월로277번길 10,35.318641888592,128.637287807016,경상남도 창원시 의창구 북면 월백리 백월로277번길 10,100.0
내감경로당,경상남도 창원시 의창구 북면 내감1길 20(북면),경상남도 창원시 의창구 북면 내감1길 20,35.301079454506,128.590802107281,경상남도 창원시 의창구 북면 감계리 내감1길 20,100.0
내감부인경로당,경상남도 창원시 의창구 북면 내감1길 20(북면),경상남도 창원시 의창구 북면 내감1길 20,35.301079454506,128.590802107281,경상남도 창원시 의창구 북면 감계리 내감1길 20,100.0
내산경로당,경상남도 창원시 의창구 북면 외산로157번길 5-4(북면),경상남도 창원시 의창구 북면 외산로157번길 5-4,35.376124310017,128.590253260261,경상남도 창원시 의창구 북면 외산리 외산로157번길 5-4,100.0
대천경로당,경상남도 창원시 의창구 북면 천주로 606(북면),경상남도 창원시 의창구 북면 천주로 606,35.309508673525,128.602549428401,경상남도 창원시 의창구 북면 화천리 천주로 606,100.0
대한경로당,경상남도 창원시 의창구 북면 구룡로 79-15(북면),경상남도 창원시 의창구 북면 구룡로 79-15,35.288558525633,128.61856372497,경상남도 창원시 의창구 북면 지개리 구룡로 79-15,100.0
대호아파트경로당,"경상남도 창원시 의창구 북면 천주로 1053(북면, 대호아파트)",경상남도 창원시 의창구 북면 천주로 1053,35.345306315154,128.605355102851,경상남도 창원시 의창구 북면 신촌리 천주로 1053,100.0
동전경로당,경상남도 창원시 의창구 북면 동전무동길 30(북면),경상남도 창원시 의창구 북면 동전무동길 30,35.316541635113,128.596764238829,경상남도 창원시 의창구 북면 동전리 동전무동길 30,100.0
마산경로당,경상남도 창원시 의창구 북면 마산길 48(북면),경상남도 창원시 의창구 북면 마산길 48,35.342288704283,128.62123604334,경상남도 창원시 의창구 북면 마산리 마산길 48,100.0
마산부인경로당,경상남도 창원시 의창구 북면 마산길 49(북면),경상남도 창원시 의창구 북면 마산길 49,35.3425244034,128.621497055805,경상남도 창원시 의창구 북면 마산리 마산길 49,100.0
명촌경로당,경상남도 창원시 의창구 북면 외산로 349(북면),경상남도 창원시 의창구 북면 외산로 349,35.385972249967,128.598150773252,경상남도 창원시 의창구 북면 외산리 외산로 349,100.0
명호경로당,경상남도 창원시 의창구 북면 천주로759번길 15-9(북면),경상남도 창원시 의창구 북면 천주로759번길 15-9,35.321109353249,128.600584123563,경상남도 창원시 의창구 북면 동전리 천주로759번길 15-9,100.0
무동경로당,경상남도 창원시 의창구 북면 동전무동안길 20-5(북면),경상남도 창원시 의창구 북면 동전무동안길 20-5,35.317592055219,128.578587830336,경상남도 창원시 의창구 북면 무동리 무동안길 20-5,99.05
무동코아루파크아파트경로당,경상남도 창원시 의창구 북면 무동로 213,경상남도 창원시 의창구 북면 무동로 213,35.315550852248,128.585815377806,경상남도 창원시 의창구 북면 무동리 무동로 213,100.0
무동휴먼빌1단지아파트경로당,"경상남도 창원시 의창구 북면 동곡로 33(북면, 무동휴먼빌1단지)",경상남도 창원시 의창구 북면 동곡로 33,35.31883509146,128.583415052194,경상남도 창원시 의창구 북면 무동리 동곡로 33,100.0
무동휴먼빌2단지아파트경로당,"경상남도 창원시 의창구 북면 동곡로 35(북면, 무동휴먼빌2단지)",경상남도 창원시 의창구 북면 동곡로 35,35.320470442679,128.582769645649,경상남도 창원시 의창구 북면 무동리 동곡로 35,100.0
무동휴먼빌3단지아파트경로당,경상남도 창원시 의창구 북면 무동로226번길 19,경상남도 창원시 의창구 북면 무동로226번길 19,35.317873016613,128.584183337439,경상남도 창원시 의창구 북면 무동리 무동로226번길 19,100.0
바깥신천경로당,경상남도 창원시 의창구 북면 천주로 1398-12(북면),경상남도 창원시 의창구 북면 천주로 1398-12,35.368220594417,128.626419998997,경상남도 창원시 의창구 북면 하천리 천주로 1398-12,100.0
북면갈전경로당,경상남도 창원시 의창구 북면 구룡로380번길 47-1(북면),경상남도 창원시 의창구 북면 구룡로380번길 47-1,35.306595123981,128.621603170699,경상남도 창원시 의창구 북면 대산리 구룡로380번길 47-1,100.0
북면경로당,경상남도 창원시 의창구 북면 천주로1128번길 8(북면),경상남도 창원시 의창구 북면 천주로1128번길 8,35.350505861151,128.608785312906,경상남도 창원시 의창구 북면 신촌리 천주로1128번길 8,100.0
상천(봉촌)경로당,경상남도 창원시 의창구 북면 온천로 648-22(북면),경상남도 창원시 의창구 북면 온천로 648-22,35.359518251084,128.589730900056,경상남도 창원시 의창구 북면 상천리 온천로 648-22,100.0
센텀파라디아아파트경로당,경상남도 창원시 의창구 북면 무동서로 24,경상남도 창원시 의창구 북면 무동서로 24,35.318026153984,128.581952577728,경상남도 창원시 의창구 북면 무동리 무동서로 24,100.0
소라경로당,경상남도 창원시 의창구 북면 백월로167번길 14,경상남도 창원시 의창구 북면 백월로167번길 14,35.321299454813,128.625696976029,경상남도 창원시 의창구 북면 월백리 백월로167번길 14,100.0
송촌경로당,경상남도 창원시 의창구 북면 무릉산길 239-3(북면),경상남도 창원시 의창구 북면 무릉산길 239-3,35.342577418938,128.57766297114,경상남도 창원시 의창구 북면 내곡리 무릉산길 239-3,100.0
승산경로당,경상남도 창원시 의창구 북면 구룡로 339(북면),경상남도 창원시 의창구 북면 구룡로 339,35.302702819604,128.62407113827,경상남도 창원시 의창구 북면 대산리 구룡로 339,100.0
신기경로당,경상남도 창원시 의창구 북면 천주로 1337(북면),경상남도 창원시 의창구 북면 천주로 1337,35.363971472422,128.623275192745,경상남도 창원시 의창구 북면 신촌리 천주로 1337,100.0
신동경로당,경상남도 창원시 의창구 북면 천주로862번길 46-1(북면),경상남도 창원시 의창구 북면 천주로862번길 46-1,35.329440252543,128.605387959911,경상남도 창원시 의창구 북면 무곡리 천주로862번길 46-1,100.0
신리경로당,경상남도 창원시 의창구 북면 신리길35번길 2(북면),경상남도 창원시 의창구 북면 신리길35번길 2,35.34800679672,128.604332343025,경상남도 창원시 의창구 북면 신촌리 신리길35번길 2,100.0
신리부녀경로당,경상남도 창원시 의창구 북면 신리길 17(북면),경상남도 창원시 의창구 북면 신리길 17,35.346725748548,128.605535062312,경상남도 창원시 의창구 북면 신촌리 신리길 17,100.0
신목경로당,경상남도 창원시 의창구 북면 천주로1263번길 2(북면),경상남도 창원시 의창구 북면 천주로1263번길 2,35.359152213372,128.618021080558,경상남도 창원시 의창구 북면 신촌리 천주로1263번길 2,100.0
신우경로당,"경상남도 창원시 의창구 북면 신촌본포로 8(북면, 신우아파트)",경상남도 창원시 의창구 북면 신촌본포로 8,35.347323503973,128.608419023737,경상남도 창원시 의창구 북면 신촌리 신촌본포로 8,100.0
신음경로당,경상남도 창원시 의창구 북면 무릉산길 2(북면),경상남도 창원시 의창구 북면 무릉산길 2,35.328908756063,128.584555745397,경상남도 창원시 의창구 북면 무곡리 무릉산길 2,100.0
신천경로당,경상남도 창원시 의창구 북면 하천로 245(북면),경상남도 창원시 의창구 북면 하천로 245,35.373027280612,128.61297919816,경상남도 창원시 의창구 북면 하천리 하천로 245,100.0
신한1차아파트경로당,"경상남도 창원시 의창구 북면 천주로 1104(북면, 신한그린파크맨션)",경상남도 창원시 의창구 북면 천주로 1104,35.349335496011,128.608337886915,경상남도 창원시 의창구 북면 신촌리 천주로 1104,100.0
신한2차아파트경로당,"경상남도 창원시 의창구 북면 천주로 1103(북면, 신한2차아파트)",경상남도 창원시 의창구 북면 천주로 1103,35.348821014794,128.607254777386,경상남도 창원시 의창구 북면 신촌리 천주로 1103,100.0
양지경로당,경상남도 창원시 의창구 북면 구룡로314번길 1(북면),경상남도 창원시 의창구 북면 구룡로314번길 1,35.303943341274,128.627072697797,경상남도 창원시 의창구 북면 대산리 구룡로314번길 1,100.0
양촌경로당,경상남도 창원시 의창구 북면 운무로783번길 60(북면),경상남도 창원시 의창구 북면 운무로783번길 60,35.331003770852,128.584842993219,경상남도 창원시 의창구 북면 무곡리 운무로783번길 60,100.0
연동경로당,경상남도 창원시 의창구 북면 신촌본포로 186(북면),경상남도 창원시 의창구 북면 신촌본포로 186,35.346976954186,128.62601112976,경상남도 창원시 의창구 북면 마산리 신촌본포로 186,100.0
온천남자경로당,경상남도 창원시 의창구 북면 천주로1128번길 8(북면),경상남도 창원시 의창구 북면 천주로1128번길 8,35.350505861151,128.608785312906,경상남도 창원시 의창구 북면 신촌리 천주로1128번길 8,100.0
온천부녀경로당,경상남도 창원시 의창구 북면 천주로1128번길 8(북면),경상남도 창원시 의창구 북면 천주로1128번길 8,35.350505861151,128.608785312906,경상남도 창원시 의창구 북면 신촌리 천주로1128번길 8,100.0
외감경로당,경상남도 창원시 의창구 북면 달천길52번길 28(북면),경상남도 창원시 의창구 북면 달천길52번길 28,35.289971965966,128.599126510601,경상남도 창원시 의창구 북면 외감리 달천길52번길 28,100.0
외감부인경로당,경상남도 창원시 의창구 북면 달천길52번길 28(북면),경상남도 창원시 의창구 북면 달천길52번길 28,35.289971965966,128.599126510601,경상남도 창원시 의창구 북면 외감리 달천길52번길 28,100.0
월계경로당,경상남도 창원시 의창구 북면 월계길9번길 87(북면),경상남도 창원시 의창구 북면 월계길9번길 87,35.347657522814,128.639508927539,경상남도 창원시 의창구 북면 월계리 월계길9번길 87,100.0
월백경로당,경상남도 창원시 의창구 북면 백월로167번길 14,경상남도 창원시 의창구 북면 백월로167번길 14,35.321299454813,128.625696976029,경상남도 창원시 의창구 북면 월백리 백월로167번길 14,100.0
월백부녀경로당,경상남도 창원시 의창구 북면 백월로167번길 14,경상남도 창원시 의창구 북면 백월로167번길 14,35.321299454813,128.625696976029,경상남도 창원시 의창구 북면 월백리 백월로167번길 14,100.0
월촌경로당,경상남도 창원시 의창구 북면 백월로87번월촌길 54,경상남도 창원시 의창구 북면 백월로87번월촌길 54,35.323258766589,128.620431380635,경상남도 창원시 의창구 북면 월촌리 백월로87번월촌길 54,100.0
중리경로당,경상남도 창원시 의창구 북면 단내로 701-14,경상남도 창원시 의창구 북면 단내로 701-14,35.341031628354,128.593187596925,경상남도 창원시 의창구 북면 내곡리 단내로 701-14,100.0
중방경로당,경상남도 창원시 의창구 북면 중방길 3-22,경상남도 창원시 의창구 북면 중방길 3-22,35.296709591195,128.592282770477,경상남도 창원시 의창구 북면 감계리 중방길 3-22,100.0
중촌경로당,경상남도 창원시 의창구 북면 하천로86번길 22-1,경상남도 창원시 의창구 북면 하천로86번길 22-1,35.365741311277,128.603753824068,경상남도 창원시 의창구 북면 하천리 하천로86번길 22-1,100.0
지개경로당,경상남도 창원시 의창구 북면 구룡로38번길 39,경상남도 창원시 의창구 북면 구룡로38번길 39,35.284627957868,128.617357485284,경상남도 창원시 의창구 북면 지개리 구룡로38번길 39,100.0
천수림아파트경로당,"경상남도 창원시 의창구 북면 감계로 222, 103동 지하1층 (북면, 천수림)",경상남도 창원시 의창구 북면 감계로 222,35.301224712888,128.588272532722,경상남도 창원시 의창구 북면 감계리 감계로 222,100.0
청우아파트경로당,경상남도 창원시 의창구 북면 천주로1083번길 10-1,경상남도 창원시 의창구 북면 천주로1083번길 10-1,35.348051220806,128.607183782667,경상남도 창원시 의창구 북면 신촌리 천주로1083번길 10-1,100.0
초소경로당,경상남도 창원시 의창구 북면 외산로 207,경상남도 창원시 의창구 북면 외산로 207,35.378169829668,128.594625763872,경상남도 창원시 의창구 북면 외산리 외산로 207,100.0
춘광1차아파트경로당,경상남도 창원시 의창구 북면 신촌본포로 14(춘광아파트),경상남도 창원시 의창구 북면 신촌본포로 14,35.347108550066,128.609966909797,경상남도 창원시 의창구 북면 신촌리 신촌본포로 14,100.0
춘광2차아파트경로당,경상남도 창원시 의창구 북면 신촌본포로 12-13(춘광아파트),경상남도 창원시 의창구 북면 신촌본포로 12-13,35.347094217011,128.608998129428,경상남도 창원시 의창구 북면 신촌리 신촌본포로 12-13,100.0
춘광마을경로당,경상남도 창원시 의창구 북면 신촌본포로 28,경상남도 창원시 의창구 북면 신촌본포로 28,35.346849046343,128.610003287257,경상남도 창원시 의창구 북면 신촌리 신촌본포로 28,100.0
하천(대촌)경로당,경상남도 창원시 의창구 북면 하천로 129,경상남도 창원시 의창구 북면 하천로 129,35.368075964678,128.603625497131,경상남도 창원시 의창구 북면 하천리 하천로 129,100.0
현도경로당,경상남도 창원시 의창구 북면 외산로117번길 9,경상남도 창원시 의창구 북면 외산로117번길 9,35.372989939234,128.592235664182,경상남도 창원시 의창구 북면 외산리 외산로117번길 9,100.0
현천노인당,경상남도 창원시 의창구 북면 단내로591번길 8-10,경상남도 창원시 의창구 북면 단내로591번길 8-10,35.344422317736,128.583083296466,경상남도 창원시 의창구 북면 내곡리 단내로591번길 8-10,100.0
화천경로당,경상남도 창원시 의창구 북면 천주로480번길 10-3,경상남도 창원시 의창구 북면 천주로480번길 10-3,35.300412925566,128.604403002469,경상남도 창원시 의창구 북면 화천리 천주로480번길 10-3,100.0
화천부녀경로당,경상남도 창원시 의창구 북면 천주로480번길 10-3,경상남도 창원시 의창구 북면 천주로480번길 10-3,35.300412925566,128.604403002469,경상남도 창원시 의창구 북면 화천리 천주로480번길 10-3,100.0
동전월드메르디앙아파트경로당,경상남도 창원시 의창구 북면 동전로224번길 3,경상남도 창원시 의창구 북면 동전로224번길 3,35.31519407654,128.600132841896,경상남도 창원시 의창구 북면 동전리 동전로224번길 3,100.0
신전경로당,경상남도 창원시 의창구 대산면 대산북로 279번길 25-1 (1층),경상남도 창원시 의창구 대산면 대산북로 279,35.366444804411,128.671831725478,경상남도 창원시 의창구 대산면 갈전리 대산북로 279,100.0
상리경로당,경상남도 창원시 의창구 대산면 갈전로 61,경상남도 창원시 의창구 대산면 갈전로 61,35.366044736172,128.678173976335,경상남도 창원시 의창구 대산면 갈전리 갈전로 61,100.0
갈전경로당,경상남도 창원시 의창구 대산면 갈전로 80번길 11,경상남도 창원시 의창구 대산면 갈전로 80,35.366242213811,128.68023299085,경상남도 창원시 의창구 대산면 갈전리 갈전로 80,100.0
갈전부인경로당,경상남도 창원시 의창구 대산면 대산북로 385번길 10,경상남도 창원시 의창구 대산면 대산북로 385,35.363151368636,128.681883183402,경상남도 창원시 의창구 대산면 일동리 대산북로 385,100.0
평리경로당,경상남도 창원시 의창구 대산면 대산북로 385번길 10,경상남도 창원시 의창구 대산면 대산북로 385,35.363151368636,128.681883183402,경상남도 창원시 의창구 대산면 일동리 대산북로 385,100.0
송정경로당,경상남도 창원시 의창구 대산면 죽송로 135,경상남도 창원시 의창구 대산면 죽송로 135,35.360875658393,128.68221799316,경상남도 창원시 의창구 대산면 갈전리 죽송로 135,100.0
유목경로당,경상남도 창원시 의창구 대산면 갈전로 90번길 2,경상남도 창원시 의창구 대산면 갈전로 90,35.366581729834,128.681136204669,경상남도 창원시 의창구 대산면 갈전리 갈전로 90,100.0
일동경로당,경상남도 창원시 의창구 대산면 갈전로 120,경상남도 창원시 의창구 대산면 갈전로 120,35.36779617675,128.684137868082,경상남도 창원시 의창구 대산면 일동리 갈전로 120,100.0
일동부인경로당,경상남도 창원시 의창구 대산면 갈전로 120,경상남도 창원시 의창구 대산면 갈전로 120,35.36779617675,128.684137868082,경상남도 창원시 의창구 대산면 일동리 갈전로 120,100.0
구산경로당,경상남도 창원시 의창구 대산면 대산북로 524번길 118,경상남도 창원시 의창구 대산면 대산북로 524,35.367450507063,128.69483091342,경상남도 창원시 의창구 대산면 일동리 대산북로 524,100.0
당리경로당,경상남도 창원시 의창구 대산면 대산북로 495번길 20,경상남도 창원시 의창구 대산면 대산북로 495,35.367741557982,128.691589084042,경상남도 창원시 의창구 대산면 일동리 대산북로 495,100.0
신성경로당,경상남도 창원시 의창구 대산북로524번길 8-17,경상남도 창원시 의창구 대산북로524번길 8-17,35.366750953424,128.693661973203,경상남도 창원시 의창구 대산면 일동리 대산북로524번길 8-17,100.0
수성경로당,경상남도 창원시 의창구 대산면 대산북로 524번길 15-11,경상남도 창원시 의창구 대산면 대산북로 524,35.367450507063,128.69483091342,경상남도 창원시 의창구 대산면 일동리 대산북로 524,100.0
북모산경로당,경상남도 창원시 의창구 대산면 대산북로 747,경상남도 창원시 의창구 대산면 대산북로 747,35.356590913309,128.713661445637,경상남도 창원시 의창구 대산면 모산리 대산북로 747,100.0
남모산경로당,경상남도 창원시 의창구 대산면 모산길 28,경상남도 창원시 의창구 대산면 모산길 28,35.353509474245,128.711471589613,경상남도 창원시 의창구 대산면 모산리 모산길 28,100.0
송등경로당,경상남도 창원시 의창구 대산면 진산대로 528번길 30,경상남도 창원시 의창구 대산면 진산대로 528,35.346748332791,128.709648063281,경상남도 창원시 의창구 대산면 가술리 진산대로 528,100.0
북가술경로당,경상남도 창원시 의창구 대산면 가술길 34번길 8,경상남도 창원시 의창구 대산면 가술길 34,35.337012841058,128.7071409117,경상남도 창원시 의창구 대산면 가술리 가술길 34,100.0
해강그린A경로당,경상남도 창원시 의창구 대산면 진산대로 439,경상남도 창원시 의창구 대산면 진산대로 439,35.338756612194,128.708684690627,경상남도 창원시 의창구 대산면 가술리 진산대로 439,100.0
남가술경로당,경상남도 창원시 의창구 대산면 가술길 20,경상남도 창원시 의창구 대산면 가술길 20,35.335827723768,128.707263958038,경상남도 창원시 의창구 대산면 가술리 가술길 20,100.0
남가술부인경로당,경상남도 창원시 의창구 대산면 가술길 5,경상남도 창원시 의창구 대산면 가술길 5,35.334779650594,128.707716161715,경상남도 창원시 의창구 대산면 가술리 가술길 5,100.0
가촌경로당,경상남도 창원시 의창구 대산면 봉강가술로 471번길 31-8,경상남도 창원시 의창구 대산면 봉강가술로 471,35.338313419064,128.697439277869,경상남도 창원시 의창구 대산면 가술리 봉강가술로 471,100.0
장등경로당,경상남도 창원시 의창구 대산면 주남로 503번길 43-50,경상남도 창원시 의창구 대산면 주남로 503,35.329352678646,128.705140769746,경상남도 창원시 의창구 대산면 제동리 주남로 503,100.0
신등경로당,경상남도 창원시 의창구 대산면 가술산남로 15,경상남도 창원시 의창구 대산면 가술산남로 15,35.321275734027,128.696849527162,경상남도 창원시 의창구 대산면 가술리 가술산남로 15,100.0
신동경로당,경상남도 창원시 의창구 대산면 가술산남로 37,경상남도 창원시 의창구 대산면 가술산남로 37,35.322600074728,128.69504993255,경상남도 창원시 의창구 대산면 가술리 가술산남로 37,100.0
백양경로당 ,경상남도 창원시 의창구 대산면 가술산남로 124-6,경상남도 창원시 의창구 대산면 가술산남로 124-6,35.327624187492,128.688229745574,경상남도 창원시 의창구 대산면 가술리 가술산남로 124-6,100.0
주남경로당,경상남도 창원시 의창구 대산면 주남로 327번길 53-40,경상남도 창원시 의창구 대산면 주남로 327,35.316193305439,128.694329411036,경상남도 창원시 의창구 대산면 제동리 주남로 327,100.0
대방경로당,경상남도 창원시 의창구 대산면 봉강가술로 394번길 33,경상남도 창원시 의창구 대산면 봉강가술로 394,35.344085921547,128.693877456632,경상남도 창원시 의창구 동읍 산남리 봉강가술로 394,98.22
대방여성경로당,경상남도 창원시 의창구 대산면 봉강가술로 358번길 24,경상남도 창원시 의창구 대산면 봉강가술로 358,35.345128148468,128.690376973643,경상남도 창원시 의창구 동읍 산남리 봉강가술로 358,98.22
제동경로당,경상남도 창원시 의창구 대산면 제동길 43,경상남도 창원시 의창구 대산면 제동길 43,35.334032362017,128.713295743202,경상남도 창원시 의창구 대산면 제동리 제동길 43,100.0
제동부인경로당,경상남도 창원시 의창구 대산면 제동길42번길 10-5,경상남도 창원시 의창구 대산면 제동길42번길 10-5,35.333531459483,128.712696018029,경상남도 창원시 의창구 대산면 제동리 제동길42번길 10-5,100.0
중앙경로당,경상남도 창원시 의창구 대산면 진산대로 394-25,경상남도 창원시 의창구 대산면 진산대로 394-25,35.334924867067,128.71031270768,경상남도 창원시 의창구 대산면 제동리 진산대로 394-25,100.0
삼봉경로당,경상남도 창원시 의창구 대산면 진산대로 355번길 16-10,경상남도 창원시 의창구 대산면 진산대로 355,35.331290322229,128.709220312959,경상남도 창원시 의창구 대산면 가술리 진산대로 355,100.0
대진경로당,경상남도 창원시 의창구 대산면 진남로 114번길 159,경상남도 창원시 의창구 대산면 진남로 114,35.313051458378,128.70868645994,경상남도 창원시 의창구 대산면 제동리 진남로 114,100.0
상포부녀경로당,경상남도 창원시 의창구 대산면 진남로 114번길 125-9,경상남도 창원시 의창구 대산면 진남로 114,35.313051458378,128.70868645994,경상남도 창원시 의창구 대산면 제동리 진남로 114,100.0
상등경로당,경상남도 창원시 의창구 대산면 주남로400번길 28,경상남도 창원시 의창구 대산면 주남로400번길 28,35.321569813099,128.701995848074,경상남도 창원시 의창구 대산면 제동리 주남로400번길 28,100.0
고등포경로당,경상남도 창원시 의창구 대산면 주남로394번길 51(제동리 464-8),경상남도 창원시 의창구 대산면 주남로394번길 51,35.316478016468,128.700017886562,경상남도 창원시 의창구 대산면 제동리 주남로394번길 51,100.0
남포경로당,경상남도 창원시 의창구 대산면 진남로 72,경상남도 창원시 의창구 대산면 진남로 72,35.309424728765,128.709456747728,경상남도 창원시 의창구 대산면 제동리 진남로 72,100.0
우암마을경로당,경상남도 창원시 의창구 대산면 북부로 10번길 10,경상남도 창원시 의창구 대산면 북부로 10,35.338513511621,128.72602727549,경상남도 창원시 의창구 대산면 우암리 북부로 10,100.0
덕현경로당,경상남도 창원시 의창구 대산면 우암로 20,경상남도 창원시 의창구 대산면 우암로 20,35.335021971415,128.728331620213,경상남도 창원시 의창구 대산면 우암리 우암로 20,100.0
월림경로당,경상남도 창원시 의창구 대산면 우암로 79번길 3,경상남도 창원시 의창구 대산면 우암로 79,35.330554020566,128.731403751751,경상남도 창원시 의창구 대산면 우암리 우암로 79,100.0
신곡경로당,경상남도 창원시 의창구 대산면 우암로 128,경상남도 창원시 의창구 대산면 우암로 128,35.328036493309,128.734939661219,경상남도 창원시 의창구 대산면 우암리 우암로 128,100.0
신곡부인경로당,경상남도 창원시 의창구 대산면 우암로 128-1,경상남도 창원시 의창구 대산면 우암로 128-1,35.327978825815,128.734798090875,경상남도 창원시 의창구 대산면 우암리 우암로 128-1,100.0
용등경로당,경상남도 창원시 의창구 대산면 우암로 163,경상남도 창원시 의창구 대산면 우암로 163,35.32586004833,128.737887492747,경상남도 창원시 의창구 대산면 우암리 우암로 163,100.0
중포마을경로당,경상남도 창원시 의창구 대산면 진산대로 260번길 78-2,경상남도 창원시 의창구 대산면 진산대로 260,35.325230739742,128.716751675192,경상남도 창원시 의창구 대산면 가술리 진산대로 260,100.0
동부경로당,경상남도 창원시 의창구 대산면 대산북로 899번길 42,경상남도 창원시 의창구 대산면 대산북로 899,35.346795948724,128.724129660264,경상남도 창원시 의창구 대산면 일동리 대산북로 899,100.0
서부경로당,경상남도 창원시 의창구 대산면 대산북로 893번길 15(북부리 362-4),경상남도 창원시 의창구 대산면 대산북로 893,35.346929224664,128.723488923855,경상남도 창원시 의창구 대산면 일동리 대산북로 893,100.0
유청경로당,경상남도 창원시 의창구 대산면 유등로 364,경상남도 창원시 의창구 대산면 유등로 364,35.343002129972,128.743881559346,경상남도 창원시 의창구 대산면 유등리 유등로 364,100.0
유등경로당,경상남도 창원시 의창구 대산면 유등로 377-11,경상남도 창원시 의창구 대산면 유등로 377-11,35.344705374606,128.744223960091,경상남도 창원시 의창구 대산면 유등리 유등로 377-11,100.0
유등부인경로당,경상남도 창원시 의창구 대산면 유등로 403,경상남도 창원시 의창구 대산면 유등로 403,35.345276475579,128.747046817442,경상남도 창원시 의창구 대산면 유등리 유등로 403,100.0
동곡경로당,경상남도 창원시 의창구 대산면 유등남길 40번길 16-2,경상남도 창원시 의창구 대산면 유등남길 40,35.333492326288,128.735917042927,경상남도 창원시 의창구 대산면 유등리 유등남길 40,100.0
대산NHF1단지경로당,경상남도 창원시 의창구 대산면 주남로 514,경상남도 창원시 의창구 대산면 주남로 514,35.329665977196,128.705632169128,경상남도 창원시 의창구 대산면 제동리 주남로 514,100.0
소답경로당,경상남도 창원시 의창구 의안로 32번길 34-1(소답동),경상남도 창원시 의창구 의안로 32,35.26433713048,128.624049177684,경상남도 창원시 의창구 소답동 의안로 32,100.0
재건경로당,경상남도 창원시 의창구 읍성로 41번길 2-9(북동),경상남도 창원시 의창구 읍성로 41,35.265096153722,128.622407833404,경상남도 창원시 의창구 중동 읍성로 41,100.0
중동경로당,경상남도 창원시 의창구 의안로 31번길 14-1(중동),경상남도 창원시 의창구 의안로 31,35.264393582598,128.623824542679,경상남도 창원시 의창구 중동 의안로 31,100.0
북동경로당,경상남도 창원시 의창구 의안로 55번길 34-1(북동),경상남도 창원시 의창구 의안로 55,35.266662689516,128.623831164382,경상남도 창원시 의창구 소답동 의안로 55,100.0
동정경로당,경상남도 창원시 의창구 동정길 31-6(동정동),경상남도 창원시 의창구 동정길 31-6,35.264491944231,128.613611109841,경상남도 창원시 의창구 동정동 동정길 31-6,100.0
서상경로당,경상남도 창원시 의창구 천주로 12번길 12-6(서상동),경상남도 창원시 의창구 천주로 12,35.262665038502,128.61828189295,경상남도 창원시 의창구 북면 내곡리 천주로 12,100.0
무학아파트경로당,"경상남도 창원시 의창구 의창대로 139번길 23(동정동, 무학아파트)",경상남도 창원시 의창구 의창대로 139,35.261746229279,128.613035041613,경상남도 창원시 의창구 동읍 용강리 의창대로 139,100.0
소계경로당,경상남도 창원시 의창구 금강로 355번길 39(소계동),경상남도 창원시 의창구 금강로 355,35.256604371852,128.601158150699,경상남도 창원시 의창구 소계동 금강로 355,100.0
의창경로당,경상남도 창원시 의창구 의안로 56번길 21(소답동),경상남도 창원시 의창구 의안로 56,35.266443628476,128.624057224311,경상남도 창원시 의창구 소답동 의안로 56,100.0
동정오성아파트경로당,"경상남도 창원시 의창구 서상로 27(동정동, 동정오성아파트)",경상남도 창원시 의창구 서상로 27,35.26339005924,128.616659524206,경상남도 창원시 의창구 동정동 서상로 27,100.0
흥한웰가아파트경로당,"경상남도 창원시 의창구 천주로 33(동정동, 흥한웰가아파트)",경상남도 창원시 의창구 천주로 33,35.264554976143,128.616792125915,경상남도 창원시 의창구 동정동 천주로 33,100.0
대동다숲아파트경로당,"경상남도 창원시 의창구 팔용로 512(서상동, 중동대동다숲아파트)",경상남도 창원시 의창구 팔용로 512,35.260706551029,128.620131559959,경상남도 창원시 의창구 서상동 팔용로 512,100.0
 강무경로당,경상남도 창원시 의창구 서상로 25번길 10-9(동정동),경상남도 창원시 의창구 서상로 25,35.262728417336,128.615727627814,경상남도 창원시 의창구 서상동 서상로 25,100.0
 천주경로당,경상남도 창원시 의창구 소계로 128(소계동),경상남도 창원시 의창구 소계로 128,35.260024976572,128.596611017639,경상남도 창원시 의창구 소계동 소계로 128,100.0
 소답제2경로당,경상남도 창원시 의창구 읍성로 117번길23(소답동),경상남도 창원시 의창구 읍성로 117,35.262473130177,128.628713331451,경상남도 창원시 의창구 소답동 읍성로 117,100.0
무학서문마을아파트경로당,경상남도 창원시 의창구 서상로12번길 83-15(서상동),경상남도 창원시 의창구 서상로12번길 83-15,35.262185454025,128.62269474595,경상남도 창원시 의창구 서상동 서상로12번길 83-15,100.0
유니시티1단지아파트경로당,"경상남도 창원시 의창구 중동로 34(중동, 유니시티1단지아파트) 아파트 경로당",경상남도 창원시 의창구 중동로 34,35.252901658068,128.623332022048,경상남도 창원시 의창구 중동 중동로 34,100.0
유니시티2단지아파트경로당,"경상남도 창원시 의창구 중동로 33(중동, 유니시티2단지아파트) 아파트 경로당",경상남도 창원시 의창구 중동로 33,35.257150025692,128.626699786925,경상남도 창원시 의창구 중동 중동로 33,100.0
유니시티3단지아파트경로당,경상남도 창원시 의창구 중동로 77 (창원유니시티 3단지아파트) 아파트 경로당,경상남도 창원시 의창구 중동로 77,35.257472016503,128.630896438207,경상남도 창원시 의창구 중동 중동로 77,100.0
유니시티4 시니어클럽경로당,"경상남도 창원시 의창구 중동로 78(중동, 유니시티4단지아파트) 아파트 경로당",경상남도 창원시 의창구 중동로 78,35.254710472773,128.63102686062,경상남도 창원시 의창구 중동 중동로 78,100.0
 의안경로당 ,경상남도 창원시 의창구 의안로22번길 7-1,경상남도 창원시 의창구 의안로22번길 7-1,35.263654550195,128.624621996947,경상남도 창원시 의창구 소답동 의안로22번길 7-1,100.0
팔룡제1경로당,경상남도 창원시 의창구 팔용로423번길 5,경상남도 창원시 의창구 팔용로423번길 5,35.254863232959,128.611349672364,경상남도 창원시 의창구 팔용동 팔용로423번길 5,100.0
팔룡제2경로당,경상남도 창원시 의창구 사화로80번길 16 ,경상남도 창원시 의창구 사화로80번길 16,35.25255171361,128.614380903828,경상남도 창원시 의창구 팔용동 사화로80번길 16,100.0
구슬비경로당,경상남도 창원시 의창구 남산로27번길 16 ,경상남도 창원시 의창구 남산로27번길 16,35.259935541665,128.614224581334,경상남도 창원시 의창구 팔용동 남산로27번길 16,100.0
대동중앙(아)경로당,경상남도 창원시 의창구 반계로 101 ,경상남도 창원시 의창구 반계로 101,35.256109244775,128.616073210079,경상남도 창원시 의창구 팔용동 반계로 101,100.0
극동아파트경로당,경상남도 창원시 의창구 팔용로 446 ,경상남도 창원시 의창구 팔용로 446,35.255073954004,128.613697946357,경상남도 창원시 의창구 팔용동 팔용로 446,100.0
차룡대동(아)경로당,경상남도 창원시 의창구 반계로 95 ,경상남도 창원시 의창구 반계로 95,35.254350302394,128.614864539641,경상남도 창원시 의창구 팔용동 반계로 95,100.0
원풍벽산A단지경로당,경상남도 창원시 의창구 반계로 104-9,경상남도 창원시 의창구 반계로 104-9,35.254233291025,128.617541970973,경상남도 창원시 의창구 팔용동 반계로 104-9,100.0
원풍벽산B단지경로당,경상남도 창원시 의창구 반계로 104-8,경상남도 창원시 의창구 반계로 104-8,35.252627150739,128.618195675601,경상남도 창원시 의창구 팔용동 반계로 104-8,100.0
원풍벽산C단지경로당,경상남도 창원시 의창구 남산로 20 ,경상남도 창원시 의창구 남산로 20,35.258565310044,128.612829162093,경상남도 창원시 의창구 팔용동 남산로 20,100.0
힐스테이트아티움시티경로당,경상남도 창원시 의창구 창원대로397번길 11 ,경상남도 창원시 의창구 창원대로397번길 11,35.23545799555,128.641481440813,경상남도 창원시 의창구 팔용동 창원대로397번길 11,100.0
 명곡경로당 ,경상남도 창원시 의창구 태복산로15번길 8(도계동),경상남도 창원시 의창구 태복산로15번길 8,35.253940762605,128.63992517285,경상남도 창원시 의창구 도계동 태복산로15번길 8,100.0
 낙원경로당 ,경상남도 창원시 의창구 도계로73번길 19(도계동),경상남도 창원시 의창구 도계로73번길 19,35.259254092937,128.640455328226,경상남도 창원시 의창구 도계동 도계로73번길 19,100.0
 안골경로당 ,경상남도 창원시 의창구 하남천서길 65(도계동),경상남도 창원시 의창구 하남천서길 65,35.263610335655,128.642125003339,경상남도 창원시 의창구 도계동 하남천서길 65,100.0
 도계경로당 ,경상남도 창원시 의창구 도계두리길86번길 14-2(도계동),경상남도 창원시 의창구 도계두리길86번길 14-2,35.262105784035,128.638554731681,경상남도 창원시 의창구 도계동 도계두리길86번길 14-2,100.0
 새동네경로당 ,경상남도 창원시 의창구 도계로4번길 18-1(도계동),경상남도 창원시 의창구 도계로4번길 18-1,35.258019899604,128.634026827586,경상남도 창원시 의창구 도계동 도계로4번길 18-1,100.0
 도계휴먼시아경로당 ,"경상남도 창원시 의창구 원이대로82번길 15-15(도계동, 도계휴먼시아)",경상남도 창원시 의창구 원이대로82번길 15-15,35.254412831391,128.63591711439,경상남도 창원시 의창구 도계동 원이대로82번길 15-15,100.0
 명서2경로당 ,경상남도 창원시 의창구 우곡로 73(명서동),경상남도 창원시 의창구 우곡로 73,35.24714647571,128.640013266653,경상남도 창원시 의창구 명서동 우곡로 73,100.0
 명서주민복지회관경로당 ,"경상남도 창원시 의창구  우곡로101번길 30-3, 1층(명서동)",경상남도 창원시 의창구 우곡로101번길 30-3,35.243140386996,128.642113101036,경상남도 창원시 의창구 명서동 우곡로101번길 30-3,100.0
 명서1경로당 ,경상남도 창원시 의창구 원이대로270번길 18(명서동),경상남도 창원시 의창구 원이대로270번길 18,35.241595015508,128.648328449879,경상남도 창원시 의창구 명서동 원이대로270번길 18,100.0
 명지경로당 ,경상남도 창원시 의창구 명서로123번길 9(명서동),경상남도 창원시 의창구 명서로123번길 9,35.245940780847,128.648628689651,경상남도 창원시 의창구 명서동 명서로123번길 9,100.0
 서곡경로당 ,경상남도 창원시 의창구 명지로109번길 18(명서동),경상남도 창원시 의창구 명지로109번길 18,35.249557739706,128.650093259593,경상남도 창원시 의창구 명서동 명지로109번길 18,100.0
 두산위브경로당 ,"경상남도 창원시 의창구 도계로135(명서동, 주민복지동1층)","경상남도 창원시 의창구 도계로135(명서동, 주민복지동1층)",35.253082120443,128.643021699341,경상남도 창원시 의창구 명서동 도계로 135,97.31
 상강한주맨션경로당 ,경상남도 창원시 의창구 도계로 73번길 17(도계동),경상남도 창원시 의창구 도계로 73,35.258245579947,128.638673147731,경상남도 창원시 의창구 도계동 도계로 73,100.0
 동부 경로당 ,경상남도 창원시 의창구 봉곡로111번길 35,경상남도 창원시 의창구 봉곡로111번길 35,35.246540003105,128.674047565402,경상남도 창원시 의창구 봉곡동 봉곡로111번길 35,100.0
 봉곡 경로당 ,경상남도 창원시 의창구 봉곡로 24번길 9-20 (봉곡동),경상남도 창원시 의창구 봉곡로 24,35.247651377513,128.663036909193,경상남도 창원시 의창구 봉곡동 봉곡로 24,100.0
 봉곡복지경로당 ,경상남도 창원시 의창구 창이대로 165번길 7 (봉곡동),경상남도 창원시 의창구 창이대로 165,35.243745241094,128.655535353504,경상남도 창원시 의창구 사림동 창이대로 165,100.0
 봉덕 경로당 ,경상남도 창원시 의창구 봉곡로 120번길 28-10 (봉곡동),경상남도 창원시 의창구 봉곡로 120,35.246690841988,128.670352948826,경상남도 창원시 의창구 봉곡동 봉곡로 120,100.0
 봉촌 경로당 ,경상남도 창원시 의창구 지귀로 73번길 8-27 (봉곡동),경상남도 창원시 의창구 지귀로 73,35.247057718206,128.654138282914,경상남도 창원시 의창구 봉곡동 지귀로 73,100.0
 사림제1경로당 ,경상남도 창원시 의창구 창이대로 343번길 94-9 (사림동),경상남도 창원시 의창구 창이대로 343,35.244666214974,128.674417672347,경상남도 창원시 의창구 사림동 창이대로 343,100.0
 사림제2경로당 ,경상남도 창원시 의창구 사림로 16번길 27 (사림동),경상남도 창원시 의창구 사림로 16,35.245909683987,128.675300240831,경상남도 창원시 의창구 사림동 사림로 16,100.0
 연덕 경로당 ,경상남도 창원시 의창구 봉곡로 68번길 16 (봉곡동),경상남도 창원시 의창구 봉곡로 68,35.249140659296,128.666706503592,경상남도 창원시 의창구 봉곡동 봉곡로 68,100.0
 웅남 경로당 ,경상남도 창원시 의창구 사림로 71번길 18 (사림동),경상남도 창원시 의창구 사림로 71,35.246463266782,128.680197283942,경상남도 창원시 의창구 사림동 사림로 71,100.0
정병산 경로당,경상남도 창원시 의창구 용지로 281번길 10 (사림동),경상남도 창원시 의창구 용지로 281,35.238243385795,128.689058380522,경상남도 창원시 의창구 사림동 용지로 281,100.0
지귀 경로당,경상남도 창원시 의창구 봉곡로 3번길 15 (봉곡동),경상남도 창원시 의창구 봉곡로 3,35.246067850499,128.662667790736,경상남도 창원시 의창구 봉곡동 봉곡로 3,100.0
코오롱아파트경로당,"경상남도 창원시 의창구 지귀로95번길 7 (봉곡동,코오롱아파트)102동 1층",경상남도 창원시 의창구 지귀로95번길 7,35.24820259551,128.656582277574,경상남도 창원시 의창구 봉곡동 지귀로95번길 7,100.0
피닉스포레경로당,"경상남도 창원시 의창구 대봉로 27, 305동 맞은편 (봉림동,LH피닉스포레)",경상남도 창원시 의창구 대봉로 27,35.251690682607,128.664666790825,경상남도 창원시 의창구 봉림동 대봉로 27,100.0
휴먼시아1단지경로당,"경상남도 창원시 의창구 소봉로 50,103동 1층내 (봉림동,봉림휴먼시아1단지)",경상남도 창원시 의창구 소봉로 50,35.254025042641,128.669549752339,경상남도 창원시 의창구 봉림동 소봉로 50,100.0
휴먼시아2단지경로당,"경상남도 창원시 의창구 대봉로 25, 204동 1층 (봉림동,봉림휴먼시아2단지)",경상남도 창원시 의창구 대봉로 25,35.251052484499,128.66538486847,경상남도 창원시 의창구 봉림동 대봉로 25,100.0
까치1차A 경로당,경상남도 창원시  성산구 창원천로 254,경상남도 창원시 성산구 창원천로 254,35.244722764587,128.667009113667,경상남도 창원시 성산구 반지동 창원천로 254,100.0
 까치2차A 경로당 ,경상남도 창원시  성산구 창원천로 256,경상남도 창원시 성산구 창원천로 256,35.245354299082,128.66673703709,경상남도 창원시 성산구 반지동 창원천로 256,100.0
노블파크A 경로당,경상남도 창원시  성산구 원이대로 449,경상남도 창원시 성산구 원이대로 449,35.236853959615,128.66753256352,경상남도 창원시 성산구 반림동 원이대로 449,100.0
대동A 경로당,경상남도 창원시  성산구 창원천로 292,경상남도 창원시 성산구 창원천로 292,35.244338831512,128.671696776837,경상남도 창원시 성산구 반지동 창원천로 292,100.0
럭키A 경로당,경상남도 창원시  성산구 반송로 105,경상남도 창원시 성산구 반송로 105,35.239044989105,128.66917047122,경상남도 창원시 성산구 반림동 반송로 105,100.0
반지경로당,경상남도 창원시  성산구 창원천로188번길 23-1,경상남도 창원시 성산구 창원천로188번길 23-1,35.241711314414,128.659834707463,경상남도 창원시 성산구 반지동 창원천로188번길 23-1,100.0
반지제2경로당,경상남도 창원시  성산구 반지로4번길 29-19,경상남도 창원시 성산구 반지로4번길 29-19,35.238510684687,128.6625601671,경상남도 창원시 성산구 반지동 반지로4번길 29-19,100.0
반지제3경로당,경상남도 창원시  성산구 반지로 58,경상남도 창원시 성산구 반지로 58,35.242652476413,128.663140697714,경상남도 창원시 성산구 반지동 반지로 58,100.0
반지제4경로당,경상남도 창원시  성산구 창원천로162번길 14,경상남도 창원시 성산구 창원천로162번길 14,35.241927860883,128.656555623122,경상남도 창원시 성산구 반지동 창원천로162번길 14,100.0
 트리비앙A 경로당 ,경상남도 창원시  성산구 원이대로 495,경상남도 창원시 성산구 원이대로 495,35.234432721154,128.67287468569,경상남도 창원시 성산구 반림동 원이대로 495,100.0
 현대건설A 경로당 ,경상남도 창원시  성산구 반송로 177,경상남도 창원시 성산구 반송로 177,35.236903957667,128.674944345222,경상남도 창원시 성산구 반림동 반송로 177,100.0
현대산업A 경로당,경상남도 창원시  성산구 외동반림로 219,경상남도 창원시 성산구 외동반림로 219,35.238456998597,128.675942462252,경상남도 창원시 성산구 반림동 외동반림로 219,100.0
내동아파트경로당,"경상남도 창원시  성산구 삼동로128번길 60,5동 109호(내동, 내동아파트)",경상남도 창원시 성산구 삼동로128번길 60,35.222091667923,128.661040947149,경상남도 창원시 성산구 내동 삼동로128번길 60,100.0
내동그라미아파트경로당,"경상남도 창원시  성산구 연덕로184번길 23(내동,내동그라미아파트)",경상남도 창원시 성산구 연덕로184번길 23,35.217965676085,128.668370083286,경상남도 창원시 성산구 내동 연덕로184번길 23,100.0
대호타워아파트경로당,"경상남도 창원시  성산구 상남로24번길 15(상남동,대호타워아파트)",경상남도 창원시 성산구 상남로24번길 15,35.217358574838,128.677873652744,경상남도 창원시 성산구 상남동 상남로24번길 15,100.0
동성샛별아파트경로당,"경상남도 창원시  성산구 연덕로184번길 1(내동,동성샛별아파트)",경상남도 창원시 성산구 연덕로184번길 1,35.219093461157,128.666443921936,경상남도 창원시 성산구 내동 연덕로184번길 1,100.0
외동경로당,경상남도 창원시  성산구 용지로21번길 30(중앙동),경상남도 창원시 성산구 용지로21번길 30,35.220182605656,128.672831183613,경상남도 창원시 성산구 중앙동 용지로21번길 30,100.0
외동월드메르디앙경로당,"경상남도 창원시  성산구 창원대로780번길 32(외동, 월드메르디앙아파트)",경상남도 창원시 성산구 창원대로780번길 32,35.213460989862,128.676218226867,경상남도 창원시 성산구 외동 창원대로780번길 32,100.0
장수경로당,경상남도 창원시  성산구 외동반림로134번길 15(중앙동),경상남도 창원시 성산구 외동반림로134번길 15,35.229775945297,128.674111435504,경상남도 창원시 성산구 중앙동 외동반림로134번길 15,100.0
중앙경로당,경상남도 창원시  성산구 원이대로566번길 27-25(중앙동),경상남도 창원시 성산구 원이대로566번길 27-25,35.226522258123,128.676735306474,경상남도 창원시 성산구 중앙동 원이대로566번길 27-25,100.0
중앙제1경로당,경상남도 창원시  성산구 원이대로580번길 31(중앙동),경상남도 창원시 성산구 원이대로580번길 31,35.22579961234,128.677520858439,경상남도 창원시 성산구 중앙동 원이대로580번길 31,100.0
송죽경로당,경상남도 창원시  성산구 외동반림로46번길 17(중앙동),경상남도 창원시 성산구 외동반림로46번길 17,35.222999092761,128.674282929243,경상남도 창원시 성산구 중앙동 외동반림로46번길 17,100.0
내동월드메르디앙아파트경로당,"경상남도 창원시  성산구 삼동로128번길 24(내동,월드메르디앙아파트)",경상남도 창원시 성산구 삼동로128번길 24,35.223915989149,128.657576622748,경상남도 창원시 성산구 내동 삼동로128번길 24,100.0
상남꿈에그린아파트경로당,"경상남도 창원시  성산구 토월로27번길 18(상남동, 꿈에그린아파트)",경상남도 창원시 성산구 토월로27번길 18,35.216576962367,128.679717671443,경상남도 창원시 성산구 상남동 토월로27번길 18,100.0
대원경로당,경상남도 창원시  성산구 대원로27번길 30 (대원동),경상남도 창원시 성산구 대원로27번길 30,35.232578518443,128.650197781925,경상남도 창원시 성산구 대원동 대원로27번길 30,100.0
대원파크빌 경로당,"경상남도 창원시  성산구삼동로 121 (대원동, 대원파크빌아파트)",경상남도 창원시 성산구삼동로 121,35.225189032604,128.65575758212,경상남도 창원시 성산구 대원동 삼동로 121,100.0
대동1차(아)경로당,"경상남도 창원시  성산구 창원대로 548 (대원동, 대동1차아파트)",경상남도 창원시 성산구 창원대로 548,35.226253911493,128.65451622226,경상남도 창원시 성산구 대원동 창원대로 548,100.0
대동2차(아)경로당,"경상남도 창원시  성산구 창원대로 538 (대원동, 대동2차아파트)",경상남도 창원시 성산구 창원대로 538,35.226656033297,128.653335295922,경상남도 창원시 성산구 대원동 창원대로 538,100.0
The City7 자이 경로당,"경상남도 창원시  성산구 창원천로 94번길 19 (대원동, 더시티세븐아파트)",경상남도 창원시 성산구 창원천로 94,35.239340380029,128.650418506058,경상남도 창원시 성산구 반지동 창원천로 94,100.0
대원포레나경로당,"경상남도 창원시  성산구 창원천로 34(대원동, 대원포레나아파트)",경상남도 창원시 성산구 창원천로 34,35.234837944263,128.649955042009,경상남도 창원시 성산구 대원동 창원천로 34,100.0
 용호경로당 ,경상남도 창원시  성산구 창이대로 440번길 17(용호동),경상남도 창원시 성산구 창이대로 440,35.240677324747,128.683691458365,경상남도 창원시 성산구 용호동 창이대로 440,100.0
 용지경로당 ,"경상남도 창원시  성산구 용지로239번길 19-4(용호동,용지동행정복지센터)",경상남도 창원시 성산구 용지로239번길 19-4,35.236035550589,128.684509018755,경상남도 창원시 성산구 용호동 용지로239번길 19-4,100.0
 일동아파트 1단지 경로당 ,"경상남도 창원시  성산구 외동반림로 216(용호동,일동아파트 1단지)",경상남도 창원시 성산구 외동반림로 216,35.236277284676,128.679453222397,경상남도 창원시 성산구 용호동 외동반림로 216,100.0
 일동아파트 2단지 경로당 ,"경상남도 창원시  성산구 외동반림로 216(용호동,일동아파트 2단지)",경상남도 창원시 성산구 외동반림로 216,35.236277284676,128.679453222397,경상남도 창원시 성산구 용호동 외동반림로 216,100.0
 무학아파트 1단지 경로당 ,"경상남도 창원시  성산구 외동반림로 200(용호동, 무학아파트 1단지)",경상남도 창원시 성산구 외동반림로 200,35.235481087694,128.676707562374,경상남도 창원시 성산구 용호동 외동반림로 200,100.0
 무학아파트 2단지 경로당 ,"경상남도 창원시  성산구 외동반림로 200(용호동, 무학아파트 2단지)",경상남도 창원시 성산구 외동반림로 200,35.235481087694,128.676707562374,경상남도 창원시 성산구 용호동 외동반림로 200,100.0
 롯데아파트경로당 ,"경상남도 창원시  성산구 용지로 229(용호동, 롯데아파트)",경상남도 창원시 성산구 용지로 229,35.235038313658,128.684139041549,경상남도 창원시 성산구 용호동 용지로 229,100.0
 신월제1경로당 ,경상남도 창원시  성산구 신사로21번길 36(신월동),경상남도 창원시 성산구 신사로21번길 36,35.228803309253,128.690589921871,경상남도 창원시 성산구 신월동 신사로21번길 36,100.0
 신월제2경로당 ,경상남도 창원시  성산구 신월로 71번길14(신월동),경상남도 창원시 성산구 신월로 71,35.22653378324,128.694710716929,경상남도 창원시 성산구 신월동 신월로 71,100.0
 신월은아아파트 경로당 ,"경상남도 창원시  성산구 원이대로 663(신월동,은아아파트)",경상남도 창원시 성산구 원이대로 663,35.224707031262,128.686215993336,경상남도 창원시 성산구 신월동 원이대로 663,100.0
 용지아이파크경로당 ,"경상남도 창원시  성산구 원이대로579번길 13(용호동,용지아이파크아파트)",경상남도 창원시 성산구 원이대로579번길 13,35.229668531208,128.677524462658,경상남도 창원시 성산구 용호동 원이대로579번길 13,100.0
 용지더샵레이크파크경로당 ,"경상남도 창원시  성산구 외동반림로156(용호동, 용지더샵레이크파크)","경상남도 창원시 성산구 외동반림로156(용호동, 용지더샵레이크파크)",35.232337372359,128.673702977672,경상남도 창원시 성산구 용호동 외동반림로 156,97.33
 성원1단지경로당 ,경상남도 창원시  성산구 원이대로 774 성원아파트 1단지,경상남도 창원시 성산구 원이대로 774,35.216025014043,128.693044310758,경상남도 창원시 성산구 상남동 원이대로 774,100.0
 성원2단지경로당 ,경상남도 창원시  성산구 원이대로 774 성원아파트 2단지,경상남도 창원시 성산구 원이대로 774,35.216025014043,128.693044310758,경상남도 창원시 성산구 상남동 원이대로 774,100.0
 성원3단지1경로당 ,경상남도 창원시  성산구 원이대로 774 성원아파트 3단지,경상남도 창원시 성산구 원이대로 774,35.216025014043,128.693044310758,경상남도 창원시 성산구 상남동 원이대로 774,100.0
 성원3단지2경로당 ,경상남도 창원시  성산구 원이대로 774 성원아파트 3단지,경상남도 창원시 성산구 원이대로 774,35.216025014043,128.693044310758,경상남도 창원시 성산구 상남동 원이대로 774,100.0
 성원5단지1경로당 ,경상남도 창원시  성산구 원이대로 774 성원아파트 5단지,경상남도 창원시 성산구 원이대로 774,35.216025014043,128.693044310758,경상남도 창원시 성산구 상남동 원이대로 774,100.0
 성원5단지2경로당 ,경상남도 창원시  성산구 원이대로 774 성원아파트 5단지,경상남도 창원시 성산구 원이대로 774,35.216025014043,128.693044310758,경상남도 창원시 성산구 상남동 원이대로 774,100.0
 대동아파트경로당 ,경상남도 창원시  성산구 동산로 115 대동아파트,경상남도 창원시 성산구 동산로 115,35.218470308566,128.686641710199,경상남도 창원시 성산구 상남동 동산로 115,100.0
 상남경로당 ,경상남도 창원시  성산구 단정로58번길 6,경상남도 창원시 성산구 단정로58번길 6,35.217922886469,128.685688184894,경상남도 창원시 성산구 상남동 단정로58번길 6,100.0
 동산경로당 ,경상남도 창원시  성산구 동산로54번길 17,경상남도 창원시 성산구 동산로54번길 17,35.214596695832,128.687927410327,경상남도 창원시 성산구 상남동 동산로54번길 17,100.0
 고산경로당 ,경상남도 창원시  성산구 비음로 55번길 6-22,경상남도 창원시 성산구 비음로 55,35.227757289646,128.701137625008,경상남도 창원시 성산구 사파동 비음로 55,100.0
 사파정경로당 ,경상남도 창원시  성산구 동산로 176번길 52,경상남도 창원시 성산구 동산로 176,35.223081780236,128.694446854617,경상남도 창원시 성산구 사파동 동산로 176,100.0
 사파경로당 ,경상남도 창원시  성산구 창이대로 684번길 30,경상남도 창원시 성산구 창이대로 684,35.22362241036,128.6998692283,경상남도 창원시 성산구 용호동 창이대로 684,100.0
 신덕경로당 ,경상남도 창원시  성산구 창이대로 639번길 11,경상남도 창원시 성산구 창이대로 639,35.227088539886,128.697500812042,경상남도 창원시 의창구 사림동 창이대로 639,98.33
 사파제2경로당 ,경상남도 창원시  성산구 창이대로 719번길 8-15,경상남도 창원시 성산구 창이대로 719,35.220627376691,128.701352714086,경상남도 창원시 의창구 사림동 창이대로 719,98.33
 사파대동(아)제1경로당 ,경상남도 창원시  성산구 신사로 106,경상남도 창원시 성산구 신사로 106,35.222166183042,128.694788165714,경상남도 창원시 성산구 사파동 신사로 106,100.0
 사파대동(아)제2경로당 ,경상남도 창원시  성산구 신사로 106,경상남도 창원시 성산구 신사로 106,35.222166183042,128.694788165714,경상남도 창원시 성산구 사파동 신사로 106,100.0
 삼익(아)경로당 ,경상남도 창원시  성산구 원이대로 773번길 13,경상남도 창원시 성산구 원이대로 773,35.216990364005,128.694286140449,경상남도 창원시 성산구 반림동 원이대로 773,100.0
 무궁화(아)경로당 ,경상남도 창원시  성산구 동산로 148,경상남도 창원시 성산구 동산로 148,35.220439888174,128.693980569343,경상남도 창원시 성산구 사파동 동산로 148,100.0
 사파동성(아)경로당 ,경상남도 창원시  성산구 창이대로 737,경상남도 창원시 성산구 창이대로 737,35.219897956224,128.703887978896,경상남도 창원시 성산구 사파동 창이대로 737,100.0
 성원3차남산(아)경로당 ,경상남도 창원시  성산구 대암로 126,경상남도 창원시 성산구 대암로 126,35.214654489055,128.708214130582,경상남도 창원시 성산구 대방동 대암로 126,100.0
 성원3차(아)경로당 ,경상남도 창원시  성산구 대암로 82,경상남도 창원시 성산구 대암로 82,35.215087162897,128.707104869516,경상남도 창원시 성산구 대방동 대암로 82,100.0
 대방대동(아)경로당 ,경상남도 창원시  성산구 대정로 142,경상남도 창원시 성산구 대정로 142,35.212143480411,128.709346190425,경상남도 창원시 성산구 대방동 대정로 142,100.0
 대방개나리1차(아)경로당 ,경상남도 창원시  성산구 대정로 149,경상남도 창원시 성산구 대정로 149,35.21310622581,128.708340445863,경상남도 창원시 성산구 대방동 대정로 149,100.0
 대방덕산1차(아)경로당 ,경상남도 창원시  성산구 대정로 131,경상남도 창원시 성산구 대정로 131,35.212803848653,128.706803875373,경상남도 창원시 성산구 대방동 대정로 131,100.0
 대방덕산2차(아)경로당 ,경상남도 창원시  성산구 대암로 272,경상남도 창원시 성산구 대암로 272,35.204136374036,128.70985396612,경상남도 창원시 성산구 대방동 대암로 272,100.0
 대방그린빌(아)경로당 ,경상남도 창원시  성산구 대암로 256,경상남도 창원시 성산구 대암로 256,35.205093671198,128.711339826096,경상남도 창원시 성산구 대방동 대암로 256,100.0
 대방동성(아)경로당 ,경상남도 창원시  성산구 대암로 282,경상남도 창원시 성산구 대암로 282,35.204089561107,128.706949301393,경상남도 창원시 성산구 대방동 대암로 282,100.0
 대방대동디지털(아)경로당 ,경상남도 창원시  성산구 창이대로 881번길 8,경상남도 창원시 성산구 창이대로 881,35.206870334233,128.706873155374,경상남도 창원시 의창구 사림동 창이대로 881,98.33
 대방대동황토방(아)경로당 ,경상남도 창원시  성산구 창이대로 881번길 19,경상남도 창원시 성산구 창이대로 881,35.206870334233,128.706873155374,경상남도 창원시 의창구 사림동 창이대로 881,98.33
 가음정경로당 ,경상남도 창원시  성산구 가음정로 11(가음정동),경상남도 창원시 성산구 가음정로 11,35.210937492182,128.686050450749,경상남도 창원시 성산구 가음동 가음정로 11,100.0
 더샾센트럴파크경로당 ,"경상남도 창원시  성산구 원이대로863번길 19(가음정동, 창원더샵센트럴파크아파트)",경상남도 창원시 성산구 원이대로863번길 19,35.208267562654,128.69855591501,경상남도 창원시 성산구 가음동 원이대로863번길 19,100.0
 은아(아)경로당 ,"경상남도 창원시  성산구 원이대로883번길 6(가음정동, 은아아파트)",경상남도 창원시 성산구 원이대로883번길 6,35.207221207771,128.693997752245,경상남도 창원시 성산구 가음동 원이대로883번길 6,100.0
 소라(아)경로당 ,"경상남도 창원시  성산구 성산패총로178번길 51(가음정동, 소라아파트)",경상남도 창원시 성산구 성산패총로178번길 51,35.206950975213,128.688113991492,경상남도 창원시 성산구 가음정동 성산패총로178번길 51,100.0
 우성(아)경로당 ,"경상남도 창원시  성산구 대암로 22(가음정동, 우성아파트)",경상남도 창원시 성산구 대암로 22,35.213598453074,128.699258234677,경상남도 창원시 성산구 남양동 대암로 22,100.0
 롯데(아)경로당 ,"경상남도 창원시  성산구 대암로 56(가음정동, 롯데아파트)",경상남도 창원시 성산구 대암로 56,35.214423022798,128.70223163101,경상남도 창원시 성산구 남양동 대암로 56,100.0
 동성(아)경로당 ,"경상남도 창원시  성산구 대암로 64(가음정동, 상남동성아파트)",경상남도 창원시 성산구 대암로 64,35.214834197059,128.703584470182,경상남도 창원시 성산구 남양동 대암로 64,100.0
 성원1차(아)경로당 ,"경상남도 창원시  성산구 대정로 73(가음정동, 성원1차아파트)",경상남도 창원시 성산구 대정로 73,35.211865452683,128.700707801013,경상남도 창원시 성산구 남양동 대정로 73,100.0
 성원2차(아)경로당 ,"경상남도 창원시  성산구 대정로 99(가음정동, 성원2차아파트)",경상남도 창원시 성산구 대정로 99,35.211748692771,128.703109300091,경상남도 창원시 성산구 남양동 대정로 99,100.0
 피오르빌(아)경로당 ,"경상남도 창원시  성산구 대정로 84(가음정동, 피오르빌아파트)",경상남도 창원시 성산구 대정로 84,35.209865237218,128.700827326952,경상남도 창원시 성산구 남양동 대정로 84,100.0
 대방경로당 ,경상남도 창원시  성산구 가음로57번길 16-21(가음정동),경상남도 창원시 성산구 가음로57번길 16-21,35.207418056767,128.703931480974,경상남도 창원시 성산구 남양동 가음로57번길 16-21,100.0
 음지경로당 ,경상남도 창원시  성산구 가음로57번길 16-21(가음정동),경상남도 창원시 성산구 가음로57번길 16-21,35.207418056767,128.703931480974,경상남도 창원시 성산구 남양동 가음로57번길 16-21,100.0
 가음동경로당 ,경상남도 창원시  성산구 가양로52번길 27(가음정동),경상남도 창원시 성산구 가양로52번길 27,35.205402963425,128.70272767204,경상남도 창원시 성산구 가음동 가양로52번길 27,100.0
 개나리3차(아)경로당 ,"경상남도 창원시  성산구 대정로 100(남양동, 개나리3차아파트)",경상남도 창원시 성산구 대정로 100,35.210453521093,128.702905787482,경상남도 창원시 성산구 남양동 대정로 100,100.0
 한림(아)경로당 ,"경상남도 창원시  성산구 대암로 8(가음정동, 한림엘리시온아파트)",경상남도 창원시 성산구 대암로 8,35.213381822786,128.698115781275,경상남도 창원시 성산구 남양동 대암로 8,100.0
 위드파크(아)경로당 ,"경상남도 창원시  성산구 가양로 99(남양동, 위드파크아파트)",경상남도 창원시 성산구 가양로 99,35.210286427853,128.703560917035,경상남도 창원시 성산구 남양동 가양로 99,100.0
 남산경로당 ,경상남도 창원시  성산구 가음로101번길 6-8(가음정동),경상남도 창원시 성산구 가음로101번길 6-8,35.204208290765,128.70436725612,경상남도 창원시 성산구 남양동 가음로101번길 6-8,100.0
 가음꿈에그린경로당 ,"경상남도 창원시  성산구 원이대로878번길 9(가음정동동, 창원가음한화꿈에그린)",경상남도 창원시 성산구 원이대로878번길 9,35.207658826936,128.692033369416,경상남도 창원시 성산구 가음동 원이대로878번길 9,100.0
 창원센텀푸르지오경로당 ,"경상남도 창원시  성산구 가음정로 59(가음정동, 창원센텀푸르지오)",경상남도 창원시 성산구 가음정로 59,35.20974214897,128.689630445414,경상남도 창원시 성산구 가음동 가음정로 59,100.0
 성남경로당 ,경상남도 창원시  성산구가음로64번길 8(가음동),경상남도 창원시 성산구가음로64번길 8,35.20705595855,128.701557977452,경상남도 창원시 성산구 가음동 가음로64번길 8,100.0
대우(아)경로당,"경상남도 창원시  성산구 정동로 162번길 31(남산동,대우아파트)",경상남도 창원시 성산구 정동로 162,35.205043924662,128.691622759621,경상남도 창원시 성산구 성주동 정동로 162,100.0
불모산경로당,경상남도 창원시  성산구 불모산로 66번길 11(성주동),경상남도 창원시 성산구 불모산로 66,35.189757350075,128.724137688612,경상남도 창원시 성산구 성주동 불모산로 66,100.0
삼정자경로당,경상남도 창원시  성산구 삼정자로51번길15(성주동),경상남도 창원시 성산구 삼정자로51번길15(성주동),35.199470671452,128.711263886053,경상남도 창원시 성산구 성주동 삼정자로51번길 15,100.0
서광파크빌(아)경로당,"경상남도 창원시  성산구 안민안길 50(천선동,서광파크빌)",경상남도 창원시 성산구 안민안길 50,35.187953517394,128.693983000095,경상남도 창원시 성산구 천선동 안민안길 50,100.0
신우에이스타운경로당,"경상남도 창원시  성산구 안민안길 8(안민동,신우에이스타운아파트)",경상남도 창원시 성산구 안민안길 8,35.185418955602,128.69033117252,경상남도 창원시 성산구 안민동 안민안길 8,100.0
안민경로당,경상남도 창원시  성산구 안민로 117번길 17(안민동),경상남도 창원시 성산구 안민로 117,35.185850815146,128.689444715064,경상남도 창원시 성산구 안민동 안민로 117,100.0
 유니온빌리지(아)경로당 ,"경상남도 창원시  성산구 삼정자로 79(성주동,유니온빌리지아파트)",경상남도 창원시 성산구 삼정자로 79,35.200385137089,128.714044247155,경상남도 창원시 성산구 성주동 삼정자로 79,100.0
청솔(아)경로당,"경상남도 창원시  성산구 안민로 101번길 29(안민동,안민청솔마을대동아파트)",경상남도 창원시 성산구 안민로 101,35.186472396317,128.687852156711,경상남도 창원시 성산구 안민동 안민로 101,100.0
프리빌리지경로당,"경상남도 창원시  성산구 대암로 253(성주동,프리빌리지아파트)",경상남도 창원시 성산구 대암로 253,35.202656800487,128.711204542178,경상남도 창원시 성산구 성주동 대암로 253,100.0
프리빌리지2차(아)경로당,"경상남도 창원시  성산구 창원대로 1209번길 22(성주동,프리빌리지2차)",경상남도 창원시 성산구 창원대로 1209,35.194018147832,128.715050346509,경상남도 창원시 성산구 외동 창원대로 1209,100.0
한림푸르지오(아)경로당,"경상남도 창원시  성산구 외리로34번길 13(성주동,한림푸르지오아파트)",경상남도 창원시 성산구 외리로34번길 13,35.201539367066,128.708580755027,경상남도 창원시 성산구 성주동 외리로34번길 13,100.0
한솔(아)경로당,"경상남도 창원시  성산구 안민로 161(안민동,한솔마을대동아파트)",경상남도 창원시 성산구 안민로 161,35.185308733576,128.691701781327,경상남도 창원시 성산구 안민동 안민로 161,100.0
한양아파트경로당,"경상남도 창원시  성산구 정동로 162번길 69(남산동,한양아파트)",경상남도 창원시 성산구 정동로 162,35.205043924662,128.691622759621,경상남도 창원시 성산구 성주동 정동로 162,100.0
남산효성해링턴플레이스경로당,경상남도 창원시  성산구 정동로162번길 78(남산동),경상남도 창원시 성산구 정동로162번길 78,35.200031881779,128.699697697861,경상남도 창원시 성산구 남산동 정동로162번길 78,100.0
 양곡경로당 ,경상남도 창원시  성산구 양곡길106번길 1-12(양곡동),경상남도 창원시 성산구 양곡길106번길 1-12,35.200304084085,128.627066327551,경상남도 창원시 성산구 양곡동 양곡길106번길 1-12,100.0
 동성1차경로당 ,"경상남도 창원시  성산구 신촌로 95(신촌동,동성1차아파트)",경상남도 창원시 성산구 신촌로 95,35.201249185578,128.629453325937,경상남도 창원시 성산구 신촌동 신촌로 95,100.0
 동성2차경로당 ,"경상남도 창원시  성산구 신촌로 63(신촌동,동성2차아파트)",경상남도 창원시 성산구 신촌로 63,35.204163028488,128.628205176735,경상남도 창원시 성산구 신촌동 신촌로 63,100.0
 동성빌라2차경로당 ,"경상남도 창원시  성산구 신촌로 43(신촌동,동성빌라2차)",경상남도 창원시 성산구 신촌로 43,35.206038269776,128.628083471501,경상남도 창원시 성산구 신촌동 신촌로 43,100.0
 성원아파트경로당 ,"경상남도 창원시  성산구 신촌로 123(신촌동,성원아파트)",경상남도 창원시 성산구 신촌로 123,35.197924964688,128.629089802797,경상남도 창원시 성산구 신촌동 신촌로 123,100.0
 귀산경로당 ,경상남도 창원시  성산구 귀산로58번길 14 (귀산동),경상남도 창원시 성산구 귀산로58번길 14,35.16589029467,128.615906158749,경상남도 창원시 성산구 귀산동 귀산로58번길 14,100.0
 석교경로당 ,경상남도 창원시  성산구 삼귀로466번길 8 (귀산동),경상남도 창원시 성산구 삼귀로466번길 8,35.157518072593,128.609393755258,경상남도 창원시 성산구 귀산동 삼귀로466번길 8,100.0
 갯마을경로당 ,경상남도 창원시  성산구 삼귀로 375-11 (귀산동),경상남도 창원시 성산구 삼귀로 375-11,35.164387754707,128.607577983573,경상남도 창원시 성산구 귀산동 삼귀로 375-11,100.0
 용호마을경로당 ,경상남도 창원시  성산구 삼귀로 185-9 (귀곡동),경상남도 창원시 성산구 삼귀로 185-9,35.169846175783,128.599450974073,경상남도 창원시 성산구 귀곡동 삼귀로 185-9,100.0
 동부산아이존빌경로당 ,"경상남도 창원시  성산구 신촌로 94(신촌동,동부산아이존빌아파트)",경상남도 창원시 성산구 신촌로 94,35.2011796996,128.627592543432,경상남도 창원시 성산구 신촌동 신촌로 94,100.0
 신촌경로당 ,경상남도 창원시  성산구  양곡길 53(신촌동),경상남도 창원시 성산구 양곡길 53,35.205392905141,128.62689759984,경상남도 창원시 성산구 신촌동 양곡길 53,100.0
 동원로얄듀크경로당 ,경상남도 창원시  성산구 신촌로 130(신촌동),경상남도 창원시 성산구 신촌로 130,35.199371010624,128.627947936127,경상남도 창원시 성산구 신촌동 신촌로 130,100.0
 상남남성경로당 ,경상남도 창원시 마산합포구 합포서7길 10 (상남동),경상남도 창원시 마산합포구 합포서7길 10,35.210043646027,128.576624620974,경상남도 창원시 마산합포구 상남동 합포서7길 10,100.0
 상남여성경로당 ,경상남도 창원시 마산합포구 합포서7길 10 (상남동),경상남도 창원시 마산합포구 합포서7길 10,35.210043646027,128.576624620974,경상남도 창원시 마산합포구 상남동 합포서7길 10,100.0
 용마남성경로당 ,경상남도 창원시 마산합포구 회원천북길 461 (산호동),경상남도 창원시 마산합포구 회원천북길 461,35.20963138212,128.580362363057,경상남도 창원시 마산합포구 산호동 회원천북길 461,100.0
 용마여성경로당 ,경상남도 창원시 마산합포구 회원천북길 461 (산호동),경상남도 창원시 마산합포구 회원천북길 461,35.20963138212,128.580362363057,경상남도 창원시 마산합포구 산호동 회원천북길 461,100.0
 숲골남성경로당 ,경상남도 창원시 마산합포구 합포북20길 23 (산호동),경상남도 창원시 마산합포구 합포북20길 23,35.213939931809,128.578132357718,경상남도 창원시 마산합포구 산호동 합포북20길 23,100.0
 숲골여성경로당 ,경상남도 창원시 마산합포구 합포북20길 23 (산호동),경상남도 창원시 마산합포구 합포북20길 23,35.213939931809,128.578132357718,경상남도 창원시 마산합포구 산호동 합포북20길 23,100.0
 국제비치경로당 ,"경상남도 창원시 마산합포구 합포동5길 22(산호동,국제비치타운)",경상남도 창원시 마산합포구 합포동5길 22,35.209589263056,128.584674433146,경상남도 창원시 마산합포구 산호동 합포동5길 22,100.0
 무학맨션경로당 ,"경상남도 창원시 마산합포구 회원천북길 545(산호동,무학맨션)",경상남도 창원시 마산합포구 회원천북길 545,35.207668508034,128.584126256678,경상남도 창원시 마산합포구 산호동 회원천북길 545,100.0
 무학경로당 ,"경상남도 창원시 마산합포구 회원천북길 545(산호동,무학맨션)",경상남도 창원시 마산합포구 회원천북길 545,35.207668508034,128.584126256678,경상남도 창원시 마산합포구 산호동 회원천북길 545,100.0
 진웅네스빌경로당 ,"경상남도 창원시 마산합포구 합포남2길 11(산호동, 진웅네스빌)",경상남도 창원시 마산합포구 합포남2길 11,35.209776640502,128.582489438626,경상남도 창원시 마산합포구 산호동 합포남2길 11,100.0
가포제2남성경로당,경상남도 창원시 마산합포구 가포해안길 21(가포동),경상남도 창원시 마산합포구 가포해안길 21,35.169113890812,128.571695726631,경상남도 창원시 마산합포구 가포동 가포해안길 21,100.0
가포제2여성경로당,경상남도 창원시 마산합포구 가포해안길 21(가포동),경상남도 창원시 마산합포구 가포해안길 21,35.169113890812,128.571695726631,경상남도 창원시 마산합포구 가포동 가포해안길 21,100.0
건화맨션경로당,"경상남도 창원시 마산합포구 가포로  176-45  (가포동, 건화그린맨션)",경상남도 창원시 마산합포구 가포로 176-45,35.169923331202,128.563089356089,경상남도 창원시 마산합포구 가포동 가포로 176-45,100.0
가포LH아파트1단지경로당,경상남도 창원시 마산합포구 가포본동5길 37,경상남도 창원시 마산합포구 가포본동5길 37,35.158633242901,128.583930203963,경상남도 창원시 마산합포구 가포동 가포본동5길 37,100.0
 마창대교반도유보라아이비파크경로당 ,경상남도 창원시 마산합포구 가포본동1길 18,경상남도 창원시 마산합포구 가포본동1길 18,35.15708116589,128.574877580895,경상남도 창원시 마산합포구 가포동 가포본동1길 18,100.0
가포안단테아파트경로당,경상남도 창원시  마산합포구 가포본동5길 23,경상남도 창원시 마산합포구 가포본동5길 23,35.157187406513,128.582094483349,경상남도 창원시 마산합포구 가포동 가포본동5길 23,100.0
가포금호어울림NHF아파트경로당,경상남도 창원시 마산합포구 가포본동1길 50,경상남도 창원시 마산합포구 가포본동1길 50,35.155811559016,128.578143840925,경상남도 창원시 마산합포구 가포동 가포본동1길 50,100.0
중앙남성경로당,경상남도 창원시 마산합포구 중앙남5길 40 (신흥동),경상남도 창원시 마산합포구 중앙남5길 40,35.19371150769,128.564246226365,경상남도 창원시 마산합포구 신흥동 중앙남5길 40,100.0
중앙여성경로당,경상남도 창원시 마산합포구 중앙남5길 40 (신흥동),경상남도 창원시 마산합포구 중앙남5길 40,35.19371150769,128.564246226365,경상남도 창원시 마산합포구 신흥동 중앙남5길 40,100.0
신월남성경로당,경상남도 창원시 마산합포구 반월서7길 52 (신월동),경상남도 창원시 마산합포구 반월서7길 52,35.193791596775,128.55946552407,경상남도 창원시 마산합포구 신월동 반월서7길 52,100.0
신월여성경로당,경상남도 창원시 마산합포구  반월서7길 52 (신월동),경상남도 창원시 마산합포구 반월서7길 52,35.193791596775,128.55946552407,경상남도 창원시 마산합포구 신월동 반월서7길 52,100.0
반월시장경로당,경상남도 창원시 마산합포구 반월북2길 13-1 (반월동),경상남도 창원시 마산합포구 반월북2길 13-1,35.189757261048,128.561348686256,경상남도 창원시 마산합포구 반월동 반월북2길 13-1,100.0
반월월포남성경로당,경상남도 창원시 마산합포구 반월동5길 9-1(중앙동1가),경상남도 창원시 마산합포구 반월동5길 9-1,35.190082185525,128.563400576153,경상남도 창원시 마산합포구 중앙동1가 반월동5길 9-1,100.0
반월월포여성경로당,경상남도 창원시 마산합포구 반월동5길 9-1(중앙동1가),경상남도 창원시 마산합포구 반월동5길 9-1,35.190082185525,128.563400576153,경상남도 창원시 마산합포구 중앙동1가 반월동5길 9-1,100.0
벽산블루밍경로당,경상남도 창원시 마산합포구 3.15대로 154 (월포동),경상남도 창원시 마산합포구 3.15대로 154,35.19234844403,128.564810049843,경상남도 창원시 마산합포구 중앙동3가 3.15대로 154,100.0
월포경동메르빌남자경로당,경상남도 창원시 마산합포구 중앙동3길 22 (월포동),경상남도 창원시 마산합포구 중앙동3길 22,35.192933457528,128.567699151378,경상남도 창원시 마산합포구 월포동 중앙동3길 22,100.0
월포경동메르빌여성경로당,경상남도 창원시 마산합포구 중앙동3길 22 (월포동),경상남도 창원시 마산합포구 중앙동3길 22,35.192933457528,128.567699151378,경상남도 창원시 마산합포구 월포동 중앙동3길 22,100.0
중앙경동메르빌아파트경로당,"경상남도 창원시 마산합포구 중앙동3길 10 (중앙동2가,경동메르빌2차아파트)",경상남도 창원시 마산합포구 중앙동3길 10,35.194903037136,128.567490525808,경상남도 창원시 마산합포구 중앙동2가 중앙동3길 10,100.0
우방(아)경로당,"경상남도 창원시 마산합포구 중앙동3길 17 (중앙동2가,중앙우방아파트)",경상남도 창원시 마산합포구 중앙동3길 17,35.195015815643,128.567853713673,경상남도 창원시 마산합포구 중앙동2가 중앙동3길 17,100.0
신우희가로베스트경로당,"경상남도 창원시 마산합포구 중앙북1길 19 (중앙동3가,신우희가로베스트)",경상남도 창원시 마산합포구 중앙북1길 19,35.197556412405,128.567862011757,경상남도 창원시 마산합포구 중앙동3가 중앙북1길 19,100.0
신한토탈아파트경로당,"경상남도 창원시 마산합포구 장군천로 38 (신흥동,신한토탈아파트)",경상남도 창원시 마산합포구 장군천로 38,35.19620470479,128.566046240072,경상남도 창원시 마산합포구 신흥동 장군천로 38,100.0
대동한마음아파트경로당,"경상남도 창원시 마산합포구 중앙남8길 55 (완월동,대동한마음아파트)",경상남도 창원시 마산합포구 중앙남8길 55,35.195123104004,128.563165882865,경상남도 창원시 마산합포구 완월동 중앙남8길 55,100.0
혜성미경로당,경상남도 창원시 마산합포구 중앙북2길 17 (혜성미아파트),경상남도 창원시 마산합포구 중앙북2길 17,35.198598953522,128.568328716126,경상남도 창원시 마산합포구 중앙동3가 중앙북2길 17,100.0
대창경로당,경상남도 창원시 마산합포구 문화서6길 32 (대창동),경상남도 창원시 마산합포구 문화서6길 32,35.187017594086,128.554041091611,경상남도 창원시 마산합포구 대창동 문화서6길 32,100.0
대창여성경로당,경상남도 창원시 마산합포구 문화서6길 32 (대창동),경상남도 창원시 마산합포구 문화서6길 32,35.187017594086,128.554041091611,경상남도 창원시 마산합포구 대창동 문화서6길 32,100.0
당산경로당,경상남도 창원시 마산합포구 문화남9길 11 (화영동),경상남도 창원시 마산합포구 문화남9길 11,35.185175964229,128.55261021692,경상남도 창원시 마산합포구 화영동 문화남9길 11,100.0
당산여성경로당,경상남도 창원시 마산합포구 문화남9길 11 (화영동),경상남도 창원시 마산합포구 문화남9길 11,35.185175964229,128.55261021692,경상남도 창원시 마산합포구 화영동 문화남9길 11,100.0
창포경로당,경상남도 창원시 마산합포구 문화동10길 9-1 (창포동2가),경상남도 창원시 마산합포구 문화동10길 9-1,35.183660222769,128.560492474847,경상남도 창원시 마산합포구 창포동2가 문화동10길 9-1,100.0
창포여성경로당,경상남도 창원시 마산합포구 문화동10길 9-1 (창포동2가),경상남도 창원시 마산합포구 문화동10길 9-1,35.183660222769,128.560492474847,경상남도 창원시 마산합포구 창포동2가 문화동10길 9-1,100.0
월남경로당,경상남도 창원시 마산합포구 문화북5길 10-1 (평화동),경상남도 창원시 마산합포구 문화북5길 10-1,35.186348215298,128.558758678175,경상남도 창원시 마산합포구 평화동 문화북5길 10-1,100.0
월남여성경로당,경상남도 창원시 마산합포구 문화북5길 10-1 (평화동),경상남도 창원시 마산합포구 문화북5길 10-1,35.186348215298,128.558758678175,경상남도 창원시 마산합포구 평화동 문화북5길 10-1,100.0
창포동성아파트경로당,"경상남도 창원시 마산합포구 문화동7길 25 (창포동1가, 동성아파트)",경상남도 창원시 마산합포구 문화동7길 25,35.184439655945,128.561843386182,경상남도 창원시 마산합포구 창포동1가 문화동7길 25,100.0
창포경남맨션경로당,"경상남도 창원시 마산합포구 문화동14길 68 (창포동2가, 창포경남아파트)",경상남도 창원시 마산합포구 문화동14길 68,35.183371633842,128.561613051482,경상남도 창원시 마산합포구 창포동2가 문화동14길 68,100.0
경민아파트경로당,"경상남도 창원시 마산합포구 문화동14길 46 (창포동3가,창포경민아파트)",경상남도 창원시 마산합포구 문화동14길 46,35.182130567349,128.561382297688,경상남도 창원시 마산합포구 창포동3가 문화동14길 46,100.0
창포한백아파트경로당,"경상남도 창원시 마산합포구 문화동15길 95 (창포동1가, 창포한백아파트)",경상남도 창원시 마산합포구 문화동15길 95,35.184940600388,128.5623732901,경상남도 창원시 마산합포구 창포동1가 문화동15길 95,100.0
월영한백아파트경로당,"경상남도 창원시 마산합포구 문화서2길 5 (월영동, 월영한백아파트)",경상남도 창원시 마산합포구 문화서2길 5,35.186192437627,128.552479878325,경상남도 창원시 마산합포구 월영동 문화서2길 5,100.0
 귀정경로당 ,경상남도 창원시 마산합포구 진북면 귀정길 14,경상남도 창원시 마산합포구 진북면 귀정길 14,35.163202469779,128.474337741953,경상남도 창원시 마산합포구 진북면 대티리 귀정길 14,100.0
 금산경로당 ,경상남도 창원시 마산합포구 진북면 학동로 403,경상남도 창원시 마산합포구 진북면 학동로 403,35.145380531971,128.450470272661,경상남도 창원시 마산합포구 진북면 금산리 학동로 403,100.0
 내추경로당 ,경상남도 창원시 마산합포구 진북면 내추길 5,경상남도 창원시 마산합포구 진북면 내추길 5,35.167958990283,128.489995807637,경상남도 창원시 마산합포구 진북면 추곡리 내추길 5,100.0
대티경로당,경상남도 창원시 마산합포구 진북면 대티1길 103-11,경상남도 창원시 마산합포구 진북면 대티1길 103-11,35.166571952946,128.467382438699,경상남도 창원시 마산합포구 진북면 대티리 대티1길 103-11,100.0
대평경로당,경상남도 창원시 마산합포구 진북면 대평길 46,경상남도 창원시 마산합포구 진북면 대평길 46,35.128519747,128.464306364052,경상남도 창원시 마산합포구 진북면 대평리 대평길 46,100.0
대현경로당,경상남도 창원시 마산합포구 진북면 대현길 9,경상남도 창원시 마산합포구 진북면 대현길 9,35.174801724579,128.468505949,경상남도 창원시 마산합포구 진북면 정현리 대현길 9,100.0
덕곡경로당,경상남도 창원시 마산합포구 진북면 덕곡덕기길 305-1,경상남도 창원시 마산합포구 진북면 덕곡덕기길 305-1,35.126953546483,128.47347147226,경상남도 창원시 마산합포구 진북면 덕곡리 덕곡덕기길 305-1,100.0
덕기경로당,경상남도 창원시 마산합포구 진북면 덕곡덕기길 87,경상남도 창원시 마산합포구 진북면 덕곡덕기길 87,35.124106297793,128.483162041979,경상남도 창원시 마산합포구 진북면 덕곡리 덕곡덕기길 87,100.0
동삼경로당,경상남도 창원시 마산합포구 진북면 동삼길 82,경상남도 창원시 마산합포구 진북면 동삼길 82,35.122719008998,128.452546386259,경상남도 창원시 마산합포구 진북면 인곡리 동삼길 82,100.0
동촌남성경로당,경상남도 창원시 마산합포구 진북면 지산5길 59,경상남도 창원시 마산합포구 진북면 지산5길 59,35.11526192311,128.468668474103,경상남도 창원시 마산합포구 진북면 지산리 지산5길 59,100.0
동촌여성경로당,경상남도 창원시 마산합포구 진북면 지산5길 59,경상남도 창원시 마산합포구 진북면 지산5길 59,35.11526192311,128.468668474103,경상남도 창원시 마산합포구 진북면 지산리 지산5길 59,100.0
망곡경로당,경상남도 창원시 마산합포구 진북면 망곡길 150,경상남도 창원시 마산합포구 진북면 망곡길 150,35.143198806394,128.48389772162,경상남도 창원시 마산합포구 진북면 망곡리 망곡길 150,100.0
부산경로당,경상남도 창원시 마산합포구 진북면 부산1길 83,경상남도 창원시 마산합포구 진북면 부산1길 83,35.138896794589,128.464285157837,경상남도 창원시 마산합포구 진북면 부산리 부산1길 83,100.0
부평경로당,경상남도 창원시 마산합포구 진북면 부평1길 61,경상남도 창원시 마산합포구 진북면 부평1길 61,35.149450365058,128.481414750443,경상남도 창원시 마산합포구 진북면 부평리 부평1길 61,100.0
서북동경로당,경상남도 창원시 마산합포구 진북면 학동로 614,경상남도 창원시 마산합포구 진북면 학동로 614,35.156491666639,128.43397401666,경상남도 창원시 마산합포구 진북면 영학리 학동로 614,100.0
서촌남성경로당,경상남도 창원시 마산합포구 진북면 지산1길 63-8,경상남도 창원시 마산합포구 진북면 지산1길 63-8,35.115195328889,128.464993763932,경상남도 창원시 마산합포구 진북면 지산리 지산1길 63-8,100.0
서촌여성경로당,경상남도 창원시 마산합포구 진북면 지산1길 63-8,경상남도 창원시 마산합포구 진북면 지산1길 63-8,35.115195328889,128.464993763932,경상남도 창원시 마산합포구 진북면 지산리 지산1길 63-8,100.0
성원아파트경로당,경상남도 창원시 마산합포구 진북면 지산2길 31,경상남도 창원시 마산합포구 진북면 지산2길 31,35.117209584041,128.463365663059,경상남도 창원시 마산합포구 진북면 지산리 지산2길 31,100.0
신촌경로당,경상남도 창원시 마산합포구 진북면 신촌마을길 2,경상남도 창원시 마산합포구 진북면 신촌마을길 2,35.134527476101,128.476672437264,경상남도 창원시 마산합포구 진북면 신촌리 신촌마을길 2,100.0
연동경로당,경상남도 창원시 마산합포구 진북면 연동1길 41,경상남도 창원시 마산합포구 진북면 연동1길 41,35.137677060039,128.486800877604,경상남도 창원시 마산합포구 진북면 망곡리 연동1길 41,100.0
영학(학동)경로당,경상남도 창원시 마산합포구 진북면 학동로 529,경상남도 창원시 마산합포구 진북면 학동로 529,35.151188101224,128.440043436568,경상남도 창원시 마산합포구 진북면 영학리 학동로 529,100.0
예곡경로당,경상남도 창원시 마산합포구 진북면 의림로 101,경상남도 창원시 마산합포구 진북면 의림로 101,35.117733117713,128.453540647614,경상남도 창원시 마산합포구 진북면 예곡리 의림로 101,100.0
외추경로당,경상남도 창원시 마산합포구 진북면 추곡1길 94,경상남도 창원시 마산합포구 진북면 추곡1길 94,35.156642834263,128.478956254422,경상남도 창원시 마산합포구 진북면 추곡리 추곡1길 94,100.0
이목남성경로당,경상남도 창원시 마산합포구 진북면 학동로 238,경상남도 창원시 마산합포구 진북면 학동로 238,35.134875911816,128.46281757041,경상남도 창원시 마산합포구 진북면 이목리 학동로 238,100.0
이목여성경로당,경상남도 창원시 마산합포구 진북면 학동로 238,경상남도 창원시 마산합포구 진북면 학동로 238,35.134875911816,128.46281757041,경상남도 창원시 마산합포구 진북면 이목리 학동로 238,100.0
인곡경로당,경상남도 창원시 마산합포구 진북면 의림로 244,경상남도 창원시 마산합포구 진북면 의림로 244,35.128432659026,128.446237663015,경상남도 창원시 마산합포구 진북면 인곡리 의림로 244,100.0
인곡상경로당,경상남도 창원시 마산합포구 진북면 의림로 258-1,경상남도 창원시 마산합포구 진북면 의림로 258-1,35.129850080763,128.446657428726,경상남도 창원시 마산합포구 진북면 인곡리 의림로 258-1,100.0
정곡경로당,경상남도 창원시 마산합포구 진북면 진북정곡길 267,경상남도 창원시 마산합포구 진북면 진북정곡길 267,35.126301434416,128.437225189264,경상남도 창원시 마산합포구 진북면 인곡리 진북정곡길 267,100.0
정삼경로당,경상남도 창원시 마산합포구 진북면 정삼길 158,경상남도 창원시 마산합포구 진북면 정삼길 158,35.17208766433,128.462274087808,경상남도 창원시 마산합포구 진북면 정현리 정삼길 158,100.0
중촌경로당,경상남도 창원시 마산합포구 진북면 중촌길 6-3,경상남도 창원시 마산합포구 진북면 중촌길 6-3,35.171224202575,128.470736708711,경상남도 창원시 마산합포구 진북면 대티리 중촌길 6-3,100.0
 예곡경로당 ,경상남도 창원시 마산합포구 예곡길 194-4,경상남도 창원시 마산합포구 예곡길 194-4,35.169171977401,128.546934327365,경상남도 창원시 마산합포구 예곡동 예곡길 194-4,100.0
 두릉경로당 ,경상남도 창원시 마산합포구 두릉길 192,경상남도 창원시 마산합포구 두릉길 192,35.177312607494,128.533621769647,경상남도 창원시 마산합포구 예곡동 두릉길 192,100.0
 우산경로당 ,경상남도 창원시 마산합포구 우산길 19,경상남도 창원시 마산합포구 우산길 19,35.158354083616,128.554119294767,경상남도 창원시 마산합포구 우산동 우산길 19,100.0
 옥동경로당 ,경상남도 창원시 마산합포구 옥동길 79-10,경상남도 창원시 마산합포구 옥동길 79-10,35.152689886816,128.547814846294,경상남도 창원시 마산합포구 우산동 옥동길 79-10,100.0
 묘촌남성경로당 ,경상남도 창원시 마산합포구 묘촌1길 88,경상남도 창원시 마산합포구 묘촌1길 88,35.13835561701,128.557038711643,경상남도 창원시 마산합포구 현동 묘촌1길 88,100.0
 묘촌여성경로당 ,경상남도 창원시 마산합포구 묘촌1길 88,경상남도 창원시 마산합포구 묘촌1길 88,35.13835561701,128.557038711643,경상남도 창원시 마산합포구 현동 묘촌1길 88,100.0
 덕동남성경로당 ,경상남도 창원시 마산합포구 덕동길 126,경상남도 창원시 마산합포구 덕동길 126,35.138477573701,128.575346296921,경상남도 창원시 마산합포구 덕동동 덕동길 126,100.0
 덕동여성경로당 ,경상남도 창원시 마산합포구 덕동길 126,경상남도 창원시 마산합포구 덕동길 126,35.138477573701,128.575346296921,경상남도 창원시 마산합포구 덕동동 덕동길 126,100.0
 율곡경로당 ,경상남도 창원시 마산합포구 예곡길 63,경상남도 창원시 마산합포구 예곡길 63,35.167350631751,128.552638128657,경상남도 창원시 마산합포구 예곡동 예곡길 63,100.0
 중흥1차경로당 ,경상남도 창원시 마산합포구 현동4길 20,경상남도 창원시 마산합포구 현동4길 20,35.150767832599,128.551958104853,경상남도 창원시 마산합포구 현동 현동4길 20,100.0
 창원현동LH아파트경로당 ,경상남도 창원시 마산합포구 현동3길 1,경상남도 창원시 마산합포구 현동3길 1,35.152343839944,128.554142009725,경상남도 창원시 마산합포구 우산동 현동3길 1,100.0
 그린경로당 ,경상남도 창원시 마산합포구 묘촌1길 28,경상남도 창원시 마산합포구 묘촌1길 28,35.13994137185,128.559299467118,경상남도 창원시 마산합포구 현동 묘촌1길 28,100.0
 현동중흥S클래스프라디움3차경로당 ,경상남도 창원시 마산합포구 현동1길 8,경상남도 창원시 마산합포구 현동1길 8,35.147979173413,128.559696026407,경상남도 창원시 마산합포구 현동 현동1길 8,100.0
 현동 코오롱하늘채아파트 경로당 ,경상남도 창원시 마산합포구 현동9길 13,경상남도 창원시 마산합포구 현동9길 13,35.144361376364,128.55769861888,경상남도 창원시 마산합포구 현동 현동9길 13,100.0
현동중흥2차아파트경로당,경상남도 창원시 마산합포구 현동9길 14,경상남도 창원시 마산합포구 현동9길 14,35.145184563075,128.554784398784,경상남도 창원시 마산합포구 현동 현동9길 14,100.0
 상춘남성경로당 ,경상남도 창원시 마산합포구 완월북5길 28,경상남도 창원시 마산합포구 완월북5길 28,35.198793581314,128.559559149928,경상남도 창원시 마산합포구 완월동 완월북5길 28,100.0
 상춘여성경로당 ,경상남도 창원시 마산합포구 완월북5길 28,경상남도 창원시 마산합포구 완월북5길 28,35.198793581314,128.559559149928,경상남도 창원시 마산합포구 완월동 완월북5길 28,100.0
 완월남성경로당 ,경상남도 창원시 마산합포구 마산합포구 완월동5길 15,경상남도 창원시 마산합포구 마산합포구 완월동5길 15,35.197699072397,128.564589046205,경상남도 창원시 마산합포구 장군동4가 완월동5길 15,97.92
 완월여성경로당 ,경상남도 창원시 마산합포구 마산합포구 완월동5길 15,경상남도 창원시 마산합포구 마산합포구 완월동5길 15,35.197699072397,128.564589046205,경상남도 창원시 마산합포구 장군동4가 완월동5길 15,97.92
 학산남성경로당 ,경상남도 창원시 마산합포구 완월남1길 50,경상남도 창원시 마산합포구 완월남1길 50,35.196761891803,128.559343483559,경상남도 창원시 마산합포구 완월동 완월남1길 50,100.0
 확산여성경로당 ,경상남도 창원시 마산합포구 완월남1길 50,경상남도 창원시 마산합포구 완월남1길 50,35.196761891803,128.559343483559,경상남도 창원시 마산합포구 완월동 완월남1길 50,100.0
 서광1차아파트경로당 ,경상남도 창원시 마산합포구 고운로 168,경상남도 창원시 마산합포구 고운로 168,35.19676474165,128.562699765229,경상남도 창원시 마산합포구 완월동 고운로 168,100.0
 화인아파트경로당 ,경상남도 창원시 마산합포구 완월남8길 16,경상남도 창원시 마산합포구 완월남8길 16,35.195627065932,128.557666180915,경상남도 창원시 마산합포구 완월동 완월남8길 16,100.0
 청구제네스아파트경로당 ,경상남도 창원시 마산합포구 완월남로 45,경상남도 창원시 마산합포구 완월남로 45,35.196975043601,128.556643085813,경상남도 창원시 마산합포구 완월동 완월남로 45,100.0
 서광2차아파트경로당 ,경상남도 창원시 마산합포구 완월남로 54,경상남도 창원시 마산합포구 완월남로 54,35.197657875343,128.556729587054,경상남도 창원시 마산합포구 완월동 완월남로 54,100.0
 율티경로당 ,경상남도 창원시 마산합포구 진전면 미더덕로 24,경상남도 창원시 마산합포구 진전면 미더덕로 24,35.105706302033,128.452941425356,경상남도 창원시 마산합포구 진전면 율티리 미더덕로 24,100.0
 근곡경로당 ,경상남도 창원시 마산합포구 진전면 근곡1길 181,경상남도 창원시 마산합포구 진전면 근곡1길 181,35.115292307509,128.445912696629,경상남도 창원시 마산합포구 진전면 근곡리 근곡1길 181,100.0
 신기경로당 ,경상남도 창원시 마산합포구 진전면 진전신기길 5,경상남도 창원시 마산합포구 진전면 진전신기길 5,35.108030394236,128.4484568557,경상남도 창원시 마산합포구 진전면 근곡리 진전신기길 5,100.0
 임곡경로당 ,경상남도 창원시 마산합포구 진전면 임곡길 133,경상남도 창원시 마산합포구 진전면 임곡길 133,35.111610933725,128.436009897122,경상남도 창원시 마산합포구 진전면 임곡리 임곡길 133,100.0
 진목경로당 ,경상남도 창원시 마산합포구 진전면 진목길 42,경상남도 창원시 마산합포구 진전면 진목길 42,35.107401416221,128.439660467412,경상남도 창원시 마산합포구 진전면 임곡리 진목길 42,100.0
 대산경로당 ,경상남도 창원시 마산합포구 진전면 대산길 71,경상남도 창원시 마산합포구 진전면 대산길 71,35.103751935579,128.436328074167,경상남도 창원시 마산합포구 진전면 임곡리 대산길 71,100.0
 봉곡경로당 ,경상남도 창원시 마산합포구 진전면 봉곡길 16-7,경상남도 창원시 마산합포구 진전면 봉곡길 16-7,35.110436461452,128.418383425296,경상남도 창원시 마산합포구 진전면 봉곡리 봉곡길 16-7,100.0
 도산경로당 ,경상남도 창원시 마산합포구 진전면 팔의사로 841-17,경상남도 창원시 마산합포구 진전면 팔의사로 841-17,35.108379584322,128.426531473373,경상남도 창원시 마산합포구 진전면 봉곡리 팔의사로 841-17,100.0
 곡안경로당 ,경상남도 창원시 마산합포구 진전면 곡안1길 18,경상남도 창원시 마산합포구 진전면 곡안1길 18,35.110196361835,128.413815623342,경상남도 창원시 마산합포구 진전면 곡안리 곡안1길 18,100.0
 곡안부녀경로당 ,경상남도 창원시 마산합포구 진전면 곡안1길 18,경상남도 창원시 마산합포구 진전면 곡안1길 18,35.110196361835,128.413815623342,경상남도 창원시 마산합포구 진전면 곡안리 곡안1길 18,100.0
 동산경로당 ,경상남도 창원시 마산합포구 진전면  동산1길 59,경상남도 창원시 마산합포구 진전면 동산1길 59,35.119722562432,128.394033828934,경상남도 창원시 마산합포구 진전면 동산리 동산1길 59,100.0
동산여성경로당,경상남도 창원시 마산합포구 진전면 동산1길 51,경상남도 창원시 마산합포구 진전면 동산1길 51,35.119380035959,128.393649602492,경상남도 창원시 마산합포구 진전면 동산리 동산1길 51,100.0
 양촌경로당 ,경상남도 창원시 마산합포구 진전면 팔의사로 390,경상남도 창원시 마산합포구 진전면 팔의사로 390,35.124126246722,128.385649243549,경상남도 창원시 마산합포구 진전면 양촌리 팔의사로 390,100.0
 개양경로당 ,경상남도 창원시 마산합포구 진전면 개양길 11,경상남도 창원시 마산합포구 진전면 개양길 11,35.127953004617,128.382425144493,경상남도 창원시 마산합포구 진전면 양촌리 개양길 11,100.0
 대정경로당 ,경상남도 창원시 마산합포구 진전면 의산삼일로 11,경상남도 창원시 마산합포구 진전면 의산삼일로 11,35.131043077042,128.376495534729,경상남도 창원시 마산합포구 진전면 양촌리 의산삼일로 11,100.0
 봉암경로당 ,경상남도 창원시 마산합포구 진전면 팔의사로 209,경상남도 창원시 마산합포구 진전면 팔의사로 209,35.131332294611,128.369075371124,경상남도 창원시 마산합포구 진전면 봉암리 팔의사로 209,100.0
 일암경로당 ,경상남도 창원시 마산합포구 진전면 일암1길 213,경상남도 창원시 마산합포구 진전면 일암1길 213,35.121938653813,128.375112353067,경상남도 창원시 마산합포구 진전면 일암리 일암1길 213,100.0
 대방경로당 ,경상남도 창원시 마산합포구 진전면 적석산길 616,경상남도 창원시 마산합포구 진전면 적석산길 616,35.117584045565,128.360890275035,경상남도 창원시 마산합포구 진전면 일암리 적석산길 616,100.0
 동대경로당 ,경상남도 창원시 마산합포구 진전면 오서로 19,경상남도 창원시 마산합포구 진전면 오서로 19,35.103585722439,128.416541250617,경상남도 창원시 마산합포구 진전면 오서리 오서로 19,100.0
 동대부녀경로당 ,경상남도 창원시 마산합포구 진전면 오서로 7-1,경상남도 창원시 마산합포구 진전면 오서로 7-1,35.102719159379,128.416187953398,경상남도 창원시 마산합포구 진전면 오서리 오서로 7-1,100.0
 문화마을경로당 ,경상남도 창원시 마산합포구 진전면 오서1길 14,경상남도 창원시 마산합포구 진전면 오서1길 14,35.10091411653,128.416812489003,경상남도 창원시 마산합포구 진전면 오서리 오서1길 14,100.0
 서대경로당 ,경상남도 창원시 마산합포구 진전면 대실로 120,경상남도 창원시 마산합포구 진전면 대실로 120,35.10185682918,128.415155722022,경상남도 창원시 마산합포구 진전면 오서리 대실로 120,100.0
 회동경로당 ,경상남도 창원시 마산합포구 진전면 탑동길 57,경상남도 창원시 마산합포구 진전면 탑동길 57,35.098041344945,128.4060350379,경상남도 창원시 마산합포구 진전면 오서리 탑동길 57,100.0
 탑동경로당 ,경상남도 창원시 마산합포구 진전면 탑동길 246,경상남도 창원시 마산합포구 진전면 탑동길 246,35.09582998934,128.39831664618,경상남도 창원시 마산합포구 진전면 오서리 탑동길 246,100.0
 월안경로당 ,경상남도 창원시 마산합포구 진전면 월안2길 11,경상남도 창원시 마산합포구 진전면 월안2길 11,35.105906294242,128.409047745359,경상남도 창원시 마산합포구 진전면 오서리 월안2길 11,100.0
 호산경로당 ,경상남도 창원시 마산합포구 진전며뉴 호산정달로 59,경상남도 창원시 마산합포구 진전며뉴 호산정달로 59,35.098281486471,128.431206312231,경상남도 창원시 마산합포구 진전면 오서리 호산정달로 59,98.24
 이명경로당 ,경상남도 창원시 마산합포구 진전면 이명1길 94,경상남도 창원시 마산합포구 진전면 이명1길 94,35.092399192551,128.446737978815,경상남도 창원시 마산합포구 진전면 이명리 이명1길 94,100.0
 정달경로당 ,경상남도 창원시 마산합포구 진전면 호산정달로 151-29,경상남도 창원시 마산합포구 진전면 호산정달로 151-29,35.097540202138,128.438936537396,경상남도 창원시 마산합포구 진전면 이명리 호산정달로 151,99.18
 창포경로당 ,경상남도 창원시 마산합포구 진전면 회진로 1493-1,경상남도 창원시 마산합포구 진전면 회진로 1493-1,35.089920496144,128.459650719752,경상남도 창원시 마산합포구 진전면 창포리 회진로 1493-1,100.0
 창포여성경로당 ,경상남도 창원시 마산합포구 진전면 회진로 1493-1,경상남도 창원시 마산합포구 진전면 회진로 1493-1,35.089920496144,128.459650719752,경상남도 창원시 마산합포구 진전면 창포리 회진로 1493-1,100.0
 시락경로당 ,경상남도 창원시 마산합포구 진전면 회진로 1016-6,경상남도 창원시 마산합포구 진전면 회진로 1016-6,35.072071107604,128.440034132656,경상남도 창원시 마산합포구 진전면 시락리 회진로 1016-6,100.0
 정곡경로당 ,경상남도 창원시 마산합포구 진전면 진전정곡길 23-2,경상남도 창원시 마산합포구 진전면 진전정곡길 23-2,35.06022198827,128.425517598365,경상남도 창원시 마산합포구 진전면 시락리 진전정곡길 23-2,100.0
 소포경로당 ,경상남도 창원시 마산합포구 진전면 회진로 1140,경상남도 창원시 마산합포구 진전면 회진로 1140,35.074778797605,128.452005921142,경상남도 창원시 마산합포구 진전면 시락리 회진로 1140,100.0
 상평경로당 ,경상남도 창원시 마산합포구 진전면 상평음달길 2,경상남도 창원시 마산합포구 진전면 상평음달길 2,35.165021384677,128.401011092775,경상남도 창원시 마산합포구 진전면 평암리 상평음달길 2,100.0
 미천경로당 ,경상남도 창원시 마산합포구 진전면 미천1길 72-4,경상남도 창원시 마산합포구 진전면 미천1길 72-4,35.150805970258,128.400738345646,경상남도 창원시 마산합포구 진전면 평암리 미천1길 72-4,100.0
 상촌경로당 ,경상남도 창원시 마산합포구 진전면 금암상촌길 88,경상남도 창원시 마산합포구 진전면 금암상촌길 88,35.137175025948,128.39123804513,경상남도 창원시 마산합포구 진전면 금암리 금암상촌길 88,100.0
 의산경로당 ,경상남도 창원시 마산합포구 진전면 의산삼일로 65-1,경상남도 창원시 마산합포구 진전면 의산삼일로 65-1,35.135430709988,128.374510113324,경상남도 창원시 마산합포구 진전면 금암리 의산삼일로 65-1,100.0
 의산부녀경로당 ,경상남도 창원시 마산합포구 진전면 의산삼일로 65-1,경상남도 창원시 마산합포구 진전면 의산삼일로 65-1,35.135430709988,128.374510113324,경상남도 창원시 마산합포구 진전면 금암리 의산삼일로 65-1,100.0
 중촌경로당 ,경상남도 창원시 마산합포구 진전면 금암중촌길 43,경상남도 창원시 마산합포구 진전면 금암중촌길 43,35.139130482049,128.383902706385,경상남도 창원시 마산합포구 진전면 금암리 금암중촌길 43,100.0
 거락경로당 ,경상남도 창원시 마산합포구 진전면 거락2길 6,경상남도 창원시 마산합포구 진전면 거락2길 6,35.141587092141,128.372163348073,경상남도 창원시 마산합포구 진전면 고사리 거락2길 6,100.0
 원산경로당 ,경상남도 창원시 마산합포구 진전면 의산삼일로 248,경상남도 창원시 마산합포구 진전면 의산삼일로 248,35.151283235825,128.370131658563,경상남도 창원시 마산합포구 진전면 고사리 의산삼일로 248,100.0
 대량경로당 ,경상남도 창원시 마산합포구 진전면 대량1길 98,경상남도 창원시 마산합포구 진전면 대량1길 98,35.161683501285,128.376244161453,경상남도 창원시 마산합포구 진전면 고사리 대량1길 98,100.0
 옥방경로당 ,경상남도 창원시 마산합포구 진전면 옥방샛담길 55,경상남도 창원시 마산합포구 진전면 옥방샛담길 55,35.175740916829,128.377886679199,경상남도 창원시 마산합포구 진전면 여양리 옥방샛담길 55,100.0
 옥방내동경로당 ,경상남도 창원시 마산합포구 진전면 옥방내동길 195,경상남도 창원시 마산합포구 진전면 옥방내동길 195,35.179381973659,128.38975595701,경상남도 창원시 마산합포구 진전면 여양리 옥방내동길 195,100.0
 둔덕경로당 ,경상남도 창원시 마산합포구 진전면 둔덕안담길 27,경상남도 창원시 마산합포구 진전면 둔덕안담길 27,35.191971089315,128.389457728895,경상남도 창원시 마산합포구 진전면 여양리 둔덕안담길 27,100.0
 진동경로당 ,경상남도 창원시  마산합포구 성산길 56,경상남도 창원시 마산합포구 성산길 56,35.114803181549,128.488240804751,경상남도 창원시 마산합포구 진동면 진동리 성산길 56,100.0
 서촌1구경로당 ,경상남도 창원시  마산합포구 진동시장길 24-21,경상남도 창원시 마산합포구 진동시장길 24-21,35.11440487351,128.487537479255,경상남도 창원시 마산합포구 진동면 진동리 진동시장길 24-21,100.0
 고현경로당 ,경상남도 창원시  마산합포구 미더덕로 358-11,경상남도 창원시 마산합포구 미더덕로 358-11,35.102550725035,128.479863092527,경상남도 창원시 마산합포구 진동면 고현리 미더덕로 358-11,100.0
 광암경로당 ,경상남도 창원시  마산합포구 광암해안길 6,경상남도 창원시 마산합포구 광암해안길 6,35.104533464231,128.498024665051,경상남도 창원시 마산합포구 진동면 요장리 광암해안길 6,100.0
 동촌1구경로당 ,경상남도 창원시  마산합포구 문화마당길 11-14,경상남도 창원시 마산합포구 문화마당길 11-14,35.112413375225,128.489230036963,경상남도 창원시 마산합포구 진동면 진동리 문화마당길 11-14,100.0
 서촌2구 경로당 ,경상남도 창원시  마산합포구 서동촌길 2-9,경상남도 창원시 마산합포구 서동촌길 2-9,35.112824046571,128.486574817675,경상남도 창원시 마산합포구 진동면 진동리 서동촌길 2-9,100.0
 서촌3구경로당 ,경상남도 창원시  마산합포구 서촌바다길 46,경상남도 창원시 마산합포구 서촌바다길 46,35.112806905579,128.484167115988,경상남도 창원시 마산합포구 진동면 진동리 서촌바다길 46,100.0
 교동경로당 ,경상남도 창원시  마산합포구 교동3길 40-10,경상남도 창원시 마산합포구 교동3길 40-10,35.117444570697,128.500996217365,경상남도 창원시 마산합포구 진동면 교동리 교동3길 40-10,100.0
 입곡경로당 ,경상남도 창원시  마산합포구  입곡길 319-12,경상남도 창원시 마산합포구 입곡길 319-12,35.136198576138,128.517688106987,경상남도 창원시 마산합포구 진동면 인곡리 입곡길 319-12,100.0
 죽전남성경로당 ,경상남도 창원시  마산합포구 죽전안담길 4,경상남도 창원시 마산합포구 죽전안담길 4,35.106155865409,128.478069449066,경상남도 창원시 마산합포구 진동면 신기리 죽전안담길 4,100.0
 죽전여성경로당 ,경상남도 창원시  마산합포구 죽전안담길 4,경상남도 창원시 마산합포구 죽전안담길 4,35.106155865409,128.478069449066,경상남도 창원시 마산합포구 진동면 신기리 죽전안담길 4,100.0
 신기경로당 ,경상남도 창원시  마산합포구 신기남산길 105,경상남도 창원시 마산합포구 신기남산길 105,35.111897301447,128.475512633322,경상남도 창원시 마산합포구 진동면 신기리 신기남산길 105,100.0
 성산남자경로당 ,경상남도 창원시  마산합포구 성산안길 3,경상남도 창원시 마산합포구 성산안길 3,35.115191221756,128.489162478824,경상남도 창원시 마산합포구 진동면 진동리 성산안길 3,100.0
 성산여자경로당 ,경상남도 창원시  마산합포구 성산안길 3,경상남도 창원시 마산합포구 성산안길 3,35.115191221756,128.489162478824,경상남도 창원시 마산합포구 진동면 진동리 성산안길 3,100.0
 혜창아파트경로당 ,경상남도 창원시  마산합포구 요장1길 29,경상남도 창원시 마산합포구 요장1길 29,35.111649825755,128.490931228032,경상남도 창원시 마산합포구 진동면 요장리 요장1길 29,100.0
 장기경로당 ,경상남도 창원시  마산합포구  미더덕로 311,경상남도 창원시 마산합포구 미더덕로 311,35.099621962337,128.476635305433,경상남도 창원시 마산합포구 진동면 고현리 미더덕로 311,100.0
 건우아파트경로당 ,경상남도 창원시  마산합포구 서촌바다길 108,경상남도 창원시 마산합포구 서촌바다길 108,35.110402598563,128.484148424344,경상남도 창원시 마산합포구 진동면 사동리 서촌바다길 108,100.0
 사동1구경로당 ,경상남도 창원시  마산합포구 사동길 110-5,경상남도 창원시 마산합포구 사동길 110-5,35.118779346868,128.480805386082,경상남도 창원시 마산합포구 진동면 사동리 사동길 110-5,100.0
 동전경로당 ,경상남도 창원시  마산합포구 동전길 353-21,경상남도 창원시 마산합포구 동전길 353-21,35.159529394079,128.517950544375,경상남도 창원시 마산합포구 진동면 동전리 동전길 353-21,100.0
 묵지경로당 ,경상남도 창원시  마산합포구 묵지길 155,경상남도 창원시 마산합포구 묵지길 155,35.159750257227,128.529493849971,경상남도 창원시 마산합포구 진동면 동전리 묵지길 155,100.0
 새모실경로당 ,경상남도 창원시  마산합포구 새무실길 18,경상남도 창원시 마산합포구 새무실길 18,35.152712853231,128.516726451235,경상남도 창원시 마산합포구 진동면 동전리 새무실길 18,100.0
 오산경로당 ,경상남도 창원시  마산합포구 오산3길 37-16,경상남도 창원시 마산합포구 오산3길 37-16,35.14169278794,128.506065340948,경상남도 창원시 마산합포구 진동면 태봉리 오산3길 37-16,100.0
 태봉경로당 ,경상남도 창원시  마산합포구 태봉1길 85-29,경상남도 창원시 마산합포구 태봉1길 85-29,35.147121285623,128.509640809386,경상남도 창원시 마산합포구 진동면 태봉리 태봉1길 85-29,100.0
 다구경로당 ,경상남도 창원시  마산합포구 다구1길 59-10,경상남도 창원시 마산합포구 다구1길 59-10,35.107535903858,128.520219525565,경상남도 창원시 마산합포구 진동면 다구리 다구1길 59-10,100.0
 야촌경로당 ,경상남도 창원시  마산합포구 교동1길 18,경상남도 창원시 마산합포구 교동1길 18,35.119143372923,128.494982369475,경상남도 창원시 마산합포구 진동면 교동리 교동1길 18,100.0
 도만경로당 ,경상남도 창원시  마산합포구 도만1길 42,경상남도 창원시 마산합포구 도만1길 42,35.118659820929,128.531222366044,경상남도 창원시 마산합포구 진동면 다구리 도만1길 42,100.0
 요장1구 경로당 ,경상남도 창원시  마산합포구 요장1길 83-5,경상남도 창원시 마산합포구 요장1길 83-5,35.111337641772,128.493356280259,경상남도 창원시 마산합포구 진동면 요장리 요장1길 83-5,100.0
 주도경로당 ,경상남도 창원시  마산합포구 주도2길 22-66,경상남도 창원시 마산합포구 주도2길 22-66,35.099839221267,128.504832698267,경상남도 창원시 마산합포구 진동면 요장리 주도2길 22-66,100.0
 동촌2구경로당 ,경상남도 창원시  마산합포구 동촌길 28,경상남도 창원시 마산합포구 동촌길 28,35.111637462448,128.486482365283,경상남도 창원시 마산합포구 진동면 진동리 동촌길 28,100.0
 한일유엔아이아파트경로당 ,경상남도 창원시  마산합포구 진북산업로 58,경상남도 창원시 마산합포구 진북산업로 58,35.120912289769,128.488361504156,경상남도 창원시 마산합포구 진동면 진동리 진북산업로 58,100.0
 양도경로당 ,경상남도 창원시  마산합포구 양도길 177-23,경상남도 창원시 마산합포구 양도길 177-23,35.081709248517,128.491570348149,경상남도 창원시 마산합포구 진동면 고현리 양도길 177-23,100.0
 협성엠파이어아파트경로당 ,경상남도 창원시  마산합포구 진북산업로 55,경상남도 창원시 마산합포구 진북산업로 55,35.120251544342,128.487590117607,경상남도 창원시 마산합포구 진동면 진동리 진북산업로 55,100.0
 동촌3구경로당 ,경상남도 창원시  마산합포구 동촌길 185,경상남도 창원시 마산합포구 동촌길 185,35.111613741662,128.487235227827,경상남도 창원시 마산합포구 진동면 진동리 동촌길 185,100.0
 송도경로당 ,경상남도 창원시  마산합포구 송도길 22-12,경상남도 창원시 마산합포구 송도길 22-12,35.091110516848,128.490855036532,경상남도 창원시 마산합포구 진동면 진동리 송도길 22-12,100.0
월영대내경로당,경상남도 창원시 마산합포구 월영북3길 29-36 (월영동),경상남도 창원시 마산합포구 월영북3길 29-36,35.181576146363,128.555886619052,경상남도 창원시 마산합포구 월영동 월영북3길 29-36,100.0
새동네남성경로당,경상남도 창원시 마산합포구 월영서9길 5 (월영동),경상남도 창원시 마산합포구 월영서9길 5,35.176244794939,128.556175207978,경상남도 창원시 마산합포구 월영동 월영서9길 5,100.0
새동네여성경로당,경상남도 창원시 마산합포구 월영서9길 5 (월영동),경상남도 창원시 마산합포구 월영서9길 5,35.176244794939,128.556175207978,경상남도 창원시 마산합포구 월영동 월영서9길 5,100.0
월영남성경로당,경상남도 창원시 마산합포구 월영서3길 15 (월영동),경상남도 창원시 마산합포구 월영서3길 15,35.177266087931,128.555855186915,경상남도 창원시 마산합포구 월영동 월영서3길 15,100.0
월영여성경로당,경상남도 창원시 마산합포구 월영서3길 15 (월영동),경상남도 창원시 마산합포구 월영서3길 15,35.177266087931,128.555855186915,경상남도 창원시 마산합포구 월영동 월영서3길 15,100.0
해운경로당(남자),경상남도 창원시 마산합포구 가포로 63 (해운동),경상남도 창원시 마산합포구 가포로 63,35.177849300754,128.563758315781,경상남도 창원시 마산합포구 해운동 가포로 63,100.0
해운경로당(여자),경상남도 창원시 마산합포구 가포로 63 (해운동),경상남도 창원시 마산합포구 가포로 63,35.177849300754,128.563758315781,경상남도 창원시 마산합포구 해운동 가포로 63,100.0
대내주공아파트경로당,"경상남도 창원시 마산합포구 월영북15길 9 (대내동,대내주공아파트)",경상남도 창원시 마산합포구 월영북15길 9,35.181739635385,128.558159372098,경상남도 창원시 마산합포구 대내동 월영북15길 9,100.0
월영라이프경로당,"경상남도 창원시 마산합포구 월영서3길 95 (월영동,월영라이프타운)",경상남도 창원시 마산합포구 월영서3길 95,35.17703248429,128.554633524527,경상남도 창원시 마산합포구 월영동 월영서3길 95,100.0
화인아트빌라남자경로당,"경상남도 창원시 마산합포구 밤밭고개로 371 (월영동,화인아트빌라)",경상남도 창원시 마산합포구 밤밭고개로 371,35.174391220871,128.555741779765,경상남도 창원시 마산합포구 월영동 밤밭고개로 371,100.0
화인아트빌라여자경로당,"경상남도 창원시 마산합포구 밤밭고개로 371 (월영동,화인아트빌라)",경상남도 창원시 마산합포구 밤밭고개로 371,35.174391220871,128.555741779765,경상남도 창원시 마산합포구 월영동 밤밭고개로 371,100.0
월영SK오션뷰경로당,경상남도 창원시 마산합포구 월영남12길 12(월영동 월영SK오션뷰아파트),경상남도 창원시 마산합포구 월영남12길 12,35.176150917623,128.559467703365,경상남도 창원시 마산합포구 월영동 월영남12길 12,100.0
두산1차아파트남자경로당,"경상남도 창원시 마산합포구 월영동6길 35 (해운동,두산1차아파트)",경상남도 창원시 마산합포구 월영동6길 35,35.178728269031,128.561905412265,경상남도 창원시 마산합포구 해운동 월영동6길 35,100.0
두산1차아파트여자경로당,"경상남도 창원시 마산합포구 월영동6길 35 (해운동,두산1차아파트)",경상남도 창원시 마산합포구 월영동6길 35,35.178728269031,128.561905412265,경상남도 창원시 마산합포구 해운동 월영동6길 35,100.0
대동씨코아경로당,"경상남도 창원시 마산합포구 월영동로 8 (해운동,대동씨코아아파트)",경상남도 창원시 마산합포구 월영동로 8,35.179759117393,128.562475549319,경상남도 창원시 마산합포구 해운동 월영동로 8,100.0
평화골든타워경로당,"경상남도 창원시 마산합포구 월영동남로 18 (해운동,평화골든타워)",경상남도 창원시 마산합포구 월영동남로 18,35.177900975187,128.565983291979,경상남도 창원시 마산합포구 해운동 월영동남로 18,100.0
한일비치맨션경로당,"경상남도 창원시 마산합포구 월영동남로 22 (해운동,한일비치맨션)",경상남도 창원시 마산합포구 월영동남로 22,35.177953026806,128.566633643846,경상남도 창원시 마산합포구 해운동 월영동남로 22,100.0
해오름아파트경로당,"경상남도 창원시 마산합포구 월영동11길 57(해운동,해오름아파트)",경상남도 창원시 마산합포구 월영동11길 57,35.178741051433,128.566465921964,경상남도 창원시 마산합포구 해운동 월영동11길 57,100.0
두산2차아파트남성경로당,"경상남도 창원시 마산합포구 월영동로 19 (해운동,두산2차아파트)",경상남도 창원시 마산합포구 월영동로 19,35.179292161567,128.564377319331,경상남도 창원시 마산합포구 해운동 월영동로 19,100.0
두산2차아파트여성경로당,"경상남도 창원시 마산합포구 월영동로 19 (해운동,두산2차아파트)",경상남도 창원시 마산합포구 월영동로 19,35.179292161567,128.564377319331,경상남도 창원시 마산합포구 해운동 월영동로 19,100.0
두산3차아파트남성경로당,"경상남도 창원시 마산합포구 월영동11길 42 (해운동,두산3차아파트)",경상남도 창원시 마산합포구 월영동11길 42,35.178244633217,128.56521450382,경상남도 창원시 마산합포구 해운동 월영동11길 42,100.0
두산3차아파트여성경로당,"경상남도 창원시 마산합포구 월영동11길 42 (해운동,두산3차아파트)",경상남도 창원시 마산합포구 월영동11길 42,35.178244633217,128.56521450382,경상남도 창원시 마산합포구 해운동 월영동11길 42,100.0
해운31통해운한백경로당,"경상남도 창원시 마산합포구 월영동13길 14 (해운동,해운한백아파트)",경상남도 창원시 마산합포구 월영동13길 14,35.181538427799,128.562828762719,경상남도 창원시 마산합포구 해운동 월영동13길 14,100.0
경민시티빌경로당,"경상남도 창원시 마산합포구 해안대로 91 (해운동,경민시티빌아파트)",경상남도 창원시 마산합포구 해안대로 91,35.184095327362,128.563448101545,경상남도 창원시 마산합포구 해운동 해안대로 91,100.0
해운동성아파트경로당,"경상남도 창원시 마산합포구 월영동16길 17 (해운동,해운동성아파트)",경상남도 창원시 마산합포구 월영동16길 17,35.18311389032,128.563893934974,경상남도 창원시 마산합포구 해운동 월영동16길 17,100.0
동아1차아파트경로당,"경상남도 창원시 마산합포구 월영남로 43 (월영동,동아1차아파트)",경상남도 창원시 마산합포구 월영남로 43,35.17553308754,128.559050619863,경상남도 창원시 마산합포구 월영동 월영남로 43,100.0
대동아파트경로당,"경상남도 창원시 마산합포구 월영남로 42 (월영동,대동아파트)",경상남도 창원시 마산합포구 월영남로 42,35.174857757601,128.558562541641,경상남도 창원시 마산합포구 월영동 월영남로 42,100.0
월영현대아파트경로당,"경상남도 창원시 마산합포구 월영마을로 12 (월영동,월영현대아파트)",경상남도 창원시 마산합포구 월영마을로 12,35.174837305758,128.557370802647,경상남도 창원시 마산합포구 월영동 월영마을로 12,100.0
현대산업1차아파트경로당,"경상남도 창원시 마산합포구 월영마을로 7 (월영동,현대산업1차아파트)",경상남도 창원시 마산합포구 월영마을로 7,35.173970700788,128.558154929689,경상남도 창원시 마산합포구 월영동 월영마을로 7,100.0
동아2차아파트남성경로당,"경상남도 창원시 마산합포구 월영마을로 29 (월영동,동아2차아파트)",경상남도 창원시 마산합포구 월영마을로 29,35.17185745536,128.558464473373,경상남도 창원시 마산합포구 월영동 월영마을로 29,100.0
동아2차아파트여성경로당,"경상남도 창원시 마산합포구 월영마을로 29 (월영동,동아2차아파트)",경상남도 창원시 마산합포구 월영마을로 29,35.17185745536,128.558464473373,경상남도 창원시 마산합포구 월영동 월영마을로 29,100.0
현대산업2차아파트경로당,"경상남도 창원시 마산합포구 월영마을로 52 (월영동,현대산업2차아파트)",경상남도 창원시 마산합포구 월영마을로 52,35.171641747081,128.558158533908,경상남도 창원시 마산합포구 월영동 월영마을로 52,100.0
월영현대3차경로당,"경상남도 창원시 마산합포구 월영마을로 32 (월영동,월영현대3차아파트)",경상남도 창원시 마산합포구 월영마을로 32,35.172033852512,128.556919688618,경상남도 창원시 마산합포구 월영동 월영마을로 32,100.0
월영새동네경로당,경상남도 창원시 마산합포구 월영남10길 23-3 (월영동),경상남도 창원시 마산합포구 월영남10길 23-3,35.175418171648,128.556964615619,경상남도 창원시 마산합포구 월영동 월영남10길 23-3,100.0
마린애시앙경로당,경상남도 창원시 마산합포구 가포순환로 33,경상남도 창원시 마산합포구 가포순환로 33,35.174365236971,128.567391954627,경상남도 창원시 마산합포구 월영동 가포순환로 33,100.0
산호남성경로당,경상남도 창원시 마산합포구 산호북10길 5-1(산호동),경상남도 창원시 마산합포구 산호북10길 5-1,35.218709318535,128.583231739971,경상남도 창원시 마산합포구 산호동 산호북10길 5-1,100.0
산호여성경로당,경상남도 창원시 마산합포구 산호북10길 5-1(산호동),경상남도 창원시 마산합포구 산호북10길 5-1,35.218709318535,128.583231739971,경상남도 창원시 마산합포구 산호동 산호북10길 5-1,100.0
산호중앙경로당,경상남도 창원시 마산합포구 산호남1길 31,경상남도 창원시 마산합포구 산호남1길 31,35.215394946381,128.581595927748,경상남도 창원시 마산합포구 산호동 산호남1길 31,100.0
산호현대남경로당,경상남도 창원시 마산합포구 산호서2길 46(산호동),경상남도 창원시 마산합포구 산호서2길 46,35.21708742027,128.578046527029,경상남도 창원시 마산합포구 산호동 산호서2길 46,100.0
산호현대여경로당,경상남도 창원시 마산합포구 산호서2길 46(산호동),경상남도 창원시 마산합포구 산호서2길 46,35.21708742027,128.578046527029,경상남도 창원시 마산합포구 산호동 산호서2길 46,100.0
가고파경로당,경상남도 창원시 마산합포구 산호북4길 60(산호동),경상남도 창원시 마산합포구 산호북4길 60,35.218624828951,128.585154129465,경상남도 창원시 마산합포구 산호동 산호북4길 60,100.0
합포남성경로당,경상남도 창원시 마산합포구 산호동6길48(산호동),경상남도 창원시 마산합포구 산호동6길48(산호동),35.21428438612,128.586956993019,경상남도 창원시 마산합포구 산호동 산호동6길 48,100.0
합포여성경로당,경상남도 창원시 마산합포구 산호동6길48(산호동),경상남도 창원시 마산합포구 산호동6길48(산호동),35.21428438612,128.586956993019,경상남도 창원시 마산합포구 산호동 산호동6길 48,100.0
삼성타운경로당,경상남도 창원시 마산합포구 산호북1길 15(산호동),경상남도 창원시 마산합포구 산호북1길 15,35.217238755532,128.583979657192,경상남도 창원시 마산합포구 산호동 산호북1길 15,100.0
대한아파트경로당,경상남도 창원시 마산합포구 산호북5길 26(산호동),경상남도 창원시 마산합포구 산호북5길 26,35.219990576254,128.58577179191,경상남도 창원시 마산합포구 산호동 산호북5길 26,100.0
경동리인아파트경로당,경상남도 창원시 마산합포구 산호동4길 6(산호동),경상남도 창원시 마산합포구 산호동4길 6,35.216476924353,128.588928249007,경상남도 창원시 마산합포구 산호동 산호동4길 6,100.0
자산남성경로당,"경상남도 창원시 마산합포구 자산동9길42, 2층(자산동)","경상남도 창원시 마산합포구 자산동9길42, 2층(자산동)",35.203857633846,128.5676072019,경상남도 창원시 마산합포구 자산동 자산동9길 42-2,99.58
자산여성경로당,"경상남도 창원시 마산합포구 자산동9길42, 1층(자산동)","경상남도 창원시 마산합포구 자산동9길42, 1층(자산동)",35.203859938869,128.567791352313,경상남도 창원시 마산합포구 자산동 자산동9길 42-1,99.58
상봉남성경로당,"경상남도 창원시 마산합포구 자산북4길18, 2층(자산동)","경상남도 창원시 마산합포구 자산북4길18, 2층(자산동)",35.206822019632,128.565125739465,경상남도 창원시 마산합포구 자산동 자산북4길 18,99.17
상봉여성경로당,"경상남도 창원시 마산합포구 자산북4길18, 1층(자산동)","경상남도 창원시 마산합포구 자산북4길18, 1층(자산동)",35.206822019632,128.565125739465,경상남도 창원시 마산합포구 자산동 자산북4길 18,99.17
학봉남성경로당,"경상남도 창원시 마산합포구 자산서5길51, 2층(자산동)","경상남도 창원시 마산합포구 자산서5길51, 2층(자산동)",35.20388495885,128.561831986793,경상남도 창원시 마산합포구 자산동 자산서5길 51,99.17
학봉여성경로당,"경상남도 창원시 마산합포구 자산서5길51, 1층(자산 동) ","경상남도 창원시 마산합포구 자산서5길51, 1층(자산 동)",35.203933154793,128.561730649584,경상남도 창원시 마산합포구 자산동 자산서5길 51-1,99.17
자산아파트경로당,경상남도 창원시 마산합포구 자산서14길26(자산동),경상남도 창원시 마산합포구 자산서14길26(자산동),35.200710229203,128.557989890016,경상남도 창원시 마산합포구 자산동 자산서14길 26,100.0
우성아파트경로당,경상남도 창원시 마산합포구 무학로378(자산동),경상남도 창원시 마산합포구 무학로378(자산동),35.203966179492,128.559769870974,경상남도 창원시 마산합포구 자산동 무학로 378,100.0
한우아파트1.2동경로당,경상남도 창원시 마산합포구 자산솔밭로52(자산동),경상남도 창원시 마산합포구 자산솔밭로52(자산동),35.202859432997,128.559499303139,경상남도 창원시 마산합포구 자산동 자산솔밭로 52,100.0
한우아파트3.5.6동경로당,경상남도 창원시 마산합포구 자산서11길6(자산동),경상남도 창원시 마산합포구 자산서11길6(자산동),35.202572101356,128.560437489562,경상남도 창원시 마산합포구 자산동 자산서11길 6,100.0
한우아파트9.10동경로당,경상남도 창원시 마산합포구 자산서12길3(자산동),경상남도 창원시 마산합포구 자산서12길3(자산동),35.203564895877,128.560225511231,경상남도 창원시 마산합포구 자산동 자산서12길 3,100.0
한우아파트11.12동경로당,경상남도 창원시 마산합포구 자산서13길29(자산동),경상남도 창원시 마산합포구 자산서13길29(자산동),35.202467243747,128.561051128693,경상남도 창원시 마산합포구 자산동 자산서13길 29,100.0
팔도아파트경로당,경상남도 창원시 마산합포구 자산삼거리로97(자산동),경상남도 창원시 마산합포구 자산삼거리로97(자산동),35.206665906686,128.563648848126,경상남도 창원시 마산합포구 자산동 자산삼거리로 97,100.0
 성호남성경로당 ,경상남도 창원시 마산합포구 성호서5길 13(성호동),경상남도 창원시 마산합포구 성호서5길 13,35.208531508785,128.570225708452,경상남도 창원시 마산합포구 성호동 성호서5길 13,100.0
 성호여성경로당 ,경상남도 창원시 마산합포구 성호서5길 13(성호동),경상남도 창원시 마산합포구 성호서5길 13,35.208531508785,128.570225708452,경상남도 창원시 마산합포구 성호동 성호서5길 13,100.0
 추산남성경로당 ,"경상남도 창원시 마산합포구 문신길 169(추산동,추산아파트)",경상남도 창원시 마산합포구 문신길 169,35.207024526413,128.570195030687,경상남도 창원시 마산합포구 추산동 문신길 169,100.0
 추산여성경로당 ,"경상남도 창원시 마산합포구 문신길 169(추산동,추산아파트)",경상남도 창원시 마산합포구 문신길 169,35.207024526413,128.570195030687,경상남도 창원시 마산합포구 추산동 문신길 169,100.0
 신추산남성경로당 ,경상남도 창원시 마산합포구 성호동2길 48(추산동),경상남도 창원시 마산합포구 성호동2길 48,35.209444842864,128.572301905869,경상남도 창원시 마산합포구 추산동 성호동2길 48,100.0
 신추산여성경로당 ,경상남도 창원시 마산합포구 성호동2길 48(추산동),경상남도 창원시 마산합포구 성호동2길 48,35.209444842864,128.572301905869,경상남도 창원시 마산합포구 추산동 성호동2길 48,100.0
 오동동남성경로당 ,경상남도 창원시 마산합포구 오동동10길 81-1(오동동),경상남도 창원시 마산합포구 오동동10길 81-1,35.207182902474,128.582549872148,경상남도 창원시 마산합포구 오동동 오동동10길 81-1,100.0
 오동동여성경로당 ,경상남도 창원시 마산합포구 오동북17길 1(오동동),경상남도 창원시 마산합포구 오동북17길 1,35.207690049525,128.578061362998,경상남도 창원시 마산합포구 오동동 오동북17길 1,100.0
 중성동여성경로당 ,경상남도 창원시 마산합포구 오동서17길 27(중성동),경상남도 창원시 마산합포구 오동서17길 27,35.20944006518,128.573329527198,경상남도 창원시 마산합포구 중성동 오동서17길 27,100.0
 기산아파트여성경로당 ,"경상남도 창원시 마산합포구 오동동14길 29, 3층(오동동,기산아파트)",경상남도 창원시 마산합포구 오동동14길 29,35.205269733074,128.580814315277,경상남도 창원시 마산합포구 오동동 오동동14길 29,100.0
 마린경로당 ,"경상남도 창원시 마산합포구 오동동14길67(오동동,중앙마린파이브아파트)","경상남도 창원시 마산합포구 오동동14길67(오동동,중앙마린파이브아파트)",35.206086889807,128.582973888315,경상남도 창원시 마산합포구 오동동 오동동14길 67,96.97
 동서남성경로당 ,경상남도 창원시 마산합포구 어시장8길 77(남성동),경상남도 창원시 마산합포구 어시장8길 77,35.202710109392,128.576686982334,경상남도 창원시 마산합포구 남성동 어시장8길 77,100.0
 동서여성경로당 ,경상남도 창원시 마산합포구 어시장8길 77(남성동),경상남도 창원시 마산합포구 어시장8길 77,35.202710109392,128.576686982334,경상남도 창원시 마산합포구 남성동 어시장8길 77,100.0
 서성경로당 ,경상남도 창원시 마산합포구 동서북2길 11 (서성동),경상남도 창원시 마산합포구 동서북2길 11,35.203804115394,128.572800629108,경상남도 창원시 마산합포구 서성동 동서북2길 11,100.0
 센트럴남성경로당 ,"경상남도 창원시 마산합포구 서성로 19 (신포동1가, 센트럴아파트)",경상남도 창원시 마산합포구 서성로 19,35.199071483314,128.570419581873,경상남도 창원시 마산합포구 신포동1가 서성로 19,100.0
 센트럴여성경로당 ,"경상남도 창원시 마산합포구 서성로 19 (신포동1가, 센트럴아파트)",경상남도 창원시 마산합포구 서성로 19,35.199071483314,128.570419581873,경상남도 창원시 마산합포구 신포동1가 서성로 19,100.0
 부림경로당 ,경상남도 창원시 마산합포구 동서서4길 6-26 (부림동),경상남도 창원시 마산합포구 동서서4길 6-26,35.205899591188,128.572410619153,경상남도 창원시 마산합포구 부림동 동서서4길 6-26,100.0
 신포경남경로당 ,"경상남도 창원시 마산합포구 동서남1길 25 (신포동2가, 경남신포맨션아파트)",경상남도 창원시 마산합포구 동서남1길 25,35.200991148688,128.570261080084,경상남도 창원시 마산합포구 신포동2가 동서남1길 25,100.0
 마산만아이파크경로당 ,"경상남도 창원시 마산합포구 제2부두로 17 (신포동1가, 마산만아이파크아파트)",경상남도 창원시 마산합포구 제2부두로 17,35.198041976056,128.573888013407,경상남도 창원시 마산합포구 신포동1가 제2부두로 17,100.0
 신포새롬미리내경로당 ,"경상남도 창원시 마산합포구 동서동3길 39 (신포동1가, 새롬미리내아파트)",경상남도 창원시 마산합포구 동서동3길 39,35.199817095511,128.571302447734,경상남도 창원시 마산합포구 신포동1가 동서동3길 39,100.0
 교방남성경로당 ,경상남도 창원시 마산합포구 교방동6길 15,경상남도 창원시 마산합포구 교방동6길 15,35.214436350025,128.566840090122,경상남도 창원시 마산합포구 교방동 교방동6길 15,100.0
 교방여성경로당 ,경상남도 창원시 마산합포구 교방동1길 84,경상남도 창원시 마산합포구 교방동1길 84,35.213670202165,128.567058606337,경상남도 창원시 마산합포구 교방동 교방동1길 84,100.0
 교방장수경로당 ,경상남도 창원시 마산합포구 교방서1길 35-1,경상남도 창원시 마산합포구 교방서1길 35-1,35.213296034007,128.564836396167,경상남도 창원시 마산합포구 교방동 교방서1길 35-1,100.0
 무학산블루밍경로당 ,경상남도 창원시 마산합포구 노산서18길 142,경상남도 창원시 마산합포구 노산서18길 142,35.215518495634,128.561879512184,경상남도 창원시 마산합포구 교방동 노산서18길 142,100.0
 무학자이아파트경로당 ,경상남도 창원시 마산합포구 노산서18길 19 ,경상남도 창원시 마산합포구 노산서18길 19,35.215173538409,128.56893347044,경상남도 창원시 마산합포구 교원동 노산서18길 19,100.0
 북마산남성경로당 ,경상남도 창원시  마산합포구 노산북1길 12-2,경상남도 창원시 마산합포구 노산북1길 12-2,35.214401607036,128.571630766881,경상남도 창원시 마산합포구 상남동 노산북1길 12-2,100.0
 북마산여성경로당 ,경상남도 창원시  마산합포구 노산북1길 12-2,경상남도 창원시 마산합포구 노산북1길 12-2,35.214401607036,128.571630766881,경상남도 창원시 마산합포구 상남동 노산북1길 12-2,100.0
 서광경로당 ,경상남도 창원시  마산합포구 노산북6길 26,경상남도 창원시 마산합포구 노산북6길 26,35.21406021212,128.572926692931,경상남도 창원시 마산합포구 상남동 노산북6길 26,100.0
 회산여성경로당 ,경상남도 창원시  마산합포구 노산남8길 2-29,경상남도 창원시 마산합포구 노산남8길 2-29,35.214882686369,128.570304330704,경상남도 창원시 마산합포구 상남동 노산남8길 2-29,100.0
 교원경로당 ,경상남도 창원시  마산합포구 노산남9길 14,경상남도 창원시 마산합포구 노산남9길 14,35.212720155349,128.570671206606,경상남도 창원시 마산합포구 교원동 노산남9길 14,100.0
 상남경로당 ,경상남도 창원시  마산합포구 노산동2길 18,경상남도 창원시 마산합포구 노산동2길 18,35.213096754259,128.575319307193,경상남도 창원시 마산합포구 상남동 노산동2길 18,100.0
 회남여성경로당 ,경상남도 창원시  마산합포구 노산동2길 18,경상남도 창원시 마산합포구 노산동2길 18,35.213096754259,128.575319307193,경상남도 창원시 마산합포구 상남동 노산동2길 18,100.0
 롯데캐슬프리미어아파트경로당 ,경상남도 창원시  마산합포구 노산서18길 80,경상남도 창원시 마산합포구 노산서18길 80,35.215395407386,128.567020720135,경상남도 창원시 마산합포구 교방동 노산서18길 80,100.0
구복남성경로당,경상남도 창원시 마산합포구 구산면 구복길 49,경상남도 창원시 마산합포구 구산면 구복길 49,35.069963268503,128.568157976758,경상남도 창원시 마산합포구 구산면 구복리 구복길 49,100.0
 구복여성경로당 ,경상남도 창원시 마산합포구 구산면 구복길 74,경상남도 창원시 마산합포구 구산면 구복길 74,35.070173151358,128.569391709086,경상남도 창원시 마산합포구 구산면 구복리 구복길 74,100.0
 구산경로당 ,경상남도 창원시 마산합포구 구산면 해양관광로1432,경상남도 창원시 마산합포구 구산면 해양관광로1432,35.089119018563,128.58336517987,경상남도 창원시 마산합포구 구산면 반동리 해양관광로 1432,100.0
 구산음달경로당 ,경상남도 창원시 마산합포구 구산면 구산로 566-1,경상남도 창원시 마산합포구 구산면 구산로 566-1,35.120643063039,128.580117611485,경상남도 창원시 마산합포구 구산면 수정리 구산로 566-1,100.0
 군령경로당 ,경상남도 창원시 마산합포구 구산면 석곡로 39,경상남도 창원시 마산합포구 구산면 석곡로 39,35.118574325516,128.544754697264,경상남도 창원시 마산합포구 구산면 석곡리 석곡로 39,100.0
 난포경로당 ,경상남도 창원시 마산합포구 구산면 난포1길 36,경상남도 창원시 마산합포구 구산면 난포1길 36,35.081240281035,128.604968529476,경상남도 창원시 마산합포구 구산면 난포리 난포1길 36,100.0
 내포남성경로당 ,경상남도 창원시 마산합포구 구산면 내포2길 95,경상남도 창원시 마산합포구 구산면 내포2길 95,35.098393049603,128.578677684338,경상남도 창원시 마산합포구 구산면 내포리 내포2길 95,100.0
 내포여성경로당 ,경상남도 창원시 마산합포구 구산면 내포2길 110,경상남도 창원시 마산합포구 구산면 내포2길 110,35.098648781468,128.578003024952,경상남도 창원시 마산합포구 구산면 내포리 내포2길 110,100.0
 명주경로당 ,경상남도 창원시 마산합포구 구산면 해양관광로 933,경상남도 창원시 마산합포구 구산면 해양관광로 933,35.107810872191,128.548660999419,경상남도 창원시 마산합포구 구산면 석곡리 해양관광로 933,100.0
 반동남성경로당 ,경상남도 창원시 마산합포구 구산면 반동길 88,경상남도 창원시 마산합포구 구산면 반동길 88,35.083847807294,128.582939463008,경상남도 창원시 마산합포구 구산면 반동리 반동길 88,100.0
 반동여성경로당 ,경상남도 창원시 마산합포구 구산면 반동길 90-1,경상남도 창원시 마산합포구 구산면 반동길 90-1,35.083791564723,128.582722539354,경상남도 창원시 마산합포구 구산면 반동리 반동길 90-1,100.0
 상마전경로당 ,경상남도 창원시 마산합포구 구산면 마전길 317-4,경상남도 창원시 마산합포구 구산면 마전길 317-4,35.129979706896,128.531762244427,경상남도 창원시 마산합포구 구산면 마전리 마전길 317-4,100.0
 석곡경로당 ,경상남도 창원시 마산합포구 구산면 아랫석곡길 26,경상남도 창원시 마산합포구 구산면 아랫석곡길 26,35.11541682068,128.563108718285,경상남도 창원시 마산합포구 구산면 석곡리 아랫석곡길 26,100.0
 수정남성경로당 ,경상남도 창원시 마산합포구 구산면 구산로 566-1,경상남도 창원시 마산합포구 구산면 구산로 566-1,35.120643063039,128.580117611485,경상남도 창원시 마산합포구 구산면 수정리 구산로 566-1,100.0
 수정여성경로당 ,경상남도 창원시 마산합포구 구산면 구산로 566-1,경상남도 창원시 마산합포구 구산면 구산로 566-1,35.120643063039,128.580117611485,경상남도 창원시 마산합포구 구산면 수정리 구산로 566-1,100.0
 신촌경로당 ,경상남도 창원시 마산합포구 구산면 구산신촌2길 45,경상남도 창원시 마산합포구 구산면 구산신촌2길 45,35.095035133462,128.585176090051,경상남도 창원시 마산합포구 구산면 옥계리 구산신촌2길 45,100.0
 실리도경로당 ,경상남도 창원시 마산합포구 구산면 실리섬길 13,경상남도 창원시 마산합포구 구산면 실리섬길 13,35.063536611881,128.63768133737,경상남도 창원시 마산합포구 구산면 심리 실리섬길 13,100.0
 심리경로당 ,경상남도 창원시 마산합포구 구산면 심리1길 40-1,경상남도 창원시 마산합포구 구산면 심리1길 40-1,35.069495684034,128.607112787947,경상남도 창원시 마산합포구 구산면 심리 심리1길 40-1,100.0
 안녕경로당 ,경상남도 창원시 마산합포구 구산면 안녕로 139,경상남도 창원시 마산합포구 구산면 안녕로 139,35.116859765312,128.595177712196,경상남도 창원시 마산합포구 구산면 수정리 안녕로 139,100.0
 양평경로당 ,경상남도 창원시 마산합포구 구산면 양평길 59-17,경상남도 창원시 마산합포구 구산면 양평길 59-17,35.083932757882,128.585672969271,경상남도 창원시 마산합포구 구산면 반동리 양평길 59-17,100.0
 옥계남성경로당 ,경상남도 창원시 마산합포구 구산면 옥계로 314-11,경상남도 창원시 마산합포구 구산면 옥계로 314-11,35.092582379045,128.611274738149,경상남도 창원시 마산합포구 구산면 옥계리 옥계로 314-11,100.0
 옥계여성경로당 ,경상남도 창원시 마산합포구 구산면 옥계로 304,경상남도 창원시 마산합포구 구산면 옥계로 304,35.093114210802,128.61147900513,경상남도 창원시 마산합포구 구산면 옥계리 옥계로 304,100.0
 용호경로당 ,경상남도 창원시 마산합포구 구산면 윗용호길 9,경상남도 창원시 마산합포구 구산면 윗용호길 9,35.07172166606,128.59776922902,경상남도 창원시 마산합포구 구산면 심리 윗용호길 9,100.0
 욱곡남성경로당 ,경상남도 창원시 마산합포구 구산면 욱곡1길 19,경상남도 창원시 마산합포구 구산면 욱곡1길 19,35.096397234637,128.557865921668,경상남도 창원시 마산합포구 구산면 내포리 욱곡1길 19,100.0
 욱곡여성경로당 ,경상남도 창원시 마산합포구 구산면 욱곡1길 19,경상남도 창원시 마산합포구 구산면 욱곡1길 19,35.096397234637,128.557865921668,경상남도 창원시 마산합포구 구산면 내포리 욱곡1길 19,100.0
 원전경로당 ,경상남도 창원시 마산합포구 구산면 이순신로 701,경상남도 창원시 마산합포구 구산면 이순신로 701,35.068145904256,128.630540291141,경상남도 창원시 마산합포구 구산면 심리 이순신로 701,100.0
 유산경로당 ,경상남도 창원시 마산합포구 구산면 유산1길 11,경상남도 창원시 마산합포구 구산면 유산1길 11,35.13023640268,128.556592878213,경상남도 창원시 마산합포구 구산면 유산리 유산1길 11,100.0
 유천경로당 ,경상남도 창원시 마산합포구 구산면 유천길 84 ,경상남도 창원시 마산합포구 구산면 유천길 84,35.13143019524,128.563519180083,경상남도 창원시 마산합포구 구산면 유산리 유천길 84,100.0
 장구경로당 ,경상남도 창원시 마산합포구 구산면 장구길 24-35,경상남도 창원시 마산합포구 구산면 장구길 24-35,35.080458207559,128.564449571336,경상남도 창원시 마산합포구 구산면 구복리 장구길 24-35,100.0
 하마전경로당 ,경상남도 창원시 마산합포구 구산면 마전길 53,경상남도 창원시 마산합포구 구산면 마전길 53,35.123610592039,128.537069330242,경상남도 창원시 마산합포구 구산면 마전리 마전길 53,100.0
 가고파아파트경로당 ,"경상남도 창원시  마산회원구 내서읍 상곡로 35,(가고파아파트)",경상남도 창원시 마산회원구 내서읍 상곡로 35,35.242872710918,128.501148265088,경상남도 창원시 마산회원구 내서읍 상곡리 상곡로 35,100.0
 감나무골경로당 ,경상남도 창원시  마산회원구 내서읍 감나무골길 187,경상남도 창원시 마산회원구 내서읍 감나무골길 187,35.193497811069,128.510842941939,경상남도 창원시 마산회원구 내서읍 신감리 감나무골길 187,100.0
 감천남성경로당 ,경상남도 창원시  마산회원구 내서읍 감천로 78,경상남도 창원시 마산회원구 내서읍 감천로 78,35.205364029484,128.517221151161,경상남도 창원시 마산회원구 내서읍 감천리 감천로 78,100.0
 감천여성경로당 ,경상남도 창원시  마산회원구 내서읍 감천로 78,경상남도 창원시 마산회원구 내서읍 감천로 78,35.205364029484,128.517221151161,경상남도 창원시 마산회원구 내서읍 감천리 감천로 78,100.0
 구미경로당 ,경상남도 창원시  마산회원구 내서읍 구미길 47,경상남도 창원시 마산회원구 내서읍 구미길 47,35.252982250067,128.521439930667,경상남도 창원시 마산회원구 내서읍 호계리 구미길 47,100.0
 구슬골경로당 ,경상남도 창원시  마산회원구 내서읍 윗구슬길 56-4,경상남도 창원시 마산회원구 내서읍 윗구슬길 56-4,35.241152325292,128.531467033798,경상남도 창원시 마산회원구 내서읍 중리 윗구슬길 56-4,100.0
 국제아파트경로당 ,"경상남도 창원시  마산회원구 내서읍 호계본동로 38,(호계국제아파트)",경상남도 창원시 마산회원구 내서읍 호계본동로 38,35.26446348767,128.52190110298,경상남도 창원시 마산회원구 내서읍 호계리 호계본동로 38,100.0
 내서읍경로당 ,경상남도 창원시  마산회원구 내서읍 중리 상곡로 124,경상남도 창원시 마산회원구 내서읍 중리 상곡로 124,35.248913947902,128.496462484523,경상남도 창원시 마산회원구 내서읍 상곡리 상곡로 124,98.8
 대동다숲아파트경로당 ,"경상남도 창원시  마산회원구 내서읍 삼계2길 31,(삼계대동다숲아파트)",경상남도 창원시 마산회원구 내서읍 삼계2길 31,35.229765803194,128.503680354219,경상남도 창원시 마산회원구 내서읍 삼계리 삼계2길 31,100.0
 대동이미지1단지아파트경로당 ,"경상남도 창원시  마산회원구 내서읍 광려로 28,(삼계대동이미지1차아파트)",경상남도 창원시 마산회원구 내서읍 광려로 28,35.222695961233,128.501291260357,경상남도 창원시 마산회원구 내서읍 삼계리 광려로 28,100.0
 대동이미지1단지아파트남성경로당 ,"경상남도 창원시  마산회원구 내서읍 광려로 28,(삼계대동이미지1차아파트)",경상남도 창원시 마산회원구 내서읍 광려로 28,35.222695961233,128.501291260357,경상남도 창원시 마산회원구 내서읍 삼계리 광려로 28,100.0
 대동이미지2단지경로당 ,"경상남도 창원시  마산회원구 내서읍 광려로 29,(삼계대동이미지2차아파트)",경상남도 창원시 마산회원구 내서읍 광려로 29,35.223318778548,128.503449768062,경상남도 창원시 마산회원구 내서읍 삼계리 광려로 29,100.0
 더푸른아파트경로당 ,"경상남도 창원시  마산회원구 내서읍 삼계10길 22,(삼계1주공아파트)",경상남도 창원시 마산회원구 내서읍 삼계10길 22,35.235001181827,128.503818068888,경상남도 창원시 마산회원구 내서읍 삼계리 삼계10길 22,100.0
 동신1차아파트경로당 ,"경상남도 창원시  마산회원구 내서읍 중리상곡로 114,(동신아파트1차)",경상남도 창원시 마산회원구 내서읍 중리상곡로 114,35.250116896466,128.511141421511,경상남도 창원시 마산회원구 내서읍 중리 중리상곡로 114,100.0
 동신2차아파트경로당 ,"경상남도 창원시  마산회원구 내서읍 중리상곡로 134,(동신2차아파트)",경상남도 창원시 마산회원구 내서읍 중리상곡로 134,35.25097273069,128.51166009368,경상남도 창원시 마산회원구 내서읍 중리 중리상곡로 134,100.0
 백로아파트경로당 ,"경상남도 창원시  마산회원구 내서읍 중리상곡로 20-1,(중리백로아파트)",경상남도 창원시 마산회원구 내서읍 중리상곡로 20-1,35.244166541493,128.505622273546,경상남도 창원시 마산회원구 내서읍 중리 중리상곡로 20-1,100.0
 블루힐스아파트경로당 ,경상남도 창원시  마산회원구 내서읍 광려로 55 (삼계블루힐스아파트),경상남도 창원시 마산회원구 내서읍 광려로 55,35.222058810863,128.502722721781,경상남도 창원시 마산회원구 내서읍 삼계리 광려로 55,100.0
 삼계2주공아파트경로당 ,경상남도 창원시  마산회원구 내서읍 삼계2길 24(삼계2주공아파트),경상남도 창원시 마산회원구 내서읍 삼계2길 24,35.229185146852,128.502480652417,경상남도 창원시 마산회원구 내서읍 삼계리 삼계2길 24,100.0
 삼계남성경로당 ,"경상남도 창원시  마산회원구 내서읍 삼계숲길 3-1,삼계회관",경상남도 창원시 마산회원구 내서읍 삼계숲길 3-1,35.231338960692,128.500234134728,경상남도 창원시 마산회원구 내서읍 삼계리 삼계숲길 3-1,100.0
 삼계대동아파트경로당 ,"경상남도 창원시  마산회원구 내서읍 삼계5길 30,(삼계대동아파트)",경상남도 창원시 마산회원구 내서읍 삼계5길 30,35.231552196309,128.501928452636,경상남도 창원시 마산회원구 내서읍 삼계리 삼계5길 30,100.0
 삼계여성경로당 ,"경상남도 창원시  마산회원구 내서읍 삼계숲길 3-1,삼계회관",경상남도 창원시 마산회원구 내서읍 삼계숲길 3-1,35.231338960692,128.500234134728,경상남도 창원시 마산회원구 내서읍 삼계리 삼계숲길 3-1,100.0
 삼계현대아파트경로당 ,"경상남도 창원시  마산회원구 내서읍 삼풍로 82,(삼계현대아파트)",경상남도 창원시 마산회원구 내서읍 삼풍로 82,35.233954952673,128.502358108993,경상남도 창원시 마산회원구 내서읍 삼계리 삼풍로 82,100.0
 삼계화성아파트경로당 ,"경상남도 창원시  마산회원구 내서읍 삼계8길 31,(화성아파트)",경상남도 창원시 마산회원구 내서읍 삼계8길 31,35.233754834735,128.499370211968,경상남도 창원시 마산회원구 내서읍 삼계리 삼계8길 31,100.0
 삼정경로당 ,경상남도 창원시  마산회원구 내서읍 중리공단로 227-30,경상남도 창원시 마산회원구 내서읍 중리공단로 227-30,35.249065428623,128.51795792045,경상남도 창원시 마산회원구 내서읍 중리 중리공단로 227-3,99.98
 상곡1주공아파트경로당 ,"경상남도 창원시  마산회원구 내서읍 상곡로 43,상곡주공아파트1단지",경상남도 창원시 마산회원구 내서읍 상곡로 43,35.243661909012,128.500659683952,경상남도 창원시 마산회원구 내서읍 상곡리 상곡로 43,100.0
 상곡2주공아파트경로당 ,"경상남도 창원시  마산회원구 내서읍 상곡로 67,상곡주공아파트2단지",경상남도 창원시 마산회원구 내서읍 상곡로 67,35.243796941472,128.499489234993,경상남도 창원시 마산회원구 내서읍 상곡리 상곡로 67,100.0
 상곡경로당 ,경상남도 창원시  마산회원구 내서읍 상곡안길 33-3,경상남도 창원시 마산회원구 내서읍 상곡안길 33-3,35.243575365862,128.502219975229,경상남도 창원시 마산회원구 내서읍 상곡리 상곡안길 33-3,100.0
 상동경로당 ,경상남도 창원시  마산회원구 내서읍 상동길 7,경상남도 창원시 마산회원구 내서읍 상동길 7,35.245921753927,128.506867069987,경상남도 창원시 마산회원구 내서읍 중리 상동길 7,100.0
 서광2차아파트경로당 ,"경상남도 창원시  마산회원구 내서읍 호계안길 91, 서광2차아파트",경상남도 창원시 마산회원구 내서읍 호계안길 91,35.257997100827,128.520863926281,경상남도 창원시 마산회원구 내서읍 호계리 호계안길 91,100.0
 서진아파트경로당 ,"경상남도 창원시  마산회원구 내서읍 경남대로 1019,(서진아파트)",경상남도 창원시 마산회원구 내서읍 경남대로 1019,35.241414427404,128.504392145436,경상남도 창원시 마산회원구 내서읍 상곡리 경남대로 1019,100.0
 수곡경로당 ,경상남도 창원시  마산회원구 내서읍 수곡로 92-1,경상남도 창원시 마산회원구 내서읍 수곡로 92-1,35.27078377794,128.500608470524,경상남도 창원시 마산회원구 내서읍 용담리 수곡로 92-1,100.0
 숲속마을주공3단지아파트경로당 ,"경상남도 창원시  마산회원구 내서읍 삼계본동1길 86,(숲속마을주공3단지 아파트)",경상남도 창원시 마산회원구 내서읍 삼계본동1길 86,35.232071371391,128.496291538932,경상남도 창원시 마산회원구 내서읍 삼계리 삼계본동1길 86,100.0
 숲속마을주공4단지아파트경로당 ,"경상남도 창원시  마산회원구 내서읍 숲속로 6,(숲속마을주공4단지아파트)",경상남도 창원시 마산회원구 내서읍 숲속로 6,35.231070991247,128.496918924384,경상남도 창원시 마산회원구 내서읍 삼계리 숲속로 6,100.0
 숲속마을주공5단지아파트경로당 ,"경상남도 창원시  마산회원구 내서읍 숲속로 30,(숲속마을주공5단지아파트)",경상남도 창원시 마산회원구 내서읍 숲속로 30,35.22969086898,128.497069211908,경상남도 창원시 마산회원구 내서읍 삼계리 숲속로 30,100.0
 숲속마을주공6단지아파트경로당 ,"경상남도 창원시  마산회원구 내서읍 숲속로 27,(숲속마을주공6단지아파트)",경상남도 창원시 마산회원구 내서읍 숲속로 27,35.22815773507,128.498163385549,경상남도 창원시 마산회원구 내서읍 삼계리 숲속로 27,100.0
 신감경로당 ,경상남도 창원시  마산회원구 내서읍 신감길 25,경상남도 창원시 마산회원구 내서읍 신감길 25,35.204132392632,128.510934807598,경상남도 창원시 마산회원구 내서읍 신감리 신감길 25,100.0
 신목경로당 ,경상남도 창원시  마산회원구 내서읍 신목길 19-1,경상남도 창원시 마산회원구 내서읍 신목길 19-1,35.191966479268,128.496321881421,경상남도 창원시 마산회원구 내서읍 신감리 신목길 19-1,100.0
 신평경로당 ,경상남도 창원시  마산회원구 내서읍 신평로 35,경상남도 창원시 마산회원구 내서읍 신평로 35,35.239659759793,128.510211868449,경상남도 창원시 마산회원구 내서읍 중리 신평로 35,100.0
 안계경로당 ,경상남도 창원시  마산회원구 내서읍 삼계로 194,경상남도 창원시 마산회원구 내서읍 삼계로 194,35.237764150481,128.486764500144,경상남도 창원시 마산회원구 내서읍 삼계리 삼계로 194,100.0
 안곡경로당 ,경상남도 창원시  마산회원구 내서읍 송평로 411,경상남도 창원시 마산회원구 내서읍 송평로 411,35.262491644948,128.535353973757,경상남도 창원시 마산회원구 내서읍 평성리 송평로 411,100.0
 안성경로당 ,경상남도 창원시  마산회원구 내서읍 안성로 150,경상남도 창원시 마산회원구 내서읍 안성로 150,35.265148414888,128.551233405504,경상남도 창원시 마산회원구 내서읍 안성리 안성로 150,100.0
 옥정경로당 ,경상남도 창원시  마산회원구 내서읍 옥정1길 15,경상남도 창원시 마산회원구 내서읍 옥정1길 15,35.249073936254,128.522426396852,경상남도 창원시 마산회원구 내서읍 중리 옥정1길 15,100.0
 용담경로당 ,경상남도 창원시  마산회원구 내서읍 용담로 177,경상남도 창원시 마산회원구 내서읍 용담로 177,35.264413531527,128.499331319937,경상남도 창원시 마산회원구 내서읍 용담리 용담로 177,100.0
 원계경로당 ,경상남도 창원시  마산회원구 내서읍 원계증산길 78,경상남도 창원시 마산회원구 내서읍 원계증산길 78,35.230758388169,128.509124400331,경상남도 창원시 마산회원구 내서읍 원계리 원계증산길 78,100.0
 원계대동다숲아파트경로당 ,"경상남도 창원시  마산회원구 내서읍 광려천남로 267,(원계대동다숲아파트)",경상남도 창원시 마산회원구 내서읍 광려천남로 267,35.229615641399,128.506394079191,경상남도 창원시 마산회원구 내서읍 원계리 광려천남로 267,100.0
 장미아파트경로당 ,"경상남도 창원시  마산회원구 내서읍 중리상곡로 18,(장미아파트)",경상남도 창원시 마산회원구 내서읍 중리상곡로 18,35.24279123882,128.505436782029,경상남도 창원시 마산회원구 내서읍 중리 중리상곡로 18,100.0
 전안경로당 ,경상남도 창원시  마산회원구 내서읍 전안길 23,경상남도 창원시 마산회원구 내서읍 전안길 23,35.215265948891,128.50470001274,경상남도 창원시 마산회원구 내서읍 신감리 전안길 23,100.0
 죽암경로당 ,경상남도 창원시  마산회원구 내서읍 죽암로 19-1,경상남도 창원시 마산회원구 내서읍 죽암로 19-1,35.255743668068,128.509783888473,경상남도 창원시 마산회원구 내서읍 중리 죽암로 19-1,100.0
 중리남성경로당 ,경상남도 창원시  마산회원구 내서읍 중리본동길 6,경상남도 창원시 마산회원구 내서읍 중리본동길 6,35.252206588747,128.511407798394,경상남도 창원시 마산회원구 내서읍 중리 중리본동길 6,100.0
 중리여성경로당 ,경상남도 창원시  마산회원구 내서읍 중리상곡로 125,경상남도 창원시 마산회원구 내서읍 중리상곡로 125,35.251373343752,128.511160280793,경상남도 창원시 마산회원구 내서읍 중리 중리상곡로 125,100.0
 중리현대아파트경로당 ,경상남도 창원시  마산회원구 내서읍 호원로 186 (중리현대아파트),경상남도 창원시 마산회원구 내서읍 호원로 186,35.250501961098,128.522138646116,경상남도 창원시 마산회원구 내서읍 중리 호원로 186,100.0
 코오롱1차아파트경로당 ,경상남도 창원시  마산회원구 내서읍 호원로 361-3(코오롱타운아파트),경상남도 창원시 마산회원구 내서읍 호원로 361-3,35.268219963307,128.527093105264,경상남도 창원시 마산회원구 내서읍 호계리 호원로 361-3,100.0
 코오롱2차아파트경로당 ,"경상남도 창원시  마산회원구 내서읍 호원로 359,(코오롱하늘채2차아파트)",경상남도 창원시 마산회원구 내서읍 호원로 359,35.263120581053,128.523251092305,경상남도 창원시 마산회원구 내서읍 호계리 호원로 359,100.0
 평성남성경로당 ,경상남도 창원시  마산회원구 내서읍 송평로 361,경상남도 창원시 마산회원구 내서읍 송평로 361,35.258842834858,128.538281101984,경상남도 창원시 마산회원구 내서읍 평성리 송평로 361,100.0
 평성여성경로당 ,경상남도 창원시  마산회원구 내서읍 송평로 361,경상남도 창원시 마산회원구 내서읍 송평로 361,35.258842834858,128.538281101984,경상남도 창원시 마산회원구 내서읍 평성리 송평로 361,100.0
 한우리경로당 ,"경상남도 창원시  마산회원구 내서읍 삼계1길 32,(한우리아파트1단지)",경상남도 창원시 마산회원구 내서읍 삼계1길 32,35.228079196638,128.504300782692,경상남도 창원시 마산회원구 내서읍 삼계리 삼계1길 32,100.0
 한우리2차아파트경로당 ,"경상남도 창원시  마산회원구 내서읍 삼계1길 18,(한우리아파트2단지)",경상남도 창원시 마산회원구 내서읍 삼계1길 18,35.227307265265,128.504342105475,경상남도 창원시 마산회원구 내서읍 삼계리 삼계1길 18,100.0
 한일유엔아이아파트경로당 ,"경상남도 창원시  마산회원구 내서읍 광려천남로 245,(한일유앤아이오르젠아파트)",경상남도 창원시 마산회원구 내서읍 광려천남로 245,35.231812161036,128.506045894933,경상남도 창원시 마산회원구 내서읍 원계리 광려천남로 245,100.0
 한주아파트경로당 ,"경상남도 창원시  마산회원구 내서읍 함마대로 2805-70,(한주아파트)",경상남도 창원시 마산회원구 내서읍 함마대로 2805-70,35.249121893323,128.518780305078,경상남도 창원시 마산회원구 내서읍 중리 함마대로 2805,99.18
 현대성우아파트경로당 ,경상남도 창원시  마산회원구 내서읍 광려천북로 58(성우아파트),경상남도 창원시 마산회원구 내서읍 광려천북로 58,35.255040803577,128.519178074095,경상남도 창원시 마산회원구 내서읍 호계리 광려천북로 58,100.0
 호계남성경로당 ,경상남도 창원시  마산회원구 내서읍 호계본동2길 15-4,경상남도 창원시 마산회원구 내서읍 호계본동2길 15-4,35.26612038038,128.519681658838,경상남도 창원시 마산회원구 내서읍 호계리 호계본동2길 15-4,100.0
 호계여성경로당 ,경상남도 창원시  마산회원구 내서읍 호계본동2길 15-4,경상남도 창원시 마산회원구 내서읍 호계본동2길 15-4,35.26612038038,128.519681658838,경상남도 창원시 마산회원구 내서읍 호계리 호계본동2길 15-4,100.0
 화인태양아파트경로당 ,"경상남도 창원시  마산회원구 내서읍 광려천북로 208,(화인태양맨션)",경상남도 창원시 마산회원구 내서읍 광려천북로 208,35.268279558638,128.523890463879,경상남도 창원시 마산회원구 내서읍 호계리 광려천북로 208,100.0
 회원1동남성경로당 ,"경상남도 창원시  마산회원구 회원동3길8(회원동), 2층","경상남도 창원시 마산회원구 회원동3길8(회원동), 2층",35.218380161197,128.572739525034,경상남도 창원시 마산회원구 회원동 회원동3길 8,99.13
 회원1동여성경로당 ,"경상남도 창원시  마산회원구 회원동3길8(회원동),  1층","경상남도 창원시 마산회원구 회원동3길8(회원동), 1층",35.218380161197,128.572739525034,경상남도 창원시 마산회원구 회원동 회원동3길 8,99.13
한효아파트경로당,"경상남도 창원시  마산회원구 회원동3길38(회원동,한효아파트)","경상남도 창원시 마산회원구 회원동3길38(회원동,한효아파트)",35.217155334391,128.572263999581,경상남도 창원시 마산회원구 회원동 회원동3길 38,98.15
이산남성경로당,"경상남도 창원시  마산회원구 회원동32길8(회원동), 2층","경상남도 창원시 마산회원구 회원동32길8(회원동), 2층",35.22106702217,128.575398097083,경상남도 창원시 마산회원구 회원동 회원동32길 8,99.17
이산여성경로당,경상남도 창원시  마산회원구 회원동32길8(회원동) 1층,경상남도 창원시 마산회원구 회원동32길8(회원동) 1층,35.22106702217,128.575398097083,경상남도 창원시 마산회원구 회원동 회원동32길 8,99.17
봉오남성경로당,"경상남도 창원시  마산회원구 회원동15길 83(회원동), 2층",경상남도 창원시 마산회원구 회원동15길 83,35.222687956515,128.571783736614,경상남도 창원시 마산회원구 회원동 회원동15길 83,100.0
봉오여성경로당,"경상남도 창원시  마산회원구 회원동15길 83(회원동), 1층",경상남도 창원시 마산회원구 회원동15길 83,35.222687956515,128.571783736614,경상남도 창원시 마산회원구 회원동 회원동15길 83,100.0
육호경로당,경상남도 창원시  마산회원구 회원동29길39(회원동),경상남도 창원시 마산회원구 회원동29길39(회원동),35.217685301424,128.575944429532,경상남도 창원시 마산회원구 회원동 회원동29길 39,100.0
화란여성경로당,경상남도 창원시  마산회원구 회원서4길 25(회원동),경상남도 창원시 마산회원구 회원서4길 25,35.218893971862,128.559450855739,경상남도 창원시 마산회원구 회원동 회원서4길 25,100.0
화란남성경로당,경상남도 창원시  마산회원구 회원서4길 25(회원동),경상남도 창원시 마산회원구 회원서4길 25,35.218893971862,128.559450855739,경상남도 창원시 마산회원구 회원동 회원서4길 25,100.0
연계마을여성경로당,경상남도 창원시  마산회원구 앵지밭골3길 9 (회원동),경상남도 창원시 마산회원구 앵지밭골3길 9,35.220733170966,128.557851337156,경상남도 창원시 마산회원구 회원동 앵지밭골3길 9,100.0
연계마을남성경로당,경상남도 창원시  마산회원구 앵지밭골3길 9 (회원동),경상남도 창원시 마산회원구 앵지밭골3길 9,35.220733170966,128.557851337156,경상남도 창원시 마산회원구 회원동 앵지밭골3길 9,100.0
봉화여성경로당,경상남도 창원시  마산회원구 회원북20길 14(회원동),경상남도 창원시 마산회원구 회원북20길 14,35.220400828505,128.566976044591,경상남도 창원시 마산회원구 회원동 회원북20길 14,100.0
봉화남성경로당,경상남도 창원시  마산회원구 회원북20길 14(회원동),경상남도 창원시 마산회원구 회원북20길 14,35.220400828505,128.566976044591,경상남도 창원시 마산회원구 회원동 회원북20길 14,100.0
회봉경로당,경상남도 창원시  마산회원구 회원북21길 54-1(회원동),경상남도 창원시 마산회원구 회원북21길 54-1,35.220953740748,128.56645846207,경상남도 창원시 마산회원구 회원동 회원북21길 54-1,100.0
팔거리거점경로당,경상남도 창원시  마산회원구 회원북25길 19(회원동),경상남도 창원시 마산회원구 회원북25길 19,35.219651025357,128.563522449026,경상남도 창원시 마산회원구 회원동 회원북25길 19,100.0
회원2동제1경로당,경상남도 창원시  마산회원구 회원남32길 35,경상남도 창원시 마산회원구 회원남32길 35,35.218645196976,128.562437160202,경상남도 창원시 마산회원구 회원동 회원남32길 35,100.0
무학경로당,경상남도 창원시  마산회원구 회원서12길 14(회원동),경상남도 창원시 마산회원구 회원서12길 14,35.216623817206,128.559857545681,경상남도 창원시 마산회원구 회원동 회원서12길 14,100.0
e편한세상1단지경로당,경상남도 창원시  마산회원구 회원북13길 20(회원동),경상남도 창원시 마산회원구 회원북13길 20,35.222036850276,128.569984477279,경상남도 창원시 마산회원구 회원동 회원북13길 20,100.0
e편한세상2단지경로당,경상남도 창원시  마산회원구 회원남로 65(회원동),경상남도 창원시 마산회원구 회원남로 65,35.220425303662,128.56910915513,경상남도 창원시 마산회원구 회원동 회원남로 65,100.0
낙원경로당,경상남도 창원시  마산회원구 무학로667-1(회원동),경상남도 창원시 마산회원구 무학로667-1(회원동),35.223373554285,128.569512743768,경상남도 창원시 마산회원구 회원동 무학로 667-1,100.0
성황남성경로당,경상남도 창원시  마산회원구 석전서1길 13,경상남도 창원시 마산회원구 석전서1길 13,35.229096047221,128.566971602182,경상남도 창원시 마산회원구 석전동 석전서1길 13,100.0
성황여성경로당,경상남도 창원시  마산회원구 석전서1길 13,경상남도 창원시 마산회원구 석전서1길 13,35.229096047221,128.566971602182,경상남도 창원시 마산회원구 석전동 석전서1길 13,100.0
근주경로당,경상남도 창원시  마산회원구 석전북23길 9,경상남도 창원시 마산회원구 석전북23길 9,35.230417118981,128.568984180954,경상남도 창원시 마산회원구 석전동 석전북23길 9,100.0
봉화남성경로당,경상남도 창원시  마산회원구 석전서9길 140,경상남도 창원시 마산회원구 석전서9길 140,35.22564898954,128.569143437114,경상남도 창원시 마산회원구 석전동 석전서9길 140,100.0
봉화여성경로당,경상남도 창원시  마산회원구 석전서9길 140,경상남도 창원시 마산회원구 석전서9길 140,35.22564898954,128.569143437114,경상남도 창원시 마산회원구 석전동 석전서9길 140,100.0
장수남성경로당,경상남도 창원시  마산회원구 석전남9길 50-1,경상남도 창원시 마산회원구 석전남9길 50-1,35.227059580026,128.572427802054,경상남도 창원시 마산회원구 석전동 석전남9길 50-1,100.0
장수여성경로당,경상남도 창원시  마산회원구 석전남9길 50-1,경상남도 창원시 마산회원구 석전남9길 50-1,35.227059580026,128.572427802054,경상남도 창원시 마산회원구 석전동 석전남9길 50-1,100.0
일우경로당,경상남도 창원시  마산회원구 석전남23길 6,경상남도 창원시 마산회원구 석전남23길 6,35.226579338883,128.571548708049,경상남도 창원시 마산회원구 석전동 석전남23길 6,100.0
동산남성경로당 ,경상남도 창원시  마산회원구 석전북2길 2,경상남도 창원시 마산회원구 석전북2길 2,35.232829011619,128.572475495083,경상남도 창원시 마산회원구 석전동 석전북2길 2,100.0
동산여성경로당 ,경상남도 창원시  마산회원구 석전북2길 2,경상남도 창원시 마산회원구 석전북2길 2,35.232829011619,128.572475495083,경상남도 창원시 마산회원구 석전동 석전북2길 2,100.0
역전남성경로당,경상남도 창원시  마산회원구 석전동13길 15,경상남도 창원시 마산회원구 석전동13길 15,35.233247897231,128.577305063874,경상남도 창원시 마산회원구 석전동 석전동13길 15,100.0
역전여성경로당,경상남도 창원시  마산회원구 석전북13길 15,경상남도 창원시 마산회원구 석전북13길 15,35.233172124826,128.5700986388,경상남도 창원시 마산회원구 석전동 석전북13길 15,100.0
북성여성경로당,경상남도 창원시  마산회원구 석전북7길 8-21,경상남도 창원시 마산회원구 석전북7길 8-21,35.232717197031,128.568274149936,경상남도 창원시 마산회원구 석전동 석전북7길 8-21,100.0
중앙남성경로당,경상남도 창원시  마산회원구 석전동3길 50,경상남도 창원시 마산회원구 석전동3길 50,35.230513971872,128.572866594686,경상남도 창원시 마산회원구 석전동 석전동3길 50,100.0
중앙여성경로당,경상남도 창원시  마산회원구 석전동3길 50,경상남도 창원시 마산회원구 석전동3길 50,35.230513971872,128.572866594686,경상남도 창원시 마산회원구 석전동 석전동3길 50,100.0
대동피렌체아파트경로당,경상남도 창원시  마산회원구 양덕옛1길 37,경상남도 창원시 마산회원구 양덕옛1길 37,35.226836160397,128.574623609229,경상남도 창원시 마산회원구 석전동 양덕옛1길 37,100.0
메트로시티석전경로당,경상남도 창원시  마산회원구 석전남8길 40,경상남도 창원시 마산회원구 석전남8길 40,35.22830580139,128.572402404888,경상남도 창원시 마산회원구 석전동 석전남8길 40,100.0
광명촌경로당,경상남도 창원시  마산회원구 회성동9길 16(회성동),경상남도 창원시 마산회원구 회성동9길 16,35.234180509687,128.565489346425,경상남도 창원시 마산회원구 회성동 회성동9길 16,100.0
두곡경로당,경상남도 창원시  마산회원구 두곡길 29-14(두척동),경상남도 창원시 마산회원구 두곡길 29-14,35.238323013875,128.547709904866,경상남도 창원시 마산회원구 두척동 두곡길 29-14,100.0
두척경로당,경상남도 창원시  마산회원구 두척1길 33(두척동),경상남도 창원시 마산회원구 두척1길 33,35.237101141939,128.541701589032,경상남도 창원시 마산회원구 두척동 두척1길 33,100.0
송정경로당,경상남도 창원시  마산회원구 송평로 155(두척동),경상남도 창원시 마산회원구 송평로 155,35.244349560348,128.551262574527,경상남도 창원시 마산회원구 두척동 송평로 155,100.0
연동경로당,경상남도 창원시  마산회원구 회성북4길 13(회성동),경상남도 창원시 마산회원구 회성북4길 13,35.235246142948,128.559262514375,경상남도 창원시 마산회원구 회성동 회성북4길 13,100.0
회성제1남성경로당,경상남도 창원시  마산회원구 회성시장1길 36(회성동),경상남도 창원시 마산회원구 회성시장1길 36,35.232011692241,128.559454627596,경상남도 창원시 마산회원구 회성동 회성시장1길 36,100.0
회성제1여성경로당,경상남도 창원시  마산회원구 회성시장1길 36(회성동),경상남도 창원시 마산회원구 회성시장1길 36,35.232011692241,128.559454627596,경상남도 창원시 마산회원구 회성동 회성시장1길 36,100.0
회성제2남성경로당,경상남도 창원시  마산회원구 회성남17길 22-10(회성동),경상남도 창원시 마산회원구 회성남17길 22-10,35.231068392857,128.563305441552,경상남도 창원시 마산회원구 회성동 회성남17길 22-10,100.0
회성제2여성경로당,경상남도 창원시  마산회원구 회성남17길 22-10(회성동),경상남도 창원시 마산회원구 회성남17길 22-10,35.231068392857,128.563305441552,경상남도 창원시 마산회원구 회성동 회성남17길 22-10,100.0
회성제3남성경로당,경상남도 창원시  마산회원구 회성동8길 22(회성동),경상남도 창원시 마산회원구 회성동8길 22,35.234014338457,128.563853031287,경상남도 창원시 마산회원구 회성동 회성동8길 22,100.0
회성제3여성경로당,경상남도 창원시  마산회원구 회성동8길 22(회성동),경상남도 창원시 마산회원구 회성동8길 22,35.234014338457,128.563853031287,경상남도 창원시 마산회원구 회성동 회성동8길 22,100.0
양덕1동남성경로당,"경상남도 창원시  마산회원구 양덕북2길 38, 2층(양덕동)",경상남도 창원시 마산회원구 양덕북2길 38,35.23307564912,128.584535042096,경상남도 창원시 마산회원구 양덕동 양덕북2길 38,100.0
양덕1동여성경로당,"경상남도 창원시  마산회원구 양덕북2길 38, 1층(양덕동)",경상남도 창원시 마산회원구 양덕북2길 38,35.23307564912,128.584535042096,경상남도 창원시 마산회원구 양덕동 양덕북2길 38,100.0
남성사랑방쉼터경로당,"경상남도 창원시  마산회원구 양덕동13길 20, 2층(양덕동)",경상남도 창원시 마산회원구 양덕동13길 20,35.230480192802,128.586585758527,경상남도 창원시 마산회원구 양덕동 양덕동13길 20,100.0
여성사랑방쉼터경로당,"경상남도 창원시  마산회원구 양덕동13길 20, 1층(양덕동)",경상남도 창원시 마산회원구 양덕동13길 20,35.230480192802,128.586585758527,경상남도 창원시 마산회원구 양덕동 양덕동13길 20,100.0
양덕1동행복경로당,경상남도 창원시  마산회원구 양덕북12길 25(양덕동),경상남도 창원시 마산회원구 양덕북12길 25,35.235332057455,128.586304797133,경상남도 창원시 마산회원구 양덕동 양덕북12길 25,100.0
양덕경남아파트경로당,"경상남도 창원시  마산회원구 양덕동17길 22(양덕동, 양덕경남아파트)",경상남도 창원시 마산회원구 양덕동17길 22,35.234580033102,128.590780984885,경상남도 창원시 마산회원구 양덕동 양덕동17길 22,100.0
서안양덕타운경로당,"경상남도 창원시  마산회원구 팔용로 60-3(양덕동, 서안양덕타운)",경상남도 창원시 마산회원구 팔용로 60-3,35.234573830494,128.58859389489,경상남도 창원시 마산회원구 양덕동 팔용로 60-3,100.0
신성미소지움아파트경로당,"경상남도 창원시  마산회원구 양덕북17길 73(양덕동, 신성미소지움아파트)",경상남도 창원시 마산회원구 양덕북17길 73,35.233327064306,128.584325997431,경상남도 창원시 마산회원구 양덕동 양덕북17길 73,100.0
양덕2동 제2남성경로당,경상남도 창원시  마산회원구 양덕남5길 13-1,경상남도 창원시 마산회원구 양덕남5길 13-1,35.229732275582,128.584120640803,경상남도 창원시 마산회원구 양덕동 양덕남5길 13-1,100.0
양덕2동 제2여성경로당,경상남도 창원시  마산회원구 양덕남5길 13-1,경상남도 창원시 마산회원구 양덕남5길 13-1,35.229732275582,128.584120640803,경상남도 창원시 마산회원구 양덕동 양덕남5길 13-1,100.0
구열경로당 남성분회,경상남도 창원시  마산회원구 산호천서길 159-3,경상남도 창원시 마산회원구 산호천서길 159-3,35.23123355826,128.580686575072,경상남도 창원시 마산회원구 양덕동 산호천서길 159-3,100.0
구열경로당 여성분회,경상남도 창원시  마산회원구 산호천서길 159-3,경상남도 창원시 마산회원구 산호천서길 159-3,35.23123355826,128.580686575072,경상남도 창원시 마산회원구 양덕동 산호천서길 159-3,100.0
양덕2동 삼각경로당,경상남도 창원시  마산회원구 양덕남8길 16,경상남도 창원시 마산회원구 양덕남8길 16,35.222709539916,128.586596571182,경상남도 창원시 마산회원구 양덕동 양덕남8길 16,100.0
탑골경로당,경상남도 창원시  마산회원구 양덕동2길 86-1,경상남도 창원시 마산회원구 양덕동2길 86-1,35.225222476397,128.588640162995,경상남도 창원시 마산회원구 양덕동 양덕동2길 86-1,100.0
한일타운1차 여성경로당,경상남도 창원시  마산회원구 양덕옛2길 58,경상남도 창원시 마산회원구 양덕옛2길 58,35.231307738103,128.579115219684,경상남도 창원시 마산회원구 양덕동 양덕옛2길 58,100.0
한일타운1차 남성경로당,경상남도 창원시  마산회원구 양덕옛2길 58,경상남도 창원시 마산회원구 양덕옛2길 58,35.231307738103,128.579115219684,경상남도 창원시 마산회원구 양덕동 양덕옛2길 58,100.0
한일타운2차 여성경로당,경상남도 창원시  마산회원구 양덕로151,경상남도 창원시 마산회원구 양덕로151,35.232478941433,128.581798434528,경상남도 창원시 마산회원구 양덕동 양덕로 151,100.0
한일타운2차 남성경로당,경상남도 창원시  마산회원구 양덕로151,경상남도 창원시 마산회원구 양덕로151,35.232478941433,128.581798434528,경상남도 창원시 마산회원구 양덕동 양덕로 151,100.0
한일타운3차 경로당,경상남도 창원시  마산회원구 삼호로 151,경상남도 창원시 마산회원구 삼호로 151,35.226152909559,128.574851680815,경상남도 창원시 마산회원구 양덕동 삼호로 151,100.0
한일타운4차 경로당,경상남도 창원시  마산회원구 양덕서로45,경상남도 창원시 마산회원구 양덕서로45,35.229199857092,128.580583310025,경상남도 창원시 마산회원구 양덕동 양덕서로 45,100.0
우성아파트 경로당,경상남도 창원시  마산회원구 양덕옛2길 16,경상남도 창원시 마산회원구 양덕옛2길 16,35.229026100239,128.578226821766,경상남도 창원시 마산회원구 양덕동 양덕옛2길 16,100.0
대림하이빌 아파트 경로당,"경상남도 창원시  마산회원구 양덕동2길 76, 108동 102호",경상남도 창원시 마산회원구 양덕동2길 76,35.225083881628,128.58888558512,경상남도 창원시 마산회원구 양덕동 양덕동2길 76,100.0
메트로시티 남성노인회,"경상남도 창원시  마산회원구 양덕서로 30, 103동 122호",경상남도 창원시 마산회원구 양덕서로 30,35.227488188645,128.58312017684,경상남도 창원시 마산회원구 양덕동 양덕서로 30,100.0
메트로시티 여성노인회,"경상남도 창원시  마산회원구 양덕서로 30, 119동 127호",경상남도 창원시 마산회원구 양덕서로 30,35.227488188645,128.58312017684,경상남도 창원시 마산회원구 양덕동 양덕서로 30,100.0
반월경로당,경상남도 창원시  마산회원구 양덕서9길 14,경상남도 창원시 마산회원구 양덕서9길 14,35.224041382421,128.580007305639,경상남도 창원시 마산회원구 양덕동 양덕서9길 14,100.0
메트로시티2단지경로당,"경상남도 창원시  마산회원구 삼호로 80, 206동",경상남도 창원시 마산회원구 삼호로 80,35.224555444543,128.585364599053,경상남도 창원시 마산회원구 양덕동 삼호로 80,100.0
양덕코오롱하늘채아파트경로당,"경상남도 창원시  마산회원구 양덕서5길 15, 103동",경상남도 창원시 마산회원구 양덕서5길 15,35.227127096256,128.579743024232,경상남도 창원시 마산회원구 양덕동 양덕서5길 15,100.0
롯데캐슬센텀골드아파트경로당,"경상남도 창원시 양덕로 48, 107동 2102호",경상남도 창원시 양덕로 48,35.22361034305,128.592448396884,경상남도 창원시 마산회원구 양덕동 양덕로 48,100.0
롯데캐슬하버팰리스아파트경로당,"경상남도 창원시 양덕동2길 20, 101동",경상남도 창원시 양덕동2길 20,35.222677772503,128.59181765867,경상남도 창원시 마산회원구 양덕동 양덕동2길 20,100.0
합성1동남성경로당,경상남도 창원시 마산회원구합성북16길107,경상남도 창원시 마산회원구합성북16길107,35.243150612918,128.583940262247,경상남도 창원시 마산회원구 합성동 합성북16길 107,100.0
합성1동여성경로당,경상남도 창원시 마산회원구합성북16길95-6,경상남도 창원시 마산회원구합성북16길95-6,35.242952506637,128.58341454928,경상남도 창원시 마산회원구 합성동 합성북16길 95-6,100.0
신성남성경로당,"경상남도 창원시 마산회원구합성북8길20,2층","경상남도 창원시 마산회원구합성북8길20,2층",35.244004686942,128.58053788011,경상남도 창원시 마산회원구 합성동 합성북8길 20,99.05
신성여성경로당,"경상남도 창원시 마산회원구합성북8길20,1층","경상남도 창원시 마산회원구합성북8길20,1층",35.244004686942,128.58053788011,경상남도 창원시 마산회원구 합성동 합성북8길 20,99.05
합성가고파남성경로당,경상남도 창원시 마산회원구합성서11길26(2층),경상남도 창원시 마산회원구합성서11길26(2층),35.239612821135,128.580985809016,경상남도 창원시 마산회원구 합성동 합성서11길 26,99.09
합성가고파여성경로당,경상남도 창원시 마산회원구합성서11길26(1층),경상남도 창원시 마산회원구합성서11길26(1층),35.239612821135,128.580985809016,경상남도 창원시 마산회원구 합성동 합성서11길 26,99.09
무학경로당,"경상남도 창원시 마산회원구금강로35,무학아파트","경상남도 창원시 마산회원구금강로35,무학아파트",35.239416541321,128.579872918417,경상남도 창원시 마산회원구 합성동 금강로 35,97.73
창원롯데캐슬더퍼스트경로당,경상남도 창원시 마산회원구합성북16길197,경상남도 창원시 마산회원구합성북16길197,35.245016927479,128.586880885338,경상남도 창원시 마산회원구 합성동 합성북16길 197,100.0
남성경로당,경상남도 창원시  마산회원구 합성동13길 2층,경상남도 창원시 마산회원구 합성동13길 2,35.239995271714,128.588768558631,경상남도 창원시 마산회원구 합성동 합성동13길 2,100.0
여성경로당,경상남도 창원시  마산회원구 합성동13길 1층,경상남도 창원시 마산회원구 합성동13길 1,35.240041836549,128.588640361676,경상남도 창원시 마산회원구 합성동 합성동13길 1,100.0
팔용경로당,경상남도 창원시  마산회원구 합성남2길 70-33,경상남도 창원시 마산회원구 합성남2길 70-33,35.238469990547,128.587447418173,경상남도 창원시 마산회원구 합성동 합성남2길 70-33,100.0
제2경로당,경상남도 창원시  마산회원구 합성남19길 4,경상남도 창원시 마산회원구 합성남19길 4,35.23566666303,128.590144463158,경상남도 창원시 마산회원구 합성동 합성남19길 4,100.0
제3경로당,경상남도 창원시  마산회원구 합성동3길 12,경상남도 창원시 마산회원구 합성동3길 12,35.242436751289,128.586429483777,경상남도 창원시 마산회원구 합성동 합성동3길 12,100.0
두산위브더센트럴1단지아파트경로당,경상남도 창원시  마산회원구 팔용로 89,경상남도 창원시 마산회원구 팔용로 89,35.236564071493,128.587269554188,경상남도 창원시 마산회원구 합성동 팔용로 89,100.0
구암본동남성경로당,경상남도 창원시  마산회원구 구암북7길 18,경상남도 창원시 마산회원구 구암북7길 18,35.253484828981,128.593522370138,경상남도 창원시 마산회원구 구암동 구암북7길 18,100.0
구암본동여성경로당,경상남도 창원시  마산회원구 구암북7길 18,경상남도 창원시 마산회원구 구암북7길 18,35.253484828981,128.593522370138,경상남도 창원시 마산회원구 구암동 구암북7길 18,100.0
구암샛터남성경로당,경상남도 창원시  마산회원구 구암북15길 64,경상남도 창원시 마산회원구 구암북15길 64,35.255530180994,128.595663359666,경상남도 창원시 마산회원구 구암동 구암북15길 64,100.0
구암샛터여성경로당,경상남도 창원시  마산회원구 구암북15길 64,경상남도 창원시 마산회원구 구암북15길 64,35.255530180994,128.595663359666,경상남도 창원시 마산회원구 구암동 구암북15길 64,100.0
대한여성경로당,경상남도 창원시  마산회원구 구암서9길 8,경상남도 창원시 마산회원구 구암서9길 8,35.250885768445,128.594320075863,경상남도 창원시 마산회원구 구암동 구암서9길 8,100.0
구암1동제1경로당,경상남도 창원시  마산회원구 구암서3길 47,경상남도 창원시 마산회원구 구암서3길 47,35.248638622113,128.591010313756,경상남도 창원시 마산회원구 구암동 구암서3길 47,100.0
구암1동제3경로당,경상남도 창원시  마산회원구 구암북18길 39,경상남도 창원시 마산회원구 구암북18길 39,35.257663040076,128.595854886154,경상남도 창원시 마산회원구 구암동 구암북18길 39,100.0
제1남성경로당,경상남도 창원시  마산회원구 구암남10길 15(구암동),경상남도 창원시 마산회원구 구암남10길 15,35.249989281991,128.599129025172,경상남도 창원시 마산회원구 구암동 구암남10길 15,100.0
제1여성경로당,경상남도 창원시  마산회원구 구암남10길 15(구암동),경상남도 창원시 마산회원구 구암남10길 15,35.249989281991,128.599129025172,경상남도 창원시 마산회원구 구암동 구암남10길 15,100.0
제2남성경로당,경상남도 창원시  마산회원구 구암남15길 27(구암동),경상남도 창원시 마산회원구 구암남15길 27,35.250625929446,128.602100409848,경상남도 창원시 마산회원구 구암동 구암남15길 27,100.0
제2여성경로당,경상남도 창원시  마산회원구 구암남15길 27(구암동),경상남도 창원시 마산회원구 구암남15길 27,35.250625929446,128.602100409848,경상남도 창원시 마산회원구 구암동 구암남15길 27,100.0
신산남성경로당,경상남도 창원시  마산회원구 구암동1길 103(구암동),경상남도 창원시 마산회원구 구암동1길 103,35.253807071249,128.599529680144,경상남도 창원시 마산회원구 구암동 구암동1길 103,100.0
신산여성경로당,경상남도 창원시  마산회원구 구암동1길 103(구암동),경상남도 창원시 마산회원구 구암동1길 103,35.253807071249,128.599529680144,경상남도 창원시 마산회원구 구암동 구암동1길 103,100.0
제4남성경로당,경상남도 창원시  마산회원구 구암남7길 14(구암동),경상남도 창원시 마산회원구 구암남7길 14,35.244691709636,128.591333603762,경상남도 창원시 마산회원구 구암동 구암남7길 14,100.0
제4여성경로당,경상남도 창원시  마산회원구 구암남7길 14(구암동),경상남도 창원시 마산회원구 구암남7길 14,35.244691709636,128.591333603762,경상남도 창원시 마산회원구 구암동 구암남7길 14,100.0
대동2차아파트경로당,"경상남도 창원시  마산회원구 구암남6길 50(구암동, 대동2차아파트)",경상남도 창원시 마산회원구 구암남6길 50,35.245936296529,128.593243336581,경상남도 창원시 마산회원구 구암동 구암남6길 50,100.0
중앙하이츠아파트경로당,"경상남도 창원시  마산회원구 팔용로 215(구암동, 중앙하이츠)",경상남도 창원시 마산회원구 팔용로 215,35.247255901456,128.595073860416,경상남도 창원시 마산회원구 구암동 팔용로 215,100.0
봉암동제1남성경로당,경상남도 창원시 마산회원구 봉암북7길 32,경상남도 창원시 마산회원구 봉암북7길 32,35.223206754412,128.598442128207,경상남도 창원시 마산회원구 봉암동 봉암북7길 32,100.0
봉암동제1여성경로당,경상남도 창원시 마산회원구 봉암북7길 32,경상남도 창원시 마산회원구 봉암북7길 32,35.223206754412,128.598442128207,경상남도 창원시 마산회원구 봉암동 봉암북7길 32,100.0
봉암동제2남성경로당,경상남도 창원시 마산회원구 봉암북2길 31,경상남도 창원시 마산회원구 봉암북2길 31,35.22128335909,128.597201187442,경상남도 창원시 마산회원구 봉암동 봉암북2길 31,100.0
봉암동제2여성경로당,경상남도 창원시 마산회원구 봉암북2길 31,경상남도 창원시 마산회원구 봉암북2길 31,35.22128335909,128.597201187442,경상남도 창원시 마산회원구 봉암동 봉암북2길 31,100.0
봉암서광아파트경로당,경상남도 창원시 마산회원구 봉양로 241 서광아파트,경상남도 창원시 마산회원구 봉양로 241,35.21651786995,128.612959919783,경상남도 창원시 마산회원구 봉암동 봉양로 241,100.0
봉암본동경로당,경상남도 창원시 마산회원구 봉암북16길 14-1,경상남도 창원시 마산회원구 봉암북16길 14-1,35.214109455801,128.615794847075,경상남도 창원시 마산회원구 봉암동 봉암북16길 14-1,100.0
봉암본동부녀경로당,경상남도 창원시 마산회원구 봉암북16길 14-1,경상남도 창원시 마산회원구 봉암북16길 14-1,35.214109455801,128.615794847075,경상남도 창원시 마산회원구 봉암동 봉암북16길 14-1,100.0
 중앙동경로당 ,경상남도 창원시  진해구 충무로58번길 13-1(익선동),경상남도 창원시 진해구 충무로58번길 13-1,35.150594285294,128.657564552807,경상남도 창원시 진해구 익선동 충무로58번길 13-1,100.0
 중앙동부녀경로당 ,경상남도 창원시  진해구 충무로58번길 13-1(익선동),경상남도 창원시 진해구 충무로58번길 13-1,35.150594285294,128.657564552807,경상남도 창원시 진해구 익선동 충무로58번길 13-1,100.0
 데시앙아파트경로당 ,"경상남도 창원시  진해구 중원동로 38(부흥동, 태영데시앙)",경상남도 창원시 진해구 중원동로 38,35.147453418536,128.661810573499,경상남도 창원시 진해구 부흥동 중원동로 38,100.0
 태평동경로당 ,경상남도 창원시  진해구 중원로10번길 13(숭인동),경상남도 창원시 진해구 중원로10번길 13,35.145052799557,128.660386236692,경상남도 창원시 진해구 숭인동 중원로10번길 13,100.0
 태평동부녀경로당 ,경상남도 창원시  진해구 중원로10번길 13(숭인동),경상남도 창원시 진해구 중원로10번길 13,35.145052799557,128.660386236692,경상남도 창원시 진해구 숭인동 중원로10번길 13,100.0
 속천동경로당 ,경상남도 창원시  진해구 속천로52번길 3(속천동),경상남도 창원시 진해구 속천로52번길 3,35.14219402575,128.669160664393,경상남도 창원시 진해구 속천동 속천로52번길 3,100.0
 속천동부녀경로당 ,경상남도 창원시  진해구 속천로52번길 3(속천동),경상남도 창원시 진해구 속천로52번길 3,35.14219402575,128.669160664393,경상남도 창원시 진해구 속천동 속천로52번길 3,100.0
 제황경로당 ,경상남도 창원시  진해구 속천로 26(태평동),경상남도 창원시 진해구 속천로 26,35.144584795993,128.670192141398,경상남도 창원시 진해구 태평동 속천로 26,100.0
 그린비치경로당 ,"경상남도 창원시  진해구 속천로23번길 9(제황산동, 대암그린비치맨션)",경상남도 창원시 진해구 속천로23번길 9,35.144260081064,128.67163592422,경상남도 창원시 진해구 제황산동 속천로23번길 9,100.0
 평화그린파크경로당 ,"경상남도 창원시  진해구 제황로 10(제황산동, 평화그린파크)",경상남도 창원시 진해구 제황로 10,35.146135280442,128.669487893893,경상남도 창원시 진해구 제황산동 제황로 10,100.0
 대죽동경로당 ,경상남도 창원시  진해구 태평로48번길 14-7(대죽동),경상남도 창원시 진해구 태평로48번길 14-7,35.144546029691,128.663898673218,경상남도 창원시 진해구 대죽동 태평로48번길 14-7,100.0
 대죽동부녀경로당 ,경상남도 창원시  진해구 태평로48번길 14-7(대죽동),경상남도 창원시 진해구 태평로48번길 14-7,35.144546029691,128.663898673218,경상남도 창원시 진해구 대죽동 태평로48번길 14-7,100.0
 충무로5가경로당 ,경상남도 창원시  진해구 중원로74번길 7(대흥동),경상남도 창원시 진해구 중원로74번길 7,35.15077030526,128.660576338256,경상남도 창원시 진해구 대흥동 중원로74번길 7,100.0
 송학동부녀경로당 ,경상남도 창원시  진해구 중원로74번길 7(대흥동),경상남도 창원시 진해구 중원로74번길 7,35.15077030526,128.660576338256,경상남도 창원시 진해구 대흥동 중원로74번길 7,100.0
 화천여자경로당 ,경상남도 창원시  진해구 중원로74번길 7(대흥동),경상남도 창원시 진해구 중원로74번길 7,35.15077030526,128.660576338256,경상남도 창원시 진해구 대흥동 중원로74번길 7,100.0
 충무동경로당 ,경상남도 창원시  진해구 인사로 10(인사동),경상남도 창원시 진해구 인사로 10,35.15046474298,128.667781506045,경상남도 창원시 진해구 인사동 인사로 10,100.0
 충무동부녀경로당 ,경상남도 창원시  진해구 인사로 10(인사동),경상남도 창원시 진해구 인사로 10,35.15046474298,128.667781506045,경상남도 창원시 진해구 인사동 인사로 10,100.0
 제황산경로당 ,경상남도 창원시  진해구 충장로130번길 22-1(대흥동),경상남도 창원시 진해구 충장로130번길 22-1,35.150127078011,128.665621573415,경상남도 창원시 진해구 대흥동 충장로130번길 22-1,100.0
 제황산부녀경로당 ,경상남도 창원시  진해구 충장로130번길 22-1(대흥동),경상남도 창원시 진해구 충장로130번길 22-1,35.150127078011,128.665621573415,경상남도 창원시 진해구 대흥동 충장로130번길 22-1,100.0
 제황로경로당 ,경상남도 창원시  진해구 제황로80번길 24-5(충무동),경상남도 창원시 진해구 제황로80번길 24-5,35.150976164802,128.669556960775,경상남도 창원시 진해구 충무동 제황로80번길 24-5,100.0
 제황로부녀경로당 ,경상남도 창원시  진해구 제황로80번길 24-5(충무동),경상남도 창원시 진해구 제황로80번길 24-5,35.150976164802,128.669556960775,경상남도 창원시 진해구 충무동 제황로80번길 24-5,100.0
 중원경로당 ,경상남도 창원시  진해구 중원로38번길 7(중평동),경상남도 창원시 진해구 중원로38번길 7,35.147478061331,128.660108041326,경상남도 창원시 진해구 중평동 중원로38번길 7,100.0
 평지경로당 ,경상남도 창원시  진해구 여좌천로174번길 12-1(태백동),경상남도 창원시 진해구 여좌천로174번길 12-1,35.167836949773,128.657898320192,경상남도 창원시 진해구 태백동 여좌천로174번길 12-1,100.0
 평지부녀경로당 ,경상남도 창원시  진해구 여좌천로174번길 12-1(태백동),경상남도 창원시 진해구 여좌천로174번길 12-1,35.167836949773,128.657898320192,경상남도 창원시 진해구 태백동 여좌천로174번길 12-1,100.0
 여좌경로당 ,경상남도 창원시  진해구 여좌로123번길 2(여좌동),경상남도 창원시 진해구 여좌로123번길 2,35.162366458756,128.662762087147,경상남도 창원시 진해구 여좌동 여좌로123번길 2,100.0
 여좌부녀경로당 ,경상남도 창원시  진해구 여좌로123번길 2-1(여좌동),경상남도 창원시 진해구 여좌로123번길 2-1,35.162467712146,128.662720093812,경상남도 창원시 진해구 여좌동 여좌로123번길 2-1,100.0
 여좌2가부녀경로당 ,경상남도 창원시  진해구  여좌로118번가길 19(여좌동),경상남도 창원시 진해구 여좌로118번가길 19,35.161647459102,128.665338265088,경상남도 창원시 진해구 여좌동 여좌로118번가길 19,100.0
 여좌장복경로당 ,경상남도 창원시  진해구 여좌로58번길 17(여좌동),경상남도 창원시 진해구 여좌로58번길 17,35.158039007875,128.662937185104,경상남도 창원시 진해구 여좌동 여좌로58번길 17,100.0
 여좌장복부녀경로당 ,경상남도 창원시  진해구 여좌로58번길 17(여좌동),경상남도 창원시 진해구 여좌로58번길 17,35.158039007875,128.662937185104,경상남도 창원시 진해구 여좌동 여좌로58번길 17,100.0
 여좌1가경로당 ,경상남도 창원시  진해구 여좌남로41번길 21(여좌동) ,경상남도 창원시 진해구 여좌남로41번길 21,35.157746144178,128.660652278299,경상남도 창원시 진해구 여좌동 여좌남로41번길 21,100.0
 여좌1가부녀경로당 ,경상남도 창원시  진해구 여좌남로41번길 21 (여좌동),경상남도 창원시 진해구 여좌남로41번길 21,35.157746144178,128.660652278299,경상남도 창원시 진해구 여좌동 여좌남로41번길 21,100.0
 여좌재건경로당 ,경상남도 창원시  진해구 여좌로15번길 26(여좌동),경상남도 창원시 진해구 여좌로15번길 26,35.154009910838,128.662735516514,경상남도 창원시 진해구 여좌동 여좌로15번길 26,100.0
 여좌재건부녀경로당 ,경상남도 창원시  진해구 여좌로15번길 26(여좌동),경상남도 창원시 진해구 여좌로15번길 26,35.154009910838,128.662735516514,경상남도 창원시 진해구 여좌동 여좌로15번길 26,100.0
 대광APT 경로당 ,"경상남도 창원시  진해구 여명남로16번길 22(여좌동, 대광아파트)",경상남도 창원시 진해구 여명남로16번길 22,35.154086,128.658653,"경상남도 창원시 진해구 여좌동 760-24, 대광아파트",100.0
 여명경로당 ,경상남도 창원시  진해구 여명로 56(여좌동),경상남도 창원시 진해구 여명로 56,35.157399762029,128.658488741451,경상남도 창원시 진해구 여좌동 여명로 56,100.0
 여명부녀경로당 ,경상남도 창원시  진해구 여명로 56(여좌동),경상남도 창원시 진해구 여명로 56,35.157399762029,128.658488741451,경상남도 창원시 진해구 여좌동 여명로 56,100.0
 육대경로당 ,경상남도 창원시  진해구 여좌로 34(여좌동),경상남도 창원시 진해구 여좌로 34,35.155265100838,128.664845493,경상남도 창원시 진해구 여좌동 여좌로 34,100.0
 제광경로당 ,경상남도 창원시  진해구 충장로 249번길26(경화동),경상남도 창원시 진해구 충장로 249,35.153025638503,128.679308947878,경상남도 창원시 진해구 경화동 충장로 249,100.0
 제광부녀경로당 ,경상남도 창원시  진해구 충장로 249번길26(경화동),경상남도 창원시 진해구 충장로 249,35.153025638503,128.679308947878,경상남도 창원시 진해구 경화동 충장로 249,100.0
 태백동새동네경로당 ,경상남도 창원시  진해구 태백서로 62(태백동),경상남도 창원시 진해구 태백서로 62,35.156377044114,128.674849210621,경상남도 창원시 진해구 태백동 태백서로 62,100.0
 태백동새동네부녀경로당 ,경상남도 창원시  진해구 태백서로 62(태백동),경상남도 창원시 진해구 태백서로 62,35.156377044114,128.674849210621,경상남도 창원시 진해구 태백동 태백서로 62,100.0
 태백동경로당 ,경상남도 창원시  진해구 태백서로 12-5(태백동),경상남도 창원시 진해구 태백서로 12-5,35.153360061885,128.672656001836,경상남도 창원시 진해구 여좌동 태백서로 12-5,100.0
 태백동부녀경로당 ,경상남도 창원시  진해구 태백서로 12-5(태백동),경상남도 창원시 진해구 태백서로 12-5,35.153360061885,128.672656001836,경상남도 창원시 진해구 여좌동 태백서로 12-5,100.0
경화동경로당,경상남도 창원시  진해구 경화로29번길 10-1(경화동),경상남도 창원시 진해구 경화로29번길 10-1,35.156127724404,128.685066247678,경상남도 창원시 진해구 경화동 경화로29번길 10-1,100.0
경화동부녀경로당,경상남도 창원시  진해구 경화로29번길 10-1(경화동),경상남도 창원시 진해구 경화로29번길 10-1,35.156127724404,128.685066247678,경상남도 창원시 진해구 경화동 경화로29번길 10-1,100.0
경일경로당,경상남도 창원시  진해구 충장로285번길 10(경화동),경상남도 창원시 진해구 충장로285번길 10,35.154792068133,128.683261875381,경상남도 창원시 진해구 경화동 충장로285번길 10,100.0
경일부녀경로당,경상남도 창원시  진해구 충장로285번길 10(경화동),경상남도 창원시 진해구 충장로285번길 10,35.154792068133,128.683261875381,경상남도 창원시 진해구 경화동 충장로285번길 10,100.0
조천경로당,경상남도 창원시  진해구 조천로 5-7(경화동),경상남도 창원시 진해구 조천로 5-7,35.158599086645,128.683302527612,경상남도 창원시 진해구 경화동 조천로 5-7,100.0
조천부녀경로당,경상남도 창원시  진해구 조천로 5-7(경화동),경상남도 창원시 진해구 조천로 5-7,35.158599086645,128.683302527612,경상남도 창원시 진해구 경화동 조천로 5-7,100.0
경화포스코경로당,"경상남도 창원시  진해구 조천북로 65(경화동, 포스코더샵아파트)",경상남도 창원시 진해구 조천북로 65,35.160028620232,128.679962506834,경상남도 창원시 진해구 경화동 조천북로 65,100.0
삼정그린코아경로당,"경상남도 창원시  진해구 조천북로 97, 104동(경화동, 삼정그린코아1단지)",경상남도 창원시 진해구 조천북로 97,35.161475755815,128.68223442169,경상남도 창원시 진해구 경화동 조천북로 97,100.0
경화동새마을경로당,경상남도 창원시  진해구 조천북로85번길 21(경화동),경상남도 창원시 진해구 조천북로85번길 21,35.162639864642,128.680796680032,경상남도 창원시 진해구 경화동 조천북로85번길 21,100.0
경화대동다숲경로당,"경상남도 창원시  진해구 조천북로 79, 1층(관리동)(경화동, 경화대동다숲아파트)",경상남도 창원시 진해구 조천북로 79,35.161054774728,128.680264590625,경상남도 창원시 진해구 경화동 조천북로 79,100.0
 병암동경로당 ,"경상남도 창원시  진해구 경화로18번길 25(경화동), 2층",경상남도 창원시 진해구 경화로18번길 25,35.155271135809,128.688957043313,경상남도 창원시 진해구 경화동 경화로18번길 25,100.0
 병암동부녀경로당 ,"경상남도 창원시  진해구 경화로18번길 25(경화동), 1층",경상남도 창원시 진해구 경화로18번길 25,35.155271135809,128.688957043313,경상남도 창원시 진해구 경화동 경화로18번길 25,100.0
 상지아파트경로당 ,"경상남도 창원시  진해구 병암북로4번길 37(석동, 상지약수아파트)",경상남도 창원시 진해구 병암북로4번길 37,35.16082611641,128.694246108036,경상남도 창원시 진해구 석동 병암북로4번길 37,100.0
 경화아파트경로당 ,"경상남도 창원시  진해구 경화시장로 34-3(경화동, 경화아파트)",경상남도 창원시 진해구 경화시장로 34-3,35.156605073789,128.691118149409,경상남도 창원시 진해구 경화동 경화시장로 34-3,100.0
 병암동사랑방경로당 ,경상남도 창원시  진해구 진해대로694번길 14(경화동),경상남도 창원시 진해구 진해대로694번길 14,35.15824373586,128.691326272064,경상남도 창원시 진해구 경화동 진해대로694번길 14,100.0
 병암동행복경로당 ,경상남도 창원시  진해구 충장로364번나길 9-23(이동),경상남도 창원시 진해구 충장로364번나길 9-23,35.151787826396,128.690993091413,경상남도 창원시 진해구 이동 충장로364번나길 9-23,100.0
 경화주공아파트경로당 ,"경상남도 창원시  진해구 충장로345번길 50(경화동, 경화주공아파트)",경상남도 창원시 진해구 충장로345번길 50,35.158177854101,128.688969867625,경상남도 창원시 진해구 경화동 충장로345번길 50,100.0
 석동경로당 ,경상남도 창원시  진해구 돌리로10번길 5-1(석동),경상남도 창원시 진해구 돌리로10번길 5-1,35.15888092814,128.701150784595,경상남도 창원시 진해구 석동 돌리로10번길 5-1,100.0
 석동부녀경로당 ,경상남도 창원시  진해구 돌리로10번길 5-1(석동),경상남도 창원시 진해구 돌리로10번길 5-1,35.15888092814,128.701150784595,경상남도 창원시 진해구 석동 돌리로10번길 5-1,100.0
 한솔솔파크경로당 ,"경상남도 창원시  진해구 돌리로16번길 18(석동, 진해석동한솔솔파크2단지)",경상남도 창원시 진해구 돌리로16번길 18,35.158490289542,128.702489709809,경상남도 창원시 진해구 석동 돌리로16번길 18,100.0
 석동그린빌2단지경로당 ,"경상남도 창원시  진해구 냉천로107번길 14, 210동(석동, 벚꽃그린빌주공2단지)",경상남도 창원시 진해구 냉천로107번길 14,35.154176920259,128.70862727459,경상남도 창원시 진해구 석동 냉천로107번길 14,100.0
벚꽃그린빌3단지경로당,"경상남도 창원시  진해구 석동로 60, 관리사무소동(석동, 벚꽃그린빌주공3단지) 관리사무소동",경상남도 창원시 진해구 석동로 60,35.154797851646,128.706569098265,경상남도 창원시 진해구 석동 석동로 60,100.0
석동그린빌4단지경로당,"경상남도 창원시  진해구 석동로 80, 409동(석동, 벚꽃그린빌주공4단지)",경상남도 창원시 진해구 석동로 80,35.156111966426,128.707779277446,경상남도 창원시 진해구 석동 석동로 80,100.0
석동공원경로당,경상남도 창원시  진해구 석동로34번길 14(석동),경상남도 창원시 진해구 석동로34번길 14,35.153469403811,128.703189263448,경상남도 창원시 진해구 석동 석동로34번길 14,100.0
석동공원부녀경로당,경상남도 창원시  진해구 석동로34번길 14(석동),경상남도 창원시 진해구 석동로34번길 14,35.153469403811,128.703189263448,경상남도 창원시 진해구 석동 석동로34번길 14,100.0
이동신성미소지움아파트경로당,"경상남도 창원시  진해구 동진로21번길 17(이동, 진해이동미소지움1단지)",경상남도 창원시 진해구 동진로21번길 17,35.155587133558,128.698490033251,경상남도 창원시 진해구 이동 동진로21번길 17,100.0
우림필유아파트경로당,"경상남도 창원시  진해구 해원로 45(석동, 진해석동우림필유)",경상남도 창원시 진해구 해원로 45,35.156388653049,128.694712141852,경상남도 창원시 진해구 석동 해원로 45,100.0
석동푸르지오경로당,"경상남도 창원시  진해구 진해대로 727(석동, 진해석동푸르지오)",경상남도 창원시 진해구 진해대로 727,35.160902643186,128.695976551946,경상남도 창원시 진해구 석동 진해대로 727,100.0
석동자이아파트경로당,"경상남도 창원시  진해구 동진로21번길 26(석동, 지에스진해자이아파트)",경상남도 창원시 진해구 동진로21번길 26,35.155861640887,128.699310202477,경상남도 창원시 진해구 석동 동진로21번길 26,100.0
창원석동LH아파트경로당,"경상남도 창원시  진해구 냉천로 125(석동, 창원석동LH아파트)",경상남도 창원시 진해구 냉천로 125,35.155067120285,128.709350213739,경상남도 창원시 진해구 석동 냉천로 125,100.0
 구이동경로당 ,경상남도 창원시  진해구 이동로59번길 6,경상남도 창원시 진해구 이동로59번길 6,35.151756184712,128.698298674402,경상남도 창원시 진해구 이동 이동로59번길 6,100.0
 구이동부녀경로당 ,경상남도 창원시  진해구 이동로59번길 6,경상남도 창원시 진해구 이동로59번길 6,35.151756184712,128.698298674402,경상남도 창원시 진해구 이동 이동로59번길 6,100.0
 신이동경로당 ,경상남도 창원시  진해구 충장로449번길 16,경상남도 창원시 진해구 충장로449번길 16,35.149407030618,128.700034398912,경상남도 창원시 진해구 이동 충장로449번길 16,100.0
 신이동부녀경로당 ,경상남도 창원시  진해구 충장로449번길 16,경상남도 창원시 진해구 충장로449번길 16,35.149407030618,128.700034398912,경상남도 창원시 진해구 이동 충장로449번길 16,100.0
 이동택지경로당 ,경상남도 창원시  진해구 충장로442번길 22-10,경상남도 창원시 진해구 충장로442번길 22-10,35.150135292276,128.695300383817,경상남도 창원시 진해구 이동 충장로442번길 22-10,100.0
 이동택지부녀경로당 ,경상남도 창원시  진해구 충장로442번길 22-10,경상남도 창원시 진해구 충장로442번길 22-10,35.150135292276,128.695300383817,경상남도 창원시 진해구 이동 충장로442번길 22-10,100.0
 남흥아파트경로당 ,경상남도 창원시  진해구 해원로 5,경상남도 창원시 진해구 해원로 5,35.153965822027,128.694366723622,경상남도 창원시 진해구 이동 해원로 5,100.0
 석동주공아파트경로당 ,경상남도 창원시  진해구 냉천로 52,경상남도 창원시 진해구 냉천로 52,35.14975747799,128.704673782319,경상남도 창원시 진해구 석동 냉천로 52,100.0
 관사경로당 ,경상남도 창원시  진해구 덕산로61번길19(자은동) 2층,경상남도 창원시 진해구 덕산로61번길19(자은동) 2층,35.147537824301,128.706204150201,경상남도 창원시 진해구 자은동 덕산로61번길 19,99.17
 관사부녀경로당 ,경상남도 창원시  진해구 덕산로61번길19(자은동) 1층,경상남도 창원시 진해구 덕산로61번길19(자은동) 1층,35.147537824301,128.706204150201,경상남도 창원시 진해구 자은동 덕산로61번길 19,99.17
 하구경로당 ,경상남도 창원시  진해구 자은로78번길4(자은동) 1층,경상남도 창원시 진해구 자은로78번길4(자은동) 1층,35.152029602394,128.709549032482,경상남도 창원시 진해구 자은동 자은로78번길 4,99.13
 하구부녀경로당 ,경상남도 창원시  진해구 자은로78번길4(자은동) 1층,경상남도 창원시 진해구 자은로78번길4(자은동) 1층,35.152029602394,128.709549032482,경상남도 창원시 진해구 자은동 자은로78번길 4,99.13
 냉천경로당 ,경상남도 창원시  진해구 냉천로129번길17(자은동) 1층,경상남도 창원시 진해구 냉천로129번길17(자은동) 1층,35.155641951205,128.70971801165,경상남도 창원시 진해구 석동 냉천로129번길 17,99.2
 냉천부녀경로당 ,경상남도 창원시  진해구 냉천로129번길17(자은동) 1층,경상남도 창원시 진해구 냉천로129번길17(자은동) 1층,35.155641951205,128.70971801165,경상남도 창원시 진해구 석동 냉천로129번길 17,99.2
 벚꽃마을아파트경로당 ,"경상남도 창원시  진해구 진해대로921번길10(자은동,벚꽃마을아파트)","경상남도 창원시 진해구 진해대로921번길10(자은동,벚꽃마을아파트)",35.146809059729,128.709527323353,경상남도 창원시 진해구 자은동 진해대로921번길 10,97.74
 벚꽃마을아파트부녀경로당 ,"경상남도 창원시  진해구 진해대로921번길10(자은동,벚꽃마을아파트)","경상남도 창원시 진해구 진해대로921번길10(자은동,벚꽃마을아파트)",35.146809059729,128.709527323353,경상남도 창원시 진해구 자은동 진해대로921번길 10,97.74
 성원아파트경로당 ,"경상남도 창원시  진해구 냉천로108번길6(자은동,성원아파트)","경상남도 창원시 진해구 냉천로108번길6(자은동,성원아파트)",35.153184413,128.707534001,자은동-성원아파트,100.0
 대동빌라트경로당 ,"경상남도 창원시  진해구 냉천로88(자은동,대동빌라트아파트)","경상남도 창원시 진해구 냉천로88(자은동,대동빌라트아파트)",35.151589594386,128.70768196355,경상남도 창원시 진해구 자은동 냉천로 88,96.92
 삼성아파트경로당 ,"경상남도 창원시  진해구 자은로64번길40(자은동,삼성아파트)","경상남도 창원시 진해구 자은로64번길40(자은동,삼성아파트)",35.147923056571,128.708459887984,경상남도 창원시 진해구 자은동 자은로64번길 40,98.15
 월드메르디앙아파트경로당 ,"경상남도 창원시  진해구 자은로64번가길26(자은동,월드메르디앙아파트)","경상남도 창원시 진해구 자은로64번가길26(자은동,월드메르디앙아파트)",35.15094431357,128.712162509892,경상남도 창원시 진해구 자은동 자은로64번가길 26,97.19
 자은프라임아파트경로당 ,"경상남도 창원시  진해구 냉천로 257(자은동,엘에이치자은프라임)",경상남도 창원시 진해구 냉천로 257,35.153069964216,128.720165970139,경상남도 창원시 진해구 자은동 냉천로 257,100.0
 자은프라임아파트부녀경로당 ,"경상남도 창원시  진해구 냉천로 257(자은동,엘에이치자은프라임)",경상남도 창원시 진해구 냉천로 257,35.153069964216,128.720165970139,경상남도 창원시 진해구 자은동 냉천로 257,100.0
 천년나무아파트경로당 ,"경상남도 창원시  진해구 냉천로 192(자은동,천년나무아파트)",경상남도 창원시 진해구 냉천로 192,35.15591679381,128.717373036182,경상남도 창원시 진해구 자은동 냉천로 192,100.0
 에일린의뜰아파트경로당 ,"경상남도 창원시  진해구 냉천로 235(자은동,창원자은에일린의뜰)",경상남도 창원시 진해구 냉천로 235,35.154925885217,128.721444042735,경상남도 창원시 진해구 자은동 냉천로 235,100.0
 센트럴빌리지아파트경로당 ,"경상남도 창원시  진해구 냉천로 189(자은동,센트럴빌리지)",경상남도 창원시 진해구 냉천로 189,35.156476327757,128.717171870506,경상남도 창원시 진해구 자은동 냉천로 189,100.0
 자은중흥S클래스경로당 ,"경상남도 창원시  진해구 냉천로 262(자은동,자은중흥S클래스)",경상남도 창원시 진해구 냉천로 262,35.152749440238,128.718318598679,경상남도 창원시 진해구 자은동 냉천로 262,100.0
덕산동경로당,경상남도 창원시  진해구 덕산로36번길 19(풍호동),경상남도 창원시 진해구 덕산로36번길 19,35.144048773285,128.703927960575,경상남도 창원시 진해구 풍호동 덕산로36번길 19,100.0
자은동본동경로당,경상남도 창원시  진해구 진해대로979번길 6-1(자은동),경상남도 창원시 진해구 진해대로979번길 6-1,35.141549080211,128.708025286304,경상남도 창원시 진해구 자은동 진해대로979번길 6-1,100.0
자은동본동부녀경로당,경상남도 창원시  진해구 진해대로979번길 6-1(자은동),경상남도 창원시 진해구 진해대로979번길 6-1,35.141549080211,128.708025286304,경상남도 창원시 진해구 자은동 진해대로979번길 6-1,100.0
풍호주공아파트경로당,"경상남도 창원시  진해구 동진로 166(풍호동, 주공아파트)",경상남도 창원시 진해구 동진로 166,35.14263985918,128.702786010086,경상남도 창원시 진해구 풍호동 동진로 166,100.0
경동윈츠빌경로당,"경상남도 창원시  진해구 풍호로3번길 14(풍호동, 경동윈츠빌아파트)",경상남도 창원시 진해구 풍호로3번길 14,35.140715164664,128.702149907454,경상남도 창원시 진해구 풍호동 풍호로3번길 14,100.0
자은동포스코아파트경로당,"경상남도 창원시  진해구 진해대로 975번길 26(자은동, 더샵아파트)",경상남도 창원시 진해구 진해대로 975,35.142540211725,128.707352148977,경상남도 창원시 진해구 죽곡동 진해대로 975,100.0
자은주공3단지아파트경로당,"경상남도 창원시  진해구 진해대로975번길 23(자은동, 자은3주공아파트)",경상남도 창원시 진해구 진해대로975번길 23,35.142852047059,128.709802920329,경상남도 창원시 진해구 자은동 진해대로975번길 23,100.0
 협성DS아이존빌경로당 ,"경상남도 창원시  진해구 풍호로35번길 11, 105동",경상남도 창원시 진해구 풍호로35번길 11,35.140154205794,128.703875657499,경상남도 창원시 진해구 자은동 풍호로35번길 11,100.0
풍호동경로당,경상남도 창원시  진해구 진해대로 1034번길 9(풍호동) ,경상남도 창원시 진해구 진해대로 1034,35.137366765085,128.707916808574,경상남도 창원시 진해구 죽곡동 진해대로 1034,100.0
풍호동부녀경로당,경상남도 창원시  진해구 진해대로 1034번길 9(풍호동) ,경상남도 창원시 진해구 진해대로 1034,35.137366765085,128.707916808574,경상남도 창원시 진해구 죽곡동 진해대로 1034,100.0
시영아파트경로당,"경상남도 창원시  진해구 진해대로 1041번길 35(풍호동,시영아파트)",경상남도 창원시 진해구 진해대로 1041,35.136573414848,128.708620569067,경상남도 창원시 진해구 풍호동 진해대로 1041,100.0
풍호우성아파트경로당,경상남도 창원시  진해구 충장로 575-1(풍호동),경상남도 창원시 진해구 충장로 575-1,35.137727351458,128.703009806901,경상남도 창원시 진해구 풍호동 충장로 575-1,100.0
풍호우성아파트부녀경로당,경상남도 창원시  진해구 충장로 575-1(풍호동),경상남도 창원시 진해구 충장로 575-1,35.137727351458,128.703009806901,경상남도 창원시 진해구 풍호동 충장로 575-1,100.0
장천동경로당,경상남도 창원시  진해구 충장로 671번길 9(장천동),경상남도 창원시 진해구 충장로 671,35.129765459218,128.704120646856,경상남도 창원시 진해구 경화동 충장로 671,100.0
장천동부녀경로당,경상남도 창원시  진해구 충장로 671번길 9(장천동),경상남도 창원시 진해구 충장로 671,35.129765459218,128.704120646856,경상남도 창원시 진해구 경화동 충장로 671,100.0
장천동서부경로당,경상남도 창원시  진해구 행암로 92번길 7(장천동),경상남도 창원시 진해구 행암로 92,35.12747904905,128.700274879518,경상남도 창원시 진해구 행암동 행암로 92,100.0
장천서부부녀경로당,경상남도 창원시  진해구 행암로 92번길 7(장천동),경상남도 창원시 진해구 행암로 92,35.12747904905,128.700274879518,경상남도 창원시 진해구 행암동 행암로 92,100.0
행암동경로당,경상남도 창원시  진해구 행암로 223(행암동),경상남도 창원시 진해구 행암로 223,35.115547662189,128.701011309727,경상남도 창원시 진해구 행암동 행암로 223,100.0
행암동부녀경로당,경상남도 창원시  진해구 행암로 223(행암동),경상남도 창원시 진해구 행암로 223,35.115547662189,128.701011309727,경상남도 창원시 진해구 행암동 행암로 223,100.0
아이존빌아파트경로당,"경상남도 창원시  진해구 풍호로 42번길 15(풍호동, DS아이존빌)",경상남도 창원시 진해구 풍호로 42,35.139821865427,128.70593795184,경상남도 창원시 진해구 자은동 풍호로 42,100.0
상리마을경로당,경상남도 창원시  진해구 진해대로 1162번길 7(장천동),경상남도 창원시 진해구 진해대로 1162,35.126463922052,128.711536823114,경상남도 창원시 진해구 죽곡동 진해대로 1162,100.0
평화마을아파트경로당,"경상남도 창원시  진해구 충장로 603번길 10(풍호동, 평화마을아파트)",경상남도 창원시 진해구 충장로 603,35.135712039732,128.702446462277,경상남도 창원시 진해구 경화동 충장로 603,100.0
한림리츠빌아파트경로당,"경상남도 창원시  진해구 풍호로 68(풍호동, 한림리츠빌)",경상남도 창원시 진해구 풍호로 68,35.139535453701,128.708668262096,경상남도 창원시 진해구 풍호동 풍호로 68,100.0
장천대동다숲경로당,"경상남도 창원시  진해구 행암로 25(장천동, 대동다숲아파트) ",경상남도 창원시 진해구 행암로 25,35.129639611174,128.70606048438,경상남도 창원시 진해구 장천동 행암로 25,100.0
장천대동다숲부녀경로당,"경상남도 창원시  진해구 행암로 25(장천동, 대동다숲아파트) ",경상남도 창원시 진해구 행암로 25,35.129639611174,128.70606048438,경상남도 창원시 진해구 장천동 행암로 25,100.0
벽산e-솔렌스힐아파트경로당,경상남도 창원시  진해구 진해대로1099번길 10,경상남도 창원시 진해구 진해대로1099번길 10,35.130256393519,128.7097812112,경상남도 창원시 진해구 장천동 진해대로1099번길 10,100.0
창원마린푸르지오1단지경로당,"경상남도 창원시  진해구 천자로386(풍호동, 창원마린푸르지오1단지)","경상남도 창원시 진해구 천자로386(풍호동, 창원마린푸르지오1단지)",35.134879328755,128.706983678338,경상남도 창원시 진해구 장천동 천자로 386,96.67
한신휴플러스오션파크아파트경로당,"경상남도 창원시  진해구 행암로5(장천동, 한신휴플러스오션파트아파트경로당)","경상남도 창원시 진해구 행암로5(장천동, 한신휴플러스오션파트아파트경로당)",35.129925584,128.708788404,휴플러스,96.33
관정경로당,경상남도 창원시  진해구 웅천북로39번길 12-14(북부동),경상남도 창원시 진해구 웅천북로39번길 12-14,35.117619333378,128.74753866752,경상남도 창원시 진해구 북부동 웅천북로39번길 12-14,100.0
괴정경로당,경상남도 창원시  진해구 명제로472번길 30(제덕동),경상남도 창원시 진해구 명제로472번길 30,35.100121523766,128.743932688955,경상남도 창원시 진해구 제덕동 명제로472번길 30,100.0
괴정부녀경로당,경상남도 창원시  진해구 명제로472번길 30(제덕동),경상남도 창원시 진해구 명제로472번길 30,35.100121523766,128.743932688955,경상남도 창원시 진해구 제덕동 명제로472번길 30,100.0
남문경로당,경상남도 창원시  진해구 웅천중로40번길 3-2(남문동),경상남도 창원시 진해구 웅천중로40번길 3-2,35.109530545356,128.750233281753,경상남도 창원시 진해구 남문동 웅천중로40번길 3-2,100.0
남문부녀경로당,경상남도 창원시  진해구 웅천중로40번길 3-2(남문동),경상남도 창원시 진해구 웅천중로40번길 3-2,35.109530545356,128.750233281753,경상남도 창원시 진해구 남문동 웅천중로40번길 3-2,100.0
명동경로당,경상남도 창원시  진해구 명동로 29(명동) ,경상남도 창원시 진해구 명동로 29,35.096357420597,128.716879425904,경상남도 창원시 진해구 명동 명동로 29,100.0
백일경로당,경상남도 창원시  진해구 웅천북로 190(북부동),경상남도 창원시 진해구 웅천북로 190,35.122818208822,128.735977424651,경상남도 창원시 진해구 북부동 웅천북로 190,100.0
북부경로당,경상남도 창원시  진해구 웅천로159번길 10-17(북부동),경상남도 창원시 진해구 웅천로159번길 10-17,35.11435898259,128.748512644669,경상남도 창원시 진해구 북부동 웅천로159번길 10-17,100.0
북부부녀경로당,경상남도 창원시  진해구 웅천로159번길 10-17(북부동),경상남도 창원시 진해구 웅천로159번길 10-17,35.11435898259,128.748512644669,경상남도 창원시 진해구 북부동 웅천로159번길 10-17,100.0
삼포경로당,경상남도 창원시  진해구 명제로324번길 25-5(명동) ,경상남도 창원시 진해구 명제로324번길 25-5,35.094944064084,128.730165580628,경상남도 창원시 진해구 명동 명제로324번길 25-5,100.0
서중동경로당,경상남도 창원시  진해구 웅천중로65번길 17-1(서중동),경상남도 창원시 진해구 웅천중로65번길 17-1,35.111498280946,128.748026326647,경상남도 창원시 진해구 서중동 웅천중로65번길 17-1,100.0
서중동부녀경로당,경상남도 창원시  진해구 웅천중로65번길 17-1(서중동),경상남도 창원시 진해구 웅천중로65번길 17-1,35.111498280946,128.748026326647,경상남도 창원시 진해구 서중동 웅천중로65번길 17-1,100.0
성내경로당,경상남도 창원시  진해구 웅천중로56번길 15(성내동),경상남도 창원시 진해구 웅천중로56번길 15,35.111527617607,128.750156587339,경상남도 창원시 진해구 성내동 웅천중로56번길 15,100.0
성내부녀경로당,경상남도 창원시  진해구 웅천중로56번길 15(성내동),경상남도 창원시 진해구 웅천중로56번길 15,35.111527617607,128.750156587339,경상남도 창원시 진해구 성내동 웅천중로56번길 15,100.0
수도경로당,경상남도 창원시  진해구 수도로 18(수도동),경상남도 창원시 진해구 수도로 18,35.084994996472,128.744901217867,경상남도 창원시 진해구 수도동 수도로 18,100.0
시티프라디움1차 아파트경로당,"경상남도 창원시  진해구 웅천동로 16(남문동, 남문1차시티프라디움)",경상남도 창원시 진해구 웅천동로 16,35.105561714203,128.755669365058,경상남도 창원시 진해구 남문동 웅천동로 16,100.0
시티프라디움2차 아파트경로당,"경상남도 창원시  진해구 웅천동로 100(남문동, 남문시티프라디움2차)",경상남도 창원시 진해구 웅천동로 100,35.103280537344,128.751739090659,경상남도 창원시 진해구 남문동 웅천동로 100,100.0
신명경로당,경상남도 창원시  진해구 명동로83번길 8(명동),경상남도 창원시 진해구 명동로83번길 8,35.096419949595,128.720626555719,경상남도 창원시 진해구 명동 명동로83번길 8,100.0
어은경로당,경상남도 창원시  진해구 어은로35번길 7(죽곡동),경상남도 창원시 진해구 어은로35번길 7,35.115174206493,128.728675026786,경상남도 창원시 진해구 죽곡동 어은로35번길 7,100.0
와성경로당,경상남도 창원시  진해구 웅천동로 49번길 98(남문동),경상남도 창원시 진해구 웅천동로 49,35.102240007884,128.755758632326,경상남도 창원시 진해구 남문동 웅천동로 49,100.0
제덕경로당,경상남도 창원시  진해구 제덕로234번길 11-3(제덕동),경상남도 창원시 진해구 제덕로234번길 11-3,35.104850425899,128.742293021056,경상남도 창원시 진해구 제덕동 제덕로234번길 11-3,100.0
죽곡경로당,"경상남도 창원시  진해구 명제로 107번길 19, 102(죽곡동, 케이그린빌아파트)",경상남도 창원시 진해구 명제로 107,35.105886700129,128.717083968018,경상남도 창원시 진해구 명동 명제로 107,100.0
진해남문호반베르디움아파트경로당,"경상남도 창원시  진해구 웅천동로43번길 19(남문동, 남문호반베르디움)",경상남도 창원시 진해구 웅천동로43번길 19,35.10359511017,128.757852934654,경상남도 창원시 진해구 남문동 웅천동로43번길 19,100.0
리젠시빌란트경로당,"경상남도 창원시  진해구 웅천동로1번길 18(남문동, 리젠시빌란트)",경상남도 창원시 진해구 웅천동로1번길 18,35.104383931078,128.758574700336,경상남도 창원시 진해구 남문동 웅천동로1번길 18,100.0
마천경로당,경상남도 창원시  진해구 웅동로51번길 16(마천동),경상남도 창원시 진해구 웅동로51번길 16,35.126238905418,128.78186373449,경상남도 창원시 진해구 마천동 웅동로51번길 16,100.0
마천부녀경로당,경상남도 창원시  진해구 웅동로51번길 16(마천동),경상남도 창원시 진해구 웅동로51번길 16,35.126238905418,128.78186373449,경상남도 창원시 진해구 마천동 웅동로51번길 16,100.0
남명플럼빌리지경로당,"경상남도 창원시  진해구 웅동로 70(마천동, 남명플럼빌리지)",경상남도 창원시 진해구 웅동로 70,35.124938159774,128.783118170119,경상남도 창원시 진해구 마천동 웅동로 70,100.0
소사경로당,경상남도 창원시  진해구 소사로43번길 6(소사동),경상남도 창원시 진해구 소사로43번길 6,35.128415853311,128.777595585574,경상남도 창원시 진해구 소사동 소사로43번길 6,100.0
월남경로당,경상남도 창원시  진해구 월남로104번길 12(남양동),경상남도 창원시 진해구 월남로104번길 12,35.118162899799,128.776205279295,경상남도 창원시 진해구 남양동 월남로104번길 12,100.0
영길경로당,경상남도 창원시  진해구 남영로 500(남양동),경상남도 창원시 진해구 남영로 500,35.114621000883,128.78185334093,경상남도 창원시 진해구 남양동 남영로 500,100.0
영길부녀경로당,경상남도 창원시  진해구 남영로 500(남양동),경상남도 창원시 진해구 남영로 500,35.114621000883,128.78185334093,경상남도 창원시 진해구 남양동 남영로 500,100.0
금곡경로당,경상남도 창원시  진해구 마천로 18번안길 15-1(마천동),경상남도 창원시 진해구 마천로 18,35.125844361953,128.784425962393,경상남도 창원시 진해구 마천동 마천로 18,100.0
금곡부녀경로당,경상남도 창원시  진해구 마천로 18번안길 15-1(마천동),경상남도 창원시 진해구 마천로 18,35.125844361953,128.784425962393,경상남도 창원시 진해구 마천동 마천로 18,100.0
청안해오름프리존빌경로당,"경상남도 창원시  진해구 웅동로 150(두동, 청안해오름아파트)",경상남도 창원시 진해구 웅동로 150,35.120531080812,128.790592061724,경상남도 창원시 진해구 두동 웅동로 150,100.0
의곡경로당,경상남도 창원시  진해구 웅동로 194(두동),경상남도 창원시 진해구 웅동로 194,35.117176601252,128.791964849826,경상남도 창원시 진해구 두동 웅동로 194,100.0
내곡경로당,경상남도 창원시  진해구 웅동로121번길 12(마천동),경상남도 창원시 진해구 웅동로121번길 12,35.123135673405,128.789654294397,경상남도 창원시 진해구 마천동 웅동로121번길 12,100.0
대장동경로당,경상남도 창원시  진해구 대장로 192(대장동),경상남도 창원시 진해구 대장로 192,35.140949983681,128.778218780075,경상남도 창원시 진해구 대장동 대장로 192,100.0
대장동부녀경로당,경상남도 창원시  진해구 대장로 192(대장동),경상남도 창원시 진해구 대장로 192,35.140949983681,128.778218780075,경상남도 창원시 진해구 대장동 대장로 192,100.0
(사)대한노인회 진해지회 부암경로당,경상남도 창원시  진해구 마천로103번길 8(마천동),경상남도 창원시 진해구 마천로103번길 8,35.13377792441,128.783799115933,경상남도 창원시 진해구 마천동 마천로103번길 8,100.0
경남아너스빌경로당,"경상남도 창원시  진해구 마천로 50(마천동, 경남아너스빌)",경상남도 창원시 진해구 마천로 50,35.127725855041,128.784610148885,경상남도 창원시 진해구 마천동 마천로 50,100.0
우방아이유쉘경로당,경상남도 창원시  진해구 월남로144(남양동),경상남도 창원시 진해구 월남로144(남양동),35.119834251292,128.77855422384,경상남도 창원시 진해구 남양동 월남로 144,100.0
주포경로당,경상남도 창원시  진해구 가주로 162(가주동),경상남도 창원시 진해구 가주로 162,35.117612041122,128.836330766248,경상남도 창원시 진해구 가주동 가주로 162,100.0
가동경로당,경상남도 창원시  진해구 가주로 71(가주동),경상남도 창원시 진해구 가주로 71,35.111903881241,128.838417357224,경상남도 창원시 진해구 가주동 가주로 71,100.0
용원남자경로당,경상남도 창원시  진해구 용원남로17번길 17(용원동),경상남도 창원시 진해구 용원남로17번길 17,35.095180349934,128.81826298722,경상남도 창원시 진해구 용원동 용원남로17번길 17,100.0
용원여자경로당,경상남도 창원시  진해구 용원남로17번길 17(용원동),경상남도 창원시 진해구 용원남로17번길 17,35.095180349934,128.81826298722,경상남도 창원시 진해구 용원동 용원남로17번길 17,100.0
안골남자경로당,경상남도 창원시  진해구 안골로220번길 36(안골동),경상남도 창원시 진해구 안골로220번길 36,35.092654840598,128.797454744949,경상남도 창원시 진해구 안골동 안골로220번길 36,100.0
안골여자경로당,경상남도 창원시  진해구 안골로220번길 36(안골동),경상남도 창원시 진해구 안골로220번길 36,35.092654840598,128.797454744949,경상남도 창원시 진해구 안골동 안골로220번길 36,100.0
청천경로당,경상남도 창원시  진해구 청안로233번길 5(청안동),경상남도 창원시 진해구 청안로233번길 5,35.100893958053,128.800938180089,경상남도 창원시 진해구 청안동 청안로233번길 5,100.0
안성경로당,경상남도 창원시  진해구 청안로170번길 40-6(청안동),경상남도 창원시 진해구 청안로170번길 40-6,35.10297359205,128.791671650853,경상남도 창원시 진해구 청안동 청안로170번길 40-6,100.0
신안골경로당,경상남도 창원시  진해구 안청남로22번길 9-10 (안골동),경상남도 창원시 진해구 안청남로22번길 9-10,35.100251191808,128.805623496326,경상남도 창원시 진해구 안골동 안청남로22번길 9-10,100.0
이지더원A경로당,"경상남도 창원시  진해구 신항동로 143(용원동, 이지더원아파트 1단지) ",경상남도 창원시 진해구 신항동로 143,35.088103006169,128.81156869643,경상남도 창원시 진해구 용원동 신항동로 143,100.0
신항부영13단지A경로당,"경상남도 창원시  진해구 신항4로 75(용원동, 신항부영13단지) ",경상남도 창원시 진해구 신항4로 75,35.090290347622,128.816141276069,경상남도 창원시 진해구 용원동 신항4로 75,100.0
용원현대A경로당,"경상남도 창원시  진해구 안청북로 42, (용원동, 녹산현대아파트)",경상남도 창원시 진해구 안청북로 42,35.103777123198,128.809946630527,경상남도 창원시 진해구 용원동 안청북로 42,100.0
풍림A남자경로당,"경상남도 창원시  진해구 안청북로 39, (청안동, 풍림아파트)",경상남도 창원시 진해구 안청북로 39,35.105448977605,128.80695370436,경상남도 창원시 진해구 청안동 안청북로 39,100.0
풍림A여자경로당,"경상남도 창원시  진해구 안청북로 39, (청안동, 풍림아파트)",경상남도 창원시 진해구 안청북로 39,35.105448977605,128.80695370436,경상남도 창원시 진해구 청안동 안청북로 39,100.0
부영1차A남자경로당,"경상남도 창원시  진해구 안청남로 13, (청안동, 부영1차아파트)",경상남도 창원시 진해구 안청남로 13,35.101459610789,128.803674787657,경상남도 창원시 진해구 청안동 안청남로 13,100.0
부영1차A여자경로당,"경상남도 창원시  진해구 안청남로 13, (청안동, 부영1차아파트)",경상남도 창원시 진해구 안청남로 13,35.101459610789,128.803674787657,경상남도 창원시 진해구 청안동 안청남로 13,100.0
부영2차A남자경로당,"경상남도 창원시  진해구 안청북로 12,   (청안동, 부영2차아파트)",경상남도 창원시 진해구 안청북로 12,35.10338132973,128.80368928835,경상남도 창원시 진해구 청안동 안청북로 12,100.0
부영2차A여자경로당,"경상남도 창원시  진해구 안청북로 12,  (청안동, 부영2차아파트)",경상남도 창원시 진해구 안청북로 12,35.10338132973,128.80368928835,경상남도 창원시 진해구 청안동 안청북로 12,100.0
부영3차A남자경로당,"경상남도 창원시  진해구 안청북로 15,(청안동, 부영3차아파트)",경상남도 창원시 진해구 안청북로 15,35.10497074812,128.805376984554,경상남도 창원시 진해구 청안동 안청북로 15,100.0
부영3차A여자경로당,"경상남도 창원시  진해구 안청북로 15, (청안동, 부영3차아파트)",경상남도 창원시 진해구 안청북로 15,35.10497074812,128.805376984554,경상남도 창원시 진해구 청안동 안청북로 15,100.0
해인로즈빌A남자경로당,"경상남도 창원시  진해구 안청로 126, (청안동, 해인로즈빌아파트)",경상남도 창원시 진해구 안청로 126,35.106380626143,128.80623956621,경상남도 창원시 진해구 청안동 안청로 126,100.0
해인로즈빌A여자경로당,"경상남도 창원시  진해구 안청로 126, (청안동, 해인로즈빌아파트)",경상남도 창원시 진해구 안청로 126,35.106380626143,128.80623956621,경상남도 창원시 진해구 청안동 안청로 126,100.0
일신님A남자경로당,"경상남도 창원시  진해구 안골로 359,  (용원동, 일신님아파트)",경상남도 창원시 진해구 안골로 359,35.102593682288,128.807912091169,경상남도 창원시 진해구 용원동 안골로 359,100.0
일신님여자경로당,"경상남도 창원시  진해구 안골로 359,  (용원동, 일신님아파트)",경상남도 창원시 진해구 안골로 359,35.102593682288,128.807912091169,경상남도 창원시 진해구 용원동 안골로 359,100.0
코아루A경로당,"경상남도 창원시  진해구 안골로 339, (용원동, 코아루아파트)",경상남도 창원시 진해구 안골로 339,35.101392765111,128.807007180903,경상남도 창원시 진해구 용원동 안골로 339,100.0
신항8단지부영A경로당,경상남도 창원시  진해구 신항동로 136,경상남도 창원시 진해구 신항동로 136,35.089896942996,128.814390715591,경상남도 창원시 진해구 용원동 신항동로 136,100.0
